[{"@type":"mappingTemplate","id":"@1","name":"m_csord__Service__c_UPD_Service_Subs","description":"","bundleVersion":"0","assetFrsGuid":"cDQBHKmVV0pbH1WYxvUUwn","templateId":"@3","deployTime":1697523474000,"hasParameters":false,"valid":true,"fixedConnection":true,"hasParametersDeployed":false,"fixedConnectionDeployed":true,"isSchemaValidationEnabled":false,"tasks":0,"mappingPreviewFileRecordId":"@2","documentType":"MAPPING","references":[{"@type":"reference","refObjectId":"@0aa38HfbIjadqoKlbnU14y","refType":"connection"}]}]