[{"@type":"mappingTemplate","id":"@1","name":"m_rep_csord__Service_Line_Item__c","description":"","bundleVersion":"0","assetFrsGuid":"4tip0u9FqBWkpAD3St7LQ2","templateId":"@3","deployTime":1738233566000,"hasParameters":false,"valid":true,"fixedConnection":true,"hasParametersDeployed":false,"fixedConnectionDeployed":true,"isSchemaValidationEnabled":false,"tasks":1,"mappingPreviewFileRecordId":"@2","documentType":"MAPPING","references":[{"@type":"reference","refObjectId":"@0aa38HfbIjadqoKlbnU14y","refType":"connection"},{"@type":"reference","refObjectId":"@2pzkdnOGuGpiqnKtNRkpw3","refType":"connection"}]}]