[{"@type":"mtTask","id":"@1","name":"mt_rep_cspmb__Add_On_Price_Item__c_OLD","description":"","runtimeEnvironmentId":"@cUgvxjP6z42j5o2aizvbUV","maxLogs":10,"verbose":false,"lastRunTime":1689299192000,"mappingId":"@eeRsDKRblybbejKfYUnvYi","frsGuid":"5AriFcd9Ii7hvNQY35Ur2U","shortDescription":"","sessionPropertiesList":[{"name":"Allow Temporary Sequence for Pushdown","value":"NO","recommended":false},{"name":"Allow Temporary View for Pushdown","value":"NO","recommended":false},{"name":"Pushdown Optimization","value":"None","recommended":false},{"name":"Pushdown Optimization Context","value":"None","recommended":false},{"name":"Run Only In Pushdown Mode","value":"NO","recommended":false}],"enableCrossSchemaPushdown":true,"enableParallelRun":false,"autoTunedApplied":false,"autoTunedAppliedType":"NONE","paramFileType":"PARAM_FILE_LOCAL","schemaMode":"async","valid":true,"schemaValidationErrorCount":-1,"parameterFileEncoding":"UTF-8","serverlessProperties":{},"taskProperties":[{"@type":"taskProperty","name":"parameterFileDir","currentValue":"","type":"STRING","label":"label.parameterFileDir","required":false},{"@type":"taskProperty","name":"parameterFileName","currentValue":"","type":"STRING","label":"label.parameterFileName","required":false}],"parameters":[{"@type":"mtTaskParameter","id":1721158,"name":"$src_sf_add_on_price_item__c$","type":"SOURCE","label":"src_sf_add_on_price_item__c","uiProperties":{"connectionParameterized":"false","isSelectDistinct":"false","objectParameterized":"false","visible":"false","originalPath":"src_sf_add_on_price_item__c"},"sourceConnectionId":"@9BbRLvdO9WclfHAtYXCK2C","sourceObject":"DUMMY_src_sf_add_on_price_item__c","newFlatFile":false,"newObject":false,"showBusinessNames":false,"naturalOrder":true,"truncateTarget":false,"bulkApiDBTarget":false,"customFuncCfg":{"@type":"customFuncConfig","id":-1,"connections":[],"inputMap":[],"outputFields":[]},"targetRefsV2":{},"targetUpdateColumns":[],"runtimeAttrs":{},"isRESTModernSource":true,"customQuery":"select \nId\n,OwnerId\n,IsDeleted\n,Name\n,cspmb__Account__c\n,cspmb__Add_On_Price_Item_Code__c\n,cspmb__Add_On_Price_Item_Description__c\n,cspmb__Apply_One_Off_Charge_Account_Discount__c\n,cspmb__Apply_Recurring_Charge_Account_Discount__c\n,cspmb__Authorization_Level__c\n,cspmb__Billing_Frequency__c\n,cspmb__Contract_Term__c\n,cspmb__Currency_Code__c\n,cspmb__Current_Version__c\n,cspmb__Discount_Type__c\n,cspmb__Effective_End_Date__c\n,cspmb__Effective_Start_Date__c\n,cspmb__Is_Active__c\n,cspmb__Is_Authorization_Required__c\n,cspmb__Is_One_Off_Discount_Allowed__c\n,cspmb__Is_Recurring_Discount_Allowed__c\n,cspmb__One_Off_Charge_Code__c\n,cspmb__One_Off_Charge_External_Id__c\n,cspmb__One_Off_Charge__c\n,cspmb__One_Off_Cost__c\n,cspmb__Product_Definition_Name__c\n,cspmb__Recurring_Charge_Code__c\n,cspmb__Recurring_Charge_External_Id__c\n,cspmb__Recurring_Charge__c\n,cspmb__Recurring_Cost__c\n,cspmb__Sequence__c\n,cspmb__Version_Number__c\n,CPQ_AVA_OCC_Indicator__c\n,CPQ_Add_On_Number__c\n,CPQ_Allow_Contract_Term__c\n,CPQ_CIR__c\n,CPQ_Data_Bundle__c\n,CPQ_GST__c\n,CPQ_IPTV_STB_Model__c\n,CPQ_MRC_After_GST__c\n,CPQ_MRC_GST_Type__c\n,CPQ_MRC_List_Price_Before_GST__c\n,CPQ_MRC_List_Price__c\n,CPQ_Migration_Code__c\n,CPQ_OTC_After_GST__c\n,CPQ_OTC_GST_Type__c\n,CPQ_OTC_List_Price_Before_GST__c\n,CPQ_OTC_List_Price__c\n,CPQ_PIR__c\n,CPQ_Product2_External_Id__c\n,CPQ_Resource_Subtype__c\n,CPQ_Resource_Type__c\n,CPQ_Short_Term__c\n,CPQ_Sim_Card_Type__c\n,CPQ_Stock_Check__c\n,Color__c\n,Commercial_Arrangement__c\n,Equipment_Type__c\n,Group__c\n,Local_Data__c\n,Local_SMS__c\n,Local_Voice_Call_Minutes__c\n,Make__c\n,Model__c\n,Need_Reservation__c\n,Network_Mode__c\n,OE_Max_Lines__c\n,Plan_Name__c\n,Plan_Type__c\n,Router_Owner_By__c\n,Router_Password_Managed_By__c\n,Size__c\n,Stock_Code__c\n,Validate_Total_Number_Of_Lines__c\n,CPQ_Order_Type_Inclusion__c\n,CPQ_Quote_Only__c\n,CPQ_Disallow_Deletion__c\n,CPQ_MRC_Discount_Indicator__c\n,CPQ_OTC_Discount_Indicator__c\n,Data_Entitlement__c\n,Entitlement_Usage__c\n,SMS_Entitlement__c\n,Validity_Period__c\n,Voice_Entitlement__c\n,Active_For_Publication__c\n,Active_for_Sell__c\n,Channel_Eligibility__c\n,BSCS_SNCODE__c\n,BSCS_SPCODE__c\n,HLR_Code__c\n,Market__c\n,Network_Code__c\n,Sub_Market__c\n,RFS_Type__c\n,Offer_External_Id__c\n,Commercial_Product_Id__c\n,TM_Code__c\n,Country_List_Code__c\n,Display_Sequence__c\nfrom \ncspmb__Add_On_Price_Item__c","isFileList":false,"handleSpecialChars":false,"handleDecimalRoundOff":false,"frsAsset":false,"dynamicFileName":false,"excludeDynamicFileNameField":false,"currentlyProcessedFileName":false,"retainFieldMetadata":false,"objectName":"DUMMY_src_sf_add_on_price_item__c","useExactSrcNames":false,"tgtObjectAttributes":{},"runtimeParameterData":{"@type":"mtTaskRuntimeParameterData","isConnectionRuntimeParameter":false,"isObjectRuntimeParameter":false},"overridableProperties":[],"overriddenFields":[]},{"@type":"mtTaskParameter","id":1721159,"name":"$tgt_sf_add_on_price_item__c$","type":"TARGET","label":"tgt_sf_add_on_price_item__c","uiProperties":{"connectionParameterized":"false","objectParameterized":"false","visible":"false","defaultTargetUpdateColumns":"","supportApplyDDLChanges":"false","originalPath":"tgt_sf_add_on_price_item__c"},"targetConnectionId":"@0aa38HfbIjadqoKlbnU14y","targetObject":"p1_mit/TABLE/sf_cspmb__add_on_price_item__c","targetObjectLabel":"sf_cspmb__add_on_price_item__c","newFlatFile":false,"newObject":false,"showBusinessNames":false,"naturalOrder":true,"truncateTarget":false,"bulkApiDBTarget":false,"operationType":"Insert","customFuncCfg":{"@type":"customFuncConfig","id":-1,"connections":[],"inputMap":[],"outputFields":[]},"targetRefsV2":{},"targetUpdateColumns":[],"extendedObject":{"@type":"extendedObject","singleMode":true,"filters":[],"sortFields":[]},"runtimeAttrs":{},"isRESTModernSource":true,"isFileList":false,"handleSpecialChars":false,"handleDecimalRoundOff":false,"frsAsset":false,"dynamicFileName":false,"excludeDynamicFileNameField":false,"currentlyProcessedFileName":false,"retainFieldMetadata":false,"objectName":"p1_mit/TABLE/sf_cspmb__add_on_price_item__c","objectLabel":"sf_cspmb__add_on_price_item__c","useExactSrcNames":false,"tgtObjectAttributes":{},"runtimeParameterData":{"@type":"mtTaskRuntimeParameterData","isConnectionRuntimeParameter":false,"isObjectRuntimeParameter":false},"overridableProperties":[],"overriddenFields":[]}],"sequences":[],"inOutParameters":[],"connRuntimeAttrs":[]}]