[{"@type":"dssTask","id":"@1","name":"ST_file_transfer","description":"","maxLogs":10,"sourceConnectionId":"@2LRwR937AKGiNAGkdzgGE0","targetConnectionId":"@2dz8Ewd9KIOcg7YFkVu5qL","targetObject":"SFTP_GET-2022-11-18-2.csv","operation":"Insert","maxRows":0,"truncateTarget":false,"bulkApiDBTarget":false,"verbose":false,"tgtFlatFileAttrs":{"@type":"flatFileAttrs","id":52630,"delimiter":",","textQualifier":"\"","escapeChar":"","headerLineNo":1,"firstDataRow":2},"targetMetadataUpdated":false,"modelVersion":"V3-R600","queryAll":false,"srcSettings":{"@type":"taskDataSourceSetting","isShowLabels":false,"isNaturalOrder":true},"tgtSettings":{"@type":"taskDataSourceSetting","isShowLabels":false,"isNaturalOrder":true},"cfSettings":{"@type":"taskDataSourceSetting","isShowLabels":false,"isNaturalOrder":false},"bulkApi":false,"bulkApiSerialMode":false,"bulkApiMonitor":false,"isTargetObjectSfCustom":false,"allowNullUpdates":false,"targetBatchSize":200,"assignmentRuleId":"-1","assignmentRuleType":"None","createSuccessFile":false,"bulkApiHardDelete":false,"srcRuntimeAttrs":{"@type":"taskRuntimeAttrs","attrs":{"Retry Count":"3"}},"tgtRuntimeAttrs":{"@type":"taskRuntimeAttrs","attrs":{}},"parameterFileEncoding":"UTF-8","serverlessProperties":{},"sourceObjects":[{"@type":"mObject","name":"SFTP_GET","label":"","metadataUpdated":false,"relations":[],"children":[]}],"advancedFilters":[],"filters":[{"@type":"filter","objectName":"SFTP_GET","objectLabel":"","field":"SFTP_User_ID","fieldLabel":"SFTP_User_ID","type":"STRING","operator":"equals","value":"acc-achatter"},{"@type":"filter","objectName":"SFTP_GET","objectLabel":"","field":"SFTP_Password","fieldLabel":"SFTP_Password","type":"STRING","operator":"equals","value":"acc-achatter"},{"@type":"filter","objectName":"SFTP_GET","objectLabel":"","field":"SFTP_Hostname","fieldLabel":"SFTP_Hostname","type":"STRING","operator":"equals","value":"10.215.74.109"},{"@type":"filter","objectName":"SFTP_GET","objectLabel":"","field":"SFTP_SSH2_KeyFile","fieldLabel":"SFTP_SSH2_KeyFile","type":"STRING","operator":"equals","value":"/home/acc-supp/id_rsa"},{"@type":"filter","objectName":"SFTP_GET","objectLabel":"","field":"FileName","fieldLabel":"FileName","type":"STRING","operator":"contains","value":"*.csv"},{"@type":"filter","objectName":"SFTP_GET","objectLabel":"","field":"SFTP_PassPhrase","fieldLabel":"SFTP_PassPhrase","type":"STRING","operator":"equals","value":"PassKey1"}],"fieldMaps":[{"@type":"fieldMap","id":"339454","targetField":{"@type":"field","id":766992,"name":"SourceFileDir","type":"nstring","uniqueName":"SourceFileDir","label":"SourceFileDir","parentObject":"SFTP_GET-2022-11-18-2.csv","pcType":"UNISTRING","precision":256,"scale":0,"columnIndex":0,"isKey":false,"isWaterMarkKey":false,"isExternalId":false,"isSfIdLookup":false,"isNullable":true,"isUnique":false,"isCreateable":false,"isUpdateable":true,"isFilterable":true,"isCalculated":false,"showLabel":false,"naturalOrder":0,"typeConfigFields":[],"linkedFields":["SourceFileDir"],"relatedInfos":[],"references":[]},"expression":"SourceFileDir"},{"@type":"fieldMap","id":"339455","targetField":{"@type":"field","id":766993,"name":"DestFileDir","type":"nstring","uniqueName":"DestFileDir","label":"DestFileDir","parentObject":"SFTP_GET-2022-11-18-2.csv","pcType":"UNISTRING","precision":256,"scale":0,"columnIndex":1,"isKey":false,"isWaterMarkKey":false,"isExternalId":false,"isSfIdLookup":false,"isNullable":true,"isUnique":false,"isCreateable":false,"isUpdateable":true,"isFilterable":true,"isCalculated":false,"showLabel":false,"naturalOrder":0,"typeConfigFields":[],"linkedFields":["DestFileDir"],"relatedInfos":[],"references":[]},"expression":"DestFileDir"},{"@type":"fieldMap","id":"339456","targetField":{"@type":"field","id":766994,"name":"PatternFlag","type":"int","uniqueName":"PatternFlag","label":"PatternFlag","parentObject":"SFTP_GET-2022-11-18-2.csv","pcType":"INT","precision":10,"scale":0,"columnIndex":2,"isKey":false,"isWaterMarkKey":false,"isExternalId":false,"isSfIdLookup":false,"isNullable":true,"isUnique":false,"isCreateable":false,"isUpdateable":true,"isFilterable":true,"isCalculated":false,"showLabel":false,"naturalOrder":0,"typeConfigFields":[],"linkedFields":["PatternFlag"],"relatedInfos":[],"references":[]},"expression":"PatternFlag"},{"@type":"fieldMap","id":"339457","targetField":{"@type":"field","id":766995,"name":"SFTP_User_ID","type":"nstring","uniqueName":"SFTP_User_ID","label":"SFTP_User_ID","parentObject":"SFTP_GET-2022-11-18-2.csv","pcType":"UNISTRING","precision":256,"scale":0,"columnIndex":3,"isKey":false,"isWaterMarkKey":false,"isExternalId":false,"isSfIdLookup":false,"isNullable":true,"isUnique":false,"isCreateable":false,"isUpdateable":true,"isFilterable":true,"isCalculated":false,"showLabel":false,"naturalOrder":0,"typeConfigFields":[],"linkedFields":["SFTP_User_ID"],"relatedInfos":[],"references":[]},"expression":"SFTP_User_ID"},{"@type":"fieldMap","id":"339458","targetField":{"@type":"field","id":766996,"name":"SFTP_Port","type":"int","uniqueName":"SFTP_Port","label":"SFTP_Port","parentObject":"SFTP_GET-2022-11-18-2.csv","pcType":"INT","precision":10,"scale":0,"columnIndex":4,"isKey":false,"isWaterMarkKey":false,"isExternalId":false,"isSfIdLookup":false,"isNullable":true,"isUnique":false,"isCreateable":false,"isUpdateable":true,"isFilterable":true,"isCalculated":false,"showLabel":false,"naturalOrder":0,"typeConfigFields":[],"linkedFields":["SFTP_Port"],"relatedInfos":[],"references":[]},"expression":"SFTP_Port"},{"@type":"fieldMap","id":"339459","targetField":{"@type":"field","id":766997,"name":"SFTP_Password","type":"nstring","uniqueName":"SFTP_Password","label":"SFTP_Password","parentObject":"SFTP_GET-2022-11-18-2.csv","pcType":"UNISTRING","precision":256,"scale":0,"columnIndex":5,"isKey":false,"isWaterMarkKey":false,"isExternalId":false,"isSfIdLookup":false,"isNullable":true,"isUnique":false,"isCreateable":false,"isUpdateable":true,"isFilterable":true,"isCalculated":false,"showLabel":false,"naturalOrder":0,"typeConfigFields":[],"linkedFields":["SFTP_Password"],"relatedInfos":[],"references":[]},"expression":"SFTP_Password"},{"@type":"fieldMap","id":"339460","targetField":{"@type":"field","id":766998,"name":"SFTP_Hostname","type":"nstring","uniqueName":"SFTP_Hostname","label":"SFTP_Hostname","parentObject":"SFTP_GET-2022-11-18-2.csv","pcType":"UNISTRING","precision":256,"scale":0,"columnIndex":6,"isKey":false,"isWaterMarkKey":false,"isExternalId":false,"isSfIdLookup":false,"isNullable":true,"isUnique":false,"isCreateable":false,"isUpdateable":true,"isFilterable":true,"isCalculated":false,"showLabel":false,"naturalOrder":0,"typeConfigFields":[],"linkedFields":["SFTP_Hostname"],"relatedInfos":[],"references":[]},"expression":"SFTP_Hostname"},{"@type":"fieldMap","id":"339461","targetField":{"@type":"field","id":766999,"name":"SFTP_SSH2_KeyFile","type":"nstring","uniqueName":"SFTP_SSH2_KeyFile","label":"SFTP_SSH2_KeyFile","parentObject":"SFTP_GET-2022-11-18-2.csv","pcType":"UNISTRING","precision":256,"scale":0,"columnIndex":7,"isKey":false,"isWaterMarkKey":false,"isExternalId":false,"isSfIdLookup":false,"isNullable":true,"isUnique":false,"isCreateable":false,"isUpdateable":true,"isFilterable":true,"isCalculated":false,"showLabel":false,"naturalOrder":0,"typeConfigFields":[],"linkedFields":["SFTP_SSH2_KeyFile"],"relatedInfos":[],"references":[]},"expression":"SFTP_SSH2_KeyFile"},{"@type":"fieldMap","id":"339462","targetField":{"@type":"field","id":767000,"name":"FileName","type":"nstring","uniqueName":"FileName","label":"FileName","parentObject":"SFTP_GET-2022-11-18-2.csv","pcType":"UNISTRING","precision":256,"scale":0,"columnIndex":8,"isKey":false,"isWaterMarkKey":false,"isExternalId":false,"isSfIdLookup":false,"isNullable":true,"isUnique":false,"isCreateable":false,"isUpdateable":true,"isFilterable":true,"isCalculated":false,"showLabel":false,"naturalOrder":0,"typeConfigFields":[],"linkedFields":["FileName"],"relatedInfos":[],"references":[]},"expression":"FileName"},{"@type":"fieldMap","id":"339463","targetField":{"@type":"field","id":767001,"name":"SFTP_Status","type":"int","uniqueName":"SFTP_Status","label":"SFTP_Status","parentObject":"SFTP_GET-2022-11-18-2.csv","pcType":"INT","precision":10,"scale":0,"columnIndex":9,"isKey":false,"isWaterMarkKey":false,"isExternalId":false,"isSfIdLookup":false,"isNullable":true,"isUnique":false,"isCreateable":false,"isUpdateable":true,"isFilterable":true,"isCalculated":false,"showLabel":false,"naturalOrder":0,"typeConfigFields":[],"linkedFields":["SFTP_Status"],"relatedInfos":[],"references":[]},"expression":"SFTP_Status"},{"@type":"fieldMap","id":"339464","targetField":{"@type":"field","id":767002,"name":"LastModDate","type":"datetime","uniqueName":"LastModDate","label":"LastModDate","parentObject":"SFTP_GET-2022-11-18-2.csv","pcType":"DATE","precision":19,"scale":0,"columnIndex":10,"isKey":false,"isWaterMarkKey":false,"isExternalId":false,"isSfIdLookup":false,"isNullable":true,"isUnique":false,"isCreateable":false,"isUpdateable":true,"isFilterable":true,"isCalculated":false,"showLabel":false,"naturalOrder":0,"typeConfigFields":[],"linkedFields":["LastModDate"],"relatedInfos":[],"references":[]},"expression":"LastModDate"},{"@type":"fieldMap","id":"339465","targetField":{"@type":"field","id":767003,"name":"Delete_Source","type":"int","uniqueName":"Delete_Source","label":"Delete_Source","parentObject":"SFTP_GET-2022-11-18-2.csv","pcType":"INT","precision":10,"scale":0,"columnIndex":11,"isKey":false,"isWaterMarkKey":false,"isExternalId":false,"isSfIdLookup":false,"isNullable":true,"isUnique":false,"isCreateable":false,"isUpdateable":true,"isFilterable":true,"isCalculated":false,"showLabel":false,"naturalOrder":0,"typeConfigFields":[],"linkedFields":["Delete_Source"],"relatedInfos":[],"references":[]},"expression":"Delete_Source"},{"@type":"fieldMap","id":"339466","targetField":{"@type":"field","id":767004,"name":"Guaranteed_Delivery","type":"int","uniqueName":"Guaranteed_Delivery","label":"Guaranteed_Delivery","parentObject":"SFTP_GET-2022-11-18-2.csv","pcType":"INT","precision":10,"scale":0,"columnIndex":12,"isKey":false,"isWaterMarkKey":false,"isExternalId":false,"isSfIdLookup":false,"isNullable":true,"isUnique":false,"isCreateable":false,"isUpdateable":true,"isFilterable":true,"isCalculated":false,"showLabel":false,"naturalOrder":0,"typeConfigFields":[],"linkedFields":["Guaranteed_Delivery"],"relatedInfos":[],"references":[]},"expression":"Guaranteed_Delivery"},{"@type":"fieldMap","id":"339467","targetField":{"@type":"field","id":767005,"name":"SFTP_PassPhrase","type":"nstring","uniqueName":"SFTP_PassPhrase","label":"SFTP_PassPhrase","parentObject":"SFTP_GET-2022-11-18-2.csv","pcType":"UNISTRING","precision":256,"scale":0,"columnIndex":13,"isKey":false,"isWaterMarkKey":false,"isExternalId":false,"isSfIdLookup":false,"isNullable":true,"isUnique":false,"isCreateable":false,"isUpdateable":true,"isFilterable":true,"isCalculated":false,"showLabel":false,"naturalOrder":0,"typeConfigFields":[],"linkedFields":["SFTP_PassPhrase"],"relatedInfos":[],"references":[]},"expression":"SFTP_PassPhrase"},{"@type":"fieldMap","id":"339468","targetField":{"@type":"field","id":767006,"name":"Is_IBM_AS400","type":"int","uniqueName":"Is_IBM_AS400","label":"Is_IBM_AS400","parentObject":"SFTP_GET-2022-11-18-2.csv","pcType":"INT","precision":10,"scale":0,"columnIndex":14,"isKey":false,"isWaterMarkKey":false,"isExternalId":false,"isSfIdLookup":false,"isNullable":true,"isUnique":false,"isCreateable":false,"isUpdateable":true,"isFilterable":true,"isCalculated":false,"showLabel":false,"naturalOrder":0,"typeConfigFields":[],"linkedFields":["Is_IBM_AS400"],"relatedInfos":[],"references":[]},"expression":"Is_IBM_AS400"}],"sourceFields":[{"@type":"field","id":766977,"name":"SourceFileDir","type":"string","uniqueName":"SourceFileDir","label":"SourceFileDir","parentObject":"SFTP_GET","pcType":"NSTRING","precision":256,"scale":256,"columnIndex":-1,"isKey":false,"isWaterMarkKey":false,"isExternalId":false,"isSfIdLookup":false,"isNullable":true,"isUnique":false,"isCreateable":false,"isUpdateable":true,"isFilterable":false,"isCalculated":false,"javaType":"java.lang.String","showLabel":false,"naturalOrder":0,"typeConfigFields":[],"linkedFields":["SourceFileDir"],"relatedInfos":[],"references":[]},{"@type":"field","id":766978,"name":"DestFileDir","type":"string","uniqueName":"DestFileDir","label":"DestFileDir","parentObject":"SFTP_GET","pcType":"NSTRING","precision":256,"scale":256,"columnIndex":-1,"isKey":false,"isWaterMarkKey":false,"isExternalId":false,"isSfIdLookup":false,"isNullable":true,"isUnique":false,"isCreateable":false,"isUpdateable":true,"isFilterable":false,"isCalculated":false,"javaType":"java.lang.String","showLabel":false,"naturalOrder":1,"typeConfigFields":[],"linkedFields":["DestFileDir"],"relatedInfos":[],"references":[]},{"@type":"field","id":766979,"name":"PatternFlag","type":"boolean","uniqueName":"PatternFlag","label":"PatternFlag","parentObject":"SFTP_GET","pcType":"SMALL_INTEGER","precision":10,"scale":10,"columnIndex":-1,"isKey":false,"isWaterMarkKey":false,"isExternalId":false,"isSfIdLookup":false,"isNullable":true,"isUnique":false,"isCreateable":false,"isUpdateable":true,"isFilterable":false,"isCalculated":false,"javaType":"java.lang.Boolean","showLabel":false,"naturalOrder":2,"typeConfigFields":[],"linkedFields":["PatternFlag"],"relatedInfos":[],"references":[]},{"@type":"field","id":766980,"name":"SFTP_User_ID","type":"string","uniqueName":"SFTP_User_ID","label":"SFTP_User_ID","parentObject":"SFTP_GET","pcType":"NSTRING","precision":256,"scale":256,"columnIndex":-1,"isKey":false,"isWaterMarkKey":false,"isExternalId":false,"isSfIdLookup":false,"isNullable":true,"isUnique":false,"isCreateable":false,"isUpdateable":true,"isFilterable":true,"isCalculated":false,"javaType":"java.lang.String","showLabel":false,"naturalOrder":3,"typeConfigFields":[],"linkedFields":["SFTP_User_ID"],"relatedInfos":[],"references":[]},{"@type":"field","id":766981,"name":"SFTP_Port","type":"integer","uniqueName":"SFTP_Port","label":"SFTP_Port","parentObject":"SFTP_GET","pcType":"INTEGER","precision":10,"scale":10,"columnIndex":-1,"isKey":false,"isWaterMarkKey":false,"isExternalId":false,"isSfIdLookup":false,"isNullable":true,"isUnique":false,"isCreateable":false,"isUpdateable":true,"isFilterable":true,"isCalculated":false,"javaType":"java.lang.Integer","showLabel":false,"naturalOrder":4,"typeConfigFields":[],"linkedFields":["SFTP_Port"],"relatedInfos":[],"references":[]},{"@type":"field","id":766982,"name":"SFTP_Password","type":"string","uniqueName":"SFTP_Password","label":"SFTP_Password","parentObject":"SFTP_GET","pcType":"NSTRING","precision":256,"scale":256,"columnIndex":-1,"isKey":false,"isWaterMarkKey":false,"isExternalId":false,"isSfIdLookup":false,"isNullable":true,"isUnique":false,"isCreateable":false,"isUpdateable":true,"isFilterable":true,"isCalculated":false,"javaType":"java.lang.String","showLabel":false,"naturalOrder":5,"typeConfigFields":[],"linkedFields":["SFTP_Password"],"relatedInfos":[],"references":[]},{"@type":"field","id":766983,"name":"SFTP_Hostname","type":"string","uniqueName":"SFTP_Hostname","label":"SFTP_Hostname","parentObject":"SFTP_GET","pcType":"NSTRING","precision":256,"scale":256,"columnIndex":-1,"isKey":false,"isWaterMarkKey":false,"isExternalId":false,"isSfIdLookup":false,"isNullable":true,"isUnique":false,"isCreateable":false,"isUpdateable":true,"isFilterable":true,"isCalculated":false,"javaType":"java.lang.String","showLabel":false,"naturalOrder":6,"typeConfigFields":[],"linkedFields":["SFTP_Hostname"],"relatedInfos":[],"references":[]},{"@type":"field","id":766984,"name":"SFTP_SSH2_KeyFile","type":"string","uniqueName":"SFTP_SSH2_KeyFile","label":"SFTP_SSH2_KeyFile","parentObject":"SFTP_GET","pcType":"NSTRING","precision":256,"scale":256,"columnIndex":-1,"isKey":false,"isWaterMarkKey":false,"isExternalId":false,"isSfIdLookup":false,"isNullable":true,"isUnique":false,"isCreateable":false,"isUpdateable":true,"isFilterable":true,"isCalculated":false,"javaType":"java.lang.String","showLabel":false,"naturalOrder":7,"typeConfigFields":[],"linkedFields":["SFTP_SSH2_KeyFile"],"relatedInfos":[],"references":[]},{"@type":"field","id":766985,"name":"FileName","type":"string","uniqueName":"FileName","label":"FileName","parentObject":"SFTP_GET","pcType":"NSTRING","precision":256,"scale":256,"columnIndex":-1,"isKey":false,"isWaterMarkKey":false,"isExternalId":false,"isSfIdLookup":false,"isNullable":true,"isUnique":false,"isCreateable":false,"isUpdateable":true,"isFilterable":true,"isCalculated":false,"javaType":"java.lang.String","showLabel":false,"naturalOrder":8,"typeConfigFields":[],"linkedFields":["FileName"],"relatedInfos":[],"references":[]},{"@type":"field","id":766986,"name":"SFTP_Status","type":"boolean","uniqueName":"SFTP_Status","label":"SFTP_Status","parentObject":"SFTP_GET","pcType":"SMALL_INTEGER","precision":10,"scale":10,"columnIndex":-1,"isKey":false,"isWaterMarkKey":false,"isExternalId":false,"isSfIdLookup":false,"isNullable":true,"isUnique":false,"isCreateable":false,"isUpdateable":true,"isFilterable":false,"isCalculated":false,"javaType":"java.lang.Boolean","showLabel":false,"naturalOrder":9,"typeConfigFields":[],"linkedFields":["SFTP_Status"],"relatedInfos":[],"references":[]},{"@type":"field","id":766987,"name":"LastModDate","type":"datetime","uniqueName":"LastModDate","label":"LastModDate","parentObject":"SFTP_GET","pcType":"TOOLKIT_DATETIME","precision":26,"scale":26,"columnIndex":-1,"isKey":false,"isWaterMarkKey":false,"isExternalId":false,"isSfIdLookup":false,"isNullable":true,"isUnique":false,"isCreateable":false,"isUpdateable":true,"isFilterable":true,"isCalculated":false,"javaType":"java.sql.Timestamp","showLabel":false,"naturalOrder":10,"typeConfigFields":[],"linkedFields":["LastModDate"],"relatedInfos":[],"references":[]},{"@type":"field","id":766988,"name":"Delete_Source","type":"boolean","uniqueName":"Delete_Source","label":"Delete_Source","parentObject":"SFTP_GET","pcType":"SMALL_INTEGER","precision":10,"scale":10,"columnIndex":-1,"isKey":false,"isWaterMarkKey":false,"isExternalId":false,"isSfIdLookup":false,"isNullable":true,"isUnique":false,"isCreateable":false,"isUpdateable":true,"isFilterable":true,"isCalculated":false,"javaType":"java.lang.Boolean","showLabel":false,"naturalOrder":11,"typeConfigFields":[],"linkedFields":["Delete_Source"],"relatedInfos":[],"references":[]},{"@type":"field","id":766989,"name":"Guaranteed_Delivery","type":"boolean","uniqueName":"Guaranteed_Delivery","label":"Guaranteed_Delivery","parentObject":"SFTP_GET","pcType":"SMALL_INTEGER","precision":10,"scale":10,"columnIndex":-1,"isKey":false,"isWaterMarkKey":false,"isExternalId":false,"isSfIdLookup":false,"isNullable":true,"isUnique":false,"isCreateable":false,"isUpdateable":true,"isFilterable":true,"isCalculated":false,"javaType":"java.lang.Boolean","showLabel":false,"naturalOrder":12,"typeConfigFields":[],"linkedFields":["Guaranteed_Delivery"],"relatedInfos":[],"references":[]},{"@type":"field","id":766990,"name":"SFTP_PassPhrase","type":"string","uniqueName":"SFTP_PassPhrase","label":"SFTP_PassPhrase","parentObject":"SFTP_GET","pcType":"NSTRING","precision":256,"scale":256,"columnIndex":-1,"isKey":false,"isWaterMarkKey":false,"isExternalId":false,"isSfIdLookup":false,"isNullable":true,"isUnique":false,"isCreateable":false,"isUpdateable":true,"isFilterable":true,"isCalculated":false,"javaType":"java.lang.String","showLabel":false,"naturalOrder":13,"typeConfigFields":[],"linkedFields":["SFTP_PassPhrase"],"relatedInfos":[],"references":[]},{"@type":"field","id":766991,"name":"Is_IBM_AS400","type":"boolean","uniqueName":"Is_IBM_AS400","label":"Is_IBM_AS400","parentObject":"SFTP_GET","pcType":"SMALL_INTEGER","precision":10,"scale":10,"columnIndex":-1,"isKey":false,"isWaterMarkKey":false,"isExternalId":false,"isSfIdLookup":false,"isNullable":true,"isUnique":false,"isCreateable":false,"isUpdateable":true,"isFilterable":true,"isCalculated":false,"javaType":"java.lang.Boolean","showLabel":false,"naturalOrder":14,"typeConfigFields":[],"linkedFields":["Is_IBM_AS400"],"relatedInfos":[],"references":[]}],"sortFields":[],"groupFields":[]}]