[{"@type":"workflow","id":"@1","name":"tf_JSON_ServSpec_Load","maxLogs":10,"references":[{"@type":"reference","refObjectId":"@02x09h6gykLbW4TvOLvL81","refType":"mtTask"},{"@type":"reference","refObjectId":"@1rY3dkIyx6MfGa0D7CESqY","refType":"mtTask"}],"tasks":[{"@type":"workflowTask","taskId":"@02x09h6gykLbW4TvOLvL81","type":"MTT","name":"mt_SF_load_json_Service_Spec","stopOnError":true,"stopOnWarning":false},{"@type":"workflowTask","taskId":"@1rY3dkIyx6MfGa0D7CESqY","type":"MTT","name":"mt_REP_SF_load_json_Service_spec","stopOnError":true,"stopOnWarning":false}]}]