[{"@type":"mappingTemplate","id":"@1","name":"m_file_stg_ebs_bank_card_code","description":"This location holds mappings from source to stage with  bank_card_code data.","bundleVersion":"0","templateId":"@3","deployTime":1682663929000,"hasParameters":false,"valid":true,"fixedConnection":true,"hasParametersDeployed":false,"fixedConnectionDeployed":true,"isSchemaValidationEnabled":false,"tasks":1,"mappingPreviewFileRecordId":"@2","documentType":"MAPPING","references":[{"@type":"reference","refObjectId":"@0aa38HfbIjadqoKlbnU14y","refType":"connection"},{"@type":"reference","refObjectId":"@5cVavMJoq6viVKggQReXmA","refType":"connection"}]}]