[{"@type":"workflow","id":"@1","name":"tf_JSON_PC_OE","maxLogs":10,"references":[{"@type":"reference","refObjectId":"@1AIhMCZmmNrcCGy0enmqCf","refType":"mtTask"},{"@type":"reference","refObjectId":"@8Er5cu3YGSghyYXDCKBlca","refType":"mtTask"},{"@type":"reference","refObjectId":"@1gr9DlCxVS3jQ1mtV5IvAZ","refType":"mtTask"},{"@type":"reference","refObjectId":"@i6pyzR0XraIck6CWF9oSsz","refType":"mtTask"}],"tasks":[{"@type":"workflowTask","taskId":"@1AIhMCZmmNrcCGy0enmqCf","type":"MTT","name":"mt_tgt_sf_json_pc_oe","stopOnError":false,"stopOnWarning":false},{"@type":"workflowTask","taskId":"@8Er5cu3YGSghyYXDCKBlca","type":"MTT","name":"mt_Json_PC_OE","stopOnError":false,"stopOnWarning":false},{"@type":"workflowTask","taskId":"@1gr9DlCxVS3jQ1mtV5IvAZ","type":"MTT","name":"mt_Json_PC_OE_BWB","stopOnError":false,"stopOnWarning":false},{"@type":"workflowTask","taskId":"@i6pyzR0XraIck6CWF9oSsz","type":"MTT","name":"mt_Json_PC_OE_M365","stopOnError":false,"stopOnWarning":false}]}]