[{"@type":"mappingTemplate","id":"@1","name":"m_Json_Service_spec_M365","description":"","bundleVersion":"0","templateId":"@3","deployTime":1677824474000,"hasParameters":false,"valid":true,"fixedConnection":true,"hasParametersDeployed":false,"fixedConnectionDeployed":true,"isSchemaValidationEnabled":false,"tasks":1,"mappingPreviewFileRecordId":"@2","documentType":"MAPPING","references":[{"@type":"reference","refObjectId":"@gbEqHgig3UYgrJMzU4lVau","refType":"connection"},{"@type":"reference","refObjectId":"@f3OuDEWYyODb83PEEmSSuR","refType":"hschema"}]}]