[{"@type":"mtTask","id":"@1","name":"mt_stg_sync_ebs_case_attachment","description":"","runtimeEnvironmentId":"@cUgvxjP6z42j5o2aizvbUV","maxLogs":10,"verbose":false,"lastRunTime":1682648886000,"mappingId":"@7jPgpwdYlIxhTtPNLw7nMm","frsGuid":"3iIuXz86nzZfYvA7L5yEUP","shortDescription":"","sessionPropertiesList":[{"name":"Allow Temporary Sequence for Pushdown","value":"NO","recommended":false},{"name":"Allow Temporary View for Pushdown","value":"NO","recommended":false},{"name":"Pushdown Optimization","value":"None","recommended":false},{"name":"Pushdown Optimization Context","value":"None","recommended":false},{"name":"Run Only In Pushdown Mode","value":"NO","recommended":false}],"enableCrossSchemaPushdown":true,"enableParallelRun":false,"autoTunedApplied":false,"autoTunedAppliedType":"NONE","paramFileType":"PARAM_FILE_LOCAL","schemaMode":"async","valid":true,"schemaValidationErrorCount":-1,"parameterFileEncoding":"UTF-8","serverlessProperties":{},"taskProperties":[{"@type":"taskProperty","name":"parameterFileDir","currentValue":"","type":"STRING","label":"label.parameterFileDir","required":false},{"@type":"taskProperty","name":"parameterFileName","currentValue":"","type":"STRING","label":"label.parameterFileName","required":false}],"parameters":[{"@type":"mtTaskParameter","id":1493477,"name":"$src_stg_sr_attachment$","type":"SOURCE","label":"src_stg_sr_attachment","uiProperties":{"connectionParameterized":"false","isSelectDistinct":"false","objectParameterized":"false","visible":"false","originalPath":"src_stg_sr_attachment"},"sourceConnectionId":"@0aa38HfbIjadqoKlbnU14y","sourceObject":"DUMMY_src_stg_sr_attachment","newFlatFile":false,"newObject":false,"showBusinessNames":false,"naturalOrder":true,"truncateTarget":false,"bulkApiDBTarget":false,"customFuncCfg":{"@type":"customFuncConfig","id":-1,"connections":[],"inputMap":[],"outputFields":[]},"targetRefsV2":{},"targetUpdateColumns":[],"runtimeAttrs":{},"isRESTModernSource":true,"customQuery":"WITH EBS_SR AS (\nSELECT\nA.ATTACHMENT_ID AS File_ID__c,\nCASE\n    WHEN (A.ATTACH_TYPE ='S' or null) THEN 'Others'\n    WHEN A.ATTACH_TYPE='N' THEN 'Authorized officer identification document'\n    ELSE A.ATTACH_TYPE\nEND AS File_Type__c,\nSPLIT_PART(A.FILENAME,'.',1) AS File_Name__c,\nSPLIT_PART(A.FILENAME,'.',2) AS File_Extension__c,\nA.REQUEST_ID,\n--'SGD' AS CURRENCYISOCODE,--This is not applicable, will not be migrated\nA.CREATE_STAFF_ID as CreatedById,\nA.LAST_UPDATE_BY as LastModifiedById,\nCOALESCE(cast(A.CREATED_DATE as timestamp),date_trunc('seconds',CURRENT_TIMESTAMP)) as CREATEDDATE,\nCOALESCE(cast(A.last_update_date as timestamp),date_trunc('seconds',CURRENT_TIMESTAMP)) as LastModifiedDate,\nA.ATTACHMENT_ID AS Legacy_Id__c\nFROM STG_EBS_SR_ATTACHMENT A\nWHERE UPPER(TRIM(COALESCE(A.VAL_REJ_TYPE,'Y'))) !='HARD'\n),\nSYNC_CASE AS(\nSELECT\n\"Id\",\nCASE \n    WHEN CA.\"Legacy_Id__c\" IS NOT NULL THEN CA.\"Legacy_Id__c\"\n    ELSE SYNC_CASE.Legacy_Id__c \nEND AS LEGACY_ID__C\nFROM SF_CASE CA\nLEFT JOIN SYNC_EBS_CASE SYNC_CASE\nON COALESCE(SYNC_CASE.recordtypeid,'Y')=COALESCE(CA.\"RecordTypeId\" ,'Y')\nAND COALESCE(SYNC_CASE.category__c,'Y')=COALESCE(CA.\"Category__c\",'Y')\nAND COALESCE(SYNC_CASE.category_sub_type_1__c,'Y')=COALESCE(CA.\"Category_Sub_Type_1__c\",'Y')\nAND COALESCE(SYNC_CASE.status,'Y')=COALESCE(CA.\"Status\",'Y')\nAND COALESCE(SYNC_CASE. subject,'Y')=COALESCE(CA.\"Subject\",'Y')\nAND COALESCE(SYNC_CASE. accountid,'Y')=COALESCE(CA.\"AccountId\",'Y')\nAND COALESCE(SYNC_CASE.category_sub_type_2__c,'Y')=COALESCE(CA.\"Category_Sub_Type_2__c\",'Y')\n)\nSELECT\nEBS_SR.File_ID__c,\nEBS_SR.File_Type__c,\nEBS_SR.File_Name__c,\nEBS_SR.File_Extension__c,\nC.\"Id\" AS Case__c,\n--EBS_SR.CurrencyIsoCode,\nEBS_SR.CreatedById,\nEBS_SR.CREATEDDATE as CreatedDate,\n--to_timestamp(to_char(EBS_SR.CREATEDDATE,'YYYY-MM-DD HH24:MI:SS'),'YYYY-MM-DD HH24:MI:SS') as CreatedDate,\nEBS_SR.LastModifiedById,\nEBS_SR.LastModifiedDate as LastModifiedDate,\n--to_timestamp(to_char(EBS_SR.LastModifiedDate,'YYYY-MM-DD HH24:MI:SS'),'YYYY-MM-DD HH24:MI:SS') as LastModifiedDate,\nEBS_SR.CreatedById as OwnerId,\nEBS_SR.Legacy_Id__c\nFROM EBS_SR\nLEFT JOIN SYNC_CASE C ON EBS_SR.REQUEST_ID=C.Legacy_Id__c","isFileList":false,"handleSpecialChars":false,"handleDecimalRoundOff":false,"frsAsset":false,"dynamicFileName":false,"excludeDynamicFileNameField":false,"currentlyProcessedFileName":false,"retainFieldMetadata":false,"objectName":"DUMMY_src_stg_sr_attachment","useExactSrcNames":false,"tgtObjectAttributes":{},"runtimeParameterData":{"@type":"mtTaskRuntimeParameterData","isConnectionRuntimeParameter":false,"isObjectRuntimeParameter":false},"overridableProperties":[],"overriddenFields":[]},{"@type":"mtTaskParameter","id":1493478,"name":"$tgt_sync_sr_attachment$","type":"TARGET","label":"tgt_sync_sr_attachment","uiProperties":{"connectionParameterized":"false","objectParameterized":"false","visible":"false","defaultTargetUpdateColumns":"","supportApplyDDLChanges":"false","originalPath":"tgt_sync_sr_attachment"},"targetConnectionId":"@0aa38HfbIjadqoKlbnU14y","targetObject":"p2_dev/TABLE/sync_ebs_case_attachment","targetObjectLabel":"sync_ebs_case_attachment","newFlatFile":false,"newObject":false,"showBusinessNames":false,"naturalOrder":true,"truncateTarget":false,"bulkApiDBTarget":false,"operationType":"Insert","customFuncCfg":{"@type":"customFuncConfig","id":-1,"connections":[],"inputMap":[],"outputFields":[]},"targetRefsV2":{},"targetUpdateColumns":[],"extendedObject":{"@type":"extendedObject","singleMode":true,"filters":[],"sortFields":[]},"runtimeAttrs":{},"isRESTModernSource":true,"isFileList":false,"handleSpecialChars":false,"handleDecimalRoundOff":false,"frsAsset":false,"dynamicFileName":false,"excludeDynamicFileNameField":false,"currentlyProcessedFileName":false,"retainFieldMetadata":false,"objectName":"p2_dev/TABLE/sync_ebs_case_attachment","objectLabel":"sync_ebs_case_attachment","useExactSrcNames":false,"tgtObjectAttributes":{},"runtimeParameterData":{"@type":"mtTaskRuntimeParameterData","isConnectionRuntimeParameter":false,"isObjectRuntimeParameter":false},"overridableProperties":[],"overriddenFields":[]},{"@type":"mtTaskParameter","id":1493479,"name":"$Lkp_sf_user$","type":"LOOKUP","label":"Lkp_sf_user","uiProperties":{"connectionParameterized":"false","isCachedLookup":"true","multipleMatchPolicy":"Use Last Value","objectParameterized":"false","visible":"false","originalPath":"Lkp_sf_user"},"lookupConnectionId":"@0aa38HfbIjadqoKlbnU14y","lookupObject":"DUMMY_Lkp_sf_user","newFlatFile":false,"newObject":false,"showBusinessNames":false,"naturalOrder":true,"truncateTarget":false,"bulkApiDBTarget":false,"customFuncCfg":{"@type":"customFuncConfig","id":-1,"connections":[],"inputMap":[],"outputFields":[]},"targetRefsV2":{},"targetUpdateColumns":[],"runtimeAttrs":{"Cache File Name Prefix":"","Lookup Index Cache Size":"AUTO","Optional":"true","Lookup cache persistent":"false","Lookup source is static":"false","Case Sensitive String Comparison":"false","Re-cache from lookup source":"false","Insert Else Update":"false","Lookup caching enabled":"true","Lookup Data Cache Size":"AUTO","Tracing Level":"Normal","Sorted Input":"false","Lookup cache directory name":"$PMCacheDir","Output Old Value On Update":"false","Dynamic Lookup Cache":"false","Pre-build lookup cache":"AUTO","Null ordering":""},"isRESTModernSource":true,"customQuery":"WITH USER_1 \t\tAS (SELECT \"Id\", UPPER(TRIM(\"Email\")) AS \"Email\", ROW_NUMBER() OVER (PARTITION BY UPPER(TRIM(\"Email\")) ORDER BY \"IsActive\" DESC ) AS RNK FROM SF_USER)\n    ,UNIQUE_USER \tAS (SELECT \"Id\" AS ID, \"Email\" AS Email  FROM USER_1 WHERE RNK = 1)\n\t\nSELECT  A.ID \n       ,A.Email \n\t   ,B.STAFF_ID\nFROM UNIQUE_USER A\nJOIN STG_BFM_STAFF B \nON TRIM(UPPER(A.Email))=TRIM(UPPER(B.Email))\n\nUNION\n\nSELECT \"Id\" AS ID\n      ,\"Email\" AS Email\n\t  ,NULL AS STAFF_ID \nFROM SF_USER \nWHERE UPPER(\"Name\")= UPPER('Data Migration User')","isFileList":false,"handleSpecialChars":false,"handleDecimalRoundOff":false,"frsAsset":false,"dynamicFileName":false,"excludeDynamicFileNameField":false,"currentlyProcessedFileName":false,"retainFieldMetadata":false,"objectName":"DUMMY_Lkp_sf_user","useExactSrcNames":false,"tgtObjectAttributes":{},"runtimeParameterData":{"@type":"mtTaskRuntimeParameterData","isConnectionRuntimeParameter":false,"isObjectRuntimeParameter":false},"overridableProperties":[],"overriddenFields":[]}],"sequences":[],"inOutParameters":[],"connRuntimeAttrs":[]}]