[{"@type":"mappingTemplate","id":"@1","name":"m_Json_PC_OE_Mobile_Service","description":"","bundleVersion":"0","templateId":"@3","deployTime":1707109823000,"hasParameters":false,"valid":true,"fixedConnection":true,"hasParametersDeployed":false,"fixedConnectionDeployed":true,"isSchemaValidationEnabled":false,"tasks":1,"mappingPreviewFileRecordId":"@2","documentType":"MAPPING","references":[{"@type":"reference","refObjectId":"@0aa38HfbIjadqoKlbnU14y","refType":"connection"},{"@type":"reference","refObjectId":"@5ruLfvqe9O0jsq55crmcUy","refType":"hschema"}]}]