[{"@type":"mappingTemplate","id":"@1","name":"m_file_stg_ebs_offer","description":"Description  - Load EBS .csv file to postgres table\nCreated by   - ACC-MCHANDRA\nCreated on   - 14-Nov-2022\nModified on -  \n","bundleVersion":"0","templateId":"@3","deployTime":1687401075000,"hasParameters":false,"valid":true,"fixedConnection":true,"hasParametersDeployed":false,"fixedConnectionDeployed":true,"isSchemaValidationEnabled":false,"tasks":1,"mappingPreviewFileRecordId":"@2","documentType":"MAPPING","references":[{"@type":"reference","refObjectId":"@0aa38HfbIjadqoKlbnU14y","refType":"connection"},{"@type":"reference","refObjectId":"@5cVavMJoq6viVKggQReXmA","refType":"connection"}]}]