[{"@type":"mtTask","id":"@1","name":"mt_rep_cspmb__Price_Item__c","description":"","runtimeEnvironmentId":"@cUgvxjP6z42j5o2aizvbUV","maxLogs":10,"verbose":false,"mappingId":"@8quzhIju4k6kZScNxm6Re6","frsGuid":"6iMptE4e6wObqnn5wc4s6g","shortDescription":"","sessionPropertiesList":[{"name":"Allow Temporary Sequence for Pushdown","value":"NO","recommended":false},{"name":"Allow Temporary View for Pushdown","value":"NO","recommended":false},{"name":"Pushdown Optimization","value":"None","recommended":false},{"name":"Pushdown Optimization Context","value":"None","recommended":false},{"name":"Pushdown Optimization Fallback Option","value":"Partial PDO","recommended":false}],"enableCrossSchemaPushdown":true,"enableParallelRun":false,"autoTunedApplied":false,"autoTunedAppliedType":"NONE","paramFileType":"PARAM_FILE_LOCAL","schemaMode":"async","valid":true,"schemaValidationErrorCount":-1,"parameterFileEncoding":"UTF-8","serverlessProperties":{},"taskProperties":[{"@type":"taskProperty","name":"parameterFileDir","currentValue":"","type":"STRING","label":"label.parameterFileDir","required":false},{"@type":"taskProperty","name":"parameterFileName","currentValue":"","type":"STRING","label":"label.parameterFileName","required":false}],"parameters":[{"@type":"mtTaskParameter","id":1453446,"name":"$cspmb__Price_Item__c$","type":"SOURCE","label":"cspmb__Price_Item__c","uiProperties":{"connectionParameterized":"false","isSelectDistinct":"false","objectParameterized":"false","visible":"false","originalPath":"cspmb__Price_Item__c"},"sourceConnectionId":"@2pzkdnOGuGpiqnKtNRkpw3","sourceObject":"DUMMY_cspmb__Price_Item__c","newFlatFile":false,"newObject":false,"showBusinessNames":false,"naturalOrder":true,"truncateTarget":false,"bulkApiDBTarget":false,"customFuncCfg":{"@type":"customFuncConfig","id":-1,"connections":[],"inputMap":[],"outputFields":[]},"targetRefsV2":{},"targetUpdateColumns":[],"runtimeAttrs":{},"isRESTModernSource":true,"customQuery":"select\nId\n,OwnerId\n,IsDeleted\n,Name\n,CurrencyIsoCode\n,RecordTypeId\n,CreatedDate\n,CreatedById\n,LastModifiedDate\n,LastModifiedById\n,SystemModstamp\n,LastViewedDate\n,LastReferencedDate\n,cspmb__Account__c\n,cspmb__Apply_One_Off_Charge_Account_Discount__c\n,cspmb__Apply_Recurring_Charge_Account_Discount__c\n,cspmb__Authorization_Level__c\n,cspmb__Billing_Frequency__c\n,cspmb__Contract_Term__c\n,cspmb__Currency_Code__c\n,cspmb__Current_Version__c\n,cspmb__Discount_Type__c\n,cspmb__Effective_End_Date__c\n,cspmb__Effective_Start_Date__c\n,cspmb__Is_Active__c\n,cspmb__Is_Authorization_Required__c\n,cspmb__Is_One_Off_Discount_Allowed__c\n,cspmb__Is_Recurring_Discount_Allowed__c\n,cspmb__Master_Price_item__c\n,cspmb__One_Off_Charge_Code__c\n,cspmb__One_Off_Charge_External_Id__c\n,cspmb__One_Off_Charge__c\n,cspmb__One_Off_Cost__c\n,cspmb__Price_Item_Code__c\n,cspmb__Price_Item_Description__c\n,cspmb__Product_Definition_Name__c\n,cspmb__Recurring_Charge_Code__c\n,cspmb__Recurring_Charge_External_Id__c\n,cspmb__Recurring_Charge__c\n,cspmb__Recurring_Cost__c\n,cspmb__Role__c\n,cspmb__Version_Number__c\n,CPQ_AVA_OCC_Indicator__c\n,CPQ_Broadband_Data__c\n,CPQ_CIR__c\n,CPQ_Circuit_Service_Options__c\n,CPQ_ETC_Code__c\n,CPQ_Effective_End_Date__c\n,CPQ_Eligible_for_ML_Discount__c\n,CPQ_GST__c\n,CPQ_IP_Quantity__c\n,CPQ_Included_in_Line_Count__c\n,CPQ_MRC_After_Discount__c\n,CPQ_MRC_After_GST__c\n,CPQ_MRC_Discount_Dollar__c\n,CPQ_MRC_Discount_Percentage__c\n,CPQ_MRC_GST_Type__c\n,CPQ_MRC_List_Price_After_Disc__c\n,CPQ_MRC_List_Price_After_GST__c\n,CPQ_MRC_List_Price_Before_GST__c\n,CPQ_MRC_List_Price__c\n,CPQ_Max_Handsets__c\n,CPQ_Migration_Code__c\n,CPQ_Min_Lines_Fixed_Converged__c\n,CPQ_Min_Lines_Mobile__c\n,CPQ_Min_No_of_Lines_Standalone__c\n,CPQ_Min_UC_User__c\n,CPQ_Months__c\n,CPQ_OE_Minimum__c\n,CPQ_OTC_After_Discount__c\n,CPQ_OTC_After_GST__c\n,CPQ_OTC_Discount_Dollar__c\n,CPQ_OTC_Discount_Percentage__c\n,CPQ_OTC_GST_Type__c\n,CPQ_OTC_List_Price_After_Disc__c\n,CPQ_OTC_List_Price_After_GST__c\n,CPQ_OTC_List_Price_Before_GST__c\n,CPQ_OTC_List_Price__c\n,CPQ_Overall_Handset_Discount_Percent__c\n,CPQ_Overall_Handset_Discount__c\n,CPQ_PIR__c\n,CPQ_Plan_Code__c\n,CPQ_Product2_External_Id__c\n,CPQ_Product_Code__c\n,CPQ_Product_Number__c\n,CPQ_Promotion_Is_Active__c\n,CPQ_Promotion_Name__c\n,CPQ_SIM_Only__c\n,CPQ_Sim_Card_Type__c\n,CPQ_Standalone__c\n,CPQ_Temp_Link__c\n,CPQ_Type__c\n,CPQ_User_Channel__c\n,CS_Broadband_Speed__c\n,Category__c\n,Data__c\n,Handset__c\n,Make__c\n,Minutes__c\n,Network_Mode__c\n,Plan_Name__c\n,Plan_Type__c\n,Promotion__c\n,SMS_MMS__c\n,CPQ_MRC_After_GST2__c\n,CPQ_MRC_Discount_Dollar2__c\n,CPQ_MRC_Discount_Indicator__c\n,CPQ_MRC_Discount_Percentage2__c\n,CPQ_Max_Contract_Term__c\n,CPQ_Min_Contract_Term__c\n,CPQ_OTC_After_GST2__c\n,CPQ_OTC_Discount_Dollar2__c\n,CPQ_OTC_Discount_Indicator__c\n,CPQ_OTC_Discount_Percentage2__c\n,CPQ_Source_Commercial_Product__c\n,CPQ_Min_Lines_UC_Lite_Converged__c\n,cspmb__Type__c\n,cspmb__auto_packaging_priority__c\n,cspmb__metadata__c\n,cspmb__offer_code__c\n,Max_License_Limit__c\n,Stock_Code__c\n,image_urls__c\n,Product_Name__c\n,Product_Family__c\n,Product_Plan__c\n,Status__c\n,Environment__c\n,Channel_Availability__c\n,Product_Category__c\n,Plan__c\n,Device_Type__c\n,Color__c\n,Port_Type__c\n,Contract_Term__c\n,Bill_Display_Name__c\n,Network__c\n,Eligible_Segments__c\n,Currency__c\n,Active_for_Sell__c\n,Collect_Equipment_Period__c\n,Is_AddOn__c\n,Equipment_Name__c\n,Active_For_Publication__c\n,Channel_Eligibility__c\n,Market__c\n,Sub_Market__c\n,Network_Code__c\n,HLR_Code__c\n,TM_Code__c\n,PCRF_Service_ID__c\n,PCRF_BILLRESETTYPE__c\n,PCRF_Service_Node_ID__c\n,Offer_External_Id__c\n,IP_Address_Type__c\n,RFS_Id__c\n,BSCS_Event_Code__c\n,BSCS_SPCODE__c\n,BSCS_SNCODE__c\n,Commercial_subproduct_code__c\n,Commercial_Product_Id__c  \nfrom \ncspmb__Price_Item__c","isFileList":false,"handleSpecialChars":false,"handleDecimalRoundOff":false,"frsAsset":false,"dynamicFileName":false,"excludeDynamicFileNameField":false,"currentlyProcessedFileName":false,"retainFieldMetadata":false,"objectName":"DUMMY_cspmb__Price_Item__c","useExactSrcNames":false,"tgtObjectAttributes":{},"runtimeParameterData":{"@type":"mtTaskRuntimeParameterData","isConnectionRuntimeParameter":false,"isObjectRuntimeParameter":false},"overridableProperties":[],"overriddenFields":[]},{"@type":"mtTaskParameter","id":1453447,"name":"$Target$","type":"TARGET","label":"Target","uiProperties":{"connectionParameterized":"false","objectParameterized":"false","visible":"false","defaultTargetUpdateColumns":"","supportApplyDDLChanges":"false","originalPath":"Target"},"targetConnectionId":"@4QRSN7FLoYhbpr47H7jUO9","targetObject":"myr/TABLE/sf_cspmb__price_item__c","targetObjectLabel":"sf_cspmb__price_item__c","newFlatFile":false,"newObject":false,"showBusinessNames":false,"naturalOrder":true,"truncateTarget":false,"bulkApiDBTarget":false,"operationType":"Insert","customFuncCfg":{"@type":"customFuncConfig","id":-1,"connections":[],"inputMap":[],"outputFields":[]},"targetRefsV2":{},"targetUpdateColumns":[],"extendedObject":{"@type":"extendedObject","singleMode":true,"filters":[],"sortFields":[]},"runtimeAttrs":{},"isRESTModernSource":true,"isFileList":false,"handleSpecialChars":false,"handleDecimalRoundOff":false,"frsAsset":false,"dynamicFileName":false,"excludeDynamicFileNameField":false,"currentlyProcessedFileName":false,"retainFieldMetadata":false,"objectName":"myr/TABLE/sf_cspmb__price_item__c","objectLabel":"sf_cspmb__price_item__c","useExactSrcNames":false,"tgtObjectAttributes":{},"runtimeParameterData":{"@type":"mtTaskRuntimeParameterData","isConnectionRuntimeParameter":false,"isObjectRuntimeParameter":false},"overridableProperties":[],"overriddenFields":[]}],"sequences":[],"inOutParameters":[],"connRuntimeAttrs":[]}]