[{"@type":"fileRecord","id":"@3","name":"fault","type":"XSD","size":6431,"attachTime":1673546363000},{"@type":"fileRecord","id":"@2","name":"extension","type":"XML","size":28249,"attachTime":1673546363000},{"@type":"fileRecord","id":"@4","name":"metadata","type":"JSON","size":3522,"attachTime":1673546363000},{"@type":"fileRecord","id":"@5","name":"request","type":"XSD","size":6996,"attachTime":1673546363000},{"@type":"fileRecord","id":"@6","name":"response","type":"XSD","size":8708,"attachTime":1673546363000}]