[{"@type":"mtTask","id":"@1","name":"mt_tgt_sf_json_pc_attr_field","description":"","runtimeEnvironmentId":"@cUgvxjP6z42j5o2aizvbUV","maxLogs":10,"verbose":false,"mappingId":"@hSGoqhbySuGcuR0b5mb5Id","frsGuid":"13YwbIVLVwjdvZ2HnCwMKc","shortDescription":"","sessionPropertiesList":[{"name":"Allow Temporary Sequence for Pushdown","value":"NO","recommended":false},{"name":"Allow Temporary View for Pushdown","value":"NO","recommended":false},{"name":"Pushdown Optimization","value":"None","recommended":false},{"name":"Pushdown Optimization Context","value":"None","recommended":false},{"name":"Pushdown Optimization Fallback Option","value":"Partial PDO","recommended":false}],"enableCrossSchemaPushdown":true,"enableParallelRun":false,"autoTunedApplied":false,"autoTunedAppliedType":"NONE","paramFileType":"PARAM_FILE_LOCAL","schemaMode":"async","valid":true,"schemaValidationErrorCount":-1,"parameterFileEncoding":"UTF-8","serverlessProperties":{},"taskProperties":[{"@type":"taskProperty","name":"parameterFileDir","currentValue":"","type":"STRING","label":"label.parameterFileDir","required":false},{"@type":"taskProperty","name":"parameterFileName","currentValue":"","type":"STRING","label":"label.parameterFileName","required":false}],"parameters":[{"@type":"mtTaskParameter","id":1588672,"name":"$src_sf_json_pc_attr_field$","type":"SOURCE","label":"src_sf_json_pc_attr_field","uiProperties":{"connectionParameterized":"false","isSelectDistinct":"false","objectParameterized":"false","visible":"false","originalPath":"src_sf_json_pc_attr_field"},"sourceConnectionId":"@0aa38HfbIjadqoKlbnU14y","sourceObject":"DUMMY_src_sf_json_pc_attr_field","newFlatFile":false,"newObject":false,"showBusinessNames":false,"naturalOrder":true,"truncateTarget":false,"bulkApiDBTarget":false,"customFuncCfg":{"@type":"customFuncConfig","id":-1,"connections":[],"inputMap":[],"outputFields":[]},"targetRefsV2":{},"targetUpdateColumns":[],"runtimeAttrs":{},"isRESTModernSource":true,"customQuery":"SELECT DISTINCT \n\ta.Id\t\t\t\t\t\t\t\t\tproductConfigurationId,\n\tb.cscfga__Attribute_Definition__c \t    attributesByAttrDefId,\t\n\t'cscfga__Atrribute_Field__c'\t\t\ttype,\n\t'' \t\t\t\t\t\t\t\t\t\tcscfga__attribute__r\n\t,c.Name \t\t\t\t\t\t\t\tname\n\t,c.cscfga__Value__c \t\t\t\t\tcscfga__value__c\n\t,c.cscfga__Attribute__c \t\t\t\tcscfga__attribute__c\n--INTO tgt_sf_json_pc_attr_field\nFROM tgt_sf_json_pc a\njoin tgt_sf_pc_attrib b on a.Id = b.cscfga__Product_Configuration__c \t\njoin tgt_sf_attribute_field c on b.Id = c.cscfga__Attribute__c\nwhere c.cscfga__store_as_json__c ='true'","isFileList":false,"handleSpecialChars":false,"handleDecimalRoundOff":false,"frsAsset":false,"dynamicFileName":false,"excludeDynamicFileNameField":false,"currentlyProcessedFileName":false,"retainFieldMetadata":false,"objectName":"DUMMY_src_sf_json_pc_attr_field","useExactSrcNames":false,"tgtObjectAttributes":{},"runtimeParameterData":{"@type":"mtTaskRuntimeParameterData","isConnectionRuntimeParameter":false,"isObjectRuntimeParameter":false},"overridableProperties":[],"overriddenFields":[]},{"@type":"mtTaskParameter","id":1588673,"name":"$tgt_sf_json_pc_attr_field$","type":"TARGET","label":"tgt_sf_json_pc_attr_field","uiProperties":{"connectionParameterized":"false","objectParameterized":"false","visible":"false","defaultTargetUpdateColumns":"","supportApplyDDLChanges":"false","originalPath":"tgt_sf_json_pc_attr_field"},"targetConnectionId":"@0aa38HfbIjadqoKlbnU14y","targetObject":"myr/TABLE/tgt_sf_json_pc_attr_field","targetObjectLabel":"tgt_sf_json_pc_attr_field","newFlatFile":false,"newObject":false,"showBusinessNames":false,"naturalOrder":true,"truncateTarget":false,"bulkApiDBTarget":false,"operationType":"Insert","customFuncCfg":{"@type":"customFuncConfig","id":-1,"connections":[],"inputMap":[],"outputFields":[]},"targetRefsV2":{},"targetUpdateColumns":[],"extendedObject":{"@type":"extendedObject","singleMode":true,"filters":[],"sortFields":[]},"runtimeAttrs":{},"isRESTModernSource":true,"isFileList":false,"handleSpecialChars":false,"handleDecimalRoundOff":false,"frsAsset":false,"dynamicFileName":false,"excludeDynamicFileNameField":false,"currentlyProcessedFileName":false,"retainFieldMetadata":false,"objectName":"myr/TABLE/tgt_sf_json_pc_attr_field","objectLabel":"tgt_sf_json_pc_attr_field","useExactSrcNames":false,"tgtObjectAttributes":{},"runtimeParameterData":{"@type":"mtTaskRuntimeParameterData","isConnectionRuntimeParameter":false,"isObjectRuntimeParameter":false},"overridableProperties":[],"overriddenFields":[]}],"sequences":[],"inOutParameters":[],"connRuntimeAttrs":[]}]