[{"@type":"mappingTemplate","id":"@1","name":"m_stg_ebs_main_service_DRAFT_PriceList_EBS_Mobile","description":"","bundleVersion":"0","templateId":"@3","deployTime":1683696396000,"hasParameters":false,"valid":true,"fixedConnection":true,"hasParametersDeployed":false,"fixedConnectionDeployed":true,"isSchemaValidationEnabled":false,"tasks":0,"mappingPreviewFileRecordId":"@2","documentType":"MAPPING","references":[{"@type":"reference","refObjectId":"@0aa38HfbIjadqoKlbnU14y","refType":"connection"}]}]