[{"@type":"mappingTemplate","id":"@1","name":"m_dedup_tgt_sf_case","description":"","autoExpireObject":false,"bundleVersion":"0","assetFrsGuid":"1WY4Bg6h6sajLAsgn7JxaR","templateId":"@3","deployTime":1741250976000,"hasParameters":false,"valid":true,"fixedConnection":true,"hasParametersDeployed":false,"fixedConnectionDeployed":true,"isSchemaValidationEnabled":false,"tasks":1,"mappingPreviewFileRecordId":"@2","documentType":"MAPPING","references":[{"@type":"reference","refObjectId":"@0aa38HfbIjadqoKlbnU14y","refType":"connection"}]}]