[{"@type":"mtTask","id":"@1","name":"mt_stg_ebs_main_service_2","description":"","runtimeEnvironmentId":"@cUgvxjP6z42j5o2aizvbUV","maxLogs":10,"verbose":false,"mappingId":"@38SCkLDL6vPjjAEjFGAtiE","frsGuid":"1JCVTHc3cQPdDsBdp0dvYj","shortDescription":"","sessionPropertiesList":[{"name":"Allow Temporary Sequence for Pushdown","value":"NO","recommended":false},{"name":"Allow Temporary View for Pushdown","value":"NO","recommended":false},{"name":"Pushdown Optimization","value":"None","recommended":false},{"name":"Pushdown Optimization Context","value":"None","recommended":false},{"name":"Run Only In Pushdown Mode","value":"NO","recommended":false}],"enableCrossSchemaPushdown":true,"enableParallelRun":false,"autoTunedApplied":false,"autoTunedAppliedType":"NONE","paramFileType":"PARAM_FILE_LOCAL","schemaMode":"async","valid":true,"schemaValidationErrorCount":-1,"parameterFileEncoding":"UTF-8","serverlessProperties":{},"taskProperties":[{"@type":"taskProperty","name":"parameterFileDir","currentValue":"","type":"STRING","label":"label.parameterFileDir","required":false},{"@type":"taskProperty","name":"parameterFileName","currentValue":"","type":"STRING","label":"label.parameterFileName","required":false}],"parameters":[{"@type":"mtTaskParameter","id":734996,"name":"$src_stg_ebs_main_service_bwb$","type":"SOURCE","label":"src_stg_ebs_main_service_bwb","uiProperties":{"connectionParameterized":"false","isSelectDistinct":"false","objectParameterized":"false","visible":"false","originalPath":"src_stg_ebs_main_service_bwb"},"sourceConnectionId":"@0aa38HfbIjadqoKlbnU14y","sourceObject":"DUMMY_src_stg_ebs_main_service_bwb","newFlatFile":false,"newObject":false,"showBusinessNames":false,"naturalOrder":true,"truncateTarget":false,"bulkApiDBTarget":false,"customFuncCfg":{"@type":"customFuncConfig","id":-1,"connections":[],"inputMap":[],"outputFields":[]},"targetRefsV2":{},"targetUpdateColumns":[],"runtimeAttrs":{},"isRESTModernSource":true,"customQuery":"--TBC 1/12/24/36\nWITH MSERV AS (SELECT X.*,\nX.AGREEMENT_LIMIT AS CONTRACT_TERMS\n\t\t\t\t       FROM STG_EBS_MAIN_SERVICE X WHERE OFFER_ID = '11012'\n\t\t\t\t)\n, PRICE_PRECISION AS (\nSELECT \nprod_id,\n(CAST(MRC_LIST_PRICE AS DECIMAL) * power(10,CAST(MRC_LIST_PRICE_PRECISION AS INT)-2)) AS MRC_LIST_PRICE,\n(CAST(OTC_LIST_PRICE AS DECIMAL) * power(10,CAST(OTC_LIST_PRICE_PRECISION AS INT)-2)) AS OTC_LIST_PRICE,\t\n(CAST(MRC_QUOTE_LIST_PRICE AS DECIMAL) * power(10,CAST(MRC_QUOTE_LIST_PRICE_PRECISION AS INT)-2)) AS MRC_QUOTE_LIST_PRICE,\n(CAST(MRC_QUOTE_SALES_PRICE AS DECIMAL) * power(10,CAST(MRC_QUOTE_SALES_PRICE_PRECISION AS INT)-2)) AS MRC_QUOTE_SALES_PRICE,\nCASE\n\tWHEN MRC_QUOTE_VAL_TYPE = 'A' THEN (CAST(MRC_QUOTE_VALUE AS DECIMAL) * power(10,CAST(MRC_QUOTE_VALUE_PRECISION AS INT)-2))\n\tELSE CAST(MRC_QUOTE_VALUE AS DECIMAL)\nEND AS MRC_QUOTE_VALUE,\n(CAST(OTC_QUOTE_LIST_PRICE AS DECIMAL) * power(10,CAST(OTC_QUOTE_LIST_PRICE_PRECISION AS INT)-2)) AS OTC_QUOTE_LIST_PRICE,\n(CAST(OTC_QUOTE_SALES_PRICE AS DECIMAL) * power(10,CAST(OTC_QUOTE_SALES_PRICE_PRECISION AS INT)-2)) AS OTC_QUOTE_SALES_PRICE,\nCASE\n\tWHEN OTC_QUOTE_VAL_TYPE = 'A' THEN (CAST(OTC_QUOTE_VALUE AS DECIMAL) * power(10,CAST(OTC_QUOTE_VALUE_PRECISION AS INT)-2))\n\tELSE CAST(OTC_QUOTE_VALUE AS DECIMAL)\nEND AS OTC_QUOTE_VALUE,\n(CAST(MRC_PROMO_LIST_PRICE AS DECIMAL) * power(10,CAST(MRC_PROMO_LIST_PRICE_PRECISION AS INT)-2)) AS MRC_PROMO_LIST_PRICE,\n(CAST(MRC_PROMO_SALES_PRICE AS DECIMAL) * power(10,CAST(MRC_PROMO_SALES_PRICE_PRECISION AS INT)-2)) AS MRC_PROMO_SALES_PRICE,\nCASE\n\tWHEN MRC_PROMO_VAL_TYPE = 'A' THEN (CAST(MRC_PROMO_VALUE AS DECIMAL) * power(10,CAST(MRC_PROMO_VALUE_PRECISION AS INT)-2))\n\tELSE CAST(MRC_PROMO_VALUE AS DECIMAL)\nEND AS MRC_PROMO_VALUE,\n(CAST(OTC_PROMO_LIST_PRICE AS DECIMAL) * power(10,CAST(OTC_PROMO_LIST_PRICE_PRECISION AS INT)-2)) AS OTC_PROMO_LIST_PRICE,\n(CAST(OTC_PROMO_SALES_PRICE AS DECIMAL) * power(10,CAST(OTC_PROMO_SALES_PRICE_PRECISION AS INT)-2)) AS OTC_PROMO_SALES_PRICE,\nCASE\n\tWHEN OTC_PROMO_VAL_TYPE = 'A' THEN (CAST(OTC_PROMO_VALUE AS DECIMAL) * power(10,CAST(OTC_PROMO_VALUE_PRECISION AS INT)-2))\n\tELSE CAST(OTC_PROMO_VALUE AS DECIMAL)\nEND AS OTC_PROMO_VALUE,\n(CAST(mrc_promo_discount_amt AS DECIMAL) * power(10,CAST(MRC_PROMO_SALES_PRICE_PRECISION AS INT)-2)) AS mrc_promo_discount_amt,\n(CAST(otc_promo_discount_amt AS DECIMAL) * power(10,CAST(OTC_PROMO_SALES_PRICE_PRECISION AS INT)-2)) AS otc_promo_discount_amt\n\n\tFROM STG_EBS_MAIN_SERVICE MS\n)\n\nSELECT \nOFFER.cspmb__product_definition_name__c \tAS product_definition_name\n,OFFER.cspmb__product_definition_id \t   \tAS Product_Definition_ID\n,OFFER.Id \t\t\t\t\t\t\t\t\tAS commercial_product_id\n,OFFER.Name \t\t\t\t\t\t\t\tAS commercial_product_name\n,OFFER.cspmb__master_price_item__c \t\t\tAS mASter_commercial_product_name\n,OFFER.product_category \t\t\t\t\tAS SERV_TYPE\n,OFFER.Plan__c \t\t\t\t\t\t\t\tAS Plan\n\n,MSERV.OFFER_TYPE \t\t\t\t\tAS OFFER_TYPE\n,MSERV.OFFER_ID \t\t\t\t\tAS OFFER_ID\n\n,MSERV.COMPLETED_DATE \t\t\t\t\tAS activation_date\n,MSERV.PROD_UPDATE_DATE \t\t\t\tAS UPDATE_DATE\n,MSERV.PROD_TYPE \t\t\t\t\t\tAS PROD_TYPE\n,MSERV.CREATED_DATE \t\t\t\t\tAS CREATED_DATE\n,MSERV.AGREEMENT_EFF_DATE \t\t\t\tAS Contract_start_date\n,MSERV.AGREEMENT_EXP_DATE \t\t\t\tAS Contract_end_date\n,MSERV.AGREEMENT_TIME_UNIT \t\t\t\tAS AGREEMENT_TIME_UNIT\n,CAST(MSERV.AGREEMENT_LIMIT AS INT)\t\t\t\t\tAS AGREEMENT_LIMIT\n,MSERV.CONTRACT_TERMS \t\t\t\t\tAS CONTRACT_TERMS\n,MSERV.ACC_NBR \t\t\t\t\t\t\tAS Service_ID\n,MSERV.BWB_MSISDN\t\t\t\t\t\tAS BWB_MSISDN\n,MSERV.SUBS_UPDATE_DATE \t\t\t\tAS SUBS_UPDATE_DATE\n,MSERV.ENTITLEMENTS_DATA AS ENTITLEMENTS_DATA\n,MSERV.PUBLIC_APN_NAME  \t\t\t\tAS PUBLIC_APN_NAME\n,MSERV.IP_ADDRESS \t\t\t\t\t\tAS IP_ADDRESS\n,MSERV.PRIVATE_APN_NAME \t\t\t\tAS PRIVATE_APN_NAME\n,MSERV.IP_ADDRESS_TYPE \t\t\t\t\tAS IP_ADDRESS_TYPE\n,MSERV.APN \t\t\t\t\t\t\t\tAS APN\n--,MSERV.ORDER_TERMINATION_REASON \t\tAS ORDER_TERMINATION_REASON\n,MSERV.ORDER_SUSPENSION_REASON \t\t\tAS ORDER_SUSPENSION_REASON\n,MSERV.employee_name \t\t\t\t\tAS employee_name\n--,MSERV.employee_id \t\t\t\t\tAS employee_id\n,MSERV.employee_email \t\t\t\t\tAS employee_email\n--,MSERV.employee_department \t\t\tAS employee_department\n--,MSERV.cost_centre \t\t\t\t\tAS cost_centre\n--,MSERV.manager_email \t\t\t\t\tAS manager_email\n,MSERV.service_address \t\t\t\t\tAS service_address\n,MSERV.installation_contact_1 \t\t\tAS installation_contact_1\n,MSERV.installation_contact_2 \t\t\tAS installation_contact_2\n,MSERV.maint_contact_1 \t\t\t\t\tAS maint_contact_1\n,MSERV.maint_contact_2 \t\t\t\t\tAS maint_contact_2\n,MSERV.PROD_ID \t\t\t\t\t\t\tAS prod_id\n,MSERV.EVENT_NAME\t\t\t\t\t\tAS EVENT_NAME\n,MSERV.ORDER_REASON_NAME\t\t\t\tAS ORDER_REASON_NAME\n\n\n,CASE\tWHEN MSERV.PROD_STATE IN ('Voluntary Termination','Involuntary Termination','Dunning Termination','Lost Termination','Pre-Termination','Inactive') \tTHEN 'Terminated'\n\t\tWHEN MSERV.PROD_STATE = 'Inactive(Suspend)' THEN 'Suspended'\n\t\tWHEN MSERV.PROD_STATE = 'One-Way Block' THEN 'Barred'\n\t\tELSE MSERV.PROD_STATE\n END AS Status\n\n\n,CASE\n\tWHEN MSERV.PROD_STATE NOT IN ('Active','Voluntary Termination','Involuntary Termination','Dunning Termination','Lost Termination','Pre-Termination','Inactive') THEN NULL\n\tELSE MSERV.PROD_STATE_DATE\nEND AS deactivation_date\n\n\n,CASE\n\tWHEN MSERV.ETC_TYPE = 'Progressive' \t\t\t\tTHEN 'Progressive (List Price)'\n\tWHEN MSERV.ETC_TYPE in ('Tiered','SIM Only') \t\tTHEN MSERV.ETC_TYPE\n\tWHEN MSERV.ETC_TYPE = 'BRN SIM Only No Commitment' \tTHEN 'No Commitment'\n\tWHEN MSERV.ETC_TYPE = 'Progressive (Sales Price)' \tTHEN 'Progressive'\n\tELSE NULL --TBC\nEND AS ETC_TYPE\n\n,CASE \n\tWHEN MSERV.MRC_QUOTE_VAL_TYPE is not null THEN MSERV.MRC_QUOTE_VAL_TYPE\n\tWHEN MSERV.MRC_PROMO_VAL_TYPE is not null THEN MSERV.MRC_PROMO_VAL_TYPE\n\tELSE null\nEND AS MRC_DISCOUNT_TYPE\n\n\n,CASE\n\tWHEN MSERV.MRC_QUOTE_DISCOUNT_AMT is not null THEN CAST(MSERV.MRC_QUOTE_DISCOUNT_AMT AS varchar(100))\n\tWHEN PP.MRC_PROMO_DISCOUNT_AMT is not null THEN CAST(PP.MRC_PROMO_DISCOUNT_AMT AS varchar(100))\n\tELSE null\nEND AS MRC_DISCOUNT_AMT\n\n\n,CAST(CASE\n\tWHEN PP.MRC_QUOTE_LIST_PRICE is not null THEN CAST(PP.MRC_QUOTE_LIST_PRICE AS DECIMAL)\n\tWHEN PP.MRC_PROMO_LIST_PRICE is not null THEN CAST(PP.MRC_PROMO_LIST_PRICE AS DECIMAL)\n\tELSE CAST(PP.MRC_LIST_PRICE AS DECIMAL)\nEND  AS DECIMAL) AS MRC_LIST_PRICE\n\n,CAST(CASE\n\tWHEN PP.MRC_QUOTE_SALES_PRICE is not null THEN CAST(PP.MRC_QUOTE_SALES_PRICE  AS DECIMAL)\n\tWHEN PP.MRC_PROMO_SALES_PRICE is not null THEN CAST(PP.MRC_PROMO_SALES_PRICE AS DECIMAL)\n\tELSE CAST(PP.MRC_LIST_PRICE AS DECIMAL)\nEND  AS DECIMAL) AS MRC_SALES_PRICE\n\n,CASE\n\tWHEN MSERV.PROMO_EFF_STARTDATE is not null THEN MSERV.PROMO_EFF_STARTDATE\n\tWHEN MSERV.QUOTE_EFF_STARTDATE is not null THEN MSERV.QUOTE_EFF_STARTDATE\n\tELSE null\nEND AS DISCOUNT_EFF_STARTDATE\n\n,CASE\n\tWHEN MSERV.PROMO_EFF_ENDDATE is not null THEN MSERV.PROMO_EFF_ENDDATE\n\tWHEN MSERV.QUOTE_EFF_ENDDATE is not null THEN MSERV.QUOTE_EFF_ENDDATE\n\tELSE null\nEND AS DISCOUNT_EFF_ENDDATE\n\n,CASE \n\tWHEN MSERV.OTC_QUOTE_VAL_TYPE is not null THEN MSERV.OTC_QUOTE_VAL_TYPE\n\tWHEN MSERV.OTC_PROMO_VAL_TYPE is not null THEN MSERV.OTC_PROMO_VAL_TYPE\n\tELSE null\nEND AS OTC_DISCOUNT_TYPE\n\n\n,CASE\n\tWHEN MSERV.OTC_QUOTE_DISCOUNT_AMT is not null THEN CAST(MSERV.OTC_QUOTE_DISCOUNT_AMT AS varchar(100))\n\tWHEN PP.OTC_PROMO_DISCOUNT_AMT is not null THEN CAST(PP.OTC_PROMO_DISCOUNT_AMT AS varchar(100))\n\tELSE null\nEND AS OTC_DISCOUNT_AMT\n\n,CAST(CASE\n\tWHEN PP.OTC_QUOTE_LIST_PRICE is not null THEN CAST(PP.OTC_QUOTE_LIST_PRICE AS DECIMAL)\n\tWHEN PP.OTC_PROMO_LIST_PRICE is not null THEN CAST(PP.OTC_PROMO_LIST_PRICE AS DECIMAL)\n\tELSE CAST(PP.OTC_LIST_PRICE AS DECIMAL)\nEND  AS DECIMAL) AS OTC_LIST_PRICE\n\n,CAST(CASE\n\tWHEN PP.OTC_QUOTE_SALES_PRICE is not null THEN CAST(PP.OTC_QUOTE_SALES_PRICE AS DECIMAL)\n\tWHEN PP.OTC_PROMO_SALES_PRICE is not null THEN CAST(PP.OTC_PROMO_SALES_PRICE AS DECIMAL)\n\tELSE CAST(PP.OTC_LIST_PRICE AS DECIMAL)\nEND  AS DECIMAL) AS OTC_SALES_PRICE\n\n,ACCT.ownerid \t\t\t\t\t\tAS Account_manager\n,ACCT.sf_id \t\t\t\t\t\t\t\tAS SF_CUST_ID\n,BILL_ACCOUNT.sf_id\t\t\t\t\t\tAS SF_ACCT_ID\n,USR.\"Id\" \t\t\t\t\t\t\t\tAS SF_USER_ID\n,pc.\"Id\" \t\t\t\t\t\t\t\tAS sf_pc_id\n--,order.\"Id\" \t\t\t\t\t\t\tAS sf_order_id\n--,pb.\"Id\" \t\t\t\t\t\t\t\tAS sf_product_basket_id\n,subs.\"Id\" \t\t\t\t\t\t\t\tAS sf_subs_id\n\nFROM MSERV \nJOIN OFFER_CP_MAP OFFER\n\tON CAST(MSERV.SUBS_PLAN_ID AS VARCHAR(500))  = CAST(OFFER.EBS_OFFER_ID AS VARCHAR(500)) AND  MSERV.CONTRACT_TERMS = OFFER.CONTRACT_TERM__C\nAND MSERV.ENTITLEMENTS_DATA = OFFER.CPQ_Broadband_Data__c\n\n\t\nLEFT JOIN sync_ebs_sap_account ACCT\n\tON ACCT.\"legacy_id\" = CAST(MSERV.cust_id  as varchar(100))\nLEFT JOIN sync_ebs_sap_billingaccount BILL_ACCOUNT\n\tON BILL_ACCOUNT.\"legacy_id\" = CAST(MSERV.acct_id  as varchar(100))\t\n\t\n\t\nLEFT JOIN sf_user USR\n\tON USR.\"Name\" = CAST(MSERV.user_id as varchar(100))\nLEFT JOIN tgt_sf_pc pc ON pc.Legacy_Id__c = CAST(MSERV.PROD_ID as varchar(100))\n--LEFT JOIN tgt_sf_order order ON order.\"csord__Account__c\" = CAST(ACCT.Id as varchar(100))\n--LEFT JOIN tgt_sf_product_basket pb ON pb.\"Billing_Account__c\" = CAST(BILL_ACCOUNT.Id as varchar(100))\nLEFT JOIN tgt_sf_subscription subs ON subs.Legacy_Id__c = CAST(MSERV.PROD_ID as varchar(100))\nLEFT JOIN PRICE_PRECISION PP ON PP.PROD_ID = MSERV.PROD_ID\nWHERE MSERV.PROD_TYPE = 'EW'\nand (MSERV.val_id is null or MSERV.val_id = '')","isFileList":false,"handleSpecialChars":false,"handleDecimalRoundOff":false,"frsAsset":false,"dynamicFileName":false,"excludeDynamicFileNameField":false,"currentlyProcessedFileName":false,"retainFieldMetadata":false,"objectName":"DUMMY_src_stg_ebs_main_service_bwb","useExactSrcNames":false,"tgtObjectAttributes":{},"runtimeParameterData":{"@type":"mtTaskRuntimeParameterData","isConnectionRuntimeParameter":false,"isObjectRuntimeParameter":false},"overridableProperties":[],"overriddenFields":[]},{"@type":"mtTaskParameter","id":734997,"name":"$src_stg_ebs_main_service_m365$","type":"SOURCE","label":"src_stg_ebs_main_service_m365","uiProperties":{"connectionParameterized":"false","isSelectDistinct":"false","objectParameterized":"false","visible":"false","originalPath":"src_stg_ebs_main_service_m365"},"sourceConnectionId":"@0aa38HfbIjadqoKlbnU14y","sourceObject":"DUMMY_src_stg_ebs_main_service_m365","newFlatFile":false,"newObject":false,"showBusinessNames":false,"naturalOrder":true,"truncateTarget":false,"bulkApiDBTarget":false,"customFuncCfg":{"@type":"customFuncConfig","id":-1,"connections":[],"inputMap":[],"outputFields":[]},"targetRefsV2":{},"targetUpdateColumns":[],"runtimeAttrs":{},"isRESTModernSource":true,"customQuery":"WITH MSERV AS (select ms.*,\n\t\t\t\tCASE \n\t\t\t   \t\tWHEN ms.agreement_limit in ('1','12','24','36') THEN ms.agreement_limit\n\t\t\t\t\tELSE 'Others'\n\t\t\t\tEND as contract_terms\n\n\t\t\tfrom stg_ebs_main_service ms\n)\n\nselect\ncp.cspmb__product_definition_name__c \tAS product_definition_name\n,cp.cspmb__product_definition_id \t   \tAS Product_Definition_ID\n,cp.Id \t\t\t\t\t\t\t\t\tAS commercial_product_id\n,cp.Name \t\t\t\t\t\t\t\tAS commercial_product_name\n,cp.cspmb__master_price_item__c \t\tAS master_commercial_product_name\n,cp.product_category \t\t\t\t\tAS SERV_TYPE\n,cp.Plan__c \t\t\t\t\t\t\tAS Plan\n,MSERV.COMPLETED_DATE \t\t\t\t\tAS activation_date\n,MSERV.PROD_STATE\t\t\t\t\t\tAS status\n,MSERV.PROD_TYPE \t\t\t\t\t\tAS PROD_TYPE\n,MSERV.AGREEMENT_EFF_DATE \t\t\t\tAS Contract_start_date\n,MSERV.AGREEMENT_EXP_DATE \t\t\t\tAS Contract_end_date\n,MSERV.AGREEMENT_TIME_UNIT \t\t\t\tAS AGREEMENT_TIME_UNIT\n,CAST(MSERV.AGREEMENT_LIMIT\tAS INT)\t\tAS AGREEMENT_LIMIT\n,MSERV.CONTRACT_TERMS \t\t\t\t\tAS CONTRACT_TERMS\n,MSERV.DOMAIN_NAME\t\t\t\t\t\tAS DOMAIN\n,CAST(MSERV.QUANTITY AS INT)            AS QUANTITY\n,MSERV.TOTAL_QUANTITY \t\t\t\t\tAS TOTAL_QUANTITY\n,CAST(MSERV.OTC_LIST_PRICE AS DECIMAL)\tAS OTC_LIST_PRICE\n,CAST(MSERV.MRC_LIST_PRICE AS DECIMAL)\tAS MRC_LIST_PRICE\n,MSERV.PROD_ID \t\t\t\t\t\t\tAS prod_id\n,CAST(MSERV.OTC_LIST_PRICE AS DECIMAL)\tAS OTC_SALES_PRICE\n,CAST(MSERV.MRC_LIST_PRICE AS DECIMAL) \tAS MRC_SALES_PRICE\n,MSERV.OFFER_ID                         AS OFFER_ID\n\n,ACCT.ownerid\t\t\t\t\t\tAS Account_manager\n,ACCT.sf_id\t\t\t\t\t\t\t\tAS SF_CUST_ID\n,BILL_ACCOUNT.sf_id\t\t\t\t\t\tAS SF_ACCT_ID\n,pc.\"Id\" \t\t\t\t\t\t\t\tAS sf_pc_id\n,subs.\"Id\" \t\t\t\t\t\t\t\tAS sf_subs_id\n\n\nfrom MSERV\nleft join offer_cp_map cp on MSERV.subs_plan_offer_name = cp.plan__c\nand MSERV.contract_terms = cp.contract_term__c\nand cp.cspmb__billing_frequency__c = (CASE \n\t\t\t\t\t\t\t\t\t\t\t   \t\tWHEN MSERV.agreement_time_unit = 'M' THEN 'Monthly'\n\t\t\t\t\t\t\t\t\t\t\t   \t\tELSE 'Annual'\n\t\t\t\t\t\t\t\t\t\t\t    END)\nand cp.cspmb__billing_frequency__c <> 'POC'\n\n\nLEFT JOIN sync_ebs_sap_account ACCT\n\tON ACCT.\"legacy_id\" = CAST(MSERV.cust_id  as varchar(100))\nLEFT JOIN sync_ebs_sap_billingaccount BILL_ACCOUNT\n\tON BILL_ACCOUNT.\"legacy_id\" = CAST(MSERV.acct_id  as varchar(100))\t\t\n\t\nLEFT JOIN tgt_sf_subscription subs ON subs.Legacy_Id__c = CAST(MSERV.PROD_ID as varchar(100))\nLEFT JOIN tgt_sf_pc pc ON pc.Legacy_Id__c = CAST(MSERV.PROD_ID as varchar(100))\nwhere prod_type = 'M365'","isFileList":false,"handleSpecialChars":false,"handleDecimalRoundOff":false,"frsAsset":false,"dynamicFileName":false,"excludeDynamicFileNameField":false,"currentlyProcessedFileName":false,"retainFieldMetadata":false,"objectName":"DUMMY_src_stg_ebs_main_service_m365","useExactSrcNames":false,"tgtObjectAttributes":{},"runtimeParameterData":{"@type":"mtTaskRuntimeParameterData","isConnectionRuntimeParameter":false,"isObjectRuntimeParameter":false},"overridableProperties":[],"overriddenFields":[]},{"@type":"mtTaskParameter","id":734998,"name":"$src_stg_ebs_main_service_mobile$","type":"SOURCE","label":"src_stg_ebs_main_service_mobile","uiProperties":{"connectionParameterized":"false","isSelectDistinct":"false","objectParameterized":"false","visible":"false","originalPath":"src_stg_ebs_main_service_mobile"},"sourceConnectionId":"@0aa38HfbIjadqoKlbnU14y","sourceObject":"DUMMY_src_stg_ebs_main_service_mobile","newFlatFile":false,"newObject":false,"showBusinessNames":false,"naturalOrder":true,"truncateTarget":false,"bulkApiDBTarget":false,"customFuncCfg":{"@type":"customFuncConfig","id":-1,"connections":[],"inputMap":[],"outputFields":[]},"targetRefsV2":{},"targetUpdateColumns":[],"runtimeAttrs":{},"isRESTModernSource":true,"customQuery":"WITH MSERV AS (SELECT X.*\n\t\t\t\t\t ,CASE \t\t\t\t   \t\t\t\n\t\t\t\t\t\t\tWHEN X.ETC_TYPE = 'BRN SIM Only No Commitment' AND X.SUBS_PLAN_ID IN ('32560','32561','32562','38312','38412','7920','2202','2009','6911','4588','4589','5605','4590','4591','16621','16622','16623','16624','16625','16626') THEN CASE\n\t\t\t\t\t\t\t\t\t\t\t\t\t\t\t\t\t\t\t\t\t\t\t\t\t\t\t\t\t\t\t\t\t\t\t\t\t\t\t\t\t\t\t\t\t\t\t\t\t\t\t\t\t\t\t\t\t\t\t\t\t\t\t\t   WHEN X.AGREEMENT_LIMIT = '0' THEN 'No Contract'\n\t\t\t\t\t\t\t\t\t\t\t\t\t\t\t\t\t\t\t\t\t\t\t\t\t\t\t\t\t\t\t\t\t\t\t\t\t\t\t\t\t\t\t\t\t\t\t\t\t\t\t\t\t\t\t\t\t\t\t\t\t\t\t\t   WHEN X.AGREEMENT_LIMIT IS NULL THEN 'No Contract'\n\t\t\t\t\t\t\t\t\t\t\t\t\t\t\t\t\t\t\t\t\t\t\t\t\t\t\t\t\t\t\t\t\t\t\t\t\t\t\t\t\t\t\t\t\t\t\t\t\t\t\t\t\t\t\t\t\t\t\t\t\t\t\t\t   ELSE X.AGREEMENT_LIMIT\n\t\t\t\t\t\t\t\t\t\t\t\t\t\t\t\t\t\t\t\t\t\t\t\t\t\t\t\t\t\t\t\t\t\t\t\t\t\t\t\t\t\t\t\t\t\t\t\t\t\t\t\t\t\t\t\t\t\t\t\t\t\t\t\tEND\n\n\t\t\t\t\t\t\tWHEN X.ETC_TYPE = 'Sim Only' THEN CASE\n\t\t\t\t\t\t\t\t\t\t\t\t\t\t\t\t\tWHEN X.SUBS_PLAN_ID IN ('32560','32561','32562','6911','4588','4589','5605','4590','4591','16621','16622','16623','16624','16625','16626') THEN CASE\n\t\t\t\t\t\t\t\t\t\t\t\t\t\t\t\t\t\t\t\t\t\t\t\t\t\t\t\t\t\t\t\t\t\t\t\t\t\t\t\t\t\t\t\t\t\t\t\t\t\t\t\t\t\tWHEN X.AGREEMENT_LIMIT = '12' THEN X.AGREEMENT_LIMIT\n\t\t\t\t\t\t\t\t\t\t\t\t\t\t\t\t\t\t\t\t\t\t\t\t\t\t\t\t\t\t\t\t\t\t\t\t\t\t\t\t\t\t\t\t\t\t\t\t\t\t\t\t\t\tELSE 'Others'\n\t\t\t\t\t\t\t\t\t\t\t\t\t\t\t\t\t\t\t\t\t\t\t\t\t\t\t\t\t\t\t\t\t\t\t\t\t\t\t\t\t\t\t\t\t\t\t\t\t\t\t\t\tEND\n\t\t\t\t\t\t\t\t\t\t\t\t\t\t\t\t\tWHEN X.SUBS_PLAN_ID IN ('38312','38412') THEN CASE \n\t\t\t\t\t\t\t\t\t\t\t\t\t\t\t\t\t\t\t\t\t\t\t\t\t\t\t\t\t\tWHEN X.AGREEMENT_LIMIT = '24' THEN X.AGREEMENT_LIMIT\n\t\t\t\t\t\t\t\t\t\t\t\t\t\t\t\t\t\t\t\t\t\t\t\t\t\t\t\t\t\tELSE 'Others'\n\t\t\t\t\t\t\t\t\t\t\t\t\t\t\t\t\t\t\t\t\t\t\t\t\t\t\t\t\tEND\n\t\t\t\t\t\t\t\t\t\t\t\t\t\t\t\t\tWHEN X.SUBS_PLAN_ID IN ('7920','2202','2009') THEN 'Others'\n\t\t\t\t\t\t\t\t\t\t\t\t\t\t\t\tEND\t\n\t\t\t\t\t\t\tWHEN X.ETC_TYPE IN ('Progressive','Progressive (Sales Price)') AND X.SUBS_PLAN_ID IN ('32563','37012','32564','32565','38312','38412','7920','2202','2009','6911','4588','4589','5605','4590','4591','16621','16622','16623','16624','16625','16626') THEN CASE\n\t\t\t\t\t\t\t\t\t\t\t\t\t\t\t\t\t\t\t\t\t\t\t\t\t\t\t\t\t\t\t\t\t\t\t\t\t\t\t\t\t\t\t\t\t\t\t\t\t\t\t\t\t\t\t\t\t\t\t\t\t\t\tWHEN X.AGREEMENT_LIMIT = '24' THEN X.AGREEMENT_LIMIT\n\t\t\t\t\t\t\t\t\t\t\t\t\t\t\t\t\t\t\t\t\t\t\t\t\t\t\t\t\t\t\t\t\t\t\t\t\t\t\t\t\t\t\t\t\t\t\t\t\t\t\t\t\t\t\t\t\t\t\t\t\t\t\tELSE 'Others'\n\t\t\t\t\t\t\t\t\t\t\t\t\t\t\t\t\t\t\t\t\t\t\t\t\t\t\t\t\t\t\t\t\t\t\t\t\t\t\t\t\t\t\t\t\t\t\t\t\t\t\t\t\t\t\t\t\t\t\t\t\t\tEND\n\t\t\t\t\t\t\tELSE X.AGREEMENT_LIMIT\n\t\t\t\t\t\t   END AS CONTRACT_TERMS,\n\t\t\t   \t\t\tX.ETC_TYPE AS ETC_CODE\n\t\t\t\t       FROM STG_EBS_MAIN_SERVICE X where X.offer_id not in ('4246','5499')\n\t\t\t   UNION ALL\n\t\t\t   SELECT Y.*, '1' AS CONTRACT_TERMS, '1' AS ETC_CODE\n\t\t\t   FROM STG_EBS_MAIN_SERVICE Y where Y.offer_id  in ('4246','5499')\n\t\t\t\t)\t\t\t\t\n, PRICE_PRECISION AS (\nSELECT \nprod_id,\n(CAST(MRC_LIST_PRICE AS DECIMAL) * power(10,CAST(MRC_LIST_PRICE_PRECISION AS INT)-2)) AS MRC_LIST_PRICE,\n(CAST(OTC_LIST_PRICE AS DECIMAL) * power(10,CAST(OTC_LIST_PRICE_PRECISION AS INT)-2)) AS OTC_LIST_PRICE,\t\n(CAST(MRC_QUOTE_LIST_PRICE AS DECIMAL) * power(10,CAST(MRC_QUOTE_LIST_PRICE_PRECISION AS INT)-2)) AS MRC_QUOTE_LIST_PRICE,\n(CAST(MRC_QUOTE_SALES_PRICE AS DECIMAL) * power(10,CAST(MRC_QUOTE_SALES_PRICE_PRECISION AS INT)-2)) AS MRC_QUOTE_SALES_PRICE,\nCASE\n\tWHEN MRC_QUOTE_VAL_TYPE = 'A' THEN (CAST(MRC_QUOTE_VALUE AS DECIMAL) * power(10,CAST(MRC_QUOTE_VALUE_PRECISION AS INT)-2))\n\tELSE CAST(MRC_QUOTE_VALUE AS DECIMAL)\nEND AS MRC_QUOTE_VALUE,\n(CAST(OTC_QUOTE_LIST_PRICE AS DECIMAL) * power(10,CAST(OTC_QUOTE_LIST_PRICE_PRECISION AS INT)-2)) AS OTC_QUOTE_LIST_PRICE,\n(CAST(OTC_QUOTE_SALES_PRICE AS DECIMAL) * power(10,CAST(OTC_QUOTE_SALES_PRICE_PRECISION AS INT)-2)) AS OTC_QUOTE_SALES_PRICE,\nCASE\n\tWHEN OTC_QUOTE_VAL_TYPE = 'A' THEN (CAST(OTC_QUOTE_VALUE AS DECIMAL) * power(10,CAST(OTC_QUOTE_VALUE_PRECISION AS INT)-2))\n\tELSE CAST(OTC_QUOTE_VALUE AS DECIMAL)\nEND AS OTC_QUOTE_VALUE,\n(CAST(MRC_PROMO_LIST_PRICE AS DECIMAL) * power(10,CAST(MRC_PROMO_LIST_PRICE_PRECISION AS INT)-2)) AS MRC_PROMO_LIST_PRICE,\n(CAST(MRC_PROMO_SALES_PRICE AS DECIMAL) * power(10,CAST(MRC_PROMO_SALES_PRICE_PRECISION AS INT)-2)) AS MRC_PROMO_SALES_PRICE,\nCASE\n\tWHEN MRC_PROMO_VAL_TYPE = 'A' THEN (CAST(MRC_PROMO_VALUE AS DECIMAL) * power(10,CAST(MRC_PROMO_VALUE_PRECISION AS INT)-2))\n\tELSE CAST(MRC_PROMO_VALUE AS DECIMAL)\nEND AS MRC_PROMO_VALUE,\n(CAST(OTC_PROMO_LIST_PRICE AS DECIMAL) * power(10,CAST(OTC_PROMO_LIST_PRICE_PRECISION AS INT)-2)) AS OTC_PROMO_LIST_PRICE,\n(CAST(OTC_PROMO_SALES_PRICE AS DECIMAL) * power(10,CAST(OTC_PROMO_SALES_PRICE_PRECISION AS INT)-2)) AS OTC_PROMO_SALES_PRICE,\nCASE\n\tWHEN OTC_PROMO_VAL_TYPE = 'A' THEN (CAST(OTC_PROMO_VALUE AS DECIMAL) * power(10,CAST(OTC_PROMO_VALUE_PRECISION AS INT)-2))\n\tELSE CAST(OTC_PROMO_VALUE AS DECIMAL)\nEND AS OTC_PROMO_VALUE,\n(CAST(mrc_promo_discount_amt AS DECIMAL) * power(10,CAST(MRC_PROMO_SALES_PRICE_PRECISION AS INT)-2)) AS mrc_promo_discount_amt,\n(CAST(otc_promo_discount_amt AS DECIMAL) * power(10,CAST(OTC_PROMO_SALES_PRICE_PRECISION AS INT)-2)) AS otc_promo_discount_amt\n\n\tFROM STG_EBS_MAIN_SERVICE MS\n)\nSELECT \nOFFER.cspmb__product_definition_name__c \tAS product_definition_name\n,OFFER.cspmb__product_definition_id \t   \tAS Product_Definition_ID\n,OFFER.Id \t\t\t\t\t\t\t\t\tAS commercial_product_id\n,OFFER.Name \t\t\t\t\t\t\t\tAS commercial_product_name\n,OFFER.cspmb__master_price_item__c \t\t\tAS mASter_commercial_product_name\n,OFFER.product_category \t\t\t\t\tAS SERV_TYPE\n,OFFER.Plan__c \t\t\t\t\t\t\t\tAS Plan\n,OFFER.line_type AS line_type__c\n\n,MSERV.COMPLETED_DATE \t\t\t\t\tAS activation_date\n,MSERV.OFFER_TYPE \t\t\t\t\tAS OFFER_TYPE\n,MSERV.OFFER_ID \t\t\t\t\tAS OFFER_ID\n,MSERV.PROD_TYPE \t\t\t\t\t\tAS PROD_TYPE\n,MSERV.PROD_UPDATE_DATE \t\t\t\tAS UPDATE_DATE\n,MSERV.CREATED_DATE \t\t\t\t\tAS CREATED_DATE\n,MSERV.AGREEMENT_EFF_DATE \t\t\t\tAS Contract_start_date\n,MSERV.AGREEMENT_EXP_DATE \t\t\t\tAS Contract_end_date\n,MSERV.AGREEMENT_TIME_UNIT \t\t\t\tAS AGREEMENT_TIME_UNIT\n,CAST(MSERV.AGREEMENT_LIMIT AS DECIMAL)\t\t\t\t\tAS AGREEMENT_LIMIT\n,MSERV.CONTRACT_TERMS \t\t\t\t\tAS CONTRACT_TERMS\n,MSERV.BAR_TYPE \t\t\t\t\t\tAS BAR_TYPE\n,MSERV.ACC_NBR \t\t\t\t\t\t\tAS Service_ID\n,MSERV.SUBS_UPDATE_DATE \t\t\t\tAS SUBS_UPDATE_DATE\n,MSERV.IS_POOLING_FLAG \t\t\t\t\tAS IS_POOLING_FLAG\n,MSERV.POOLING_SUBS_ID \t\t\t\t\tAS SF_POOLING_SUBS_ID\n,MSERV.ENTITLEMENTS_SMS \t\t\t\tAS ENTITLEMENTS_SMS\n,MSERV.ENTITLEMENTS_VOICE \t\t\t\tAS ENTITLEMENTS_VOICE\n,MSERV.ENTITLEMENTS_DATA \t\t\t\tAS ENTITLEMENTS_DATA\n,MSERV.BWB_MSISDN \t\t\t\t\t\tAS BWB_MSISDN\n,MSERV.ORDER_TERMINATION_REASON \t\tAS ORDER_TERMINATION_REASON\n,MSERV.ORDER_SUSPENSION_REASON \t\t\tAS ORDER_SUSPENSION_REASON\n,MSERV.employee_name \t\t\t\t\tAS employee_name\n--,MSERV.employee_id \t\t\t\t\tAS employee_id\n,MSERV.employee_email \t\t\t\t\tAS employee_email\n--,MSERV.employee_department \t\t\tAS employee_department\n--,MSERV.cost_centre \t\t\t\t\tAS cost_centre\n--,MSERV.manager_email \t\t\t\t\tAS manager_email\n,MSERV.service_address \t\t\t\t\tAS service_address\n,MSERV.installation_contact_1 \t\t\tAS installation_contact_1\n,MSERV.installation_contact_2 \t\t\tAS installation_contact_2\n,MSERV.maint_contact_1 \t\t\t\t\tAS maint_contact_1\n,MSERV.maint_contact_2 \t\t\t\t\tAS maint_contact_2\n,MSERV.PROD_ID \t\t\t\t\t\t\tAS prod_id\n,MSERV.EVENT_NAME\t\t\t\t\t\tAS EVENT_NAME\n,MSERV.ORDER_REASON_NAME\t\t\t\tAS ORDER_REASON_NAME\n,MSERV.ICCID \t\t\t\t\t\t\tAS ICCID\n\n\n,CASE\tWHEN MSERV.PROD_STATE IN ('Voluntary Termination','Involuntary Termination','Dunning Termination','Lost Termination','Pre-Termination','Inactive') \tTHEN 'Terminated'\n\t\tWHEN MSERV.PROD_STATE = 'Inactive(Suspend)' THEN 'Suspended'\n\t\tWHEN MSERV.PROD_STATE = 'One-Way Block' THEN 'Barred'\n\t\tELSE MSERV.PROD_STATE\n END AS Status\n\n\n,CASE\n\tWHEN MSERV.PROD_STATE NOT IN ('Active','Voluntary Termination','Involuntary Termination','Dunning Termination','Lost Termination','Pre-Termination','Inactive') THEN NULL\n\tELSE MSERV.PROD_STATE_DATE\nEND AS deactivation_date\n\n\n,CASE\n\tWHEN MSERV.ETC_TYPE = 'Progressive' \t\t\t\tTHEN 'Progressive (List Price)'\n\tWHEN MSERV.ETC_TYPE = 'Tiered'\t\t\t\t\t\tTHEN MSERV.ETC_TYPE\n\tWHEN MSERV.ETC_TYPE = 'Sim Only' \t\t\t\t\tTHEN 'SIM Only'\n\tWHEN MSERV.ETC_TYPE = 'BRN SIM Only No Commitment' \tTHEN 'No Commitment'\n\tWHEN MSERV.ETC_TYPE = 'Progressive (Sales Price)' \tTHEN 'Progressive'\n\tELSE NULL --TBC\nEND AS ETC_TYPE\n\n,CASE \n\tWHEN MSERV.MRC_QUOTE_VAL_TYPE is not null THEN MSERV.MRC_QUOTE_VAL_TYPE\n\tWHEN MSERV.MRC_PROMO_VAL_TYPE is not null THEN MSERV.MRC_PROMO_VAL_TYPE\n\tELSE null\nEND AS MRC_DISCOUNT_TYPE\n\n\n,CASE\n\tWHEN MSERV.MRC_QUOTE_DISCOUNT_AMT is not null THEN CAST(MSERV.MRC_QUOTE_DISCOUNT_AMT AS varchar(100))\n\tWHEN PP.MRC_PROMO_DISCOUNT_AMT is not null THEN CAST(PP.MRC_PROMO_DISCOUNT_AMT AS varchar(100))\n\tELSE null\nEND AS MRC_DISCOUNT_AMT\n\n\n,CAST(CASE\n\tWHEN PP.MRC_QUOTE_LIST_PRICE is not null THEN CAST(PP.MRC_QUOTE_LIST_PRICE AS DECIMAL)\n\tWHEN PP.MRC_PROMO_LIST_PRICE is not null THEN CAST(PP.MRC_PROMO_LIST_PRICE AS DECIMAL)\n\tELSE CAST(PP.MRC_LIST_PRICE AS DECIMAL)\nEND  AS DECIMAL) AS MRC_LIST_PRICE\n\n,CAST(CASE\n\tWHEN PP.MRC_QUOTE_SALES_PRICE is not null THEN CAST(PP.MRC_QUOTE_SALES_PRICE  AS DECIMAL)\n\tWHEN PP.MRC_PROMO_SALES_PRICE is not null THEN CAST(PP.MRC_PROMO_SALES_PRICE AS DECIMAL)\n\tELSE CAST(PP.MRC_LIST_PRICE AS DECIMAL)\nEND  AS DECIMAL) AS MRC_SALES_PRICE\n\n,CASE\n\tWHEN MSERV.PROMO_EFF_STARTDATE is not null THEN MSERV.PROMO_EFF_STARTDATE\n\tWHEN MSERV.QUOTE_EFF_STARTDATE is not null THEN MSERV.QUOTE_EFF_STARTDATE\n\tELSE null\nEND AS DISCOUNT_EFF_STARTDATE\n\n,CASE\n\tWHEN MSERV.PROMO_EFF_ENDDATE is not null THEN MSERV.PROMO_EFF_ENDDATE\n\tWHEN MSERV.QUOTE_EFF_ENDDATE is not null THEN MSERV.QUOTE_EFF_ENDDATE\n\tELSE null\nEND AS DISCOUNT_EFF_ENDDATE\n\n,CASE \n\tWHEN MSERV.OTC_QUOTE_VAL_TYPE is not null THEN MSERV.OTC_QUOTE_VAL_TYPE\n\tWHEN MSERV.OTC_PROMO_VAL_TYPE is not null THEN MSERV.OTC_PROMO_VAL_TYPE\n\tELSE null\nEND AS OTC_DISCOUNT_TYPE\n\n\n,CASE\n\tWHEN MSERV.OTC_QUOTE_DISCOUNT_AMT is not null THEN CAST(MSERV.OTC_QUOTE_DISCOUNT_AMT AS varchar(100))\n\tWHEN PP.OTC_PROMO_DISCOUNT_AMT is not null THEN CAST(PP.OTC_PROMO_DISCOUNT_AMT AS varchar(100))\n\tELSE null\nEND AS OTC_DISCOUNT_AMT\n\n,CAST(CASE\n\tWHEN PP.OTC_QUOTE_LIST_PRICE is not null THEN CAST(PP.OTC_QUOTE_LIST_PRICE AS DECIMAL)\n\tWHEN PP.OTC_PROMO_LIST_PRICE is not null THEN CAST(PP.OTC_PROMO_LIST_PRICE AS DECIMAL)\n\tELSE CAST(PP.OTC_LIST_PRICE AS DECIMAL)\nEND  AS DECIMAL) AS OTC_LIST_PRICE\n\n,CAST(CASE\n\tWHEN PP.OTC_QUOTE_SALES_PRICE is not null THEN CAST(PP.OTC_QUOTE_SALES_PRICE AS DECIMAL)\n\tWHEN PP.OTC_PROMO_SALES_PRICE is not null THEN CAST(PP.OTC_PROMO_SALES_PRICE AS DECIMAL)\n\tELSE CAST(PP.OTC_LIST_PRICE AS DECIMAL)\nEND  AS DECIMAL) AS OTC_SALES_PRICE\n\n,MSERV.PROMOCODE AS PROMOCODE\n,ACCT.ownerid \t\t\t\t\t\tAS Account_manager\n,ACCT.sf_id \t\t\t\t\t\tAS SF_CUST_ID\n,BILL_ACCOUNT.sf_id\t\t\t\t\tAS SF_ACCT_ID\n,USR.\"Id\" \t\t\t\t\t\t\tAS SF_USER_ID\n--,pc.\"Id\" \t\t\t\t\t\t\tAS sf_pc_id--\n--,order.\"Id\" \t\t\t\t\t\tAS sf_order_id\n--,pb.\"Id\" \t\t\t\t\t\t\tAS sf_product_basket_id\n--,subs.\"Id\" \t\t\t\t\t\t\t\tAS sf_subs_id--\n\nFROM MSERV \nJOIN OFFER_CP_MAP OFFER\n\tON CAST(MSERV.SUBS_PLAN_ID AS VARCHAR(500))  = CAST(OFFER.EBS_OFFER_ID AS VARCHAR(500)) \n\tAND UPPER(ETC_CODE) = \n\tCASE\n\t\tWHEN MSERV.OFFER_ID IN ('4246','5499') THEN '1'\n\t\tELSE UPPER(OFFER.EBS_ETC_TYPE) \n\tEND\n\tAND MSERV.CONTRACT_TERMS = \n\tCASE\n\t\tWHEN MSERV.OFFER_ID IN ('4246','5499') THEN '1'\n\t\tELSE OFFER.CONTRACT_TERM__C\n\tEND\n\nLEFT JOIN sync_ebs_sap_account ACCT\n\tON ACCT.\"legacy_id\" = CAST(MSERV.cust_id  as varchar(100))\nLEFT JOIN sync_ebs_sap_billingaccount BILL_ACCOUNT\n\tON BILL_ACCOUNT.\"legacy_id\" = CAST(MSERV.acct_id  as varchar(100))\nLEFT JOIN sf_user USR\n\tON USR.\"Name\" = CAST(MSERV.user_id as varchar(100))\nLEFT JOIN PRICE_PRECISION PP ON PP.PROD_ID = MSERV.PROD_ID\n--LEFT JOIN tgt_sf_pc pc ON pc.Legacy_Id__c = CAST(MSERV.PROD_ID as varchar(100))--\n--LEFT JOIN tgt_sf_order order ON order.\"csord__Account__c\" = CAST(ACCT.Id as varchar(100))\n--LEFT JOIN tgt_sf_product_basket pb ON pb.\"Billing_Account__c\" = CAST(BILL_ACCOUNT.Id as varchar(100))\n--LEFT JOIN tgt_sf_subscription subs ON subs.Legacy_Id__c = CAST(MSERV.PROD_ID as varchar(100))--\nwhere MSERV.PROD_TYPE in ('Mobile','Virtual Subscriber')\nand (MSERV.val_id is null or MSERV.val_id = '')","isFileList":false,"handleSpecialChars":false,"handleDecimalRoundOff":false,"frsAsset":false,"dynamicFileName":false,"excludeDynamicFileNameField":false,"currentlyProcessedFileName":false,"retainFieldMetadata":false,"objectName":"DUMMY_src_stg_ebs_main_service_mobile","useExactSrcNames":false,"tgtObjectAttributes":{},"runtimeParameterData":{"@type":"mtTaskRuntimeParameterData","isConnectionRuntimeParameter":false,"isObjectRuntimeParameter":false},"overridableProperties":[],"overriddenFields":[]},{"@type":"mtTaskParameter","id":734999,"name":"$Target$","type":"TARGET","label":"Target","uiProperties":{"connectionParameterized":"false","objectParameterized":"false","visible":"false","defaultTargetUpdateColumns":"","supportApplyDDLChanges":"false","originalPath":"Target"},"targetConnectionId":"@0aa38HfbIjadqoKlbnU14y","targetObject":"ods_stage_source/TABLE/stg_ebs_main_service_2","targetObjectLabel":"stg_ebs_main_service_2","newFlatFile":false,"newObject":false,"showBusinessNames":false,"naturalOrder":true,"truncateTarget":false,"bulkApiDBTarget":false,"operationType":"Insert","customFuncCfg":{"@type":"customFuncConfig","id":-1,"connections":[],"inputMap":[],"outputFields":[]},"targetRefsV2":{},"targetUpdateColumns":[],"extendedObject":{"@type":"extendedObject","singleMode":true,"filters":[],"sortFields":[]},"runtimeAttrs":{},"isRESTModernSource":true,"isFileList":false,"handleSpecialChars":false,"handleDecimalRoundOff":false,"frsAsset":false,"dynamicFileName":false,"excludeDynamicFileNameField":false,"currentlyProcessedFileName":false,"retainFieldMetadata":false,"objectName":"ods_stage_source/TABLE/stg_ebs_main_service_2","objectLabel":"stg_ebs_main_service_2","useExactSrcNames":false,"tgtObjectAttributes":{},"runtimeParameterData":{"@type":"mtTaskRuntimeParameterData","isConnectionRuntimeParameter":false,"isObjectRuntimeParameter":false},"overridableProperties":[],"overriddenFields":[]},{"@type":"mtTaskParameter","id":735000,"name":"$tgt_stg_ebs_main_service_2_bwb$","type":"TARGET","label":"tgt_stg_ebs_main_service_2_bwb","uiProperties":{"connectionParameterized":"false","objectParameterized":"false","visible":"false","defaultTargetUpdateColumns":"","supportApplyDDLChanges":"false","originalPath":"tgt_stg_ebs_main_service_2_bwb"},"targetConnectionId":"@0aa38HfbIjadqoKlbnU14y","targetObject":"ods_stage_source/TABLE/stg_ebs_main_service_2","targetObjectLabel":"stg_ebs_main_service_2","newFlatFile":false,"newObject":false,"showBusinessNames":false,"naturalOrder":true,"truncateTarget":false,"bulkApiDBTarget":false,"operationType":"Insert","customFuncCfg":{"@type":"customFuncConfig","id":-1,"connections":[],"inputMap":[],"outputFields":[]},"targetRefsV2":{},"targetUpdateColumns":[],"extendedObject":{"@type":"extendedObject","singleMode":true,"filters":[],"sortFields":[]},"runtimeAttrs":{},"isRESTModernSource":true,"isFileList":false,"handleSpecialChars":false,"handleDecimalRoundOff":false,"frsAsset":false,"dynamicFileName":false,"excludeDynamicFileNameField":false,"currentlyProcessedFileName":false,"retainFieldMetadata":false,"objectName":"ods_stage_source/TABLE/stg_ebs_main_service_2","objectLabel":"stg_ebs_main_service_2","useExactSrcNames":false,"tgtObjectAttributes":{},"runtimeParameterData":{"@type":"mtTaskRuntimeParameterData","isConnectionRuntimeParameter":false,"isObjectRuntimeParameter":false},"overridableProperties":[],"overriddenFields":[]},{"@type":"mtTaskParameter","id":735001,"name":"$tgt_stg_ebs_main_service_2_mobile$","type":"TARGET","label":"tgt_stg_ebs_main_service_2_mobile","uiProperties":{"connectionParameterized":"false","objectParameterized":"false","visible":"false","defaultTargetUpdateColumns":"","supportApplyDDLChanges":"false","originalPath":"tgt_stg_ebs_main_service_2_mobile"},"targetConnectionId":"@0aa38HfbIjadqoKlbnU14y","targetObject":"ods_stage_source/TABLE/stg_ebs_main_service_2","targetObjectLabel":"stg_ebs_main_service_2","newFlatFile":false,"newObject":false,"showBusinessNames":false,"naturalOrder":true,"truncateTarget":false,"bulkApiDBTarget":false,"operationType":"Insert","customFuncCfg":{"@type":"customFuncConfig","id":-1,"connections":[],"inputMap":[],"outputFields":[]},"targetRefsV2":{},"targetUpdateColumns":[],"extendedObject":{"@type":"extendedObject","singleMode":true,"filters":[],"sortFields":[]},"runtimeAttrs":{},"isRESTModernSource":true,"isFileList":false,"handleSpecialChars":false,"handleDecimalRoundOff":false,"frsAsset":false,"dynamicFileName":false,"excludeDynamicFileNameField":false,"currentlyProcessedFileName":false,"retainFieldMetadata":false,"objectName":"ods_stage_source/TABLE/stg_ebs_main_service_2","objectLabel":"stg_ebs_main_service_2","useExactSrcNames":false,"tgtObjectAttributes":{},"runtimeParameterData":{"@type":"mtTaskRuntimeParameterData","isConnectionRuntimeParameter":false,"isObjectRuntimeParameter":false},"overridableProperties":[],"overriddenFields":[]}],"sequences":[],"inOutParameters":[],"connRuntimeAttrs":[]}]