[{"@type":"mappingTemplate","id":"@1","name":"m_sf_cscfga__Attribute_Definition__c","description":"","bundleVersion":"0","assetFrsGuid":"cuDqw1nHBImb6fRt725nEt","templateId":"@3","deployTime":1690966808000,"hasParameters":false,"valid":true,"fixedConnection":true,"hasParametersDeployed":false,"fixedConnectionDeployed":true,"isSchemaValidationEnabled":false,"tasks":1,"mappingPreviewFileRecordId":"@2","documentType":"MAPPING","references":[{"@type":"reference","refObjectId":"@9BbRLvdO9WclfHAtYXCK2C","refType":"connection"},{"@type":"reference","refObjectId":"@0aa38HfbIjadqoKlbnU14y","refType":"connection"}]}]