[{"@type":"mappingTemplate","id":"@1","name":"m_stg_sbl_billing_account","description":"","bundleVersion":"0","assetFrsGuid":"1ticBEYcxnGbhIsBRH65iS","templateId":"@3","deployTime":1736484767000,"hasParameters":false,"valid":true,"fixedConnection":true,"hasParametersDeployed":false,"fixedConnectionDeployed":true,"isSchemaValidationEnabled":false,"tasks":1,"mappingPreviewFileRecordId":"@2","documentType":"MAPPING","references":[{"@type":"reference","refObjectId":"@0aa38HfbIjadqoKlbnU14y","refType":"connection"}]}]