[{"@type":"mappingTemplate","id":"@1","name":"m_rep_cscfga__PC_Attribute__c_OLD1","description":"","bundleVersion":"0","templateId":"@3","deployTime":1700655849000,"hasParameters":false,"valid":true,"fixedConnection":true,"hasParametersDeployed":false,"fixedConnectionDeployed":true,"isSchemaValidationEnabled":false,"tasks":1,"mappingPreviewFileRecordId":"@2","documentType":"MAPPING","references":[{"@type":"reference","refObjectId":"@gbEqHgig3UYgrJMzU4lVau","refType":"connection"},{"@type":"reference","refObjectId":"@5yRVwmNzNZRbaTvVhnITId","refType":"connection"}]}]