[{"@type":"mappingTemplate","id":"@1","name":"m_dedup_tgt_sf_contact","description":"This loads contact data from sync to SFDC area","bundleVersion":"0","templateId":"@3","deployTime":1720779543000,"hasParameters":false,"valid":true,"fixedConnection":true,"hasParametersDeployed":false,"fixedConnectionDeployed":true,"isSchemaValidationEnabled":false,"tasks":1,"mappingPreviewFileRecordId":"@2","documentType":"MAPPING","references":[{"@type":"reference","refObjectId":"@0aa38HfbIjadqoKlbnU14y","refType":"connection"}]}]