[{"@type":"mappingTemplate","id":"@1","name":"m_sync_tgt_sf_contact__c","description":"This loads contact data from sync to SFDC area","bundleVersion":"0","assetFrsGuid":"8pZ6DUiR0q9iIOHMokgDWT","templateId":"@3","deployTime":1732006454000,"hasParameters":false,"valid":true,"fixedConnection":true,"hasParametersDeployed":false,"fixedConnectionDeployed":true,"isSchemaValidationEnabled":false,"tasks":1,"mappingPreviewFileRecordId":"@2","documentType":"MAPPING","references":[{"@type":"reference","refObjectId":"@0aa38HfbIjadqoKlbnU14y","refType":"connection"},{"@type":"reference","refObjectId":"@2pzkdnOGuGpiqnKtNRkpw3","refType":"connection"}]}]