[{"@type":"mappingTemplate","id":"@1","name":"m_stg_sync_ebs_account_contact_relation","description":"This place holds mappings from stg to sync with account contact data.","bundleVersion":"0","templateId":"@3","deployTime":1697031581000,"hasParameters":false,"valid":true,"fixedConnection":true,"hasParametersDeployed":false,"fixedConnectionDeployed":true,"isSchemaValidationEnabled":false,"tasks":1,"mappingPreviewFileRecordId":"@2","documentType":"MAPPING","references":[{"@type":"reference","refObjectId":"@0aa38HfbIjadqoKlbnU14y","refType":"connection"}]}]