[{"@type":"mappingTemplate","id":"@1","name":"m_sync_tgt_sf_contact__c - Copy 1","description":"This loads contact data from sync to SFDC area","bundleVersion":"0","templateId":"@3","deployTime":1669290570000,"hasParameters":false,"valid":true,"fixedConnection":true,"hasParametersDeployed":false,"fixedConnectionDeployed":true,"isSchemaValidationEnabled":false,"tasks":0,"mappingPreviewFileRecordId":"@2","documentType":"MAPPING","references":[{"@type":"reference","refObjectId":"@irZpk2lcq2Lh5v2PiTa4Q2","refType":"connection"},{"@type":"reference","refObjectId":"@4SoE843RJabk2lY1RBHwqN","refType":"connection"}]}]