[{"@type":"workflow","id":"@1","name":"tf_Product_Configuration_2","description":"**Prerequisite**  After completion of tf_Product_Configuration_1","maxLogs":10,"references":[{"@type":"reference","refObjectId":"@5EazaxetsIAjZe6ylOdQUs","refType":"mtTask"},{"@type":"reference","refObjectId":"@hdKUzGywEmAcSmehVKQ2S4","refType":"mtTask"},{"@type":"reference","refObjectId":"@aOglhWpkyMak58g5McMDk4","refType":"mtTask"},{"@type":"reference","refObjectId":"@9UqEeB0XnY6kqKpaR7jCox","refType":"mtTask"}],"tasks":[{"@type":"workflowTask","taskId":"@5EazaxetsIAjZe6ylOdQUs","type":"MTT","name":"mt_stg_ebs_product_configuration_sync_2","stopOnError":true,"stopOnWarning":false},{"@type":"workflowTask","taskId":"@hdKUzGywEmAcSmehVKQ2S4","type":"MTT","name":"mt_stg_ebs_product_configuration_sync_1_guid_update","stopOnError":true,"stopOnWarning":false},{"@type":"workflowTask","taskId":"@aOglhWpkyMak58g5McMDk4","type":"MTT","name":"mt_cscfga__Product_Configuration__c_UPD_TEMP_SOL_ID","stopOnError":true,"stopOnWarning":false},{"@type":"workflowTask","taskId":"@9UqEeB0XnY6kqKpaR7jCox","type":"MTT","name":"mt_cscfga__Product_Configuration__c_UPD_SOL_ID","stopOnError":true,"stopOnWarning":false}]}]