[{"@type":"workflow","id":"@1","name":"tf_JSON_PC","maxLogs":10,"references":[{"@type":"reference","refObjectId":"@lMlGOagpSq8dtoWUBop0AK","refType":"mtTask"},{"@type":"reference","refObjectId":"@8FwSUo4riupdB6656lkpMI","refType":"mtTask"},{"@type":"reference","refObjectId":"@9ZLYyakx3MkkV3hXcgc9aI","refType":"mtTask"},{"@type":"reference","refObjectId":"@ejZcAGzD6AViqLTYeYeJes","refType":"mtTask"}],"tasks":[{"@type":"workflowTask","taskId":"@lMlGOagpSq8dtoWUBop0AK","type":"MTT","name":"mt_tgt_sf_json_pc","stopOnError":false,"stopOnWarning":false},{"@type":"workflowTask","taskId":"@8FwSUo4riupdB6656lkpMI","type":"MTT","name":"mt_tgt_sf_json_pc_attr","stopOnError":false,"stopOnWarning":false},{"@type":"workflowTask","taskId":"@9ZLYyakx3MkkV3hXcgc9aI","type":"MTT","name":"mt_tgt_sf_json_pc_attr_field","stopOnError":false,"stopOnWarning":false},{"@type":"workflowTask","taskId":"@ejZcAGzD6AViqLTYeYeJes","type":"MTT","name":"mt_Json_pc","stopOnError":false,"stopOnWarning":false}]}]