[{"@type":"mappingTemplate","id":"@1","name":"m_json_prod_attrt_list","description":"","bundleVersion":"0","assetFrsGuid":"8CaDnAMUWSTlRrc4X2U4e0","templateId":"@3","deployTime":1733909796000,"hasParameters":false,"valid":true,"fixedConnection":true,"hasParametersDeployed":false,"fixedConnectionDeployed":true,"isSchemaValidationEnabled":false,"tasks":1,"mappingPreviewFileRecordId":"@2","documentType":"MAPPING","references":[{"@type":"reference","refObjectId":"@0aa38HfbIjadqoKlbnU14y","refType":"connection"}]}]