[{"@type":"mappingTemplate","id":"@1","name":"m_sync_SFDC_DO_NOT_USE","description":"","bundleVersion":"0","templateId":"@3","deployTime":1723568886000,"hasParameters":false,"valid":true,"fixedConnection":true,"hasParametersDeployed":false,"fixedConnectionDeployed":true,"isSchemaValidationEnabled":false,"tasks":0,"mappingPreviewFileRecordId":"@2","documentType":"MAPPING","references":[{"@type":"reference","refObjectId":"@0aa38HfbIjadqoKlbnU14y","refType":"connection"},{"@type":"reference","refObjectId":"@aYAmbWhExo7gjDM5ybsWCp","refType":"hschema"}]}]