[{"@type":"mtTask","id":"@1","name":"mt_tgt_sf_json_attrib_sp_OE","description":"","runtimeEnvironmentId":"@cUgvxjP6z42j5o2aizvbUV","maxLogs":10,"verbose":false,"lastRunTime":1679890169000,"mappingId":"@05I1Itra70Vgs2KaRWYN67","frsGuid":"6df4xuHOlMzkCdo90URscr","shortDescription":"","sessionPropertiesList":[{"name":"Allow Temporary Sequence for Pushdown","value":"NO","recommended":false},{"name":"Allow Temporary View for Pushdown","value":"NO","recommended":false},{"name":"Pushdown Optimization","value":"None","recommended":false},{"name":"Pushdown Optimization Context","value":"None","recommended":false},{"name":"Run Only In Pushdown Mode","value":"NO","recommended":false}],"enableCrossSchemaPushdown":true,"enableParallelRun":false,"autoTunedApplied":false,"autoTunedAppliedType":"NONE","paramFileType":"PARAM_FILE_LOCAL","schemaMode":"async","valid":true,"schemaValidationErrorCount":-1,"parameterFileEncoding":"UTF-8","serverlessProperties":{},"taskProperties":[{"@type":"taskProperty","name":"parameterFileDir","currentValue":"","type":"STRING","label":"label.parameterFileDir","required":false},{"@type":"taskProperty","name":"parameterFileName","currentValue":"","type":"STRING","label":"label.parameterFileName","required":false}],"parameters":[{"@type":"mtTaskParameter","id":738217,"name":"$src_sf_json_attrib_sp_OE$","type":"SOURCE","label":"src_sf_json_attrib_sp_OE","uiProperties":{"connectionParameterized":"false","isSelectDistinct":"false","objectParameterized":"false","visible":"false","originalPath":"src_sf_json_attrib_sp_OE"},"sourceConnectionId":"@0aa38HfbIjadqoKlbnU14y","sourceObject":"DUMMY_src_sf_json_attrib_sp_OE","newFlatFile":false,"newObject":false,"showBusinessNames":false,"naturalOrder":true,"truncateTarget":false,"bulkApiDBTarget":false,"customFuncCfg":{"@type":"customFuncConfig","id":-1,"connections":[],"inputMap":[],"outputFields":[]},"targetRefsV2":{},"targetUpdateColumns":[],"runtimeAttrs":{},"isRESTModernSource":true,"customQuery":"select\n\n'' \t\t\t\t\t\t\t\t\t\t\tAS  localSMSAlerts\n,'' \t\t\t\t\t\t\t\t\t\t\tAS  roamingDataCap\n,'' \t\t\t\t\t\t\t\t\t\t\tAS  color \n,''          \t\t\t\t\t\t\t\t\tAS\tschemaId\n\n,COALESCE(sv.\"csordtelcoa__Product_Configuration__c\",'')\t    AS  productConfigurationId\n,COALESCE(sv.\"csconta_Billing_Account__c\",'') \t\t\t\tAS  billingAccount\n,COALESCE(sv.\"Employee_ID__c\",'') \t\t\t\t\t\t\tAS  employeeId\n,COALESCE(sv.\"Employee_Name__c\",'') \t\t\t\t\t\t\tAS  employeeName\n,COALESCE(sv.\"Employee_Department__c\",'') \t\t\t\t\tAS  employeeDepartment\n,COALESCE(sv.\"Employee_Email__c\",'')\t\t\t\t\t\t\tAS  employeeEmail\n,COALESCE(sv.\"Employee_Cost_Center__c\",'') \t\t\t\t\tAS  employeeCostCentre\n,COALESCE(sv.\"Mobile_Number__c\",'') \t\t\t\t\t\t\tAS  mobileNumber\n,COALESCE(sv.\"SIM_ICCID__c\",'') \t\t\t\t\t\t\t\tAS  ICCID\n,COALESCE(PC.\"pc_type\",'')\t\t\t\t\t\t\t\t\t AS type\n,COALESCE(sv.\"Id\",'')                                         AS service_id\n\n,sv.\"Contract_Start_Date__c\" \t\t\t\t\tAS  contractStartDate\n,sv.\"Contract_End_Date__c\"    \t\t\t\t\tAS  contractEndDate\n,sv.\"RFS_Date__c\"   \t\t\t\t\tAS  rfsDate\n\n--into tgt_sf_json_attrib_sp_OE\nFROM tgt_sf_service sv\nJOIN tgt_sf_pc pc\n\tON sv.\"csordtelcoa__Product_Configuration__c\" = pc.\"Id\"\nWHERE PC.\"pc_type\" in ('Mobile Device' ,'Sharing Service','Mobile Service')","isFileList":false,"handleSpecialChars":false,"handleDecimalRoundOff":false,"frsAsset":false,"dynamicFileName":false,"excludeDynamicFileNameField":false,"currentlyProcessedFileName":false,"retainFieldMetadata":false,"objectName":"DUMMY_src_sf_json_attrib_sp_OE","useExactSrcNames":false,"tgtObjectAttributes":{},"runtimeParameterData":{"@type":"mtTaskRuntimeParameterData","isConnectionRuntimeParameter":false,"isObjectRuntimeParameter":false},"overridableProperties":[],"overriddenFields":[]},{"@type":"mtTaskParameter","id":738218,"name":"$src_sf_json_attrib_sp_OE_M365$","type":"SOURCE","label":"src_sf_json_attrib_sp_OE_M365","uiProperties":{"connectionParameterized":"false","isSelectDistinct":"false","objectParameterized":"false","visible":"false","originalPath":"src_sf_json_attrib_sp_OE_M365"},"sourceConnectionId":"@0aa38HfbIjadqoKlbnU14y","sourceObject":"DUMMY_src_sf_json_attrib_sp_OE_M365","newFlatFile":false,"newObject":false,"showBusinessNames":false,"naturalOrder":true,"truncateTarget":false,"bulkApiDBTarget":false,"customFuncCfg":{"@type":"customFuncConfig","id":-1,"connections":[],"inputMap":[],"outputFields":[]},"targetRefsV2":{},"targetUpdateColumns":[],"runtimeAttrs":{},"isRESTModernSource":true,"customQuery":"select\n'' \t\t\t\t\t\t\t\t\t\t\tAS schemaId\n\n,COALESCE(sv.\"csordtelcoa__Product_Configuration__c\",'')\t    AS  productConfigurationId\n,COALESCE(sv.\"csconta_Billing_Account__c\",'') \t\t\t\tAS  billingAccount\n\n,COALESCE(PC.\"pc_type\",'')\t\t\t\t\t\t\t\t\tAS type\n,COALESCE(sv.\"Id\",'')                                        AS service_id\n,COALESCE(sv.\"Account__c\",'')                                AS companyName\n,COALESCE(sv.\"Domain__c\",'')  \t\t\t\t\t\t\t\tAS selectedDomain\n\n,sv.\"Contract_Start_Date__c\" \t\t\t\t\tAS  contractStartDate\n,sv.\"Contract_End_Date__c\"    \t\t\t\t\tAS  contractEndDate\n,sv.\"RFS_Date__c\"   \t\t\t\t\tAS  rfsDate\n\n\n--into tgt_sf_json_attrib_sp_OE_m365\nFROM tgt_sf_service sv\nJOIN tgt_sf_pc pc\n\tON sv.\"csordtelcoa__Product_Configuration__c\" = pc.\"Id\"\nWHERE PC.\"pc_type\" = 'Microsoft License'","isFileList":false,"handleSpecialChars":false,"handleDecimalRoundOff":false,"frsAsset":false,"dynamicFileName":false,"excludeDynamicFileNameField":false,"currentlyProcessedFileName":false,"retainFieldMetadata":false,"objectName":"DUMMY_src_sf_json_attrib_sp_OE_M365","useExactSrcNames":false,"tgtObjectAttributes":{},"runtimeParameterData":{"@type":"mtTaskRuntimeParameterData","isConnectionRuntimeParameter":false,"isObjectRuntimeParameter":false},"overridableProperties":[],"overriddenFields":[]},{"@type":"mtTaskParameter","id":738219,"name":"$src_sf_json_attrib_sp_OE_bwb$","type":"SOURCE","label":"src_sf_json_attrib_sp_OE_bwb","uiProperties":{"connectionParameterized":"false","isSelectDistinct":"false","objectParameterized":"false","visible":"false","originalPath":"src_sf_json_attrib_sp_OE_bwb"},"sourceConnectionId":"@0aa38HfbIjadqoKlbnU14y","sourceObject":"DUMMY_src_sf_json_attrib_sp_OE_bwb","newFlatFile":false,"newObject":false,"showBusinessNames":false,"naturalOrder":true,"truncateTarget":false,"bulkApiDBTarget":false,"customFuncCfg":{"@type":"customFuncConfig","id":-1,"connections":[],"inputMap":[],"outputFields":[]},"targetRefsV2":{},"targetUpdateColumns":[],"runtimeAttrs":{},"isRESTModernSource":true,"customQuery":"select\n\n''\t\t\t\t\t\t\t\t\t\t\t\tAS schemaId\n,''\t\t\t\t\t\t\t\t\t\t\t\tAS transferredService\n,'' \t\t\t\t\t\t\t\t\t\t\tAS faultAndMiantenanceContact\n,'' \t\t\t\t\t\t\t\t\t\t\tAS faultAndMaintenanceContactSecondary\n,'Reserved' \t\t\t\t\t\t\t\t\tAS status\n,'Installation' \t\t\t\t\t\t\t\tAS deliveryMode\n\n,COALESCE(sv.\"Id\",'')                                         AS service_id\n,COALESCE(PC.\"pc_type\",'')\t\t\t\t\t\t\t\t\t AS type\n,COALESCE(sv.\"csordtelcoa__Product_Configuration__c\",'')\t    AS productConfigurationId\n,COALESCE(sv.\"csconta_Billing_Account__c\",'') \t\t\t\tAS billingAccount\n\n\n,COALESCE(sv.\"SIM_ICCID__c\",'') \t\t\t\t\t\t\t\tAS ICCID\n,COALESCE(sv.\"Account__c\",'')\t\t\t\t\t            AS sourceCustomerAccount\n,COALESCE(sv.Equipment_Serial_Number__c,'') \t\t\t\t\tAS serialNumber\n,COALESCE(sv.\"Mobile_Number__c\",'')\t\t\t\t\t\t\tAS MSISDN\n,COALESCE(sv.Installation_Contact_Primary__c,'') \t\t\tAS installationContactPrimary\n,COALESCE(sv.Installation_Contact_Secondary__c,'')\t\t\tAS installationContactSecondary\n\n,sv.\"Contract_Start_Date__c\" \t\t\t\t\tAS  contractStartDate\n,sv.\"Contract_End_Date__c\"    \t\t\t\t\tAS  contractEndDate\n,sv.\"RFS_Date__c\"   \t\t\t\t\tAS  rfsDate\n\n\n--into tgt_sf_json_attrib_sp_OE_BWB\nFROM tgt_sf_service sv\nJOIN tgt_sf_pc pc\n\tON sv.\"csordtelcoa__Product_Configuration__c\" = pc.\"Id\"\nWHERE PC.\"pc_type\" in ('ITX Equipment','ITX Wireless Broadband')","isFileList":false,"handleSpecialChars":false,"handleDecimalRoundOff":false,"frsAsset":false,"dynamicFileName":false,"excludeDynamicFileNameField":false,"currentlyProcessedFileName":false,"retainFieldMetadata":false,"objectName":"DUMMY_src_sf_json_attrib_sp_OE_bwb","useExactSrcNames":false,"tgtObjectAttributes":{},"runtimeParameterData":{"@type":"mtTaskRuntimeParameterData","isConnectionRuntimeParameter":false,"isObjectRuntimeParameter":false},"overridableProperties":[],"overriddenFields":[]},{"@type":"mtTaskParameter","id":738220,"name":"$tgt_sf_json_attrib_sp_OE$","type":"TARGET","label":"tgt_sf_json_attrib_sp_OE","uiProperties":{"connectionParameterized":"false","objectParameterized":"false","visible":"false","defaultTargetUpdateColumns":"","supportApplyDDLChanges":"false","originalPath":"tgt_sf_json_attrib_sp_OE"},"targetConnectionId":"@0aa38HfbIjadqoKlbnU14y","targetObject":"p1_dev/TABLE/tgt_sf_json_attrib_sp_oe","targetObjectLabel":"tgt_sf_json_attrib_sp_oe","newFlatFile":false,"newObject":false,"showBusinessNames":false,"naturalOrder":true,"truncateTarget":false,"bulkApiDBTarget":false,"operationType":"Insert","customFuncCfg":{"@type":"customFuncConfig","id":-1,"connections":[],"inputMap":[],"outputFields":[]},"targetRefsV2":{},"targetUpdateColumns":[],"extendedObject":{"@type":"extendedObject","singleMode":true,"filters":[],"sortFields":[]},"runtimeAttrs":{},"isRESTModernSource":true,"isFileList":false,"handleSpecialChars":false,"handleDecimalRoundOff":false,"frsAsset":false,"dynamicFileName":false,"excludeDynamicFileNameField":false,"currentlyProcessedFileName":false,"retainFieldMetadata":false,"objectName":"p1_dev/TABLE/tgt_sf_json_attrib_sp_oe","objectLabel":"tgt_sf_json_attrib_sp_oe","useExactSrcNames":false,"tgtObjectAttributes":{},"runtimeParameterData":{"@type":"mtTaskRuntimeParameterData","isConnectionRuntimeParameter":false,"isObjectRuntimeParameter":false},"overridableProperties":[],"overriddenFields":[]},{"@type":"mtTaskParameter","id":738221,"name":"$tgt_sf_json_attrib_sp_OE_M365$","type":"TARGET","label":"tgt_sf_json_attrib_sp_OE_M365","uiProperties":{"connectionParameterized":"false","objectParameterized":"false","visible":"false","defaultTargetUpdateColumns":"","supportApplyDDLChanges":"false","originalPath":"tgt_sf_json_attrib_sp_OE_M365"},"targetConnectionId":"@0aa38HfbIjadqoKlbnU14y","targetObject":"p1_dev/TABLE/tgt_sf_json_attrib_sp_oe_m365","targetObjectLabel":"tgt_sf_json_attrib_sp_oe_m365","newFlatFile":false,"newObject":false,"showBusinessNames":false,"naturalOrder":true,"truncateTarget":false,"bulkApiDBTarget":false,"operationType":"Insert","customFuncCfg":{"@type":"customFuncConfig","id":-1,"connections":[],"inputMap":[],"outputFields":[]},"targetRefsV2":{},"targetUpdateColumns":[],"extendedObject":{"@type":"extendedObject","singleMode":true,"filters":[],"sortFields":[]},"runtimeAttrs":{},"isRESTModernSource":true,"isFileList":false,"handleSpecialChars":false,"handleDecimalRoundOff":false,"frsAsset":false,"dynamicFileName":false,"excludeDynamicFileNameField":false,"currentlyProcessedFileName":false,"retainFieldMetadata":false,"objectName":"p1_dev/TABLE/tgt_sf_json_attrib_sp_oe_m365","objectLabel":"tgt_sf_json_attrib_sp_oe_m365","useExactSrcNames":false,"tgtObjectAttributes":{},"runtimeParameterData":{"@type":"mtTaskRuntimeParameterData","isConnectionRuntimeParameter":false,"isObjectRuntimeParameter":false},"overridableProperties":[],"overriddenFields":[]},{"@type":"mtTaskParameter","id":738222,"name":"$tgt_sf_json_attrib_sp_OE_bwb$","type":"TARGET","label":"tgt_sf_json_attrib_sp_OE_bwb","uiProperties":{"connectionParameterized":"false","objectParameterized":"false","visible":"false","defaultTargetUpdateColumns":"","supportApplyDDLChanges":"false","originalPath":"tgt_sf_json_attrib_sp_OE_bwb"},"targetConnectionId":"@0aa38HfbIjadqoKlbnU14y","targetObject":"p1_dev/TABLE/tgt_sf_json_attrib_sp_oe_bwb","targetObjectLabel":"tgt_sf_json_attrib_sp_oe_bwb","newFlatFile":false,"newObject":false,"showBusinessNames":false,"naturalOrder":true,"truncateTarget":false,"bulkApiDBTarget":false,"operationType":"Insert","customFuncCfg":{"@type":"customFuncConfig","id":-1,"connections":[],"inputMap":[],"outputFields":[]},"targetRefsV2":{},"targetUpdateColumns":[],"extendedObject":{"@type":"extendedObject","singleMode":true,"filters":[],"sortFields":[]},"runtimeAttrs":{},"isRESTModernSource":true,"isFileList":false,"handleSpecialChars":false,"handleDecimalRoundOff":false,"frsAsset":false,"dynamicFileName":false,"excludeDynamicFileNameField":false,"currentlyProcessedFileName":false,"retainFieldMetadata":false,"objectName":"p1_dev/TABLE/tgt_sf_json_attrib_sp_oe_bwb","objectLabel":"tgt_sf_json_attrib_sp_oe_bwb","useExactSrcNames":false,"tgtObjectAttributes":{},"runtimeParameterData":{"@type":"mtTaskRuntimeParameterData","isConnectionRuntimeParameter":false,"isObjectRuntimeParameter":false},"overridableProperties":[],"overriddenFields":[]}],"sequences":[],"inOutParameters":[],"connRuntimeAttrs":[]}]