[{"@type":"mappingTemplate","id":"@1","name":"m_dedup_tgt_sf_address__c","description":"","bundleVersion":"0","assetFrsGuid":"eSSAYEWUp4tiKqD8XPZo8C","templateId":"@3","deployTime":1739444701000,"hasParameters":false,"valid":true,"fixedConnection":true,"hasParametersDeployed":false,"fixedConnectionDeployed":true,"isSchemaValidationEnabled":false,"tasks":1,"mappingPreviewFileRecordId":"@2","documentType":"MAPPING","references":[{"@type":"reference","refObjectId":"@0aa38HfbIjadqoKlbnU14y","refType":"connection"}]}]