[{"@type":"mappingTemplate","id":"@1","name":"m_rep_cspmb__Price_Item_Add_On_Price_Item_Association__c_service","description":"","bundleVersion":"0","templateId":"@3","deployTime":1673344829000,"hasParameters":false,"valid":true,"fixedConnection":true,"hasParametersDeployed":false,"fixedConnectionDeployed":true,"isSchemaValidationEnabled":false,"tasks":1,"mappingPreviewFileRecordId":"@2","documentType":"MAPPING","references":[{"@type":"reference","refObjectId":"@5yRVwmNzNZRbaTvVhnITId","refType":"connection"},{"@type":"reference","refObjectId":"@gbEqHgig3UYgrJMzU4lVau","refType":"connection"}]}]