[{"@type":"workflow","id":"@1","name":"tf_JSON_PC_Load","maxLogs":10,"references":[{"@type":"reference","refObjectId":"@cC6g6uPot8CgnjWWqnHReO","refType":"mtTask"},{"@type":"reference","refObjectId":"@jOiDc3oIcKjlz9YRuqzsUv","refType":"mtTask"}],"tasks":[{"@type":"workflowTask","taskId":"@cC6g6uPot8CgnjWWqnHReO","type":"MTT","name":"mt_SF_load_json_PC","stopOnError":false,"stopOnWarning":false},{"@type":"workflowTask","taskId":"@jOiDc3oIcKjlz9YRuqzsUv","type":"MTT","name":"mt_REP_SF_load_json_PC","stopOnError":false,"stopOnWarning":false}]}]