[{"@type":"mappingTemplate","id":"@1","name":"m_create_json_service_specification","description":"","bundleVersion":"0","templateId":"@3","deployTime":1675085473000,"hasParameters":false,"valid":true,"fixedConnection":true,"hasParametersDeployed":false,"fixedConnectionDeployed":true,"isSchemaValidationEnabled":false,"tasks":0,"mappingPreviewFileRecordId":"@2","documentType":"MAPPING","references":[{"@type":"reference","refObjectId":"@irZpk2lcq2Lh5v2PiTa4Q2","refType":"connection"},{"@type":"reference","refObjectId":"@fawz8wLmEwEgtaGCFuH0CV","refType":"hschema"},{"@type":"reference","refObjectId":"@1iRjsijspZqlBpvhch2e6h","refType":"hschema"},{"@type":"reference","refObjectId":"@cyfSmdfiOIZeTRKjmNsf4h","refType":"hschema"},{"@type":"reference","refObjectId":"@hVnn9veXoSgeRqeGkxPGQJ","refType":"hschema"},{"@type":"reference","refObjectId":"@9osUNlRxsaXf2ZRdIrl7uq","refType":"hschema"}]}]