[{"@type":"mappingTemplate","id":"@1","name":"Mapping17","description":"","bundleVersion":"0","templateId":"@3","deployTime":1673442037000,"hasParameters":false,"valid":true,"fixedConnection":true,"hasParametersDeployed":false,"fixedConnectionDeployed":true,"isSchemaValidationEnabled":false,"tasks":0,"mappingPreviewFileRecordId":"@2","documentType":"MAPPING","references":[{"@type":"reference","refObjectId":"@4oKksIQNwmndUPmrVHgqS5","refType":"connection"},{"@type":"reference","refObjectId":"@gbEqHgig3UYgrJMzU4lVau","refType":"connection"}]}]