[{"@type":"workflow","id":"@1","name":"tf_JSON_Solution_Load","maxLogs":10,"references":[{"@type":"reference","refObjectId":"@0Zz13CpLfN2gzJ3GcAwjCJ","refType":"mtTask"},{"@type":"reference","refObjectId":"@1rhguXS4v5HeYKhQzSIfSu","refType":"mtTask"}],"tasks":[{"@type":"workflowTask","taskId":"@0Zz13CpLfN2gzJ3GcAwjCJ","type":"MTT","name":"mt_SF__load_json_solution","stopOnError":true,"stopOnWarning":false},{"@type":"workflowTask","taskId":"@1rhguXS4v5HeYKhQzSIfSu","type":"MTT","name":"mt_REP_SF__load_json_solution","stopOnError":true,"stopOnWarning":false}]}]