[{"@type":"mappingTemplate","id":"@1","name":"m_Json_pc","description":"","bundleVersion":"0","templateId":"@3","deployTime":1698213584000,"hasParameters":false,"valid":true,"fixedConnection":true,"hasParametersDeployed":false,"fixedConnectionDeployed":true,"isSchemaValidationEnabled":false,"tasks":1,"mappingPreviewFileRecordId":"@2","documentType":"MAPPING","references":[{"@type":"reference","refObjectId":"@lAPE5TY99aPbjVnbp4TMGb","refType":"hschema"},{"@type":"reference","refObjectId":"@0aa38HfbIjadqoKlbnU14y","refType":"connection"},{"@type":"reference","refObjectId":"@87pqyAOlu8jcE3QWnQnfOx","refType":"hschema"}]}]