[{"@type":"mappingTemplate","id":"@1","name":"m_Json_pc","description":"","bundleVersion":"0","templateId":"@3","deployTime":1697717472000,"hasParameters":false,"valid":true,"fixedConnection":true,"hasParametersDeployed":false,"fixedConnectionDeployed":true,"isSchemaValidationEnabled":false,"tasks":1,"mappingPreviewFileRecordId":"@2","documentType":"MAPPING","references":[{"@type":"reference","refObjectId":"@lAPE5TY99aPbjVnbp4TMGb","refType":"hschema"},{"@type":"reference","refObjectId":"@0Ty79m12R89cbStqRk61MH","refType":"hschema"},{"@type":"reference","refObjectId":"@0aa38HfbIjadqoKlbnU14y","refType":"connection"}]}]