[{"@type":"mtTask","id":"@1","name":"mt_tgt_sf_json_attrib_sp_Commercial_Mobile_Service","description":"","runtimeEnvironmentId":"@cUgvxjP6z42j5o2aizvbUV","maxLogs":10,"verbose":false,"mappingId":"@1oKpRWYFqxgb5UFuL8TH6h","frsGuid":"6QnZjoIsmsBcIm1VbMIKGW","shortDescription":"","sessionPropertiesList":[],"enableCrossSchemaPushdown":true,"enableParallelRun":false,"autoTunedApplied":false,"autoTunedAppliedType":"NONE","schemaMode":"async","valid":true,"schemaValidationErrorCount":-1,"parameterFileEncoding":"UTF-8","serverlessProperties":{},"taskProperties":[{"@type":"taskProperty","name":"parameterFileDir","currentValue":"","type":"STRING","label":"label.parameterFileDir","required":false},{"@type":"taskProperty","name":"parameterFileName","currentValue":"","type":"STRING","label":"label.parameterFileName","required":false}],"parameters":[{"@type":"mtTaskParameter","id":1910839,"name":"$Source$","type":"SOURCE","label":"Source","uiProperties":{"connectionParameterized":"false","isSelectDistinct":"false","objectParameterized":"false","visible":"false","originalPath":"Source"},"sourceConnectionId":"@0aa38HfbIjadqoKlbnU14y","sourceObject":"DUMMY_Source","newFlatFile":false,"newObject":false,"showBusinessNames":false,"naturalOrder":true,"truncateTarget":false,"bulkApiDBTarget":false,"customFuncCfg":{"@type":"customFuncConfig","id":-1,"connections":[],"inputMap":[],"outputFields":[]},"targetRefsV2":{},"targetUpdateColumns":[],"runtimeAttrs":{},"isRESTModernSource":true,"customQuery":"SELECT\n--Common columns\n'1'\t\t\t\t\t\t\t\tAS version\n,'Created'\t\t\t\t\t\tAS status\n,''\t\t\t\t\t\t\t\tAS startDate\n,'UUID'\t\t\t\t\t\t\tAS specification\n,PC.Id\t\t\t\t\t\t\tAS productConfigurationId\n,'1'\t\t\t\t\t\t\tAS name\n,''\t\t\t\t\t\t\t\tAS metadata\n,'Mobile Device'\t\t\t\tAS instanceId\n,'FALSE'\t\t\t\t\t\tAS includeBilling\n,PC.runTimeGUID__c\t\t\t\tAS guid\n,''\t\t\t\t\t\t\t\tAS endDate\n,'Created'\t\t\t\t\t\tAS description\n,'Sharing Service'\t\t\t\tAS code\n,SERV.Id\t\t\t\t\t\tAS serviceId\n,'TRUE'\t\t\t\t\t\t\tAS isActive\n\n--OE Columns\n,PC.cpq_billing_account__c\t\tAS billingAccount\n,PC.rfs_date__c\t\t\t\t\tAS rfsDate\n,PC.contract_start_date\t\t\tAS contractStartDate\n,PC.contract_end_date\t\t\tAS contractEndDate\n,'employeeID'\t\t\t\t\tAS employeeId\n,'employeeName'\t\t\t\t\tAS employeeName\n,'employeeDepartment'\t\t\tAS employeeDepartment\n,'employeeEmail'\t\t\t\tAS employeeEmail\n,'employeeCostCentre'\t\t\tAS employeeCostCentre\n,'msisdn'\t\t\t\t\t\tAS mobileNumber\n,'ICCID'\t\t\t\t\t\tAS ICCID\n,'localSMSAlerts'\t\t\t\tAS localSMSAlerts\n,'roamingDataCap'\t\t\t\tAS roamingDataCap\n\nFROM TGT_SF_PC PC\nJOIN TGT_SF_SERVICE SERV ON SERV.CSORDTELCOA__PRODUCT_CONFIGURATION__C = PC.ID\nWHERE PC.REC_TYPE LIKE 'Mobile%'","isFileList":false,"handleSpecialChars":false,"handleDecimalRoundOff":false,"frsAsset":false,"dynamicFileName":false,"excludeDynamicFileNameField":false,"currentlyProcessedFileName":false,"retainFieldMetadata":false,"objectName":"DUMMY_Source","useExactSrcNames":false,"tgtObjectAttributes":{},"runtimeParameterData":{"@type":"mtTaskRuntimeParameterData","isConnectionRuntimeParameter":false,"isObjectRuntimeParameter":false},"overridableProperties":[],"overriddenFields":[]},{"@type":"mtTaskParameter","id":1910840,"name":"$tgt_sf_json_attrib_sp_commercial_mobile_service$","type":"TARGET","label":"tgt_sf_json_attrib_sp_commercial_mobile_service","uiProperties":{"connectionParameterized":"false","objectParameterized":"false","visible":"false","defaultTargetUpdateColumns":"","supportApplyDDLChanges":"false","originalPath":"tgt_sf_json_attrib_sp_commercial_mobile_service"},"targetConnectionId":"@0aa38HfbIjadqoKlbnU14y","targetObject":"p2_dev/TABLE/tgt_sf_json_attrib_sp_commercial_mobile_service","targetObjectLabel":"tgt_sf_json_attrib_sp_commercial_mobile_service","newFlatFile":false,"newObject":false,"showBusinessNames":false,"naturalOrder":true,"truncateTarget":false,"bulkApiDBTarget":false,"operationType":"Insert","customFuncCfg":{"@type":"customFuncConfig","id":-1,"connections":[],"inputMap":[],"outputFields":[]},"targetRefsV2":{},"targetUpdateColumns":[],"extendedObject":{"@type":"extendedObject","singleMode":true,"filters":[],"sortFields":[]},"runtimeAttrs":{},"isRESTModernSource":true,"isFileList":false,"handleSpecialChars":false,"handleDecimalRoundOff":false,"frsAsset":false,"dynamicFileName":false,"excludeDynamicFileNameField":false,"currentlyProcessedFileName":false,"retainFieldMetadata":false,"objectName":"p2_dev/TABLE/tgt_sf_json_attrib_sp_commercial_mobile_service","objectLabel":"tgt_sf_json_attrib_sp_commercial_mobile_service","useExactSrcNames":false,"tgtObjectAttributes":{},"runtimeParameterData":{"@type":"mtTaskRuntimeParameterData","isConnectionRuntimeParameter":false,"isObjectRuntimeParameter":false},"overridableProperties":[],"overriddenFields":[]}],"sequences":[],"inOutParameters":[],"connRuntimeAttrs":[]}]