[{"@type":"mappingTemplate","id":"@1","name":"m_cust_attr_value","description":"","bundleVersion":"0","templateId":"@3","deployTime":1675167780000,"hasParameters":false,"valid":true,"fixedConnection":true,"hasParametersDeployed":false,"fixedConnectionDeployed":true,"isSchemaValidationEnabled":false,"tasks":0,"mappingPreviewFileRecordId":"@2","documentType":"MAPPING","references":[{"@type":"reference","refObjectId":"@6MgCtehbU7oczdjdgPT9Y3","refType":"connection"},{"@type":"reference","refObjectId":"@gbEqHgig3UYgrJMzU4lVau","refType":"connection"}]}]