[{"@type":"mtTask","id":"@1","name":"mt_stg_sync_cust_account","description":"","runtimeEnvironmentId":"@cUgvxjP6z42j5o2aizvbUV","maxLogs":10,"verbose":false,"lastRunTime":1674473468000,"mappingId":"@2ibUlxD3L4Tcb4yTFKPQQ5","frsGuid":"jSIdPgNq06PfVSaRToCfsq","shortDescription":"","sessionPropertiesList":[{"name":"Allow Temporary Sequence for Pushdown","value":"NO","recommended":false},{"name":"Allow Temporary View for Pushdown","value":"NO","recommended":false},{"name":"Pushdown Optimization","value":"None","recommended":false},{"name":"Pushdown Optimization Context","value":"None","recommended":false},{"name":"Run Only In Pushdown Mode","value":"NO","recommended":false}],"enableCrossSchemaPushdown":true,"enableParallelRun":false,"autoTunedApplied":false,"autoTunedAppliedType":"NONE","paramFileType":"PARAM_FILE_LOCAL","schemaMode":"async","valid":true,"schemaValidationErrorCount":-1,"parameterFileEncoding":"UTF-8","serverlessProperties":{},"taskProperties":[{"@type":"taskProperty","name":"parameterFileDir","currentValue":"","type":"STRING","label":"label.parameterFileDir","required":false},{"@type":"taskProperty","name":"parameterFileName","currentValue":"","type":"STRING","label":"label.parameterFileName","required":false}],"parameters":[{"@type":"mtTaskParameter","id":587509,"name":"$stg_sync_account$","type":"SOURCE","label":"stg_sync_account","uiProperties":{"connectionParameterized":"false","isSelectDistinct":"false","objectParameterized":"false","visible":"false","originalPath":"stg_sync_account"},"sourceConnectionId":"@irZpk2lcq2Lh5v2PiTa4Q2","sourceObject":"DUMMY_stg_sync_account","newFlatFile":false,"newObject":false,"showBusinessNames":false,"naturalOrder":true,"truncateTarget":false,"bulkApiDBTarget":false,"customFuncCfg":{"@type":"customFuncConfig","id":-1,"connections":[],"inputMap":[],"outputFields":[]},"targetRefsV2":{},"targetUpdateColumns":[],"runtimeAttrs":{},"isRESTModernSource":true,"customQuery":"SELECT\nebs_cust.NAME,\nebs_cust.CUST_TYPE as Company_Type__c,\nebs_cust.EBS_ACCT_CREDIT_TERM as Credit_Term_Days__c,\nebs_cust.CERT_NBR as Business_Registration_Number_BRN__c,\nebs_cust.CUST_STATE as Status__c,\nebs_cust.EBS_CUST_MARKET_SEGMENT as Level_2_Teams__c,\nebs_cust.PHONE_NUMBER_TYPE as Office_Number_Type__c,\nebs_cust.PHONE_NUMBER as Phone,\nebs_cust.CURRENCY as CurrencyIsoCode,\nebs_cust.INDUSTRY_NAME as Industry,\nebs_cust.DUNNING_FLAG,\nebs_cust.EBS_CUST_BLACKLIST_STATE as Blacklist_Status__c, \nebs_cust.CUST_BLACKLIST_TYPE_NAME as Blacklist_Reason__c,\n--to_timestamp(to_char(ebs_cust.BLACKLIST_STATE_DATE,'YYYY-MM-DD HH24:MI:SS'),'YYYY-MM-DD HH24:MI:SS') as Current_Status_Start_Date__c,\nebs_cust.BLACKLIST_STATE_DATE as Current_Status_Start_Date__c,\nebs_cust.UNIT_NO as Unit_No__c,\nebs_cust.FLOOR_NO as Floor__c,\nebs_cust.BLOCK_NO as Block__c,\nebs_cust.BUILDING_NAME as Building__c,\nebs_cust.STREET_NAME as Street_Name__c,\nebs_cust.CITY as City__c,\nebs_cust.POSTAL_CODE as Postal_Code__c,\nebs_cust.COUNTRY as Country__c,\nebs_cust.PO_BOX as PO_Box__c,\nebs_cust.CUST_GROUP_NAME as Group_Name__c,\t\nebs_cust.ACRA_CUST_NAME as ACRA_Name__c,\nebs_cust.ACRA_UNIT_NO as ACRA_registeredAddress_unitNo__c,\nebs_cust.ACRA_BLOCK_NO as ACRA_registeredAddress_block__c,\nebs_cust.ACRA_FLOOR_NO as ACRA_registeredAddress_levelNo__c,\nebs_cust.ACRA_BUILDING_NAME as ACRA_registeredAddress_Building__c,\nebs_cust.ACRA_POSTAL_CODE as ACRA_registeredAddress_postalCode__c,\nebs_cust.ACRA_STREET_NAME as ACRA_registeredAddress_streetName__c,\nebs_cust.STAFF_EMAIL AS CreatedById,\n--to_timestamp(to_char(ebs_cust.CREATED_DATE,'YYYY-MM-DD HH24:MI:SS'),'YYYY-MM-DD HH24:MI:SS') as CreatedDate,\nebs_cust.CREATED_DATE as CreatedDate,\nebs_cust.STAFF_EMAIL AS LastModifiedById,\n--to_timestamp(to_char(ebs_cust.UPDATE_DATE,'YYYY-MM-DD HH24:MI:SS'),'YYYY-MM-DD HH24:MI:SS') as UpadateDate,\nebs_cust.UPDATE_DATE as UpadateDate,\nebs_cust.ACCOUNT_MANAGER AS OwnerId,\nebs_cust.COMMENTS as Remark_Admin_Only__c,\nebs_cust.Legacy_id as legacy_id,\nebs_cust.CUST_BLACKLIST_TYPE_CODE AS Blacklist_Code__c,\nebs_cust.BAD_DEBT_AMOUNT AS Bad_Debt_Amount__c,\nebs_cust.COMMENT AS Blacklist_Notes__c\nFROM ( \nSELECT \nC.CUST_NAME AS NAME,\n'Others'  AS CUST_TYPE,-------SH Business : To confirm on suitable values\nACV.ATTR_VALUE AS EBS_ACCT_CREDIT_TERM,\nC.CERT_NBR AS CERT_NBR,\nc.state AS CUST_STATE,-------SH Business : To confirm on suitable values\nV.VALUE_MARK AS EBS_CUST_MARKET_SEGMENT, ---------SH Business : To confirm on suitable values\nCASE \n\tWHEN C.PHONE_NUMBER ~ '^(3|6|8|9)[0-9]{7}$' THEN 'Local'\n\tWHEN C.PHONE_NUMBER ~ '^(65)(3|6|8|9)[0-9]{7}$' THEN 'Local'\n\tWHEN C.PHONE_NUMBER ~ '^(+65)(3|6|8|9)[0-9]{7}$' THEN 'Local'\n\tELSE 'Foreign'\nEND AS PHONE_NUMBER_TYPE,\nC.PHONE_NUMBER AS PHONE_NUMBER,\n'SGD - Singapore Dollar' AS CURRENCY,\nc.INDUSTRY_NAME AS INDUSTRY_NAME,\n\nCASE\n\tWHEN C.DEBIT_STAT_TYPE <> '1' THEN '1'\n\tELSE '0'\nEND AS DUNNING_FLAG,\nc.CUST_BLACKLIST_STATE AS EBS_CUST_BLACKLIST_STATE,\nc.CUST_BLACKLIST_TYPE_NAME AS CUST_BLACKLIST_TYPE_NAME,----SH Business : To confirm on suitable values\ncast(C.STATE_DATE as timestamp) AS BLACKLIST_STATE_DATE,\nSA.UNIT_NO AS UNIT_NO,\nSA.FLOOR_NO AS FLOOR_NO,\nSA.BLOCK_NO AS BLOCK_NO,\nSA.BUILDING_NAME AS BUILDING_NAME,\nSA.STREET_NAME AS STREET_NAME,\nSA.CITY AS CITY,\nSA.POSTAL_CODE AS POSTAL_CODE,\nSA.COUNTRY AS COUNTRY,\nSA.PO_BOX AS PO_BOX,\nc.CUST_GROUP_NAME AS CUST_GROUP_NAME,-----SH Business : To confirm on suitable values\nC.CUST_NAME AS ACRA_CUST_NAME,\nADDRESS1.UNIT_NO AS ACRA_UNIT_NO,\nADDRESS1.BLOCK_NO AS ACRA_BLOCK_NO,\nADDRESS1.FLOOR_NO AS ACRA_FLOOR_NO,\nADDRESS1.BUILDING_NAME AS ACRA_BUILDING_NAME,\nADDRESS1.POSTAL_CODE AS ACRA_POSTAL_CODE,\nADDRESS1.STREET_NAME AS ACRA_STREET_NAME,\nCOALESCE(cast(C.CREATED_DATE as timestamp),date_trunc('seconds',CURRENT_TIMESTAMP)) AS  CREATED_DATE,\nCOALESCE(cast(C.UPDATE_DATE as timestamp),date_trunc('seconds',CURRENT_TIMESTAMP)) AS  UPDATE_DATE,\nCASE \n\tWHEN C.PARTY_TYPE = 'F' THEN C.PARTY_CODE\nEND AS STAFF_EMAIL,\nAM.PARTY_CODE AS ACCOUNT_MANAGER,\nC.COMMENTS AS COMMENTS,\nC.CUST_ID AS Legacy_id,\nC.CUST_BLACKLIST_TYPE_CODE,\nC.BAD_DEBT_AMOUNT,\nC.COMMENT,\nROW_NUMBER() OVER(PARTITION BY C.CUST_ID Order by ACV.ATTR_VALUE DESC) AS RANK\nFROM\nMIG_ODS_DEV.STG_EBS_CUST C \nINNER JOIN MIG_ODS_DEV.STG_EBS_ADDRESS SA ON C.STD_ADDR_ID = SA.STD_ADDR_ID\nINNER JOIN MIG_ODS_DEV.STG_EBS_ADDRESS ADDRESS1 ON CAST(C.ADDRESS AS VARCHAR) = ADDRESS1.STD_ADDR_ID\nLEFT JOIN MIG_ODS_DEV.stg_ebs_acct ACC ON C.CUST_ID=ACC.CUST_ID\nLEFT JOIN MIG_ODS_DEV.STG_ACCT_ATTR_VALUE ACV ON ACC.ACCT_ID=ACV.ACCT_ID AND ACV.ATTR_ID='605'\nINNER JOIN MIG_ODS_DEV.STG_ACCOUNT_MANAGER_CUST AM ON C.CUST_ID=AM.CUST_ID AND AM.PARTY_TYPE ='F'\nINNER JOIN MIG_ODS_DEV.STG_CUST_ATTR_VALUE CV1 ON  C.CUST_ID=CV1.CUST_ID AND CV1.ATTR_ID='641' \nINNER JOIN MIG_ODS_DEV.STG_ATTR_VALUE V ON CV1.ATTR_ID=V.BASE_ATTR_ID and V.ATTR_VALUE_ID=CAST(CV1.ATTR_VALUE AS VARCHAR)\nWHERE UPPER(TRIM(COALESCE(C.VAL_REJ_TYPE,'Y'))) !='HARD'\n) EBS_CUST where EBS_CUST.RANK=1","isFileList":false,"handleSpecialChars":false,"handleDecimalRoundOff":false,"frsAsset":false,"dynamicFileName":false,"excludeDynamicFileNameField":false,"currentlyProcessedFileName":false,"retainFieldMetadata":false,"objectName":"DUMMY_stg_sync_account","useExactSrcNames":false,"tgtObjectAttributes":{},"runtimeParameterData":{"@type":"mtTaskRuntimeParameterData","isConnectionRuntimeParameter":false,"isObjectRuntimeParameter":false},"overridableProperties":[],"overriddenFields":[]},{"@type":"mtTaskParameter","id":587510,"name":"$tgt_sync_account$","type":"TARGET","label":"tgt_sync_account","uiProperties":{"connectionParameterized":"false","objectParameterized":"false","visible":"false","defaultTargetUpdateColumns":"","supportApplyDDLChanges":"false","originalPath":"tgt_sync_account"},"targetConnectionId":"@irZpk2lcq2Lh5v2PiTa4Q2","targetObject":"mig_ods_dev/TABLE/sync_ebs_sap_account","targetObjectLabel":"sync_ebs_sap_account","newFlatFile":false,"newObject":false,"showBusinessNames":false,"naturalOrder":true,"truncateTarget":false,"bulkApiDBTarget":false,"operationType":"Insert","customFuncCfg":{"@type":"customFuncConfig","id":-1,"connections":[],"inputMap":[],"outputFields":[]},"targetRefsV2":{},"targetUpdateColumns":[],"extendedObject":{"@type":"extendedObject","singleMode":true,"filters":[],"sortFields":[]},"runtimeAttrs":{},"isRESTModernSource":true,"isFileList":false,"handleSpecialChars":false,"handleDecimalRoundOff":false,"frsAsset":false,"dynamicFileName":false,"excludeDynamicFileNameField":false,"currentlyProcessedFileName":false,"retainFieldMetadata":false,"objectName":"mig_ods_dev/TABLE/sync_ebs_sap_account","objectLabel":"sync_ebs_sap_account","useExactSrcNames":false,"tgtObjectAttributes":{},"runtimeParameterData":{"@type":"mtTaskRuntimeParameterData","isConnectionRuntimeParameter":false,"isObjectRuntimeParameter":false},"overridableProperties":[],"overriddenFields":[]},{"@type":"mtTaskParameter","id":587511,"name":"$Lkp_sf_user$","type":"LOOKUP","label":"Lkp_sf_user","uiProperties":{"connectionParameterized":"false","isCachedLookup":"true","multipleMatchPolicy":"Use Last Value","objectParameterized":"false","visible":"false","originalPath":"Lkp_sf_user"},"lookupConnectionId":"@irZpk2lcq2Lh5v2PiTa4Q2","lookupObject":"DUMMY_Lkp_sf_user","newFlatFile":false,"newObject":false,"showBusinessNames":false,"naturalOrder":true,"truncateTarget":false,"bulkApiDBTarget":false,"customFuncCfg":{"@type":"customFuncConfig","id":-1,"connections":[],"inputMap":[],"outputFields":[]},"targetRefsV2":{},"targetUpdateColumns":[],"runtimeAttrs":{"Cache File Name Prefix":"","Lookup Index Cache Size":"AUTO","Optional":"true","Lookup cache persistent":"false","Lookup source is static":"false","Case Sensitive String Comparison":"false","Re-cache from lookup source":"false","Insert Else Update":"false","Lookup caching enabled":"true","Lookup Data Cache Size":"AUTO","Tracing Level":"Normal","Sorted Input":"false","Lookup cache directory name":"$PMCacheDir","Output Old Value On Update":"false","Dynamic Lookup Cache":"false","Pre-build lookup cache":"AUTO","Null ordering":""},"isRESTModernSource":true,"customQuery":"SELECT \nB.ID,\nB.Email,\nS.STAFF_ID FROM  \n(\nSELECT \n\"Id\" AS ID,\n\"Email\" AS Email \nFROM \n(\nSELECT \"Id\", \nUPPER(TRIM(\"Email\")) AS \"Email\",\nROW_NUMBER() OVER (PARTITION BY UPPER(TRIM(\"Email\")) ORDER BY \"IsActive\" DESC ) AS RNK\nFROM MIG_ODS_DEV.SF_USER) A \nWHERE RNK=1\n) B \nINNER  JOIN MIG_ODS_DEV.STG_BFM_STAFF S ON\nTRIM(UPPER(S.Email))=TRIM(UPPER(B.Email))\nUNION \nSELECT \"Id\" AS ID,\"Email\" AS Email,NULL AS STAFF_ID FROM MIG_ODS_DEV.SF_USER WHERE UPPER(\"Name\")=UPPER('Data Migration User')","isFileList":false,"handleSpecialChars":false,"handleDecimalRoundOff":false,"frsAsset":false,"dynamicFileName":false,"excludeDynamicFileNameField":false,"currentlyProcessedFileName":false,"retainFieldMetadata":false,"objectName":"DUMMY_Lkp_sf_user","useExactSrcNames":false,"tgtObjectAttributes":{},"runtimeParameterData":{"@type":"mtTaskRuntimeParameterData","isConnectionRuntimeParameter":false,"isObjectRuntimeParameter":false},"overridableProperties":[],"overriddenFields":[]},{"@type":"mtTaskParameter","id":587512,"name":"$Lkp_sh_master_lov$","type":"LOOKUP","label":"Lkp_sh_master_lov","uiProperties":{"connectionParameterized":"false","isCachedLookup":"true","multipleMatchPolicy":"Use Last Value","objectParameterized":"false","visible":"false","originalPath":"Lkp_sh_master_lov"},"lookupConnectionId":"@irZpk2lcq2Lh5v2PiTa4Q2","lookupObject":"DUMMY_Lkp_sh_master_lov","newFlatFile":false,"newObject":false,"showBusinessNames":false,"naturalOrder":true,"truncateTarget":false,"bulkApiDBTarget":false,"customFuncCfg":{"@type":"customFuncConfig","id":-1,"connections":[],"inputMap":[],"outputFields":[]},"targetRefsV2":{},"targetUpdateColumns":[],"runtimeAttrs":{"Cache File Name Prefix":"","Lookup Index Cache Size":"AUTO","Optional":"true","Lookup cache persistent":"false","Lookup source is static":"false","Case Sensitive String Comparison":"false","Re-cache from lookup source":"false","Insert Else Update":"false","Lookup caching enabled":"true","Lookup Data Cache Size":"AUTO","Tracing Level":"Normal","Sorted Input":"false","Lookup cache directory name":"$PMCacheDir","Output Old Value On Update":"false","Dynamic Lookup Cache":"false","Pre-build lookup cache":"AUTO","Null ordering":""},"isRESTModernSource":true,"customQuery":"select \nUPPER(TRIM(source_object)) as source_object,\nUPPER(TRIM(source_column)) as source_column,\nUPPER(TRIM(source_value)) as source_value,\ntarget_value\nfrom  MIG_ODS_DEV.STG_SH_MASTER_LOV where UPPER(TRIM(is_active))='Y'","isFileList":false,"handleSpecialChars":false,"handleDecimalRoundOff":false,"frsAsset":false,"dynamicFileName":false,"excludeDynamicFileNameField":false,"currentlyProcessedFileName":false,"retainFieldMetadata":false,"objectName":"DUMMY_Lkp_sh_master_lov","useExactSrcNames":false,"tgtObjectAttributes":{},"runtimeParameterData":{"@type":"mtTaskRuntimeParameterData","isConnectionRuntimeParameter":false,"isObjectRuntimeParameter":false},"overridableProperties":[],"overriddenFields":[]},{"@type":"mtTaskParameter","id":587513,"name":"$Lkp_stg_cust_attr$","type":"LOOKUP","label":"Lkp_stg_cust_attr","uiProperties":{"connectionParameterized":"false","isCachedLookup":"true","multipleMatchPolicy":"Use Last Value","objectParameterized":"false","visible":"false","originalPath":"Lkp_stg_cust_attr"},"lookupConnectionId":"@irZpk2lcq2Lh5v2PiTa4Q2","lookupObject":"DUMMY_Lkp_stg_cust_attr","newFlatFile":false,"newObject":false,"showBusinessNames":false,"naturalOrder":true,"truncateTarget":false,"bulkApiDBTarget":false,"customFuncCfg":{"@type":"customFuncConfig","id":-1,"connections":[],"inputMap":[],"outputFields":[]},"targetRefsV2":{},"targetUpdateColumns":[],"runtimeAttrs":{"Cache File Name Prefix":"","Lookup Index Cache Size":"AUTO","Optional":"true","Lookup cache persistent":"false","Lookup source is static":"false","Case Sensitive String Comparison":"false","Re-cache from lookup source":"false","Insert Else Update":"false","Lookup caching enabled":"true","Lookup Data Cache Size":"AUTO","Tracing Level":"Normal","Sorted Input":"false","Lookup cache directory name":"$PMCacheDir","Output Old Value On Update":"false","Dynamic Lookup Cache":"false","Pre-build lookup cache":"AUTO","Null ordering":""},"isRESTModernSource":true,"customQuery":"select \nCUST_ID,\nATTR_ID,\nTRIM(attr_value) as  attr_value\nFROM \n MIG_ODS_DEV.STG_CUST_ATTR_VALUE","isFileList":false,"handleSpecialChars":false,"handleDecimalRoundOff":false,"frsAsset":false,"dynamicFileName":false,"excludeDynamicFileNameField":false,"currentlyProcessedFileName":false,"retainFieldMetadata":false,"objectName":"DUMMY_Lkp_stg_cust_attr","useExactSrcNames":false,"tgtObjectAttributes":{},"runtimeParameterData":{"@type":"mtTaskRuntimeParameterData","isConnectionRuntimeParameter":false,"isObjectRuntimeParameter":false},"overridableProperties":[],"overriddenFields":[]}],"sequences":[],"inOutParameters":[],"connRuntimeAttrs":[]}]