[{"@type":"mtTask","id":"@1","name":"mt_stg_ebs_pc_addon_sync_1","description":"","runtimeEnvironmentId":"@cUgvxjP6z42j5o2aizvbUV","maxLogs":10,"verbose":false,"mappingId":"@1xR162Yne7AfpPXoNCxJqD","frsGuid":"3CtNK2uhQMSleVUHBzYAGM","shortDescription":"","sessionPropertiesList":[],"enableCrossSchemaPushdown":true,"enableParallelRun":false,"autoTunedApplied":false,"autoTunedAppliedType":"NONE","schemaMode":"async","valid":true,"schemaValidationErrorCount":-1,"parameterFileEncoding":"UTF-8","serverlessProperties":{},"taskProperties":[{"@type":"taskProperty","name":"parameterFileDir","currentValue":"","type":"STRING","label":"label.parameterFileDir","required":false},{"@type":"taskProperty","name":"parameterFileName","currentValue":"","type":"STRING","label":"label.parameterFileName","required":false}],"parameters":[{"@type":"mtTaskParameter","id":1333940,"name":"$src_ebs_addon_service$","type":"SOURCE","label":"src_ebs_addon_service","uiProperties":{"connectionParameterized":"false","isSelectDistinct":"false","objectParameterized":"false","visible":"false","originalPath":"src_ebs_addon_service"},"sourceConnectionId":"@gbEqHgig3UYgrJMzU4lVau","sourceObject":"DUMMY_src_ebs_addon_service","newFlatFile":false,"newObject":false,"showBusinessNames":false,"naturalOrder":true,"truncateTarget":false,"bulkApiDBTarget":false,"customFuncCfg":{"@type":"customFuncConfig","id":-1,"connections":[],"inputMap":[],"outputFields":[]},"targetRefsV2":{},"targetUpdateColumns":[],"runtimeAttrs":{},"isRESTModernSource":true,"customQuery":"--stg_ebs_addon_service to tgt_product_config table query\nSELECT DISTINCT\n--pc.\"Id\" as cscfga__Parent_Configuration__c  ,              \n--pc.\"Id\" as cscfga__Root_Configuration__c   ,          \noffer_cp_map.Name as Name,                             \n'Valid' as cscfga__Configuration_Status__c,            \n--cscfga__Contract_Term_Period_Description__c         \nstg_ebs_addon_service.agreement_limit as cscfga__Contract_Term_Period__c,                       \noffer_cp_map.Name as cscfga__Description__c,                                \nstg_ebs_main_service_2.SF_PRODUCT_BASKET_ID as cscfga__Product_Basket__c,                             \noffer_cp_map.cspmb__product_definition_id as cscfga__Product_Definition__c,  \noffer_cp_map.cspmb__product_definition_name__c  as cspmb__product_definition_name__c ,                          \n'Mobile Service Addon' as cscfga__Product_Family__c,                             \n1 as cscfga__Quantity__c,                                   \nstg_ebs_addon_service.agreement_limit as cscfga__Recurrence_Frequency__c,                       \n--cscfga__Serial_Number__c                                \nCOALESCE(stg_ebs_addon_service.OTC_LIST_PRICE, '0') as cscfga__total_one_off_charge__c,\n                   \nstg_ebs_addon_service.MRC_LIST_PRICE AS cscfga__total_recurring_charge__c,                     \nstg_ebs_main_service_2.sf_solution_id as csordtelcoa__Solution__c ,                             \nCASE\n\tWHEN stg_ebs_addon_service.PROD_STATE = 'Terminated' THEN 'Terminate'\n\tELSE 'New'\nEND AS CPQ_Order_Type__c,                                     \n--Commercial_Product__c,                                 \nstg_ebs_addon_service.agreement_limit as Contract_Term__c,                                     \n--CPQ_Total_Basket_Value__c                             \n-- runTimeGUID__c                                       \n--CPQ_INV_DONumber__c                                   \n--CPQ_INV_Reserve_Code__c                               \n--CPQ_INV_Serial_Number__c                              \n--Total_List_Price_Recurring__c                         \nprice_addon_assoc.\"Id\" as Commercial_Product_Add_On_Association__c,              \noffer_cp_map.id as Add_On__c,                                             \nstg_ebs_main_service_2.SF_SOLUTION_ID Original_Solution_Id__c ,                              \nstg_ebs_addon_service.agreement_limit as  cscfga__Billing_Frequency__c,                          \n'Delivery' as Delivery_Mode__c,    \n0 AS cscfga__one_off_charge_line_discount_value__c,\n  0 AS cscfga__one_off_charge_product_discount_value__c,\n  'Replace' AS cscfga__parent_discount__c,\n 'Current' AS cscfga__pricing_status__c,\n'Replace' AS cscfga__product_discount__c,                          \n  0 AS cscfga__recurring_charge_line_discount_value__c,\n 0 AS cscfga__recurring_charge_product_discount_value__c,\n  \nstg_ebs_addon_service.OTC_QUOTE_VALUE,\n   stg_ebs_addon_service.OTC_PROMO_VALUE ,\n stg_ebs_addon_service.OTC_LIST_PRICE,\n  stg_ebs_addon_service.MRC_QUOTE_VALUE,\nstg_ebs_addon_service.MRC_LIST_PRICE,\nstg_ebs_addon_service.PROMOCODE as promo_code__c,\n  0 AS cspl__Month_Term__c,\n  stg_ebs_addon_service.OTC_LIST_PRICE AS csdiscounts__One_off_non_discounted__c,\n  FALSE AS csordtelcoa__Ignore_For_Order_Decomposition__c,\n  --TBC cscfga__Attribute_Name__c                             \n  TRUE AS CPQ_Applied_ML_Discount__c,\n  FALSE AS IsMainConfiguration__c,\n  0 AS Total_List_Price_Recurring__c,\n  --TBC Original_Solution_Id__c                               \n  --csoe__Clone_Identifier__c                             \n  'SFDC Database only' AS cscfga__source_of_truth_location__c,\n  'Mobile Service AddOn' AS PC_TYPE,\n  stg_ebs_addon_service.PROD_ID AS Legacy_Id__c,\nstg_ebs_addon_service.INDEP_PROD_ID AS INDEP_PROD_ID ,\nstg_ebs_addon_service.cust_id,\nstg_ebs_addon_service.acct_id,\nstg_ebs_addon_service.offer_name,\nstg_ebs_addon_service.OTC_LIST_PRICE + (stg_ebs_addon_service.MRC_LIST_PRICE * stg_ebs_addon_service.agreement_limit) AS cscfga__Unit_Price__c,\nstg_ebs_addon_service.OTC_LIST_PRICE + (stg_ebs_addon_service.MRC_LIST_PRICE * stg_ebs_addon_service.agreement_limit) AS cscfga__total_contract_value__c\n\nFROM ods_stage_source.stg_ebs_addon_service\nLEFT JOIN ods_stage_source.offer_cp_map ON CAST(stg_ebs_addon_service.offer_id AS varchar) = CAST(offer_cp_map.ebs_offer_id AS varchar)\nINNER JOIN ods_stage_source.stg_ebs_main_service_2 ON CAST(stg_ebs_main_service_2.prod_id AS integer) = stg_ebs_addon_service.indep_prod_id\nLEFT JOIN ods_stage_source.sf_cspmb__Price_Item_Add_On_Price_Item_Association_c price_addon_assoc ON price_addon_assoc.\"cspmb__Add_On_Price_Item__c\" = offer_cp_map.id \nand price_addon_assoc.\"cspmb__Price_Item__c\" = stg_ebs_main_service_2.commercial_product_id","isFileList":false,"handleSpecialChars":false,"handleDecimalRoundOff":false,"frsAsset":false,"dynamicFileName":false,"excludeDynamicFileNameField":false,"currentlyProcessedFileName":false,"retainFieldMetadata":false,"objectName":"DUMMY_src_ebs_addon_service","useExactSrcNames":false,"tgtObjectAttributes":{},"runtimeParameterData":{"@type":"mtTaskRuntimeParameterData","isConnectionRuntimeParameter":false,"isObjectRuntimeParameter":false},"overridableProperties":[],"overriddenFields":[]},{"@type":"mtTaskParameter","id":1333941,"name":"$tgt_sf_pc_addon$","type":"TARGET","label":"tgt_sf_pc_addon","uiProperties":{"connectionParameterized":"false","objectParameterized":"false","visible":"false","defaultTargetUpdateColumns":"","supportApplyDDLChanges":"false","originalPath":"tgt_sf_pc_addon"},"targetConnectionId":"@gbEqHgig3UYgrJMzU4lVau","targetObject":"ods_stage_source/TABLE/tgt_sf_pc","targetObjectLabel":"tgt_sf_pc","newFlatFile":false,"newObject":false,"showBusinessNames":false,"naturalOrder":true,"truncateTarget":false,"bulkApiDBTarget":false,"operationType":"Insert","customFuncCfg":{"@type":"customFuncConfig","id":-1,"connections":[],"inputMap":[],"outputFields":[]},"targetRefsV2":{},"targetUpdateColumns":[],"extendedObject":{"@type":"extendedObject","singleMode":true,"filters":[],"sortFields":[]},"runtimeAttrs":{},"isRESTModernSource":true,"isFileList":false,"handleSpecialChars":false,"handleDecimalRoundOff":false,"frsAsset":false,"dynamicFileName":false,"excludeDynamicFileNameField":false,"currentlyProcessedFileName":false,"retainFieldMetadata":false,"objectName":"ods_stage_source/TABLE/tgt_sf_pc","objectLabel":"tgt_sf_pc","useExactSrcNames":false,"tgtObjectAttributes":{},"runtimeParameterData":{"@type":"mtTaskRuntimeParameterData","isConnectionRuntimeParameter":false,"isObjectRuntimeParameter":false},"overridableProperties":[],"overriddenFields":[]}],"sequences":[],"inOutParameters":[],"connRuntimeAttrs":[]}]