[{"@type":"mappingTemplate","id":"@1","name":"m_Json_Solution","description":"","bundleVersion":"0","templateId":"@3","deployTime":1679883362000,"hasParameters":false,"valid":true,"fixedConnection":true,"hasParametersDeployed":false,"fixedConnectionDeployed":true,"isSchemaValidationEnabled":false,"tasks":1,"mappingPreviewFileRecordId":"@2","documentType":"MAPPING","references":[{"@type":"reference","refObjectId":"@ippg7hhcEAPlcbtmxhRZWU","refType":"hschema"},{"@type":"reference","refObjectId":"@0aa38HfbIjadqoKlbnU14y","refType":"connection"}]}]