[{"@type":"mappingTemplate","id":"@1","name":"m_stg_m365_service","description":"","bundleVersion":"0","templateId":"@3","deployTime":1721709365000,"hasParameters":false,"valid":true,"fixedConnection":true,"hasParametersDeployed":false,"fixedConnectionDeployed":true,"isSchemaValidationEnabled":false,"tasks":2,"mappingPreviewFileRecordId":"@2","documentType":"MAPPING","references":[{"@type":"reference","refObjectId":"@0aa38HfbIjadqoKlbnU14y","refType":"connection"},{"@type":"reference","refObjectId":"@5mYdBFGcVcDkA49NiS2Rqg","refType":"connection"}]}]