[{"@type":"mtTask","id":"@1","name":"mt_stg_sap_product_configuration_sync_1","description":"","runtimeEnvironmentId":"@cUgvxjP6z42j5o2aizvbUV","maxLogs":10,"verbose":false,"mappingId":"@1Mz7SOL3K1Ld4RI3msKX2v","frsGuid":"5uyNkrVIUG0ckslt2iPl2Q","shortDescription":"","sessionPropertiesList":[{"name":"Allow Temporary Sequence for Pushdown","value":"NO","recommended":false},{"name":"Allow Temporary View for Pushdown","value":"NO","recommended":false},{"name":"DTM buffer size","value":"999999999","recommended":false},{"name":"Pushdown Optimization","value":"None","recommended":false},{"name":"Pushdown Optimization Context","value":"None","recommended":false},{"name":"Pushdown Optimization Fallback Option","value":"Partial PDO","recommended":false},{"name":"Session Sort Order","value":"BINARY","recommended":false}],"enableCrossSchemaPushdown":true,"enableParallelRun":false,"autoTunedApplied":false,"autoTunedAppliedType":"NONE","paramFileType":"PARAM_FILE_LOCAL","schemaMode":"async","valid":true,"schemaValidationErrorCount":-1,"parameterFileEncoding":"UTF-8","serverlessProperties":{},"taskProperties":[{"@type":"taskProperty","name":"parameterFileDir","currentValue":"","type":"STRING","label":"label.parameterFileDir","required":false},{"@type":"taskProperty","name":"parameterFileName","currentValue":"","type":"STRING","label":"label.parameterFileName","required":false}],"parameters":[{"@type":"mtTaskParameter","id":1311846,"name":"$stg_sap_main_service$","type":"SOURCE","label":"stg_sap_main_service","uiProperties":{"connectionParameterized":"false","isSelectDistinct":"false","objectParameterized":"false","visible":"false","originalPath":"stg_sap_main_service"},"sourceConnectionId":"@0aa38HfbIjadqoKlbnU14y","sourceObject":"DUMMY_stg_sap_main_service","newFlatFile":false,"newObject":false,"showBusinessNames":false,"naturalOrder":true,"truncateTarget":false,"bulkApiDBTarget":false,"customFuncCfg":{"@type":"customFuncConfig","id":-1,"connections":[],"inputMap":[],"outputFields":[]},"targetRefsV2":{},"targetUpdateColumns":[],"runtimeAttrs":{},"isRESTModernSource":true,"customQuery":"SELECT\n\n\tstg_sap_main_service.CUST_ID,\n\tstg_sap_main_service.ACCT_ID,\n\n\tSTG_SAP_MAIN_SERVICE_2.SF_PRODUCT_BASKET_ID \t\t\t\t\t\tAS cscfga__Product_Basket__c,\n\tSTG_SAP_MAIN_SERVICE_2.Product_Definition_ID \t\t\t\t\t\tAS cscfga__Product_Definition__c,\n\tSTG_SAP_MAIN_SERVICE_2.Product_Definition_Name \t\t\t\t\t\tAS cscfga__Product_Family__c,\n\tSTG_SAP_MAIN_SERVICE_2.AGREEMENT_LIMIT \t\t\t\t\t\t\t\tAS cscfga__Recurrence_Frequency__c,\n\tSTG_SAP_MAIN_SERVICE_2.MRC_SALES_PRICE \t\t\t\t\t\t\t\tAS cscfga__total_recurring_charge__c,\n\tSTG_SAP_MAIN_SERVICE_2.SF_SOLUTION_ID \t\t\t\t\t\t\t\tAS csordtelcoa__Solution__c,\n\tSTG_SAP_MAIN_SERVICE_2.commercial_product_id \t\t\t\t\t\tAS Commercial_Product__c,\n\tSTG_SAP_MAIN_SERVICE_2.OTC_SALES_PRICE \t\t\t\t\t\t\t\tAS cscfga__unit_one_off_charge__c,\n\tSTG_SAP_MAIN_SERVICE_2.MRC_SALES_PRICE \t\t\t\t\t\t\t\tAS cscfga__unit_recurring_charge__c,\n\tSTG_SAP_MAIN_SERVICE_2.OTC_SALES_PRICE \t\t\t\t\t\t\t\tAS cscfga__One_Off_Charge__c,\n\tSTG_SAP_MAIN_SERVICE_2.MRC_SALES_PRICE \t\t\t\t\t\t\t\tAS cscfga__Recurring_Charge__c,\n\tSTG_SAP_MAIN_SERVICE_2.OTC_LIST_PRICE \t\t\t\t\t\t\t\tAS csdiscounts__One_off_non_discounted__c,\n\tSTG_SAP_MAIN_SERVICE_2.SF_SOLUTION_ID \t\t\t\t\t\t\t\tAS cssdm__solution_association__c, \n\tSTG_SAP_MAIN_SERVICE_2.SF_SOLUTION_ID \t\t\t\t\t\t\t\tAS Original_Solution_Id__c,\n\tSTG_SAP_MAIN_SERVICE_2.AGREEMENT_LIMIT \t\t\t\t\t\t\t\tAS Contract_Term__c,\n\tSTG_SAP_MAIN_SERVICE_2.ORDER_REASON_NAME \t\t\t\t\t\t\tAS Termination_Reason__c,\n\n\tSTG_SAP_MAIN_SERVICE_2.service_id \t\t\t\t\t\t\t\t\tAS Service_ID__c,\n\tSTG_SAP_MAIN_SERVICE_2.activation_date \t\t\t\t\t\t\t\tAS RFS_Date__c,\n\tSTG_SAP_MAIN_SERVICE_2.APN \t\t\t\t\t\t\t\t\t\t\tAS APN_Type__c,\n\tSTG_SAP_MAIN_SERVICE_2.PROD_ID \t\t\t\t\t\t\t\t\t\tAS Legacy_Id__c,\n\tSTG_SAP_MAIN_SERVICE_2.value,\n\tSTG_SAP_MAIN_SERVICE_2.offer_type,\n\tSTG_SAP_MAIN_SERVICE_2.offer_id,\n\tSTG_SAP_MAIN_SERVICE_2.sf_pooling_subs_id,\n\tSTG_SAP_MAIN_SERVICE_2.Contract_start_date,\n\tSTG_SAP_MAIN_SERVICE_2.Contract_end_date,\n\tSTG_SAP_MAIN_SERVICE_2.activation_date,\n\tSTG_SAP_MAIN_SERVICE_2.ICCID,\n\tSTG_SAP_MAIN_SERVICE_2.OTC_SALES_PRICE,\n\tSTG_SAP_MAIN_SERVICE_2.MRC_SALES_PRICE,\n\tSTG_SAP_MAIN_SERVICE_2.AGREEMENT_LIMIT,\n\tSTG_SAP_MAIN_SERVICE_2.product_definition_name,\n\tSTG_SAP_MAIN_SERVICE_2.PROD_TYPE,\n\n\tCOALESCE(STG_SAP_MAIN_SERVICE_2.OTC_SALES_PRICE, '0') \t\t\t\tAS cscfga__total_one_off_charge__c,\n\tCOALESCE(STG_SAP_MAIN_SERVICE_2.commercial_product_name, NULL) \t\tAS Name,\n\tCOALESCE(STG_SAP_MAIN_SERVICE_2.AGREEMENT_LIMIT, NULL) \t\t\t\tAS cscfga__Contract_Term_Period__c,\n\tCOALESCE(STG_SAP_MAIN_SERVICE_2.commercial_product_name, NULL) \t\tAS cscfga__Description__c,\n\n\n\tCASE\n\t\tWHEN STG_SAP_MAIN_SERVICE_2.PROD_TYPE = 'M365' THEN STG_SAP_MAIN_SERVICE_2.QUANTITY\n\t\tELSE '1' \t\t\t\t\t\t\t\t\t\t\t\t\t\tEND AS cscfga__Quantity__c,\n\t0 \t\t\t\t\t\t\t\t\t\t\t\t\t\t\t\t\tAS cscfga__one_off_charge_line_discount_value__c,\n\t0 \t\t\t\t\t\t\t\t\t\t\t\t\t\t\t\t\tAS cscfga__one_off_charge_product_discount_value__c,\n\t0 \t\t\t\t\t\t\t\t\t\t\t\t\t\t\t\t\tAS cscfga__recurring_charge_line_discount_value__c,\n\n\t0 \t\t\t\t\t\t\t\t\t\t\t\t\t\t\t\t\tAS Total_List_Price_Recurring__c,\n\t'Replace' \t\t\t\t\t\t\t\t\t\t\t\t\t\t\tAS cscfga__parent_discount__c,\n\t'Valid' \t\t\t\t\t\t\t\t\t\t\t\t\t\t\tAS cscfga__Configuration_Status__c,\n\t'Current' \t\t\t\t\t\t\t\t\t\t\t\t\t\t\tAS cscfga__pricing_status__c,\n\t'Replace' \t\t\t\t\t\t\t\t\t\t\t\t\t\t\tAS cscfga__product_discount__c,\n\t'Monthly' \t\t\t\t\t\t\t\t\t\t\t\t\t\t\tAS Bill_Frequency__c,\n\t'Delivery' \t\t\t\t\t\t\t\t\t\t\t\t\t\t\tAS Delivery_Mode__c,\n\t'SFDC Database only' \t\t\t\t\t\t\t\t\t\t\t\tAS cscfga__source_of_truth_location__c,\n\n\tFALSE \t\t\t\t\t\t\t\t\t\t\t\t\t\t\t\tAS IsMainConfiguration__c, \n\tFALSE \t\t\t\t\t\t\t\t\t\t\t\t\t\t\t\tAS csordtelcoa__cancelled_by_change_process__c,\n\tFALSE \t\t\t\t\t\t\t\t\t\t\t\t\t\t\t\tAS csordtelcoa__is_quantity_based_selling__c, \n\tFALSE \t\t\t\t\t\t\t\t\t\t\t\t\t\t\t\tAS Activate_SIM__c,\n\n\tFALSE \t\t\t\t\t\t\t\t\t\t\t\t\t\t\t\tAS csordtelcoa__Ignore_For_Order_Decomposition__c,\n\tFALSE \t\t\t\t\t\t\t\t\t\t\t\t\t\t\t\tAS PortIn_Indicator__c,\n\n\tCASE WHEN STG_SAP_MAIN_SERVICE_2.Status = 'Terminated' \tTHEN 'Terminate' \t\t\tELSE 'New' \t\tEND \t\t\tAS CPQ_Order_Type__c,\n\n\n\tSTG_SAP_MAIN_SERVICE_2.cscfga__total_contract_value__c \t\t\t\tAS cscfga__total_contract_value__c,\n\tSTG_SAP_MAIN_SERVICE_2.line_type \t\t\t\t\t\t\t\t\tAS Line_Type__c,\n\tSTG_SAP_MAIN_SERVICE_2.promocode\t\t\t\t\t\t\t\t\tAS Promo_Code__c,\n\t\n-- M365 ONLY\n\tCASE\n\t\tWHEN STG_SAP_MAIN_SERVICE_2.PROD_TYPE = 'M365' THEN STG_SAP_MAIN_SERVICE_2.QUANTITY\n\t\tELSE NULL \t\t\t\t\t\t\t\t\t\t\t\t\t\tEND AS Active_License_Qty__c,\n\tSTG_SAP_MAIN_SERVICE_2.TOTAL_QUANTITY \t\t\t\t\t\t\t\t\tAS Total_License_Quantity__c,\n\tSTG_SAP_MAIN_SERVICE_2.sf_acct_id  \t\t\t\t\t\t\tAS CPQ_Billing_Account__c\n\n\nFROM STG_SAP_MAIN_SERVICE_2\nINNER JOIN stg_sap_main_service ON CAST(STG_SAP_MAIN_SERVICE_2.PROD_ID as bigint) = CAST(stg_sap_main_service.prod_id as bigint)\nwhere (STG_SAP_MAIN_SERVICE_2.PROD_TYPE = 'M365')","isFileList":false,"handleSpecialChars":false,"handleDecimalRoundOff":false,"frsAsset":false,"dynamicFileName":false,"excludeDynamicFileNameField":false,"currentlyProcessedFileName":false,"retainFieldMetadata":false,"objectName":"DUMMY_stg_sap_main_service","useExactSrcNames":false,"tgtObjectAttributes":{},"runtimeParameterData":{"@type":"mtTaskRuntimeParameterData","isConnectionRuntimeParameter":false,"isObjectRuntimeParameter":false},"overridableProperties":[],"overriddenFields":[]},{"@type":"mtTaskParameter","id":1311847,"name":"$stg_sap_pc$","type":"TARGET","label":"stg_sap_pc","uiProperties":{"connectionParameterized":"false","objectParameterized":"false","visible":"false","defaultTargetUpdateColumns":"","supportApplyDDLChanges":"false","originalPath":"stg_sap_pc"},"targetConnectionId":"@0aa38HfbIjadqoKlbnU14y","targetObject":"p1_mit/TABLE/stg_sap_pc","targetObjectLabel":"stg_sap_pc","newFlatFile":false,"newObject":false,"showBusinessNames":false,"naturalOrder":true,"truncateTarget":false,"bulkApiDBTarget":false,"operationType":"Insert","customFuncCfg":{"@type":"customFuncConfig","id":-1,"connections":[],"inputMap":[],"outputFields":[]},"targetRefsV2":{},"targetUpdateColumns":[],"extendedObject":{"@type":"extendedObject","singleMode":true,"filters":[],"sortFields":[]},"runtimeAttrs":{},"isRESTModernSource":true,"isFileList":false,"handleSpecialChars":false,"handleDecimalRoundOff":false,"frsAsset":false,"dynamicFileName":false,"excludeDynamicFileNameField":false,"currentlyProcessedFileName":false,"retainFieldMetadata":false,"objectName":"p1_mit/TABLE/stg_sap_pc","objectLabel":"stg_sap_pc","useExactSrcNames":false,"tgtObjectAttributes":{},"runtimeParameterData":{"@type":"mtTaskRuntimeParameterData","isConnectionRuntimeParameter":false,"isObjectRuntimeParameter":false},"overridableProperties":[],"overriddenFields":[]}],"sequences":[],"inOutParameters":[],"connRuntimeAttrs":[]}]