[{"@type":"mappingTemplate","id":"@1","name":"XX_m_Json_PC_OE","description":"","bundleVersion":"0","templateId":"@3","hasParameters":false,"valid":true,"fixedConnection":true,"hasParametersDeployed":false,"fixedConnectionDeployed":false,"isSchemaValidationEnabled":false,"tasks":0,"mappingPreviewFileRecordId":"@2","documentType":"MAPPING","references":[{"@type":"reference","refObjectId":"@gbEqHgig3UYgrJMzU4lVau","refType":"connection"},{"@type":"reference","refObjectId":"@dRqRaGvMccudCsDeyDwTsX","refType":"hschema"}]}]