[{"@type":"mtTask","id":"@1","name":"mt_stg_myr_solution","description":"","runtimeEnvironmentId":"@cUgvxjP6z42j5o2aizvbUV","maxLogs":10,"verbose":false,"lastRunTime":1694425103000,"mappingId":"@l9dX4z2mSMtj2nsf5HoT8a","frsGuid":"6S0z5E7XN3ghXSPCBQqWom","shortDescription":"","sessionPropertiesList":[{"name":"Allow Temporary Sequence for Pushdown","value":"NO","recommended":false},{"name":"Allow Temporary View for Pushdown","value":"NO","recommended":false},{"name":"Pushdown Optimization","value":"None","recommended":false},{"name":"Pushdown Optimization Context","value":"None","recommended":false},{"name":"Pushdown Optimization Fallback Option","value":"Partial PDO","recommended":false}],"enableCrossSchemaPushdown":true,"enableParallelRun":false,"autoTunedApplied":false,"autoTunedAppliedType":"NONE","paramFileType":"PARAM_FILE_LOCAL","schemaMode":"async","valid":true,"schemaValidationErrorCount":-1,"parameterFileEncoding":"UTF-8","serverlessProperties":{},"taskProperties":[{"@type":"taskProperty","name":"parameterFileDir","currentValue":"","type":"STRING","label":"label.parameterFileDir","required":false},{"@type":"taskProperty","name":"parameterFileName","currentValue":"","type":"STRING","label":"label.parameterFileName","required":false}],"parameters":[{"@type":"mtTaskParameter","id":1396152,"name":"$stg_myr_pc$","type":"SOURCE","label":"stg_myr_pc","uiProperties":{"connectionParameterized":"false","isSelectDistinct":"false","objectParameterized":"false","visible":"false","originalPath":"stg_myr_pc"},"sourceConnectionId":"@4QRSN7FLoYhbpr47H7jUO9","sourceObject":"DUMMY_stg_myr_pc","newFlatFile":false,"newObject":false,"showBusinessNames":false,"naturalOrder":true,"truncateTarget":false,"bulkApiDBTarget":false,"customFuncCfg":{"@type":"customFuncConfig","id":-1,"connections":[],"inputMap":[],"outputFields":[]},"targetRefsV2":{},"targetUpdateColumns":[],"runtimeAttrs":{},"isRESTModernSource":true,"customQuery":"WITH SD AS ( select '1' as row_id, id from sf_cssdm__Solution_Definition__c where Name = 'Wholesale Broadband')\n\nSELECT\n 'Wholesale Broadband'\t\t\t                             AS Name\n,PC.CA_Id\t\t\t\t\t\t\t\t               AS csord__Account__c\n,PC.cscfga__Product_Basket__c  \t\t\t               AS cssdm__product_basket__c\n,PC.OwnerId\t\t\t\t\t\t\t\t               AS OwnerId\n,PC.Legacy_Id__c\t\t\t\t\t\t               AS csord__External_Identifier2__c\n,CONCAT(PC.Legacy_Id__c,'_',PC.ROW_NUM)\t\t\t       AS Legacy_Id__c\n,PC.Legacy_Id__c\t\t\t          \t\t\t\t   AS Solution_id\n,'Completed'\t\t\t\t\t\t\t\t\t\t   AS csord__Status__c\n,'SGD'\t\t\t\t\t\t\t\t\t\t\t\t   AS CurrencyIsoCode\n\n,B.Id \t\t\t\t\t\t\t\t\tAS cssdm__solution_definition__c\n\nfrom \nstg_myr_pc\tPC\nJOIN SD B ON '1'= B.row_id\nwhere PC.rec_type = 'Main Service'","isFileList":false,"handleSpecialChars":false,"handleDecimalRoundOff":false,"frsAsset":false,"dynamicFileName":false,"excludeDynamicFileNameField":false,"currentlyProcessedFileName":false,"retainFieldMetadata":false,"objectName":"DUMMY_stg_myr_pc","useExactSrcNames":false,"tgtObjectAttributes":{},"runtimeParameterData":{"@type":"mtTaskRuntimeParameterData","isConnectionRuntimeParameter":false,"isObjectRuntimeParameter":false},"overridableProperties":[],"overriddenFields":[]},{"@type":"mtTaskParameter","id":1396153,"name":"$stg_myr_solution$","type":"TARGET","label":"stg_myr_solution","uiProperties":{"connectionParameterized":"false","objectParameterized":"false","visible":"false","defaultTargetUpdateColumns":"","supportApplyDDLChanges":"false","originalPath":"stg_myr_solution"},"targetConnectionId":"@4QRSN7FLoYhbpr47H7jUO9","targetObject":"myr/TABLE/stg_myr_solution","targetObjectLabel":"stg_myr_solution","newFlatFile":false,"newObject":false,"showBusinessNames":false,"naturalOrder":true,"truncateTarget":false,"bulkApiDBTarget":false,"operationType":"Insert","customFuncCfg":{"@type":"customFuncConfig","id":-1,"connections":[],"inputMap":[],"outputFields":[]},"targetRefsV2":{},"targetUpdateColumns":[],"extendedObject":{"@type":"extendedObject","singleMode":true,"filters":[],"sortFields":[]},"runtimeAttrs":{},"isRESTModernSource":true,"isFileList":false,"handleSpecialChars":false,"handleDecimalRoundOff":false,"frsAsset":false,"dynamicFileName":false,"excludeDynamicFileNameField":false,"currentlyProcessedFileName":false,"retainFieldMetadata":false,"objectName":"myr/TABLE/stg_myr_solution","objectLabel":"stg_myr_solution","useExactSrcNames":false,"tgtObjectAttributes":{},"runtimeParameterData":{"@type":"mtTaskRuntimeParameterData","isConnectionRuntimeParameter":false,"isObjectRuntimeParameter":false},"overridableProperties":[],"overriddenFields":[]}],"sequences":[],"inOutParameters":[],"connRuntimeAttrs":[]}]