[{"@type":"mappingTemplate","id":"@1","name":"Mapping6","description":"","bundleVersion":"0","templateId":"@3","hasParameters":false,"valid":true,"fixedConnection":true,"hasParametersDeployed":false,"fixedConnectionDeployed":false,"isSchemaValidationEnabled":false,"tasks":0,"mappingPreviewFileRecordId":"@2","documentType":"MAPPING","references":[{"@type":"reference","refObjectId":"@2K1Ado68zW1grgR1PXfm8E","refType":"connection"},{"@type":"reference","refObjectId":"@2LRwR937AKGiNAGkdzgGE0","refType":"connection"}]}]