[{"@type":"mappingTemplate","id":"@1","name":"m_stg_myr_product_configuration_sync_1_guid_update","description":"","bundleVersion":"0","templateId":"@3","deployTime":1699284000000,"hasParameters":false,"valid":true,"fixedConnection":true,"hasParametersDeployed":false,"fixedConnectionDeployed":true,"isSchemaValidationEnabled":false,"tasks":0,"mappingPreviewFileRecordId":"@2","documentType":"MAPPING","references":[{"@type":"reference","refObjectId":"@4QRSN7FLoYhbpr47H7jUO9","refType":"connection"}]}]