[{"@type":"mappingTemplate","id":"@1","name":"m_myr_recon_report","description":"","bundleVersion":"0","templateId":"@3","deployTime":1699624710000,"hasParameters":true,"valid":true,"fixedConnection":true,"hasParametersDeployed":true,"fixedConnectionDeployed":true,"isSchemaValidationEnabled":false,"tasks":1,"mappingPreviewFileRecordId":"@2","documentType":"MAPPING","references":[{"@type":"reference","refObjectId":"@20a36AllgI0fajBMFtuveQ","refType":"connection"},{"@type":"reference","refObjectId":"@4QRSN7FLoYhbpr47H7jUO9","refType":"connection"}]}]