[{"@type":"mappingTemplate","id":"@1","name":"m_file_stg_ebs_attr","description":"Oct-27-2022: Mapping used to load T_STG_ATTR; Load Type: Truncate and reload; Frequency: One-time load.","bundleVersion":"0","templateId":"@3","deployTime":1673004322000,"hasParameters":false,"valid":true,"fixedConnection":true,"hasParametersDeployed":false,"fixedConnectionDeployed":true,"isSchemaValidationEnabled":false,"tasks":2,"mappingPreviewFileRecordId":"@2","documentType":"MAPPING","references":[{"@type":"reference","refObjectId":"@3csH4YxekGHeU5yftkP9eO","refType":"connection"},{"@type":"reference","refObjectId":"@irZpk2lcq2Lh5v2PiTa4Q2","refType":"connection"}]}]