[{"@type":"mtTask","id":"@1","name":"mt_tgt_sf_json_solution_relatedpc_addon","description":"","runtimeEnvironmentId":"@cUgvxjP6z42j5o2aizvbUV","maxLogs":10,"verbose":false,"mappingId":"@0f5eoCi6e0Xl8Qbfxa5nYl","frsGuid":"1JLm4QNfunFiEINBbUHqKY","shortDescription":"","sessionPropertiesList":[{"name":"Allow Temporary Sequence for Pushdown","value":"NO","recommended":false},{"name":"Allow Temporary View for Pushdown","value":"NO","recommended":false},{"name":"Pushdown Optimization","value":"None","recommended":false},{"name":"Pushdown Optimization Context","value":"None","recommended":false},{"name":"Run Only In Pushdown Mode","value":"NO","recommended":false}],"enableCrossSchemaPushdown":true,"enableParallelRun":false,"autoTunedApplied":false,"autoTunedAppliedType":"NONE","paramFileType":"PARAM_FILE_LOCAL","schemaMode":"async","valid":true,"schemaValidationErrorCount":-1,"parameterFileEncoding":"UTF-8","serverlessProperties":{},"taskProperties":[{"@type":"taskProperty","name":"parameterFileDir","currentValue":"","type":"STRING","label":"label.parameterFileDir","required":false},{"@type":"taskProperty","name":"parameterFileName","currentValue":"","type":"STRING","label":"label.parameterFileName","required":false}],"parameters":[{"@type":"mtTaskParameter","id":571461,"name":"$src_sf_json_solution_relatedpc_addon$","type":"SOURCE","label":"src_sf_json_solution_relatedpc_addon","uiProperties":{"connectionParameterized":"false","isSelectDistinct":"false","objectParameterized":"false","visible":"false","originalPath":"src_sf_json_solution_relatedpc_addon"},"sourceConnectionId":"@gbEqHgig3UYgrJMzU4lVau","sourceObject":"DUMMY_src_sf_json_solution_relatedpc_addon","newFlatFile":false,"newObject":false,"showBusinessNames":false,"naturalOrder":true,"truncateTarget":false,"bulkApiDBTarget":false,"customFuncCfg":{"@type":"customFuncConfig","id":-1,"connections":[],"inputMap":[],"outputFields":[]},"targetRefsV2":{},"targetUpdateColumns":[],"runtimeAttrs":{},"isRESTModernSource":true,"customQuery":"select main.\"Id\"                                             AS Parent_PC_Id\n      ,addon.legacy_id__c                                     AS Id\n      ,addon.\"Name\"                                         AS Name\n\t  ,'' \t\t\t\t\t\t\t\t\t\t\t\t\tAS replacedConfigurationId\n\t  ,'TBD' \t\t\t\t\t\t\t\t\t\t\t\t\tAS guid\n      ,SOL.\"cssdm__solution_definition__c\"                    AS ComponentId \n      ,''                                                     AS RelatedProductConfigurations\n      , 1                                                    AS Quantity\n      , addon.\"cscfga__Configuration_Status__c\"             AS Status\n      , row_number() over (partition by main.legacy_id__c)     AS sequence\nfrom ods_stage_source.tgt_sf_pc_bkp0111 addon\njoin ods_stage_source.tgt_sf_pc_bkp0111 main on addon.indep_prod_id = main.legacy_id__c\nLEFT JOIN ods_stage_source.tgt_sf_solution SOL\n        ON SOL.\"Id\" = addon.\"cssdm__solution_association__c\"\nwhere main.indep_prod_id is null","isFileList":false,"handleSpecialChars":false,"handleDecimalRoundOff":false,"frsAsset":false,"dynamicFileName":false,"excludeDynamicFileNameField":false,"currentlyProcessedFileName":false,"retainFieldMetadata":false,"objectName":"DUMMY_src_sf_json_solution_relatedpc_addon","useExactSrcNames":false,"tgtObjectAttributes":{},"runtimeParameterData":{"@type":"mtTaskRuntimeParameterData","isConnectionRuntimeParameter":false,"isObjectRuntimeParameter":false},"overridableProperties":[],"overriddenFields":[]},{"@type":"mtTaskParameter","id":571462,"name":"$tgt_sf_json_solution_relatedpc_addon$","type":"TARGET","label":"tgt_sf_json_solution_relatedpc_addon","uiProperties":{"connectionParameterized":"false","objectParameterized":"false","visible":"false","defaultTargetUpdateColumns":"","supportApplyDDLChanges":"false","originalPath":"tgt_sf_json_solution_relatedpc_addon"},"targetConnectionId":"@gbEqHgig3UYgrJMzU4lVau","targetObject":"ods_stage_source/TABLE/tgt_sf_json_solution_relatedpc_addon_temp","targetObjectLabel":"tgt_sf_json_solution_relatedpc_addon_temp","newFlatFile":false,"newObject":false,"showBusinessNames":false,"naturalOrder":true,"truncateTarget":false,"bulkApiDBTarget":false,"operationType":"Insert","customFuncCfg":{"@type":"customFuncConfig","id":-1,"connections":[],"inputMap":[],"outputFields":[]},"targetRefsV2":{},"targetUpdateColumns":[],"extendedObject":{"@type":"extendedObject","singleMode":true,"filters":[],"sortFields":[]},"runtimeAttrs":{},"isRESTModernSource":true,"isFileList":false,"handleSpecialChars":false,"handleDecimalRoundOff":false,"frsAsset":false,"dynamicFileName":false,"excludeDynamicFileNameField":false,"currentlyProcessedFileName":false,"retainFieldMetadata":false,"objectName":"ods_stage_source/TABLE/tgt_sf_json_solution_relatedpc_addon_temp","objectLabel":"tgt_sf_json_solution_relatedpc_addon_temp","useExactSrcNames":false,"tgtObjectAttributes":{},"runtimeParameterData":{"@type":"mtTaskRuntimeParameterData","isConnectionRuntimeParameter":false,"isObjectRuntimeParameter":false},"overridableProperties":[],"overriddenFields":[]}],"sequences":[],"inOutParameters":[],"connRuntimeAttrs":[]}]