[{"@type":"mtTask","id":"@1","name":"mt_sync_tgt_billingaccount_update","description":"","runtimeEnvironmentId":"@cUgvxjP6z42j5o2aizvbUV","maxLogs":10,"verbose":false,"mappingId":"@3hWfTKNjziZbNaWnPBGFUI","frsGuid":"8TMCGiCElqOdWSiHY4mbsx","shortDescription":"","sessionPropertiesList":[{"name":"Allow Temporary Sequence for Pushdown","value":"NO","recommended":false},{"name":"Allow Temporary View for Pushdown","value":"NO","recommended":false},{"name":"Pushdown Optimization","value":"None","recommended":false},{"name":"Pushdown Optimization Context","value":"None","recommended":false},{"name":"Run Only In Pushdown Mode","value":"NO","recommended":false}],"enableCrossSchemaPushdown":true,"enableParallelRun":false,"autoTunedApplied":false,"autoTunedAppliedType":"NONE","paramFileType":"PARAM_FILE_LOCAL","schemaMode":"async","valid":true,"schemaValidationErrorCount":-1,"parameterFileEncoding":"UTF-8","serverlessProperties":{},"taskProperties":[{"@type":"taskProperty","name":"parameterFileDir","currentValue":"","type":"STRING","label":"label.parameterFileDir","required":false},{"@type":"taskProperty","name":"parameterFileName","currentValue":"","type":"STRING","label":"label.parameterFileName","required":false}],"parameters":[{"@type":"mtTaskParameter","id":759037,"name":"$src_sync_ebs_sap_billingaccount$","type":"SOURCE","label":"src_sync_ebs_sap_billingaccount","uiProperties":{"connectionParameterized":"false","isSelectDistinct":"false","objectParameterized":"false","visible":"false","originalPath":"src_sync_ebs_sap_billingaccount"},"sourceConnectionId":"@0aa38HfbIjadqoKlbnU14y","sourceObject":"DUMMY_src_sync_ebs_sap_billingaccount","newFlatFile":false,"newObject":false,"showBusinessNames":false,"naturalOrder":true,"truncateTarget":false,"bulkApiDBTarget":false,"customFuncCfg":{"@type":"customFuncConfig","id":-1,"connections":[],"inputMap":[],"outputFields":[]},"targetRefsV2":{},"targetUpdateColumns":[],"runtimeAttrs":{},"oprRuntimeAttrs":{"postSQL":"","sourceTableName":"","fetchSize":"100000","sqloverride":"","schemaName":"","preSQL":"UPDATE MIG_ODS_DEV.SYNC_EBS_SAP_BILLINGACCOUNT SYNC    SET parent_billing_account__c= TGT.ID  FROM (SELECT \"Id\" AS ID,CASE WHEN TGT.\"Legacy_Id__c\" IS NOT NULL THEN TGT.\"Legacy_Id__c\" ELSE  SYNC.LEGACY_ID END AS Legacy_Id__c  FROM  mig_ods_dev.\"sf_csconta__Billing_Account__c\" TGT  LEFT JOIN MIG_ODS_DEV.SYNC_EBS_SAP_BILLINGACCOUNT SYNC ON TGT.\"csconta__Account__c\"=SYNC.account__c  AND TGT.\"Billing_Account_Number__c\"=SYNC.CPQ_BILLING_ACCOUNT_NUMBER_) TGT WHERE CAST(SYNC.PARENT_ACCT_ID AS VARCHAR)=TGT.Legacy_Id__c;UPDATE MIG_ODS_DEV.SYNC_EBS_SAP_BILLINGACCOUNT SYNC    SET charge_redirection__c=TGT.ID  FROM (SELECT \"Id\" AS ID,CASE WHEN TGT.\"Legacy_Id__c\" IS NOT NULL THEN TGT.\"Legacy_Id__c\"   ELSE  SYNC.LEGACY_ID END AS Legacy_Id__c   FROM  mig_ods_dev.\"sf_csconta__Billing_Account__c\" TGT LEFT JOIN MIG_ODS_DEV.SYNC_EBS_SAP_BILLINGACCOUNT SYNC    ON TGT.\"csconta__Account__c\"=SYNC.account__c AND TGT.\"Billing_Account_Number__c\"=SYNC.CPQ_BILLING_ACCOUNT_NUMBER_) TGT WHERE CAST(SYNC.PARENT_ACCT_ID AS VARCHAR)=TGT.Legacy_Id__c AND SYNC.BILL_FLAG='N'; "},"isRESTModernSource":true,"customQuery":"SELECT SF.\"Id\",\nSYNC.PARENT_BILLING_ACCOUNT__C,\nSYNC.charge_redirection__c,\nSYNC.legacy_id FROM \nSYNC_EBS_SAP_BILLINGACCOUNT  SYNC INNER JOIN sf_csconta__Billing_Account__c SF ON SYNC.legacy_id =SF.\"Legacy_Id__c\"\nwhere SYNC.SRC_FLAG='EBS' AND SYNC.PARENT_BILLING_ACCOUNT__C IS NOT NULL","isFileList":false,"handleSpecialChars":false,"handleDecimalRoundOff":false,"frsAsset":false,"dynamicFileName":false,"excludeDynamicFileNameField":false,"currentlyProcessedFileName":false,"retainFieldMetadata":false,"objectName":"DUMMY_src_sync_ebs_sap_billingaccount","useExactSrcNames":false,"tgtObjectAttributes":{},"runtimeParameterData":{"@type":"mtTaskRuntimeParameterData","isConnectionRuntimeParameter":false,"isObjectRuntimeParameter":false},"overridableProperties":[],"overriddenFields":[]},{"@type":"mtTaskParameter","id":759038,"name":"$tgt_sf_csconta__billing_account__c$","type":"TARGET","label":"tgt_sf_csconta__billing_account__c","uiProperties":{"connectionParameterized":"false","objectParameterized":"false","visible":"false","defaultTargetUpdateColumns":"","supportApplyDDLChanges":"false","originalPath":"tgt_sf_csconta__billing_account__c"},"targetConnectionId":"@9BbRLvdO9WclfHAtYXCK2C","targetObject":"csconta__Billing_Account__c","targetObjectLabel":"Billing Account","newFlatFile":false,"newObject":false,"showBusinessNames":false,"naturalOrder":true,"truncateTarget":false,"bulkApiDBTarget":false,"operationType":"Update","customFuncCfg":{"@type":"customFuncConfig","id":-1,"connections":[],"inputMap":[],"outputFields":[]},"targetRefsV2":{},"targetUpdateColumns":[],"extendedObject":{"@type":"extendedObject","singleMode":true,"filters":[],"sortFields":[]},"runtimeAttrs":{},"isRESTModernSource":true,"isFileList":false,"handleSpecialChars":false,"handleDecimalRoundOff":false,"frsAsset":false,"dynamicFileName":false,"excludeDynamicFileNameField":false,"currentlyProcessedFileName":false,"retainFieldMetadata":false,"objectName":"csconta__Billing_Account__c","objectLabel":"Billing Account","useExactSrcNames":false,"tgtObjectAttributes":{},"runtimeParameterData":{"@type":"mtTaskRuntimeParameterData","isConnectionRuntimeParameter":false,"isObjectRuntimeParameter":false},"overridableProperties":[],"overriddenFields":[]},{"@type":"mtTaskParameter","id":759039,"name":"$tgt_sync_ebs_sap_billingaccount$","type":"TARGET","label":"tgt_sync_ebs_sap_billingaccount","uiProperties":{"connectionParameterized":"false","objectParameterized":"false","visible":"false","defaultTargetUpdateColumns":"active_ivr_dunning_sr_ex,ivr_dunning_sr_count__c,ivr_dunning_stage__c,kiv_limit_exceeded__c,kiv_request_count__c","supportApplyDDLChanges":"false","originalPath":"tgt_sync_ebs_sap_billingaccount"},"targetConnectionId":"@0aa38HfbIjadqoKlbnU14y","targetObject":"p1_dev/TABLE/sync_ebs_sap_billingaccount","targetObjectLabel":"sync_ebs_sap_billingaccount","newFlatFile":false,"newObject":false,"showBusinessNames":false,"naturalOrder":true,"truncateTarget":false,"bulkApiDBTarget":false,"operationType":"Update","customFuncCfg":{"@type":"customFuncConfig","id":-1,"connections":[],"inputMap":[],"outputFields":[]},"targetRefsV2":{},"targetUpdateColumns":["active_ivr_dunning_sr_ex","ivr_dunning_sr_count__c","ivr_dunning_stage__c","kiv_limit_exceeded__c","kiv_request_count__c"],"extendedObject":{"@type":"extendedObject","singleMode":true,"filters":[],"sortFields":[]},"runtimeAttrs":{},"isRESTModernSource":true,"isFileList":false,"handleSpecialChars":false,"handleDecimalRoundOff":false,"frsAsset":false,"dynamicFileName":false,"excludeDynamicFileNameField":false,"currentlyProcessedFileName":false,"retainFieldMetadata":false,"objectName":"p1_dev/TABLE/sync_ebs_sap_billingaccount","objectLabel":"sync_ebs_sap_billingaccount","useExactSrcNames":false,"tgtObjectAttributes":{},"runtimeParameterData":{"@type":"mtTaskRuntimeParameterData","isConnectionRuntimeParameter":false,"isObjectRuntimeParameter":false},"overridableProperties":[],"overriddenFields":[]},{"@type":"mtTaskParameter","id":759040,"name":"$lkp_case$","type":"LOOKUP","label":"lkp_case","uiProperties":{"connectionParameterized":"false","isCachedLookup":"true","multipleMatchPolicy":"Use Any Value","objectParameterized":"false","visible":"false","originalPath":"lkp_case"},"lookupConnectionId":"@0aa38HfbIjadqoKlbnU14y","lookupObject":"DUMMY_lkp_case","newFlatFile":false,"newObject":false,"showBusinessNames":false,"naturalOrder":true,"truncateTarget":false,"bulkApiDBTarget":false,"customFuncCfg":{"@type":"customFuncConfig","id":-1,"connections":[],"inputMap":[],"outputFields":[]},"targetRefsV2":{},"targetUpdateColumns":[],"runtimeAttrs":{"Lookup Data Cache Size":"AUTO","Tracing Level":"Normal","Lookup Index Cache Size":"AUTO","Optional":"true","Sorted Input":"false","Lookup cache directory name":"$PMCacheDir","Lookup cache persistent":"false","Lookup source is static":"false","Pre-build lookup cache":"AUTO","Null ordering":"","Lookup caching enabled":"true"},"isRESTModernSource":true,"customQuery":"SELECT \nBILL.\"Id\" AS ID,\nSUM(\nCASE \n\tWHEN sf_case.\"Category__c\" = 'Non-Commercial Order' AND \n\tsf_case.\"Category_Sub_Type_1__c\" = 'IVR Dunning - Unbar/Resume/Reconnect' AND \n\tdate(sf_case.\"CreatedDate\") > '2022-12-31'\n\tTHEN 1 ELSE 0\nEND) AS IVR_Dunning_SR_Count__c,\nSUM(\nCASE \n\tWHEN sf_case.\"Category__c\" = 'Dunning Request' AND\n\tsf_case.\"Category_Sub_Type_1__c\" = 'KIV' AND\n\tsf_case.\"KIV_Exclusion_Reason__c\" IN ( 'KIV – Promise to Pay','KIV – Already paid')  AND\n\tdate(sf_case.\"CreatedDate\") > '2022-12-31'\n\tTHEN 1 ELSE 0\nEND) AS KIV_Request_Count__c,\nSUM(\nCASE \n\tWHEN UPPER(sf_case.\"Category__c\") = 'Non-Commercial Order' AND\n\tsf_case.\"Category_Sub_Type_1__c\" = 'IVR Dunning - Unbar/Resume/Reconnect' AND\n\tdate(sf_case.\"CreatedDate\") = current_date-7 \n\tTHEN 1  ELSE 0\nEND) AS Active_IVR_Dunning_SR_Exists__c\nFROM sf_case,sf_csconta__Billing_Account__c BILL\nWHERE sf_case.\"Billing_Account_CS__c\"=BILL.\"Id\"\nGROUP BY ID","isFileList":false,"handleSpecialChars":false,"handleDecimalRoundOff":false,"frsAsset":false,"dynamicFileName":false,"excludeDynamicFileNameField":false,"currentlyProcessedFileName":false,"retainFieldMetadata":false,"objectName":"DUMMY_lkp_case","useExactSrcNames":false,"tgtObjectAttributes":{},"runtimeParameterData":{"@type":"mtTaskRuntimeParameterData","isConnectionRuntimeParameter":false,"isObjectRuntimeParameter":false},"overridableProperties":[],"overriddenFields":[]}],"sequences":[],"inOutParameters":[],"connRuntimeAttrs":[]}]