[{"@type":"mtTask","id":"@1","name":"mt_stg_sync_case_literature_request","description":"","runtimeEnvironmentId":"@cUgvxjP6z42j5o2aizvbUV","maxLogs":10,"verbose":false,"lastRunTime":1682649571000,"mappingId":"@7K0aQp4QFGOimpNvlVBsUH","frsGuid":"84IK7zcBVv4iRJ8cSUEomF","shortDescription":"","sessionPropertiesList":[],"enableCrossSchemaPushdown":true,"enableParallelRun":false,"autoTunedApplied":false,"autoTunedAppliedType":"NONE","schemaMode":"async","valid":true,"schemaValidationErrorCount":-1,"parameterFileEncoding":"UTF-8","serverlessProperties":{},"taskProperties":[{"@type":"taskProperty","name":"parameterFileDir","currentValue":"","type":"STRING","label":"label.parameterFileDir","required":false},{"@type":"taskProperty","name":"parameterFileName","currentValue":"","type":"STRING","label":"label.parameterFileName","required":false}],"parameters":[{"@type":"mtTaskParameter","id":820618,"name":"$src_Lit_Req$","type":"SOURCE","label":"src_Lit_Req","uiProperties":{"connectionParameterized":"false","isSelectDistinct":"false","objectParameterized":"false","visible":"false","originalPath":"src_Lit_Req"},"sourceConnectionId":"@0aa38HfbIjadqoKlbnU14y","sourceObject":"DUMMY_src_Lit_Req","newFlatFile":false,"newObject":false,"showBusinessNames":false,"naturalOrder":true,"truncateTarget":false,"bulkApiDBTarget":false,"customFuncCfg":{"@type":"customFuncConfig","id":-1,"connections":[],"inputMap":[],"outputFields":[]},"targetRefsV2":{},"targetUpdateColumns":[],"runtimeAttrs":{},"isRESTModernSource":true,"customQuery":"SELECT\tALL_REC.*,\nCORR.CORR_TYPE_NAME,\nCASE \n\tWHEN UPPER(CORR.APPLY_OBJECT) ='B' AND UPPER(ALL_REC.STATUS) IN ('CLOSED') \n\tTHEN '1'\n\tELSE '0'\nEND AS Triggered_to_BSCS,\nCASE \n\tWHEN SR.CORR_TYPE_ID IN ('2','6') \n\tTHEN cast(SR.DEDUCTION_DATE as date)\nEND AS Payment_Date,\nCASE \n\tWHEN SR.CORR_TYPE_ID  IN ('2','6') \n\tTHEN SR.PAY_AMOUNT\nEND AS Payment_Amount__c,\nSR.SR_LT_CHEQUE_NUMBER AS Cheque_Number__c,\nCASE \n\tWHEN SR.SR_LT_CHEQUE_NUMBER IS NOT NULL \n\tTHEN SR.PAY_AMOUNT\nEND AS Cheque_Amount__c,\ncast(BILL.DUE_DATE as date) AS Bill_Due_Date__c,\nCASE \n\tWHEN SR.CORR_TYPE_ID IN ('7','8') \n\tTHEN cast(SR.DEDUCTION_DATE as date)\nEND AS Bill_Stub_Due_Date__c,\nCASE \n\tWHEN SR.CORR_TYPE_ID='2' \n\tTHEN SR.DEDUCTION_DATE\nEND AS SINGPOST_PAYEMNT_REJECTION_DATE__C\nFROM SYNC_EBS_CASE_ALL_RECTYPE ALL_REC INNER JOIN STG_EBS_SR SR\nON ALL_REC.LEGACY_ID__C=SR.SR_REQUEST_ID \nLEFT JOIN STG_EBS_SR_BILL BILL ON SR.BILL_NBR=BILL.BILL_NBR \nLEFT JOIN STG_EBS_SR_CORR CORR ON SR.CORR_TYPE_ID=CORR.CORR_TYPE_ID\nWHERE ALL_REC.RECORDTYPE='Literature Request'","isFileList":false,"handleSpecialChars":false,"handleDecimalRoundOff":false,"frsAsset":false,"dynamicFileName":false,"excludeDynamicFileNameField":false,"currentlyProcessedFileName":false,"retainFieldMetadata":false,"objectName":"DUMMY_src_Lit_Req","useExactSrcNames":false,"tgtObjectAttributes":{},"runtimeParameterData":{"@type":"mtTaskRuntimeParameterData","isConnectionRuntimeParameter":false,"isObjectRuntimeParameter":false},"overridableProperties":[],"overriddenFields":[]},{"@type":"mtTaskParameter","id":820619,"name":"$tgt_sync_ebs_case_Lit_Req$","type":"TARGET","label":"tgt_sync_ebs_case_Lit_Req","uiProperties":{"connectionParameterized":"false","objectParameterized":"false","visible":"false","defaultTargetUpdateColumns":"","supportApplyDDLChanges":"false","originalPath":"tgt_sync_ebs_case_Lit_Req"},"targetConnectionId":"@0aa38HfbIjadqoKlbnU14y","targetObject":"p1_dev/TABLE/sync_ebs_case","targetObjectLabel":"sync_ebs_case","newFlatFile":false,"newObject":false,"showBusinessNames":false,"naturalOrder":true,"truncateTarget":false,"bulkApiDBTarget":false,"operationType":"Insert","customFuncCfg":{"@type":"customFuncConfig","id":-1,"connections":[],"inputMap":[],"outputFields":[]},"targetRefsV2":{},"targetUpdateColumns":[],"extendedObject":{"@type":"extendedObject","singleMode":true,"filters":[],"sortFields":[]},"runtimeAttrs":{},"isRESTModernSource":true,"isFileList":false,"handleSpecialChars":false,"handleDecimalRoundOff":false,"frsAsset":false,"dynamicFileName":false,"excludeDynamicFileNameField":false,"currentlyProcessedFileName":false,"retainFieldMetadata":false,"objectName":"p1_dev/TABLE/sync_ebs_case","objectLabel":"sync_ebs_case","useExactSrcNames":false,"tgtObjectAttributes":{},"runtimeParameterData":{"@type":"mtTaskRuntimeParameterData","isConnectionRuntimeParameter":false,"isObjectRuntimeParameter":false},"overridableProperties":[],"overriddenFields":[]},{"@type":"mtTaskParameter","id":820620,"name":"$Master_Lookup$","type":"LOOKUP","label":"Master_Lookup","uiProperties":{"connectionParameterized":"false","isCachedLookup":"true","multipleMatchPolicy":"Use Last Value","objectParameterized":"false","visible":"false","originalPath":"Master_Lookup"},"lookupConnectionId":"@0aa38HfbIjadqoKlbnU14y","lookupObject":"DUMMY_Master_Lookup","newFlatFile":false,"newObject":false,"showBusinessNames":false,"naturalOrder":true,"truncateTarget":false,"bulkApiDBTarget":false,"customFuncCfg":{"@type":"customFuncConfig","id":-1,"connections":[],"inputMap":[],"outputFields":[]},"targetRefsV2":{},"targetUpdateColumns":[],"runtimeAttrs":{"Cache File Name Prefix":"","Lookup Index Cache Size":"AUTO","Optional":"true","Lookup cache persistent":"false","Lookup source is static":"false","Case Sensitive String Comparison":"false","Re-cache from lookup source":"false","Insert Else Update":"false","Lookup caching enabled":"true","Lookup Data Cache Size":"AUTO","Tracing Level":"Normal","Sorted Input":"false","Lookup cache directory name":"$PMCacheDir","Output Old Value On Update":"false","Dynamic Lookup Cache":"false","Pre-build lookup cache":"AUTO","Null ordering":""},"isRESTModernSource":true,"customQuery":"SELECT \nTRIM(target_object) as target_object,\nTRIM(target_api)    as target_api,\nTRIM(target_value)  as target_value,\nTRIM(UPPER(source_value)) as source_value\nfrom STG_SH_MASTER_LOV\nWHERE is_active='Y'","isFileList":false,"handleSpecialChars":false,"handleDecimalRoundOff":false,"frsAsset":false,"dynamicFileName":false,"excludeDynamicFileNameField":false,"currentlyProcessedFileName":false,"retainFieldMetadata":false,"objectName":"DUMMY_Master_Lookup","useExactSrcNames":false,"tgtObjectAttributes":{},"runtimeParameterData":{"@type":"mtTaskRuntimeParameterData","isConnectionRuntimeParameter":false,"isObjectRuntimeParameter":false},"overridableProperties":[],"overriddenFields":[]}],"sequences":[],"inOutParameters":[],"connRuntimeAttrs":[]}]