[{"@type":"workflow","id":"@1","name":"tf_JSON_PC_Load","maxLogs":10,"references":[{"@type":"reference","refObjectId":"@kwbpPWfMeI7dDZ9kzUEKQX","refType":"mtTask"},{"@type":"reference","refObjectId":"@4TKu8HmalAtkcKLB1iJlw1","refType":"mtTask"}],"tasks":[{"@type":"workflowTask","taskId":"@kwbpPWfMeI7dDZ9kzUEKQX","type":"MTT","name":"mt_SF_load_json_PC","stopOnError":true,"stopOnWarning":false},{"@type":"workflowTask","taskId":"@4TKu8HmalAtkcKLB1iJlw1","type":"MTT","name":"mt_REP_SF_load_json_PC","stopOnError":true,"stopOnWarning":false}]}]