[{"@type":"mtTask","id":"@1","name":"mt_sync_tgt_related_case_update","description":"","runtimeEnvironmentId":"@cUgvxjP6z42j5o2aizvbUV","maxLogs":10,"verbose":false,"lastRunTime":1675231004000,"mappingId":"@80VioB63x8zfmt67EBjgIa","frsGuid":"kGYBIB0sjuWd29LtKYv4ga","shortDescription":"","sessionPropertiesList":[{"name":"Allow Temporary Sequence for Pushdown","value":"NO","recommended":false},{"name":"Allow Temporary View for Pushdown","value":"NO","recommended":false},{"name":"Pushdown Optimization","value":"None","recommended":false},{"name":"Pushdown Optimization Context","value":"None","recommended":false},{"name":"Run Only In Pushdown Mode","value":"NO","recommended":false}],"enableCrossSchemaPushdown":true,"enableParallelRun":false,"autoTunedApplied":false,"autoTunedAppliedType":"NONE","paramFileType":"PARAM_FILE_LOCAL","schemaMode":"async","valid":true,"schemaValidationErrorCount":-1,"parameterFileEncoding":"UTF-8","serverlessProperties":{},"taskProperties":[{"@type":"taskProperty","name":"parameterFileDir","currentValue":"","type":"STRING","label":"label.parameterFileDir","required":false},{"@type":"taskProperty","name":"parameterFileName","currentValue":"","type":"STRING","label":"label.parameterFileName","required":false}],"parameters":[{"@type":"mtTaskParameter","id":609752,"name":"$src_sync_ebs_case$","type":"SOURCE","label":"src_sync_ebs_case","uiProperties":{"connectionParameterized":"false","isSelectDistinct":"false","objectParameterized":"false","visible":"false","originalPath":"src_sync_ebs_case"},"sourceConnectionId":"@irZpk2lcq2Lh5v2PiTa4Q2","sourceObject":"DUMMY_src_sync_ebs_case","newFlatFile":false,"newObject":false,"showBusinessNames":false,"naturalOrder":true,"truncateTarget":false,"bulkApiDBTarget":false,"customFuncCfg":{"@type":"customFuncConfig","id":-1,"connections":[],"inputMap":[],"outputFields":[]},"targetRefsV2":{},"targetUpdateColumns":[],"runtimeAttrs":{},"oprRuntimeAttrs":{"postSQL":"","sourceTableName":"","fetchSize":"100000","sqloverride":"","schemaName":"","preSQL":"UPDATE MIG_ODS_DEV.SYNC_EBS_CASE SYNC SET parentid=TGT.\"Id\"  FROM  ( select TGT.\"Id\",TGT.\"Legacy_Id__c\" AS LEGACY_ID__C from mig_ods_dev.SYNC_EBS_CASE test join mig_ods_Dev.SYNC_EBS_CASE test1 on test1.LEGACY_ID__C= CAST(test.rela_request_id AS VARCHAR) JOIN MIG_ODS_DEV.SF_CASE TGT ON CAST(TEST.rela_REQUEST_ID AS VARCHAR)=TGT.\"Legacy_Id__c\" where test.sr_rela_id >test1.sr_rela_id order by test.sr_rela_id desc ) TGT WHERE CAST(SYNC.RELA_REQUEST_ID aS VARCHAR)=TGT.LEGACY_ID__C\t;"},"isRESTModernSource":true,"customQuery":"SELECT TGT .\"Id\",SYNC.parentid  from MIG_ODS_DEV.SYNC_EBS_CASE SYNC INNER JOIN \nMIG_ODS_DEV.SF_CASE TGT ON SYNC.Legacy_Id__c=TGT.\"Legacy_Id__c\"\nWHERE SYNC.PARENTID IS NOT NULL","isFileList":false,"handleSpecialChars":false,"handleDecimalRoundOff":false,"frsAsset":false,"dynamicFileName":false,"excludeDynamicFileNameField":false,"currentlyProcessedFileName":false,"retainFieldMetadata":false,"objectName":"DUMMY_src_sync_ebs_case","useExactSrcNames":false,"tgtObjectAttributes":{},"runtimeParameterData":{"@type":"mtTaskRuntimeParameterData","isConnectionRuntimeParameter":false,"isObjectRuntimeParameter":false},"overridableProperties":[],"overriddenFields":[]},{"@type":"mtTaskParameter","id":609753,"name":"$tgt_sf_case$","type":"TARGET","label":"tgt_sf_case","uiProperties":{"connectionParameterized":"false","objectParameterized":"false","visible":"false","defaultTargetUpdateColumns":"","supportApplyDDLChanges":"false","originalPath":"tgt_sf_case"},"targetConnectionId":"@4SoE843RJabk2lY1RBHwqN","targetObject":"Case","targetObjectLabel":"Case","newFlatFile":false,"newObject":false,"showBusinessNames":false,"naturalOrder":true,"truncateTarget":false,"bulkApiDBTarget":false,"operationType":"Update","customFuncCfg":{"@type":"customFuncConfig","id":-1,"connections":[],"inputMap":[],"outputFields":[]},"targetRefsV2":{},"targetUpdateColumns":[],"extendedObject":{"@type":"extendedObject","singleMode":true,"filters":[],"sortFields":[]},"runtimeAttrs":{},"isRESTModernSource":true,"isFileList":false,"handleSpecialChars":false,"handleDecimalRoundOff":false,"frsAsset":false,"dynamicFileName":false,"excludeDynamicFileNameField":false,"currentlyProcessedFileName":false,"retainFieldMetadata":false,"objectName":"Case","objectLabel":"Case","useExactSrcNames":false,"tgtObjectAttributes":{},"runtimeParameterData":{"@type":"mtTaskRuntimeParameterData","isConnectionRuntimeParameter":false,"isObjectRuntimeParameter":false},"overridableProperties":[],"overriddenFields":[]}],"sequences":[],"inOutParameters":[],"connRuntimeAttrs":[]}]