[{"@type":"workflow","id":"@1","name":"tf_JSON_ServSpec","maxLogs":10,"references":[{"@type":"reference","refObjectId":"@1ipqeEWDgkqdDSuhWOuL0D","refType":"mtTask"},{"@type":"reference","refObjectId":"@9vmvhXc3iRnh4Zkel6fjij","refType":"mtTask"},{"@type":"reference","refObjectId":"@6df4xuHOlMzkCdo90URscr","refType":"mtTask"},{"@type":"reference","refObjectId":"@1PhvewdferqdWlOYKQZk0M","refType":"mtTask"},{"@type":"reference","refObjectId":"@jeZ1QAwHIKEjD1u8p9B0KN","refType":"mtTask"},{"@type":"reference","refObjectId":"@3F2IvaCDrEGeTSKiulZRee","refType":"mtTask"}],"tasks":[{"@type":"workflowTask","taskId":"@1ipqeEWDgkqdDSuhWOuL0D","type":"MTT","name":"mt_tgt_sf_json_serv_spec","stopOnError":true,"stopOnWarning":false},{"@type":"workflowTask","taskId":"@9vmvhXc3iRnh4Zkel6fjij","type":"MTT","name":"mt_tgt_sf_json_attrib_sp_NON_OE","stopOnError":true,"stopOnWarning":false},{"@type":"workflowTask","taskId":"@6df4xuHOlMzkCdo90URscr","type":"MTT","name":"mt_tgt_sf_json_attrib_sp_OE","stopOnError":true,"stopOnWarning":false},{"@type":"workflowTask","taskId":"@1PhvewdferqdWlOYKQZk0M","type":"MTT","name":"mt_Json_Service_spec","stopOnError":true,"stopOnWarning":false},{"@type":"workflowTask","taskId":"@jeZ1QAwHIKEjD1u8p9B0KN","type":"MTT","name":"mt_Json_Service_spec_BWB","stopOnError":true,"stopOnWarning":false},{"@type":"workflowTask","taskId":"@3F2IvaCDrEGeTSKiulZRee","type":"MTT","name":"mt_Json_Service_spec_M365","stopOnError":true,"stopOnWarning":false}]}]