[{"@type":"mtTask","id":"@1","name":"mt_tgt_sf_json_attrib_sp_Non_Commercial_Mobile_ServiceMappingTask1","description":"","runtimeEnvironmentId":"@cUgvxjP6z42j5o2aizvbUV","maxLogs":10,"verbose":false,"mappingId":"@6eFZzjBhQeChKWo53HzFIJ","frsGuid":"5UXCRJllBQ5gNutGi4THYc","shortDescription":"","sessionPropertiesList":[],"enableCrossSchemaPushdown":true,"enableParallelRun":false,"autoTunedApplied":false,"autoTunedAppliedType":"NONE","schemaMode":"async","valid":true,"schemaValidationErrorCount":-1,"parameterFileEncoding":"UTF-8","serverlessProperties":{},"taskProperties":[{"@type":"taskProperty","name":"parameterFileDir","currentValue":"","type":"STRING","label":"label.parameterFileDir","required":false},{"@type":"taskProperty","name":"parameterFileName","currentValue":"","type":"STRING","label":"label.parameterFileName","required":false}],"parameters":[{"@type":"mtTaskParameter","id":1910919,"name":"$Source$","type":"SOURCE","label":"Source","uiProperties":{"connectionParameterized":"false","isSelectDistinct":"false","objectParameterized":"false","visible":"false","originalPath":"Source"},"sourceConnectionId":"@0aa38HfbIjadqoKlbnU14y","sourceObject":"DUMMY_Source","newFlatFile":false,"newObject":false,"showBusinessNames":false,"naturalOrder":true,"truncateTarget":false,"bulkApiDBTarget":false,"customFuncCfg":{"@type":"customFuncConfig","id":-1,"connections":[],"inputMap":[],"outputFields":[]},"targetRefsV2":{},"targetUpdateColumns":[],"runtimeAttrs":{},"isRESTModernSource":true,"customQuery":"SELECT\n--Common columns\n'1'\t\t\t\t\t\t\t\tAS version\n,'Created'\t\t\t\t\t\tAS status\n,''\t\t\t\t\t\t\t\tAS startDate\n,'UUID'\t\t\t\t\t\t\tAS specification\n,PC.Id\t\t\t\t\t\t\tAS productConfigurationId\n,'1'\t\t\t\t\t\t\tAS name\n,''\t\t\t\t\t\t\t\tAS metadata\n,'Mobile Device'\t\t\t\tAS instanceId\n,'FALSE'\t\t\t\t\t\tAS includeBilling\n,PC.runTimeGUID__c\t\t\t\tAS guid\n,''\t\t\t\t\t\t\t\tAS endDate\n,'Created'\t\t\t\t\t\tAS description\n,'Sharing Service'\t\t\t\tAS code\n,SERV.Id\t\t\t\t\t\tAS serviceId\n,'TRUE'\t\t\t\t\t\t\tAS isActive\n\n--Non OE Columns\n,'orderType'\t\t\t\t\tAS orderType\n,'planName'\t\t\t\t\t\tAS planName\n,'contractTerm'\t\t\t\t\tAS contractTerm\n,'simCardType'\t\t\t\t\tAS simCardType\n,'simOnly'\t\t\t\t\t\tAS simOnly\n,'lineType'\t\t\t\t\t\tAS lineType\n,'numberType'\t\t\t\t\tAS numberType\n,'commercialProductCode'\t\tAS partNumber\n,PRI.pcrf_service_id__c\t\t\tAS pcrfServiceID\n,PRI.pcrf_billresettype__c\t\tAS pcrfBillResetType\n,PRI.pcrf_service_node_id__c\tAS pcrfServiceNodeID\n,PRI.minutes__c\t\t\t\t\tAS voiceAllocation\n,PRI.sms_mms__c\t\t\t\t\tAS smsAllocation\n,PRI.data__c\t\t\t\t\tAS dataAllocation\n,PRI.market__c\t\t\t\t\tAS market\n,PRI.sub_market__c\t\t\t\tAS subMarket\n,PRI.network_code__c\t\t\tAS networkCode\n,PRI.hlr_code__c\t\t\t\tAS hlrCode\n,PRI.tm_code__c\t\t\t\t\tAS tmCode\n,PRI.bill_display_name__c\t\tAS billDisplayName\n,'action'\t\t\t\t\t\tAS action\n,PRI.product_name__c\t\t\tAS productName\n,PRI.cspmb__role__c\t\t\t\tAS role\n,PRI.rfs_id__c\t\t\t\t\tAS rfsId\n,PRI.stock_code__c\t\t\t\tAS stockCode\n,PRI.bscs_spcode__c\t\t\t\tAS spCode\n,PRI.bscs_sncode__c\t\t\t\tAS snCode\n,'MSISDN'\t\t\t\t\t\tAS MSISDN\n,PRI.bill_display_name__c\t\tAS planDescription\n,PRI.commercial_product_id__c\tAS productId\n,PRI.cspmb__price_item_code__c\tAS productGroupId\n-- ,PRI.minutes_unlimited__c\t\tAS minutesUnlimited --Column not in P2_DEV schema\n-- ,PRI.data_unlimited__c\t\t\tAS dataUnlimited --Column not in P2_DEV schema\n-- ,PRI.data_unlimited__c\t\t\tAS smsmmsUnlimited --Column not in P2_DEV schema\n\nFROM TGT_SF_PC PC\nJOIN TGT_SF_SERVICE SERV ON SERV.CSORDTELCOA__PRODUCT_CONFIGURATION__C = PC.ID\nJOIN SF_CSPMB__PRICE_ITEM__C PRI ON PC.CSPMB__PRICE_ITEM_CODE__C = PRI.ID\nWHERE PC.REC_TYPE LIKE 'Mobile%'","isFileList":false,"handleSpecialChars":false,"handleDecimalRoundOff":false,"frsAsset":false,"dynamicFileName":false,"excludeDynamicFileNameField":false,"currentlyProcessedFileName":false,"retainFieldMetadata":false,"objectName":"DUMMY_Source","useExactSrcNames":false,"tgtObjectAttributes":{},"runtimeParameterData":{"@type":"mtTaskRuntimeParameterData","isConnectionRuntimeParameter":false,"isObjectRuntimeParameter":false},"overridableProperties":[],"overriddenFields":[]},{"@type":"mtTaskParameter","id":1910920,"name":"$tgt_sf_json_attrib_sp_commercial_mobile_service$","type":"TARGET","label":"tgt_sf_json_attrib_sp_commercial_mobile_service","uiProperties":{"connectionParameterized":"false","objectParameterized":"false","visible":"false","defaultTargetUpdateColumns":"","supportApplyDDLChanges":"false","originalPath":"tgt_sf_json_attrib_sp_commercial_mobile_service"},"targetConnectionId":"@0aa38HfbIjadqoKlbnU14y","targetObject":"p2_dev/TABLE/tgt_sf_json_attrib_sp_non_commercial_mobile_service","targetObjectLabel":"tgt_sf_json_attrib_sp_non_commercial_mobile_service","newFlatFile":false,"newObject":false,"showBusinessNames":false,"naturalOrder":true,"truncateTarget":false,"bulkApiDBTarget":false,"operationType":"Insert","customFuncCfg":{"@type":"customFuncConfig","id":-1,"connections":[],"inputMap":[],"outputFields":[]},"targetRefsV2":{},"targetUpdateColumns":[],"extendedObject":{"@type":"extendedObject","singleMode":true,"filters":[],"sortFields":[]},"runtimeAttrs":{},"isRESTModernSource":true,"isFileList":false,"handleSpecialChars":false,"handleDecimalRoundOff":false,"frsAsset":false,"dynamicFileName":false,"excludeDynamicFileNameField":false,"currentlyProcessedFileName":false,"retainFieldMetadata":false,"objectName":"p2_dev/TABLE/tgt_sf_json_attrib_sp_non_commercial_mobile_service","objectLabel":"tgt_sf_json_attrib_sp_non_commercial_mobile_service","useExactSrcNames":false,"tgtObjectAttributes":{},"runtimeParameterData":{"@type":"mtTaskRuntimeParameterData","isConnectionRuntimeParameter":false,"isObjectRuntimeParameter":false},"overridableProperties":[],"overriddenFields":[]}],"sequences":[],"inOutParameters":[],"connRuntimeAttrs":[]}]