[{"@type":"mtTask","id":"@1","name":"mt_stg_ebs_pc_mobile","description":"","runtimeEnvironmentId":"@cUgvxjP6z42j5o2aizvbUV","maxLogs":10,"verbose":false,"mappingId":"@dubNhcKdNW3h2sRntMUl4W","frsGuid":"jpUPPJiIlmofJSQ9jGiIGH","shortDescription":"","sessionPropertiesList":[],"enableCrossSchemaPushdown":true,"enableParallelRun":false,"autoTunedApplied":false,"autoTunedAppliedType":"NONE","schemaMode":"async","valid":true,"schemaValidationErrorCount":-1,"parameterFileEncoding":"UTF-8","serverlessProperties":{},"taskProperties":[{"@type":"taskProperty","name":"parameterFileDir","currentValue":"","type":"STRING","label":"label.parameterFileDir","required":false},{"@type":"taskProperty","name":"parameterFileName","currentValue":"","type":"STRING","label":"label.parameterFileName","required":false}],"parameters":[{"@type":"mtTaskParameter","id":1900026,"name":"$src_Addon_Device$","type":"SOURCE","label":"src_Addon_Device","uiProperties":{"connectionParameterized":"false","isSelectDistinct":"false","objectParameterized":"false","visible":"false","originalPath":"src_Addon_Device"},"sourceConnectionId":"@0aa38HfbIjadqoKlbnU14y","sourceObject":"DUMMY_src_Addon_Device","newFlatFile":false,"newObject":false,"showBusinessNames":false,"naturalOrder":true,"truncateTarget":false,"bulkApiDBTarget":false,"customFuncCfg":{"@type":"customFuncConfig","id":-1,"connections":[],"inputMap":[],"outputFields":[]},"targetRefsV2":{},"targetUpdateColumns":[],"runtimeAttrs":{},"isRESTModernSource":true,"customQuery":"SELECT\n'FALSE'\t\t\t\t\t\t\tAS Activate_SIM__c\n,PRI.ID\t\t\t\t\t\t\tAS Commercial_Product__c\n,'TRUE'\t\t\t\t\t\t\tAS CPQ_Applied_ML_Discount__c\n,'FALSE'\t\t\t\t\t\tAS CPQ_Applied_Voucher__c\n,'TRUE'\t\t\t\t\t\t\tAS CPQ_Basket_Sync_Status__c\n,'FALSE'\t\t\t\t\t\tAS CPQ_Eligible_for_ML_Discount__c\n,'FALSE'\t\t\t\t\t\tAS CPQ_Included_in_Line_Count__c\n,'FALSE'\t\t\t\t\t\tAS CPQ_Is_Delivery_Required__c\n,'FALSE'\t\t\t\t\t\tAS CPQ_Is_Installation_Required__c\n,'New'\t\t\t\t\t\t\tAS CPQ_Order_Type__c\n,'FALSE'\t\t\t\t\t\tAS CPQ_Temp_Link__c\n,''\t\t\t\t\t\t\t\tAS CPQ_Total_Contract_Value__c\n,MS2.AGREEMENT_LIMIT\t\t\tAS cscfga__Billing_Frequency__c\n,'Valid'\t\t\t\t\t\tAS cscfga__Configuration_Status__c\n,MS2.AGREEMENT_LIMIT\t\t\tAS cscfga__Contract_Term__c\n,MS2.AGREEMENT_LIMIT\t\t\tAS cscfga__Contract_Term_Period__c\n,'Month'\t\t\t\t\t\tAS cscfga__Contract_Term_Period_Description__c\n,PM.PLAN\t\t\t\t\t\tAS cscfga__Description__c\n,'0'\t\t\t\t\t\t\tAS cscfga__Index__c\n,'0'\t\t\t\t\t\t\tAS cscfga__Last_Screen_Index__c\n,DS.OTC_SALES_PRICE\t\t\t\tAS cscfga__One_Off_Charge__c\n,'0'\t\t\t\t\t\t\tAS cscfga__one_off_charge_line_discount_value__c\n,'0'\t\t\t\t\t\t\tAS cscfga__one_off_charge_product_discount_value__c\n,'Replace'\t\t\t\t\t\tAS cscfga__parent_discount__c\n,'Current'\t\t\t\t\t\tAS cscfga__pricing_status__c\n,MS2.SF_PRODUCT_BASKET_ID\t\tAS cscfga__Product_Basket__c\n,PD.ID\t\t\t\t\t\t\tAS cscfga__Product_Definition__c\n,'Mobile'\t\t\t\t\t\tAS cscfga__Product_Family__c\n,'1'\t\t\t\t\t\t\tAS cscfga__Quantity__c\n,MS2.AGREEMENT_LIMIT\t\t\tAS cscfga__Recurrence_Frequency__c\n,DS.MRC_SALES_PRICE\t\t\t\tAS cscfga__Recurring_Charge__c\n,'0'\t\t\t\t\t\t\tAS cscfga__recurring_charge_line_discount_value__c\n,'0'\t\t\t\t\t\t\tAS cscfga__recurring_charge_product_discount_value__c\n,'SFDC Database only'\t\t\tAS cscfga__source_of_truth_location__c\n,DS.OTC_SALES_PRICE\t\t\t\tAS cscfga__total_one_off_charge__c\n,DS.MRC_SALES_PRICE\t\t\t\tAS cscfga__total_recurring_charge__c\n,DS.OTC_SALES_PRICE\t\t\t\tAS cscfga__unit_one_off_charge__c\n,DS.MRC_SALES_PRICE\t\t\t\tAS cscfga__unit_recurring_charge__c\n,DS.OTC_LIST_PRICE\t\t\t\tAS csdiscounts__One_off_non_discounted__c\n,'FALSE'\t\t\t\t\t\tAS csordtelcoa__cancelled_by_change_process__c\n,'FALSE'\t\t\t\t\t\tAS csordtelcoa__Ignore_For_Order_Decomposition__c\n,'FALSE'\t\t\t\t\t\tAS csordtelcoa__is_quantity_based_selling__c\n,'0'\t\t\t\t\t\t\tAS cspl__Month_Term__c\n,MS2.SF_SOLUTION_ID\t\t\t\tAS cssdm__solution_association__c\n,'SGD'\t\t\t\t\t\t\tAS CurrencyIsoCode\n,'FALSE'\t\t\t\t\t\tAS Is_Main_Component__c\n,'FALSE'\t\t\t\t\t\tAS IsDeleted\n,'FALSE'\t\t\t\t\t\tAS IsMainConfiguration__c\n,DS.PROD_ID\t\t\t\t\t\tAS Legacy_Id__c\n,PM.PLAN\t\t\t\t\t\tAS Name\n,'FALSE'\t\t\t\t\t\tAS New_Sim_Flag__c\n,MS2.SF_SOLUTION_ID\t\t\t\tAS Original_Solution_Id__c\n,'FALSE'\t\t\t\t\t\tAS PortIn_Indicator__c\n,'FALSE'\t\t\t\t\t\tAS Service_Is_Cancelled__c\n,'0'\t\t\t\t\t\t\tAS Total_List_Price_Recurring__c\n\n,'Mobile Device Addon'\t\t\tAS PC_TYPE\n,'Mobile Device Addon'\t\t\tAS REC_TYPE\n,DS.CUST_ID\n,DS.ACCT_ID\n\nFROM STG_EBS_DEVICE_SERVICE DS\nLEFT JOIN STG_EBS_MAIN_SERVICE_2 MS2 ON CAST(DS.PROD_ID AS VARCHAR) = CAST(MS2.PROD_ID AS VARCHAR)\nJOIN OFFER_CP_MAP OM ON DS.DEVICE_MODEL = OM.EBS_OFFER_NAME\nJOIN PRODUCT_MAPPING PM ON OM.EBS_OFFER_ID=PM.SRC_PROD_ID\nLEFT JOIN SF_CSPMB__PRICE_ITEM__C PRI ON PM.CSPMB__PRICE_ITEM_CODE__C =  PRI.CSPMB__PRICE_ITEM_CODE__C\nJOIN SF_CSCFGA__PRODUCT_DEFINITION PD ON PM.PRODUCT_DEFINITION = PD.NAME\n\nWHERE MS2.PROD_TYPE='Mobile'","isFileList":false,"handleSpecialChars":false,"handleDecimalRoundOff":false,"frsAsset":false,"dynamicFileName":false,"excludeDynamicFileNameField":false,"currentlyProcessedFileName":false,"retainFieldMetadata":false,"objectName":"DUMMY_src_Addon_Device","useExactSrcNames":false,"tgtObjectAttributes":{},"runtimeParameterData":{"@type":"mtTaskRuntimeParameterData","isConnectionRuntimeParameter":false,"isObjectRuntimeParameter":false},"overridableProperties":[],"overriddenFields":[]},{"@type":"mtTaskParameter","id":1900027,"name":"$src_Addon_Service$","type":"SOURCE","label":"src_Addon_Service","uiProperties":{"connectionParameterized":"false","isSelectDistinct":"false","objectParameterized":"false","visible":"false","originalPath":"src_Addon_Service"},"sourceConnectionId":"@0aa38HfbIjadqoKlbnU14y","sourceObject":"DUMMY_src_Addon_Service","newFlatFile":false,"newObject":false,"showBusinessNames":false,"naturalOrder":true,"truncateTarget":false,"bulkApiDBTarget":false,"customFuncCfg":{"@type":"customFuncConfig","id":-1,"connections":[],"inputMap":[],"outputFields":[]},"targetRefsV2":{},"targetUpdateColumns":[],"runtimeAttrs":{},"isRESTModernSource":true,"customQuery":"SELECT\n'FALSE'\t\t\t\t\t\t\t\t\tAS Activate_SIM__c\n,PRI.id\t\t\t\t\t\t\t\t\tAS Commercial_Product__c\n,'TRUE'\t\t\t\t\t\t\t\t\tAS CPQ_Applied_ML_Discount__c\n,'FALSE'\t\t\t\t\t\t\t\tAS CPQ_Applied_Voucher__c\n,'TRUE'\t\t\t\t\t\t\t\t\tAS CPQ_Basket_Sync_Status__c\n,'FALSE'\t\t\t\t\t\t\t\tAS CPQ_Eligible_for_ML_Discount__c\n,'FALSE'\t\t\t\t\t\t\t\tAS CPQ_Included_in_Line_Count__c\n,'FALSE'\t\t\t\t\t\t\t\tAS CPQ_Is_Delivery_Required__c\n,'FALSE'\t\t\t\t\t\t\t\tAS CPQ_Is_Installation_Required__c\n,'New'\t\t\t\t\t\t\t\t\tAS CPQ_Order_Type__c\n,'FALSE'\t\t\t\t\t\t\t\tAS CPQ_Temp_Link__c\n,''\t\t\t\t\t\t\t\t\t\tAS CPQ_Total_Contract_Value__c\n,ADS.AGREEMENT_LIMIT\t\t\t\t\tAS cscfga__Billing_Frequency__c\n,'Valid'\t\t\t\t\t\t\t\tAS cscfga__Configuration_Status__c\n,ADS.AGREEMENT_LIMIT\t\t\t\t\tAS cscfga__Contract_Term__c\n,ADS.AGREEMENT_LIMIT\t\t\t\t\tAS cscfga__Contract_Term_Period__c\n,'Month'\t\t\t\t\t\t\t\tAS cscfga__Contract_Term_Period_Description__c\n,PM.plan\t\t\t\t\t\t\t\tAS cscfga__Description__c\n,'0'\t\t\t\t\t\t\t\t\tAS cscfga__Index__c\n,'0'\t\t\t\t\t\t\t\t\tAS cscfga__Last_Screen_Index__c\n,ADS.OTC_SALES_PRICE\t\t\t\t\tAS cscfga__One_Off_Charge__c\n,'0'\t\t\t\t\t\t\t\t\tAS cscfga__one_off_charge_line_discount_value__c\n,'0'\t\t\t\t\t\t\t\t\tAS cscfga__one_off_charge_product_discount_value__c\n,'Replace'\t\t\t\t\t\t\t\tAS cscfga__parent_discount__c\n,'Current'\t\t\t\t\t\t\t\tAS cscfga__pricing_status__c\n,MS2.SF_PRODUCT_BASKET_ID\t\t\t\tAS cscfga__Product_Basket__c\n,PD.id\t\t\t\t\t\t\t\t\tAS cscfga__Product_Definition__c\n,'Mobile'\t\t\t\t\t\t\t\tAS cscfga__Product_Family__c\n,'1'\t\t\t\t\t\t\t\t\tAS cscfga__Quantity__c\n,ADS.AGREEMENT_LIMIT\t\t\t\t\tAS cscfga__Recurrence_Frequency__c\n,ADS.MRC_SALES_PRICE\t\t\t\t\tAS cscfga__Recurring_Charge__c\n,'0'\t\t\t\t\t\t\t\t\tAS cscfga__recurring_charge_line_discount_value__c\n,'0'\t\t\t\t\t\t\t\t\tAS cscfga__recurring_charge_product_discount_value__c\n,'SFDC Database only'\t\t\t\t\tAS cscfga__source_of_truth_location__c\n,COALESCE(ADS.OTC_SALES_PRICE, '0')\t\tAS cscfga__total_one_off_charge__c\n,ADS.MRC_SALES_PRICE\t\t\t\t\tAS cscfga__total_recurring_charge__c\n,ADS.OTC_SALES_PRICE\t\t\t\t\tAS cscfga__unit_one_off_charge__c\n,ADS.MRC_SALES_PRICE\t\t\t\t\tAS cscfga__unit_recurring_charge__c\n,ADS.OTC_LIST_PRICE\t\t\t\t\t\tAS csdiscounts__One_off_non_discounted__c\n,'FALSE'\t\t\t\t\t\t\t\tAS csordtelcoa__cancelled_by_change_process__c\n,'FALSE'\t\t\t\t\t\t\t\tAS csordtelcoa__Ignore_For_Order_Decomposition__c\n,'FALSE'\t\t\t\t\t\t\t\tAS csordtelcoa__is_quantity_based_selling__c\n,'0'\t\t\t\t\t\t\t\t\tAS cspl__Month_Term__c\n,MS2.SF_SOLUTION_ID\t\t\t\t\t\tAS cssdm__solution_association__c\n,'SGD'\t\t\t\t\t\t\t\t\tAS CurrencyIsoCode\n,'FALSE'\t\t\t\t\t\t\t\tAS Is_Main_Component__c\n,'FALSE'\t\t\t\t\t\t\t\tAS IsDeleted\n,'FALSE'\t\t\t\t\t\t\t\tAS IsMainConfiguration__c\n,ADS.PROD_ID \t\t\t\t\t\t\tAS Legacy_Id__c\n,PM.plan\t\t\t\t\t\t\t\tAS Name\n,'FALSE'\t\t\t\t\t\t\t\tAS New_Sim_Flag__c\n,MS2.SF_SOLUTION_ID\t\t\t\t\t\tAS Original_Solution_Id__c\n,PM1.plan_type\t\t\t\t\t\t\tAS Plan__c\n,PM1.plan_type\t\t\t\t\t\t\tAS Plan_Category__c\n,PM1.plan_type\t\t\t\t\t\t\tAS Plan_Name__c\n,PM1.plan_type\t\t\t\t\t\t\tAS Plan_Type__c\n,'FALSE'\t\t\t\t\t\t\t\tAS PortIn_Indicator__c\n,'FALSE'\t\t\t\t\t\t\t\tAS Service_Is_Cancelled__c\n,'0'\t\t\t\t\t\t\t\t\tAS Total_List_Price_Recurring__c\n\n,'Mobile Service Addon'\t\t\t\t\tAS PC_TYPE\n,'Mobile Service Addon'\t\t\t\t\tAS REC_TYPE\n,ADS.CUST_ID\n,ADS.ACCT_ID\n\nFROM STG_EBS_ADDON_SERVICE ADS\nJOIN PRODUCT_MAPPING PM ON CAST(ADS.OFFER_ID AS VARCHAR) = PM.SRC_PROD_ID\nJOIN SF_CSPMB__PRICE_ITEM__C PRI ON PM.CSPMB__PRICE_ITEM_CODE__C =  PRI.CSPMB__PRICE_ITEM_CODE__C\nJOIN SF_CSCFGA__PRODUCT_DEFINITION PD ON PM.PRODUCT_DEFINITION =  PD.NAME\nJOIN OFFER_CP_MAP OM ON CAST(ADS.OFFER_ID AS VARCHAR) = CAST(OM.EBS_OFFER_ID AS VARCHAR)\nJOIN STG_EBS_MAIN_SERVICE_2 MS2 ON MS2.PROD_ID = CAST(ADS.INDEP_PROD_ID AS VARCHAR)\nJOIN PRODUCT_MAPPING PM1 ON MS2.COMMERCIAL_PRODUCT_NAME = PM.SRC_PLAN_NAME\nWHERE OM.ID IS NOT NULL\nAND MS2.PROD_TYPE='Mobile'","isFileList":false,"handleSpecialChars":false,"handleDecimalRoundOff":false,"frsAsset":false,"dynamicFileName":false,"excludeDynamicFileNameField":false,"currentlyProcessedFileName":false,"retainFieldMetadata":false,"objectName":"DUMMY_src_Addon_Service","useExactSrcNames":false,"tgtObjectAttributes":{},"runtimeParameterData":{"@type":"mtTaskRuntimeParameterData","isConnectionRuntimeParameter":false,"isObjectRuntimeParameter":false},"overridableProperties":[],"overriddenFields":[]},{"@type":"mtTaskParameter","id":1900028,"name":"$src_Device$","type":"SOURCE","label":"src_Device","uiProperties":{"connectionParameterized":"false","isSelectDistinct":"false","objectParameterized":"false","visible":"false","originalPath":"src_Device"},"sourceConnectionId":"@0aa38HfbIjadqoKlbnU14y","sourceObject":"DUMMY_src_Device","newFlatFile":false,"newObject":false,"showBusinessNames":false,"naturalOrder":true,"truncateTarget":false,"bulkApiDBTarget":false,"customFuncCfg":{"@type":"customFuncConfig","id":-1,"connections":[],"inputMap":[],"outputFields":[]},"targetRefsV2":{},"targetUpdateColumns":[],"runtimeAttrs":{},"isRESTModernSource":true,"customQuery":"SELECT\n'FALSE'\t\t\t\t\t\t\tAS Activate_SIM__c\n,PRI.ID\t\t\t\t\t\t\tAS Commercial_Product__c\n,'TRUE'\t\t\t\t\t\t\tAS CPQ_Applied_ML_Discount__c\n,'FALSE'\t\t\t\t\t\tAS CPQ_Applied_Voucher__c\n,'TRUE'\t\t\t\t\t\t\tAS CPQ_Basket_Sync_Status__c\n,'FALSE'\t\t\t\t\t\tAS CPQ_Eligible_for_ML_Discount__c\n,'FALSE'\t\t\t\t\t\tAS CPQ_Included_in_Line_Count__c\n,'FALSE'\t\t\t\t\t\tAS CPQ_Is_Delivery_Required__c\n,'FALSE'\t\t\t\t\t\tAS CPQ_Is_Installation_Required__c\n,'New'\t\t\t\t\t\t\tAS CPQ_Order_Type__c\n,'FALSE'\t\t\t\t\t\tAS CPQ_Temp_Link__c\n,''\t\t\t\t\t\t\t\tAS CPQ_Total_Contract_Value__c\n,MS2.AGREEMENT_LIMIT\t\t\tAS cscfga__Billing_Frequency__c\n,'Valid'\t\t\t\t\t\tAS cscfga__Configuration_Status__c\n,MS2.AGREEMENT_LIMIT\t\t\tAS cscfga__Contract_Term__c\n,MS2.AGREEMENT_LIMIT\t\t\tAS cscfga__Contract_Term_Period__c\n,'Month'\t\t\t\t\t\tAS cscfga__Contract_Term_Period_Description__c\n,PM.PLAN\t\t\t\t\t\tAS cscfga__Description__c\n,'0'\t\t\t\t\t\t\tAS cscfga__Index__c\n,'0'\t\t\t\t\t\t\tAS cscfga__Last_Screen_Index__c\n,DS.OTC_SALES_PRICE\t\t\t\tAS cscfga__One_Off_Charge__c\n,'0'\t\t\t\t\t\t\tAS cscfga__one_off_charge_line_discount_value__c\n,'0'\t\t\t\t\t\t\tAS cscfga__one_off_charge_product_discount_value__c\n,'Replace'\t\t\t\t\t\tAS cscfga__parent_discount__c\n,'Current'\t\t\t\t\t\tAS cscfga__pricing_status__c\n,MS2.SF_PRODUCT_BASKET_ID\t\tAS cscfga__Product_Basket__c\n,PD.ID\t\t\t\t\t\t\tAS cscfga__Product_Definition__c\n,'Mobile'\t\t\t\t\t\tAS cscfga__Product_Family__c\n,'1'\t\t\t\t\t\t\tAS cscfga__Quantity__c\n,MS2.AGREEMENT_LIMIT\t\t\tAS cscfga__Recurrence_Frequency__c\n,DS.MRC_SALES_PRICE\t\t\t\tAS cscfga__Recurring_Charge__c\n,'0'\t\t\t\t\t\t\tAS cscfga__recurring_charge_line_discount_value__c\n,'0'\t\t\t\t\t\t\tAS cscfga__recurring_charge_product_discount_value__c\n,'SFDC Database only'\t\t\tAS cscfga__source_of_truth_location__c\n,DS.OTC_SALES_PRICE\t\t\t\tAS cscfga__total_one_off_charge__c\n,DS.MRC_SALES_PRICE\t\t\t\tAS cscfga__total_recurring_charge__c\n,DS.OTC_SALES_PRICE\t\t\t\tAS cscfga__unit_one_off_charge__c\n,DS.MRC_SALES_PRICE\t\t\t\tAS cscfga__unit_recurring_charge__c\n,DS.OTC_LIST_PRICE\t\t\t\tAS csdiscounts__One_off_non_discounted__c\n,'FALSE'\t\t\t\t\t\tAS csordtelcoa__cancelled_by_change_process__c\n,'FALSE'\t\t\t\t\t\tAS csordtelcoa__Ignore_For_Order_Decomposition__c\n,'FALSE'\t\t\t\t\t\tAS csordtelcoa__is_quantity_based_selling__c\n,'0'\t\t\t\t\t\t\tAS cspl__Month_Term__c\n,MS2.SF_SOLUTION_ID\t\t\t\tAS cssdm__solution_association__c\n,'SGD'\t\t\t\t\t\t\tAS CurrencyIsoCode\n,'FALSE'\t\t\t\t\t\tAS Is_Main_Component__c\n,'FALSE'\t\t\t\t\t\tAS IsDeleted\n,'FALSE'\t\t\t\t\t\tAS IsMainConfiguration__c\n,DS.PROD_ID\t\t\t\t\t\tAS Legacy_Id__c\n,PM.PLAN\t\t\t\t\t\tAS Name\n,'FALSE'\t\t\t\t\t\tAS New_Sim_Flag__c\n,MS2.SF_SOLUTION_ID\t\t\t\tAS Original_Solution_Id__c\n,'FALSE'\t\t\t\t\t\tAS PortIn_Indicator__c\n,'FALSE'\t\t\t\t\t\tAS Service_Is_Cancelled__c\n,'0'\t\t\t\t\t\t\tAS Total_List_Price_Recurring__c\n\n,'Mobile Device'\t\t\t\tAS PC_TYPE\n,'Mobile Device'\t\t\t\tAS REC_TYPE\n,DS.CUST_ID\n,DS.ACCT_ID\n\nFROM STG_EBS_DEVICE_SERVICE DS\nLEFT JOIN STG_EBS_MAIN_SERVICE_2 MS2 ON CAST(DS.PROD_ID AS VARCHAR) = CAST(MS2.PROD_ID AS VARCHAR)\nJOIN OFFER_CP_MAP OM ON DS.DEVICE_MODEL = OM.EBS_OFFER_NAME\nJOIN PRODUCT_MAPPING PM ON OM.EBS_OFFER_ID=PM.SRC_PROD_ID\nLEFT JOIN SF_CSPMB__PRICE_ITEM__C PRI ON PM.CSPMB__PRICE_ITEM_CODE__C =  PRI.CSPMB__PRICE_ITEM_CODE__C\nJOIN SF_CSCFGA__PRODUCT_DEFINITION PD ON PM.PRODUCT_DEFINITION = PD.NAME\n\nWHERE MS2.PROD_TYPE='Mobile'","isFileList":false,"handleSpecialChars":false,"handleDecimalRoundOff":false,"frsAsset":false,"dynamicFileName":false,"excludeDynamicFileNameField":false,"currentlyProcessedFileName":false,"retainFieldMetadata":false,"objectName":"DUMMY_src_Device","useExactSrcNames":false,"tgtObjectAttributes":{},"runtimeParameterData":{"@type":"mtTaskRuntimeParameterData","isConnectionRuntimeParameter":false,"isObjectRuntimeParameter":false},"overridableProperties":[],"overriddenFields":[]},{"@type":"mtTaskParameter","id":1900029,"name":"$src_Main_Service$","type":"SOURCE","label":"src_Main_Service","uiProperties":{"connectionParameterized":"false","isSelectDistinct":"false","objectParameterized":"false","visible":"false","originalPath":"src_Main_Service"},"sourceConnectionId":"@0aa38HfbIjadqoKlbnU14y","sourceObject":"DUMMY_src_Main_Service","newFlatFile":false,"newObject":false,"showBusinessNames":false,"naturalOrder":true,"truncateTarget":false,"bulkApiDBTarget":false,"customFuncCfg":{"@type":"customFuncConfig","id":-1,"connections":[],"inputMap":[],"outputFields":[]},"targetRefsV2":{},"targetUpdateColumns":[],"runtimeAttrs":{},"isRESTModernSource":true,"customQuery":"SELECT\n'FALSE'\t\t\t\t\t\t\t\t\t\t\tAS Activate_SIM__c\n,'Monthly'\t\t\t\t\t\t\t\t\t\tAS Bill_Frequency__c\n,PRI.id\t\t\t\t\t\t\t\t\t\t\tAS Commercial_Product__c\n,'TRUE'\t\t\t\t\t\t\t\t\t\t\tAS CPQ_Applied_ML_Discount__c\n,'FALSE'\t\t\t\t\t\t\t\t\t\tAS CPQ_Applied_Voucher__c\n,'TRUE'\t\t\t\t\t\t\t\t\t\t\tAS CPQ_Basket_Sync_Status__c\n,'FALSE'\t\t\t\t\t\t\t\t\t\tAS CPQ_Eligible_for_ML_Discount__c\n,'FALSE'\t\t\t\t\t\t\t\t\t\tAS CPQ_Included_in_Line_Count__c\n,'FALSE'\t\t\t\t\t\t\t\t\t\tAS CPQ_Is_Delivery_Required__c\n,'FALSE'\t\t\t\t\t\t\t\t\t\tAS CPQ_Is_Installation_Required__c\n,'New'\t\t\t\t\t\t\t\t\t\t\tAS CPQ_Order_Type__c\n,'FALSE'\t\t\t\t\t\t\t\t\t\tAS CPQ_Temp_Link__c\n,MS2.cscfga__total_contract_value__c\t\t\tAS CPQ_Total_Contract_Value__c\n,MS2.AGREEMENT_LIMIT\t\t\t\t\t\t\tAS cscfga__Billing_Frequency__c\n,'Valid'\t\t\t\t\t\t\t\t\t\tAS cscfga__Configuration_Status__c\n,MS2.AGREEMENT_LIMIT\t\t\t\t\t\t\tAS cscfga__Contract_Term__c\n,COALESCE(MS2.AGREEMENT_LIMIT, NULL)\t\t\tAS cscfga__Contract_Term_Period__c\n,'Month'\t\t\t\t\t\t\t\t\t\tAS cscfga__Contract_Term_Period_Description__c\n,COALESCE(MS2.commercial_product_name, NULL)\tAS cscfga__Description__c\n,'0'\t\t\t\t\t\t\t\t\t\t\tAS cscfga__Index__c\n,'0'\t\t\t\t\t\t\t\t\t\t\tAS cscfga__Last_Screen_Index__c\n,MS2.OTC_SALES_PRICE\t\t\t\t\t\t\tAS cscfga__One_Off_Charge__c\n,'0'\t\t\t\t\t\t\t\t\t\t\tAS cscfga__one_off_charge_line_discount_value__c\n,'0'\t\t\t\t\t\t\t\t\t\t\tAS cscfga__one_off_charge_product_discount_value__c\n,'Replace'\t\t\t\t\t\t\t\t\t\tAS cscfga__parent_discount__c\n,'Current'\t\t\t\t\t\t\t\t\t\tAS cscfga__pricing_status__c\n,MS2.SF_PRODUCT_BASKET_ID\t\t\t\t\t\tAS cscfga__Product_Basket__c\n,PRI.id\t\t\t\t\t\t\t\t\t\t\tAS cscfga__Product_Definition__c\n,'Mobile'\t\t\t\t\t\t\t\t\t\tAS cscfga__Product_Family__c\n,'1'\t\t\t\t\t\t\t\t\t\t\tAS cscfga__Quantity__c\n,MS2.AGREEMENT_LIMIT\t\t\t\t\t\t\tAS cscfga__Recurrence_Frequency__c\n,MS2.MRC_SALES_PRICE\t\t\t\t\t\t\tAS cscfga__Recurring_Charge__c\n,'0'\t\t\t\t\t\t\t\t\t\t\tAS cscfga__recurring_charge_line_discount_value__c\n,'0'\t\t\t\t\t\t\t\t\t\t\tAS cscfga__recurring_charge_product_discount_value__c\n,'SFDC Database only'\t\t\t\t\t\t\tAS cscfga__source_of_truth_location__c\n,MS2.cscfga__total_contract_value__c\t\t\tAS cscfga__total_contract_value__c\n,COALESCE(MS2.OTC_SALES_PRICE, '0')\t\t\t\tAS cscfga__total_one_off_charge__c\n,MS2.cscfga__total_contract_value__c\t\t\tAS cscfga__Total_Price__c\n,MS2.MRC_SALES_PRICE\t\t\t\t\t\t\tAS cscfga__total_recurring_charge__c\n,MS2.OTC_SALES_PRICE\t\t\t\t\t\t\tAS cscfga__unit_one_off_charge__c\n,MS2.cscfga__total_contract_value__c\t\t\tAS cscfga__Unit_Price__c\n,MS2.MRC_SALES_PRICE\t\t\t\t\t\t\tAS cscfga__unit_recurring_charge__c\n,MS2.OTC_LIST_PRICE\t\t\t\t\t\t\t\tAS csdiscounts__One_off_non_discounted__c\n,'FALSE'\t\t\t\t\t\t\t\t\t\tAS csordtelcoa__cancelled_by_change_process__c\n,'FALSE'\t\t\t\t\t\t\t\t\t\tAS csordtelcoa__Ignore_For_Order_Decomposition__c\n,'FALSE'\t\t\t\t\t\t\t\t\t\tAS csordtelcoa__is_quantity_based_selling__c\n,'0'\t\t\t\t\t\t\t\t\t\t\tAS cspl__Month_Term__c\n,MS2.SF_SOLUTION_ID\t\t\t\t\t\t\t\tAS cssdm__solution_association__c\n,'SGD'\t\t\t\t\t\t\t\t\t\t\tAS CurrencyIsoCode\n,'FALSE'\t\t\t\t\t\t\t\t\t\tAS Is_Main_Component__c\n,'FALSE'\t\t\t\t\t\t\t\t\t\tAS IsDeleted\n,'FALSE'\t\t\t\t\t\t\t\t\t\tAS IsMainConfiguration__c\n,MS2.PROD_ID \t\t\t\t\t\t\t\t\tAS Legacy_Id__c\n,COALESCE(MS2.commercial_product_name, NULL)\tAS Name\n,'FALSE'\t\t\t\t\t\t\t\t\t\tAS New_Sim_Flag__c\n,MS2.SF_SOLUTION_ID\t\t\t\t\t\t\t\tAS Original_Solution_Id__c\n,PM.plan_type\t\t\t\t\t\t\t\t\tAS Plan__c\n,PM.plan_type\t\t\t\t\t\t\t\t\tAS Plan_Category__c\n,PM.plan_type\t\t\t\t\t\t\t\t\tAS Plan_Name__c\n,PM.plan_type\t\t\t\t\t\t\t\t\tAS Plan_Type__c\n,'FALSE'\t\t\t\t\t\t\t\t\t\tAS PortIn_Indicator__c\n,MS2.activation_date\t\t\t\t\t\t\tAS RFS_Date__c\n,MS2.service_id\t\t\t\t\t\t\t\t\tAS Service_ID__c\n,'FALSE'\t\t\t\t\t\t\t\t\t\tAS Service_Is_Cancelled__c\n,SC.SIM_TYPE\t\t\t\t\t\t\t\t\tAS SIM_Card_Type__c\n,'0'\t\t\t\t\t\t\t\t\t\t\tAS Total_List_Price_Recurring__c\n-- ,Generate GUID via IICS\t\t\t\t\t\t\tAS runTimeGUID__c\n\n\n,'Mobile Service'\t\t\t\t\t\t\t\tAS PC_TYPE\n,'Mobile Service'\t\t\t\t\t\t\t\tAS REC_TYPE\n,MS.CUST_ID\n,MS.ACCT_ID\n,MS2.value\n,MS2.offer_type\n,MS2.offer_id\n,MS2.sf_pooling_subs_id\n,MS2.Contract_start_date\n,MS2.Contract_end_date\n,MS2.activation_date\n,MS2.ICCID\n,MS2.AGREEMENT_LIMIT\n\nFROM STG_EBS_MAIN_SERVICE_2 MS2\nJOIN STG_EBS_MAIN_SERVICE MS ON CAST(MS2.PROD_ID AS BIGINT) = CAST(MS.PROD_ID AS BIGINT)\nLEFT JOIN STG_EBS_SIM_CARD SC ON CAST(MS2.PROD_ID AS BIGINT) = SC.SUBS_ID\nJOIN SF_CSPMB__PRICE_ITEM__C PRI ON MS2.PLAN = PRI.NAME\nJOIN PRODUCT_MAPPING PM ON MS2.COMMERCIAL_PRODUCT_NAME = PM.SRC_PLAN_NAME\n\nWHERE MS2.PROD_TYPE='Mobile'","isFileList":false,"handleSpecialChars":false,"handleDecimalRoundOff":false,"frsAsset":false,"dynamicFileName":false,"excludeDynamicFileNameField":false,"currentlyProcessedFileName":false,"retainFieldMetadata":false,"objectName":"DUMMY_src_Main_Service","useExactSrcNames":false,"tgtObjectAttributes":{},"runtimeParameterData":{"@type":"mtTaskRuntimeParameterData","isConnectionRuntimeParameter":false,"isObjectRuntimeParameter":false},"overridableProperties":[],"overriddenFields":[]},{"@type":"mtTaskParameter","id":1900030,"name":"$src_Sharing_Service$","type":"SOURCE","label":"src_Sharing_Service","uiProperties":{"connectionParameterized":"false","isSelectDistinct":"false","objectParameterized":"false","visible":"false","originalPath":"src_Sharing_Service"},"sourceConnectionId":"@0aa38HfbIjadqoKlbnU14y","sourceObject":"DUMMY_src_Sharing_Service","newFlatFile":false,"newObject":false,"showBusinessNames":false,"naturalOrder":true,"truncateTarget":false,"bulkApiDBTarget":false,"customFuncCfg":{"@type":"customFuncConfig","id":-1,"connections":[],"inputMap":[],"outputFields":[]},"targetRefsV2":{},"targetUpdateColumns":[],"runtimeAttrs":{},"isRESTModernSource":true,"customQuery":"SELECT\n'FALSE'\t\t\t\t\t\t\t\t\t\tAS Activate_SIM__c\n,'Monthly'\t\t\t\t\t\t\t\t\tAS Bill_Frequency__c\n,PRI.id\t\t\t\t\t\t\t\t\t\tAS Commercial_Product__c\n,'TRUE'\t\t\t\t\t\t\t\t\t\tAS CPQ_Applied_ML_Discount__c\n,'FALSE'\t\t\t\t\t\t\t\t\tAS CPQ_Applied_Voucher__c\n,'TRUE'\t\t\t\t\t\t\t\t\t\tAS CPQ_Basket_Sync_Status__c\n,'FALSE'\t\t\t\t\t\t\t\t\tAS CPQ_Eligible_for_ML_Discount__c\n,'FALSE'\t\t\t\t\t\t\t\t\tAS CPQ_Included_in_Line_Count__c\n,'FALSE'\t\t\t\t\t\t\t\t\tAS CPQ_Is_Delivery_Required__c\n,'FALSE'\t\t\t\t\t\t\t\t\tAS CPQ_Is_Installation_Required__c\n,'New'\t\t\t\t\t\t\t\t\t\tAS CPQ_Order_Type__c\n,'FALSE'\t\t\t\t\t\t\t\t\tAS CPQ_Temp_Link__c\n,MS2.cscfga__total_contract_value__c\t\tAS CPQ_Total_Contract_Value__c\n,MS2.AGREEMENT_LIMIT\t\t\t\t\t\tAS cscfga__Billing_Frequency__c\n,'Valid'\t\t\t\t\t\t\t\t\tAS cscfga__Configuration_Status__c\n,MS2.AGREEMENT_LIMIT\t\t\t\t\t\tAS cscfga__Contract_Term__c\n,MS2.AGREEMENT_LIMIT\t\t\t\t\t\tAS cscfga__Contract_Term_Period__c\n,'Month'\t\t\t\t\t\t\t\t\tAS cscfga__Contract_Term_Period_Description__c\n,MS2.commercial_product_name\t\t\t\tAS cscfga__Description__c\n,'0'\t\t\t\t\t\t\t\t\t\tAS cscfga__Index__c\n,'0'\t\t\t\t\t\t\t\t\t\tAS cscfga__Last_Screen_Index__c\n,MS2.OTC_SALES_PRICE\t\t\t\t\t\tAS cscfga__One_Off_Charge__c\n,'0'\t\t\t\t\t\t\t\t\t\tAS cscfga__one_off_charge_line_discount_value__c\n,'0'\t\t\t\t\t\t\t\t\t\tAS cscfga__one_off_charge_product_discount_value__c\n,'Replace'\t\t\t\t\t\t\t\t\tAS cscfga__parent_discount__c\n,'Current'\t\t\t\t\t\t\t\t\tAS cscfga__pricing_status__c\n,MS2.SF_PRODUCT_BASKET_ID\t\t\t\t\tAS cscfga__Product_Basket__c\n,PRI.id\t\t\t\t\t\t\t\t\t\tAS cscfga__Product_Definition__c\n,'Mobile'\t\t\t\t\t\t\t\t\tAS cscfga__Product_Family__c\n,'1'\t\t\t\t\t\t\t\t\t\tAS cscfga__Quantity__c\n,MS2.AGREEMENT_LIMIT\t\t\t\t\t\tAS cscfga__Recurrence_Frequency__c\n,MS2.MRC_SALES_PRICE\t\t\t\t\t\tAS cscfga__Recurring_Charge__c\n,'0'\t\t\t\t\t\t\t\t\t\tAS cscfga__recurring_charge_line_discount_value__c\n,'0'\t\t\t\t\t\t\t\t\t\tAS cscfga__recurring_charge_product_discount_value__c\n,'SFDC Database only'\t\t\t\t\t\tAS cscfga__source_of_truth_location__c\n,MS2.cscfga__total_contract_value__c\t\tAS cscfga__total_contract_value__c\n,MS2.OTC_SALES_PRICE\t\t\t\t\t\tAS cscfga__total_one_off_charge__c\n,MS2.cscfga__total_contract_value__c\t\tAS cscfga__Total_Price__c\n,MS2.MRC_SALES_PRICE\t\t\t\t\t\tAS cscfga__total_recurring_charge__c\n,MS2.OTC_SALES_PRICE\t\t\t\t\t\tAS cscfga__unit_one_off_charge__c\n,MS2.cscfga__total_contract_value__c\t\tAS cscfga__Unit_Price__c\n,MS2.MRC_SALES_PRICE\t\t\t\t\t\tAS cscfga__unit_recurring_charge__c\n,MS2.OTC_LIST_PRICE\t\t\t\t\t\t\tAS csdiscounts__One_off_non_discounted__c\n,'FALSE'\t\t\t\t\t\t\t\t\tAS csordtelcoa__cancelled_by_change_process__c\n,'FALSE'\t\t\t\t\t\t\t\t\tAS csordtelcoa__Ignore_For_Order_Decomposition__c\n,'FALSE'\t\t\t\t\t\t\t\t\tAS csordtelcoa__is_quantity_based_selling__c\n,'0'\t\t\t\t\t\t\t\t\t\tAS cspl__Month_Term__c\n,MS2.SF_SOLUTION_ID\t\t\t\t\t\t\tAS cssdm__solution_association__c\n,'SGD'\t\t\t\t\t\t\t\t\t\tAS CurrencyIsoCode\n,'FALSE'\t\t\t\t\t\t\t\t\tAS Is_Main_Component__c\n,'FALSE'\t\t\t\t\t\t\t\t\tAS IsDeleted\n,'FALSE'\t\t\t\t\t\t\t\t\tAS IsMainConfiguration__c\n,MS2.PROD_ID \t\t\t\t\t\t\t\tAS Legacy_Id__c\n,MS2.commercial_product_name\t\t\t\tAS Name\n,'FALSE'\t\t\t\t\t\t\t\t\tAS New_Sim_Flag__c\n,MS2.SF_SOLUTION_ID\t\t\t\t\t\t\tAS Original_Solution_Id__c\n,PM.plan_type\t\t\t\t\t\t\t\tAS Plan__c\n,PM.plan_type\t\t\t\t\t\t\t\tAS Plan_Category__c\n,PM.plan_type\t\t\t\t\t\t\t\tAS Plan_Name__c\n,PM.plan_type\t\t\t\t\t\t\t\tAS Plan_Type__c\n,'FALSE'\t\t\t\t\t\t\t\t\tAS PortIn_Indicator__c\n,MS2.activation_date\t\t\t\t\t\tAS RFS_Date__c\n,MS2.service_id\t\t\t\t\t\t\t\tAS Service_ID__c\n,'FALSE'\t\t\t\t\t\t\t\t\tAS Service_Is_Cancelled__c\n,SC.SIM_TYPE \t\t\t\t\t\t\t\tAS SIM_Card_Type__c\n,'0'\t\t\t\t\t\t\t\t\t\tAS Total_List_Price_Recurring__c\n-- ,Generate GUID via IICS\t\t\t\t\t\tAS runTimeGUID__c\n\n,'Sharing Service'\t\t\t\t\t\t\tAS PC_TYPE\n,'Sharing Service'\t\t\t\t\t\t\tAS REC_TYPE\n,MS.CUST_ID\n,MS.ACCT_ID\n\nFROM STG_EBS_MAIN_SERVICE_2 MS2\nJOIN STG_EBS_MAIN_SERVICE MS ON CAST(MS2.PROD_ID AS BIGINT) = CAST(MS.PROD_ID AS BIGINT)\nLEFT JOIN STG_EBS_SIM_CARD SC ON CAST(MS2.PROD_ID AS BIGINT) = SC.SUBS_ID\nJOIN SF_CSPMB__PRICE_ITEM__C PRI ON MS2.PLAN = PRI.NAME\nJOIN PRODUCT_MAPPING PM ON MS2.COMMERCIAL_PRODUCT_NAME = PM.SRC_PLAN_NAME\n\nWHERE MS2.PROD_TYPE='Mobile'","isFileList":false,"handleSpecialChars":false,"handleDecimalRoundOff":false,"frsAsset":false,"dynamicFileName":false,"excludeDynamicFileNameField":false,"currentlyProcessedFileName":false,"retainFieldMetadata":false,"objectName":"DUMMY_src_Sharing_Service","useExactSrcNames":false,"tgtObjectAttributes":{},"runtimeParameterData":{"@type":"mtTaskRuntimeParameterData","isConnectionRuntimeParameter":false,"isObjectRuntimeParameter":false},"overridableProperties":[],"overriddenFields":[]},{"@type":"mtTaskParameter","id":1900031,"name":"$tgt_sf_pc$","type":"TARGET","label":"tgt_sf_pc","uiProperties":{"connectionParameterized":"false","objectParameterized":"false","visible":"false","defaultTargetUpdateColumns":"","supportApplyDDLChanges":"false","originalPath":"tgt_sf_pc"},"targetConnectionId":"@0aa38HfbIjadqoKlbnU14y","targetObject":"p2_ebs/TABLE/stg_ebs_pc","targetObjectLabel":"stg_ebs_pc","newFlatFile":false,"newObject":false,"showBusinessNames":false,"naturalOrder":true,"truncateTarget":false,"bulkApiDBTarget":false,"operationType":"Insert","customFuncCfg":{"@type":"customFuncConfig","id":-1,"connections":[],"inputMap":[],"outputFields":[]},"targetRefsV2":{},"targetUpdateColumns":[],"extendedObject":{"@type":"extendedObject","singleMode":true,"filters":[],"sortFields":[]},"runtimeAttrs":{},"isRESTModernSource":true,"isFileList":false,"handleSpecialChars":false,"handleDecimalRoundOff":false,"frsAsset":false,"dynamicFileName":false,"excludeDynamicFileNameField":false,"currentlyProcessedFileName":false,"retainFieldMetadata":false,"objectName":"p2_ebs/TABLE/stg_ebs_pc","objectLabel":"stg_ebs_pc","useExactSrcNames":false,"tgtObjectAttributes":{},"runtimeParameterData":{"@type":"mtTaskRuntimeParameterData","isConnectionRuntimeParameter":false,"isObjectRuntimeParameter":false},"overridableProperties":[],"overriddenFields":[]},{"@type":"mtTaskParameter","id":1900032,"name":"$tgt_sf_pc_addon$","type":"TARGET","label":"tgt_sf_pc_addon","uiProperties":{"connectionParameterized":"false","objectParameterized":"false","visible":"false","defaultTargetUpdateColumns":"","supportApplyDDLChanges":"false","originalPath":"tgt_sf_pc_addon"},"targetConnectionId":"@0aa38HfbIjadqoKlbnU14y","targetObject":"p2_ebs/TABLE/stg_ebs_pc","targetObjectLabel":"stg_ebs_pc","newFlatFile":false,"newObject":false,"showBusinessNames":false,"naturalOrder":true,"truncateTarget":false,"bulkApiDBTarget":false,"operationType":"Insert","customFuncCfg":{"@type":"customFuncConfig","id":-1,"connections":[],"inputMap":[],"outputFields":[]},"targetRefsV2":{},"targetUpdateColumns":[],"extendedObject":{"@type":"extendedObject","singleMode":true,"filters":[],"sortFields":[]},"runtimeAttrs":{},"isRESTModernSource":true,"isFileList":false,"handleSpecialChars":false,"handleDecimalRoundOff":false,"frsAsset":false,"dynamicFileName":false,"excludeDynamicFileNameField":false,"currentlyProcessedFileName":false,"retainFieldMetadata":false,"objectName":"p2_ebs/TABLE/stg_ebs_pc","objectLabel":"stg_ebs_pc","useExactSrcNames":false,"tgtObjectAttributes":{},"runtimeParameterData":{"@type":"mtTaskRuntimeParameterData","isConnectionRuntimeParameter":false,"isObjectRuntimeParameter":false},"overridableProperties":[],"overriddenFields":[]},{"@type":"mtTaskParameter","id":1900033,"name":"$tgt_sf_pc_device$","type":"TARGET","label":"tgt_sf_pc_device","uiProperties":{"connectionParameterized":"false","objectParameterized":"false","visible":"false","defaultTargetUpdateColumns":"","supportApplyDDLChanges":"false","originalPath":"tgt_sf_pc_device"},"targetConnectionId":"@0aa38HfbIjadqoKlbnU14y","targetObject":"p2_ebs/TABLE/stg_ebs_pc","targetObjectLabel":"stg_ebs_pc","newFlatFile":false,"newObject":false,"showBusinessNames":false,"naturalOrder":true,"truncateTarget":false,"bulkApiDBTarget":false,"operationType":"Insert","customFuncCfg":{"@type":"customFuncConfig","id":-1,"connections":[],"inputMap":[],"outputFields":[]},"targetRefsV2":{},"targetUpdateColumns":[],"extendedObject":{"@type":"extendedObject","singleMode":true,"filters":[],"sortFields":[]},"runtimeAttrs":{},"isRESTModernSource":true,"isFileList":false,"handleSpecialChars":false,"handleDecimalRoundOff":false,"frsAsset":false,"dynamicFileName":false,"excludeDynamicFileNameField":false,"currentlyProcessedFileName":false,"retainFieldMetadata":false,"objectName":"p2_ebs/TABLE/stg_ebs_pc","objectLabel":"stg_ebs_pc","useExactSrcNames":false,"tgtObjectAttributes":{},"runtimeParameterData":{"@type":"mtTaskRuntimeParameterData","isConnectionRuntimeParameter":false,"isObjectRuntimeParameter":false},"overridableProperties":[],"overriddenFields":[]},{"@type":"mtTaskParameter","id":1900034,"name":"$tgt_sf_pc_device_addon$","type":"TARGET","label":"tgt_sf_pc_device_addon","uiProperties":{"connectionParameterized":"false","objectParameterized":"false","visible":"false","defaultTargetUpdateColumns":"","supportApplyDDLChanges":"false","originalPath":"tgt_sf_pc_device_addon"},"targetConnectionId":"@0aa38HfbIjadqoKlbnU14y","targetObject":"p2_ebs/TABLE/stg_ebs_pc","targetObjectLabel":"stg_ebs_pc","newFlatFile":false,"newObject":false,"showBusinessNames":false,"naturalOrder":true,"truncateTarget":false,"bulkApiDBTarget":false,"operationType":"Insert","customFuncCfg":{"@type":"customFuncConfig","id":-1,"connections":[],"inputMap":[],"outputFields":[]},"targetRefsV2":{},"targetUpdateColumns":[],"extendedObject":{"@type":"extendedObject","singleMode":true,"filters":[],"sortFields":[]},"runtimeAttrs":{},"isRESTModernSource":true,"isFileList":false,"handleSpecialChars":false,"handleDecimalRoundOff":false,"frsAsset":false,"dynamicFileName":false,"excludeDynamicFileNameField":false,"currentlyProcessedFileName":false,"retainFieldMetadata":false,"objectName":"p2_ebs/TABLE/stg_ebs_pc","objectLabel":"stg_ebs_pc","useExactSrcNames":false,"tgtObjectAttributes":{},"runtimeParameterData":{"@type":"mtTaskRuntimeParameterData","isConnectionRuntimeParameter":false,"isObjectRuntimeParameter":false},"overridableProperties":[],"overriddenFields":[]},{"@type":"mtTaskParameter","id":1900035,"name":"$tgt_sf_pc_sharing$","type":"TARGET","label":"tgt_sf_pc_sharing","uiProperties":{"connectionParameterized":"false","objectParameterized":"false","visible":"false","defaultTargetUpdateColumns":"","supportApplyDDLChanges":"false","originalPath":"tgt_sf_pc_sharing"},"targetConnectionId":"@0aa38HfbIjadqoKlbnU14y","targetObject":"p2_ebs/TABLE/stg_ebs_pc","targetObjectLabel":"stg_ebs_pc","newFlatFile":false,"newObject":false,"showBusinessNames":false,"naturalOrder":true,"truncateTarget":false,"bulkApiDBTarget":false,"operationType":"Insert","customFuncCfg":{"@type":"customFuncConfig","id":-1,"connections":[],"inputMap":[],"outputFields":[]},"targetRefsV2":{},"targetUpdateColumns":[],"extendedObject":{"@type":"extendedObject","singleMode":true,"filters":[],"sortFields":[]},"runtimeAttrs":{},"isRESTModernSource":true,"isFileList":false,"handleSpecialChars":false,"handleDecimalRoundOff":false,"frsAsset":false,"dynamicFileName":false,"excludeDynamicFileNameField":false,"currentlyProcessedFileName":false,"retainFieldMetadata":false,"objectName":"p2_ebs/TABLE/stg_ebs_pc","objectLabel":"stg_ebs_pc","useExactSrcNames":false,"tgtObjectAttributes":{},"runtimeParameterData":{"@type":"mtTaskRuntimeParameterData","isConnectionRuntimeParameter":false,"isObjectRuntimeParameter":false},"overridableProperties":[],"overriddenFields":[]}],"sequences":[],"inOutParameters":[],"connRuntimeAttrs":[]}]