[{"@type":"mtTask","id":"@1","name":"mt_stg_ebs_pc_mobile","description":"export test","runtimeEnvironmentId":"@cUgvxjP6z42j5o2aizvbUV","maxLogs":10,"verbose":false,"lastRunTime":1717736469000,"mappingId":"@dubNhcKdNW3h2sRntMUl4W","frsGuid":"jpUPPJiIlmofJSQ9jGiIGH","shortDescription":"export test","sessionPropertiesList":[],"hidden":false,"enableCrossSchemaPushdown":true,"enableParallelRun":false,"autoTunedApplied":false,"autoTunedAppliedType":"NONE","schemaMode":"async","valid":true,"schemaValidationErrorCount":-1,"parameterFileEncoding":"UTF-8","serverlessProperties":{},"taskProperties":[{"@type":"taskProperty","name":"parameterFileDir","currentValue":"","type":"STRING","label":"label.parameterFileDir","required":false},{"@type":"taskProperty","name":"parameterFileName","currentValue":"","type":"STRING","label":"label.parameterFileName","required":false},{"@type":"taskProperty","name":"outboundMessageUrlQueueTime","currentValue":"","type":"NUMBER","label":"label.outboundMessageUrlQueueTime","required":false},{"@type":"taskProperty","name":"outboundMessageUrlToken","currentValue":"","type":"STRING","label":"label.outboundMessageUrlToken","required":false}],"optimizationPlan":"NONE","isMidstreamPreview":false,"parameters":[{"@type":"mtTaskParameter","id":3612650,"name":"$src_Addon_Device$","type":"SOURCE","label":"src_Addon_Device","uiProperties":{"connectionParameterized":"false","isSelectDistinct":"false","objectParameterized":"false","visible":"false","originalPath":"src_Addon_Device"},"sourceConnectionId":"@0aa38HfbIjadqoKlbnU14y","sourceObject":"DUMMY_src_Addon_Device","newFlatFile":false,"newObject":false,"showBusinessNames":false,"naturalOrder":true,"truncateTarget":false,"bulkApiDBTarget":false,"customFuncCfg":{"@type":"customFuncConfig","id":-1,"connections":[],"inputMap":[],"outputFields":[]},"targetRefsV2":{},"targetUpdateColumns":[],"runtimeAttrs":{},"isRESTModernSource":true,"customQuery":"With PD AS (select  '1' as row_id\n    ,Id as PD_Id\n   ,name\n   \nfrom sf_cscfga__Product_Definition\nwhere name = 'Mobile Device Addon'\nand cscfga__active__c = '1'\n)\n\nSELECT\n'false'\t\t\t\t\t\t\tAS Activate_SIM__c\n--,PRI.ID\t\t\t\t\t\tAS Commercial_Product__c\n,''                             AS Commercial_Product__c -- handled in merge_sf_pc mapping\n,'true'\t\t\t\t\t\t\tAS CPQ_Applied_ML_Discount__c\n,'false'\t\t\t\t\t\tAS CPQ_Applied_Voucher__c\n,'true'\t\t\t\t\t\t\tAS CPQ_Basket_Sync_Status__c\n,'false'\t\t\t\t\t\tAS CPQ_Eligible_for_ML_Discount__c\n,'false'\t\t\t\t\t\tAS CPQ_Included_in_Line_Count__c\n,'false'\t\t\t\t\t\tAS CPQ_Is_Delivery_Required__c\n,'false'\t\t\t\t\t\tAS CPQ_Is_Installation_Required__c\n,'New'\t\t\t\t\t\t\tAS CPQ_Order_Type__c\n,'false'\t\t\t\t\t\tAS CPQ_Temp_Link__c\n,''\t\t\t\t\t\t\t\tAS CPQ_Total_Contract_Value__c\n,MS2.AGREEMENT_LIMIT\t\t\tAS cscfga__Billing_Frequency__c\n,'Valid'\t\t\t\t\t\tAS cscfga__Configuration_Status__c\n,MS2.AGREEMENT_LIMIT\t\t\tAS cscfga__Contract_Term__c\n,MS2.AGREEMENT_LIMIT\t\t\tAS cscfga__Contract_Term_Period__c\n,'Month'\t\t\t\t\t\tAS cscfga__Contract_Term_Period_Description__c\n,PM.PLAN\t\t\t\t\t\tAS cscfga__Description__c\n,'0'\t\t\t\t\t\t\tAS cscfga__Index__c\n,'0'\t\t\t\t\t\t\tAS cscfga__Last_Screen_Index__c\n,DS.OTC_SALES_PRICE\t\t\t\tAS cscfga__One_Off_Charge__c\n,'0'\t\t\t\t\t\t\tAS cscfga__one_off_charge_line_discount_value__c\n,'0'\t\t\t\t\t\t\tAS cscfga__one_off_charge_product_discount_value__c\n,'Replace'\t\t\t\t\t\tAS cscfga__parent_discount__c\n,'Current'\t\t\t\t\t\tAS cscfga__pricing_status__c\n,MS2.SF_PRODUCT_BASKET_ID\t\tAS cscfga__Product_Basket__c\n,PD.PD_Id\t\t\t\t\t\t\tAS cscfga__Product_Definition__c\n--,PD.name                        AS cscfga__Product_Family__c\n,'Mobile'\t\t\t\t\t\tAS cscfga__Product_Family__c\n,'1'\t\t\t\t\t\t\tAS cscfga__Quantity__c\n,MS2.AGREEMENT_LIMIT\t\t\tAS cscfga__Recurrence_Frequency__c\n,DS.MRC_SALES_PRICE\t\t\t\tAS cscfga__Recurring_Charge__c\n,'0'\t\t\t\t\t\t\tAS cscfga__recurring_charge_line_discount_value__c\n,'0'\t\t\t\t\t\t\tAS cscfga__recurring_charge_product_discount_value__c\n,'SFDC Database only'\t\t\tAS cscfga__source_of_truth_location__c\n,DS.OTC_SALES_PRICE\t\t\t\tAS cscfga__total_one_off_charge__c\n,DS.MRC_SALES_PRICE\t\t\t\tAS cscfga__total_recurring_charge__c\n,DS.OTC_SALES_PRICE\t\t\t\tAS cscfga__unit_one_off_charge__c\n,DS.MRC_SALES_PRICE\t\t\t\tAS cscfga__unit_recurring_charge__c\n,DS.OTC_LIST_PRICE\t\t\t\tAS csdiscounts__One_off_non_discounted__c\n,'false'\t\t\t\t\t\tAS csordtelcoa__cancelled_by_change_process__c\n,'false'\t\t\t\t\t\tAS csordtelcoa__Ignore_For_Order_Decomposition__c\n,'false'\t\t\t\t\t\tAS csordtelcoa__is_quantity_based_selling__c\n,'0'\t\t\t\t\t\t\tAS cspl__Month_Term__c\n,MS2.SF_SOLUTION_ID\t\t\t\tAS cssdm__solution_association__c\n,'SGD'\t\t\t\t\t\t\tAS CurrencyIsoCode\n,'false'\t\t\t\t\t\tAS Is_Main_Component__c\n,'false'\t\t\t\t\t\tAS IsDeleted\n,'false'\t\t\t\t\t\tAS IsMainConfiguration__c\n,DS.PROD_ID\t\t\t\t\t\tAS Legacy_Id__c\n,PM.PLAN\t\t\t\t\t\tAS Name\n,'false'\t\t\t\t\t\tAS New_Sim_Flag__c\n,MS2.SF_SOLUTION_ID\t\t\t\tAS Original_Solution_Id__c\n,'false'\t\t\t\t\t\tAS PortIn_Indicator__c\n,'false'\t\t\t\t\t\tAS Service_Is_Cancelled__c\n,'0'\t\t\t\t\t\t\tAS Total_List_Price_Recurring__c\n\n,'Mobile Device Addon'\t\t\tAS PC_TYPE\n,'Mobile Device Addon'\t\t\tAS REC_TYPE\n,'true'\t\t\t\t\t\t\t\t\t\t\tAS ismainflag\n,DS.CUST_ID\n,DS.ACCT_ID\n,PM.cspmb__price_item_code__c\nFROM STG_EBS_DEVICE_SERVICE DS\nJOIN STG_EBS_MAIN_SERVICE_2 MS2 ON CAST(DS.PROD_ID AS VARCHAR) = CAST(MS2.PROD_ID AS VARCHAR)\n--LEFT JOIN OFFER_CP_MAP OM ON DS.DEVICE_MODEL = OM.EBS_OFFER_NAME\nJOIN PD PD ON '1'=PD.row_id\nLEFT JOIN PRODUCT_MAPPING PM  --ON OM.EBS_OFFER_ID=PM.SRC_PROD_ID\n ON DS.subs_goods_inst_id=PM.src_prod_id\n--LEFT JOIN SF_CSPMB__PRICE_ITEM__C PRI ON PM.CSPMB__PRICE_ITEM_CODE__C =  PRI.CSPMB__PRICE_ITEM_CODE__C\n--LEFT JOIN SF_CSCFGA__PRODUCT_DEFINITION PD ON PM.PRODUCT_DEFINITION = PD.NAME\n\nWHERE MS2.PROD_TYPE='Mobile'\nAND PM.PRODUCT_DEFINITION='Mobile Device Addon'","isFileList":false,"handleSpecialChars":false,"handleDecimalRoundOff":false,"frsAsset":false,"dynamicFileName":false,"excludeDynamicFileNameField":false,"currentlyProcessedFileName":false,"retainFieldMetadata":false,"objectName":"DUMMY_src_Addon_Device","useExactSrcNames":false,"userUpdated":true,"fetchMode":"ORIGINAL","tgtObjectAttributes":{},"runtimeParameterData":{"@type":"mtTaskRuntimeParameterData","isConnectionRuntimeParameter":false,"isObjectRuntimeParameter":false},"overridableProperties":[],"overriddenFields":[]},{"@type":"mtTaskParameter","id":3612651,"name":"$src_Addon_Service$","type":"SOURCE","label":"src_Addon_Service","uiProperties":{"connectionParameterized":"false","isSelectDistinct":"false","objectParameterized":"false","visible":"false","originalPath":"src_Addon_Service"},"sourceConnectionId":"@0aa38HfbIjadqoKlbnU14y","sourceObject":"DUMMY_src_Addon_Service","newFlatFile":false,"newObject":false,"showBusinessNames":false,"naturalOrder":true,"truncateTarget":false,"bulkApiDBTarget":false,"customFuncCfg":{"@type":"customFuncConfig","id":-1,"connections":[],"inputMap":[],"outputFields":[]},"targetRefsV2":{},"targetUpdateColumns":[],"runtimeAttrs":{},"isRESTModernSource":true,"customQuery":"With PD AS (select  '1' as row_id\n    ,Id as PD_Id\n   ,name\n   \nfrom sf_cscfga__Product_Definition\nwhere name = 'Mobile Service Addon'\nand cscfga__active__c = '1'\n)\n\nSELECT\n'false'\t\t\t\t\t\t\t\t\tAS Activate_SIM__c\n--,PRI.id\t\t\t\t\t\t\t\tAS Commercial_Product__c\n,''                                     AS Commercial_Product__c -- handled in merge_sf_pc mapping\n,'true'\t\t\t\t\t\t\t\t\tAS CPQ_Applied_ML_Discount__c\n,'false'\t\t\t\t\t\t\t\tAS CPQ_Applied_Voucher__c\n,'true'\t\t\t\t\t\t\t\t\tAS CPQ_Basket_Sync_Status__c\n,'false'\t\t\t\t\t\t\t\tAS CPQ_Eligible_for_ML_Discount__c\n,'false'\t\t\t\t\t\t\t\tAS CPQ_Included_in_Line_Count__c\n,'false'\t\t\t\t\t\t\t\tAS CPQ_Is_Delivery_Required__c\n,'false'\t\t\t\t\t\t\t\tAS CPQ_Is_Installation_Required__c\n,'New'\t\t\t\t\t\t\t\t\tAS CPQ_Order_Type__c\n,'false'\t\t\t\t\t\t\t\tAS CPQ_Temp_Link__c\n,''\t\t\t\t\t\t\t\t\t\tAS CPQ_Total_Contract_Value__c\n,ADS.AGREEMENT_LIMIT\t\t\t\t\tAS cscfga__Billing_Frequency__c\n,'Valid'\t\t\t\t\t\t\t\tAS cscfga__Configuration_Status__c\n,ADS.AGREEMENT_LIMIT\t\t\t\t\tAS cscfga__Contract_Term__c\n,ADS.AGREEMENT_LIMIT\t\t\t\t\tAS cscfga__Contract_Term_Period__c\n,'Month'\t\t\t\t\t\t\t\tAS cscfga__Contract_Term_Period_Description__c\n,PM.plan\t\t\t\t\t\t\t\tAS cscfga__Description__c\n,'0'\t\t\t\t\t\t\t\t\tAS cscfga__Index__c\n,'0'\t\t\t\t\t\t\t\t\tAS cscfga__Last_Screen_Index__c\n,ADS.OTC_SALES_PRICE\t\t\t\t\tAS cscfga__One_Off_Charge__c\n,'0'\t\t\t\t\t\t\t\t\tAS cscfga__one_off_charge_line_discount_value__c\n,'0'\t\t\t\t\t\t\t\t\tAS cscfga__one_off_charge_product_discount_value__c\n,'Replace'\t\t\t\t\t\t\t\tAS cscfga__parent_discount__c\n,'Current'\t\t\t\t\t\t\t\tAS cscfga__pricing_status__c\n,MS2.SF_PRODUCT_BASKET_ID\t\t\t\tAS cscfga__Product_Basket__c\n,PD.PD_ID\t\t\t\t\t\t\t\t\tAS cscfga__Product_Definition__c\n--,PD.name                              AS cscfga__Product_Family__c\n,'Mobile'\t\t\t\t\t\t\t\tAS cscfga__Product_Family__c\n,'1'\t\t\t\t\t\t\t\t\tAS cscfga__Quantity__c\n,ADS.AGREEMENT_LIMIT\t\t\t\t\tAS cscfga__Recurrence_Frequency__c\n,ADS.MRC_SALES_PRICE\t\t\t\t\tAS cscfga__Recurring_Charge__c\n,'0'\t\t\t\t\t\t\t\t\tAS cscfga__recurring_charge_line_discount_value__c\n,'0'\t\t\t\t\t\t\t\t\tAS cscfga__recurring_charge_product_discount_value__c\n,'SFDC Database only'\t\t\t\t\tAS cscfga__source_of_truth_location__c\n,COALESCE(ADS.OTC_SALES_PRICE, '0')\t\tAS cscfga__total_one_off_charge__c\n,ADS.MRC_SALES_PRICE\t\t\t\t\tAS cscfga__total_recurring_charge__c\n,ADS.OTC_SALES_PRICE\t\t\t\t\tAS cscfga__unit_one_off_charge__c\n,ADS.MRC_SALES_PRICE\t\t\t\t\tAS cscfga__unit_recurring_charge__c\n,ADS.OTC_LIST_PRICE\t\t\t\t\t\tAS csdiscounts__One_off_non_discounted__c\n,'false'\t\t\t\t\t\t\t\tAS csordtelcoa__cancelled_by_change_process__c\n,'false'\t\t\t\t\t\t\t\tAS csordtelcoa__Ignore_For_Order_Decomposition__c\n,'false'\t\t\t\t\t\t\t\tAS csordtelcoa__is_quantity_based_selling__c\n,'0'\t\t\t\t\t\t\t\t\tAS cspl__Month_Term__c\n,MS2.SF_SOLUTION_ID\t\t\t\t\t\tAS cssdm__solution_association__c\n,'SGD'\t\t\t\t\t\t\t\t\tAS CurrencyIsoCode\n,'false'\t\t\t\t\t\t\t\tAS Is_Main_Component__c\n,'false'\t\t\t\t\t\t\t\tAS IsDeleted\n,'false'\t\t\t\t\t\t\t\tAS IsMainConfiguration__c\n,ADS.PROD_ID \t\t\t\t\t\t\tAS Legacy_Id__c\n,PM.plan\t\t\t\t\t\t\t\tAS Name\n,'false'\t\t\t\t\t\t\t\tAS New_Sim_Flag__c\n,MS2.SF_SOLUTION_ID\t\t\t\t\t\tAS Original_Solution_Id__c\n,PM.plan_type\t\t\t\t\t\t\tAS Plan__c\n,PM.plan_type\t\t\t\t\t\t\tAS Plan_Category__c\n,PM.plan_type\t\t\t\t\t\t\tAS Plan_Name__c\n,PM.plan_type\t\t\t\t\t\t\tAS Plan_Type__c\n,'false'\t\t\t\t\t\t\t\tAS PortIn_Indicator__c\n,'false'\t\t\t\t\t\t\t\tAS Service_Is_Cancelled__c\n,'0'\t\t\t\t\t\t\t\t\tAS Total_List_Price_Recurring__c\n\n,'Mobile Service Addon'\t\t\t\t\tAS PC_TYPE\n,'Mobile Service Addon'\t\t\t\t\tAS REC_TYPE\n,'true'\t\t\t\t\t\t\t\t\t\t\tAS ismainflag\n,ADS.CUST_ID\n,ADS.ACCT_ID\n,PM.cspmb__price_item_code__c\n\nFROM STG_EBS_ADDON_SERVICE ADS\nJOIN STG_EBS_MAIN_SERVICE_2 MS2 ON MS2.PROD_ID = CAST(ADS.INDEP_PROD_ID AS VARCHAR)\nLEFT JOIN PRODUCT_MAPPING PM ON CAST(ADS.OFFER_ID AS VARCHAR) = PM.SRC_PROD_ID\nJOIN PD PD ON '1'=PD.row_id \n--LEFT JOIN SF_CSPMB__PRICE_ITEM__C PRI ON PM.CSPMB__PRICE_ITEM_CODE__C =  PRI.CSPMB__PRICE_ITEM_CODE__C\n\n--JOIN OFFER_CP_MAP OM ON CAST(ADS.OFFER_ID AS VARCHAR) = CAST(OM.EBS_OFFER_ID AS VARCHAR)\n\n--LEFT JOIN PRODUCT_MAPPING PM1 ON MS2.COMMERCIAL_PRODUCT_NAME = PM.SRC_PLAN_NAME\n\nWHERE --OM.ID IS NOT NULL AND\n MS2.PROD_TYPE='Mobile'\nAND PM.PRODUCT_DEFINITION='Mobile Service Addon'","isFileList":false,"handleSpecialChars":false,"handleDecimalRoundOff":false,"frsAsset":false,"dynamicFileName":false,"excludeDynamicFileNameField":false,"currentlyProcessedFileName":false,"retainFieldMetadata":false,"objectName":"DUMMY_src_Addon_Service","useExactSrcNames":false,"userUpdated":true,"fetchMode":"ORIGINAL","tgtObjectAttributes":{},"runtimeParameterData":{"@type":"mtTaskRuntimeParameterData","isConnectionRuntimeParameter":false,"isObjectRuntimeParameter":false},"overridableProperties":[],"overriddenFields":[]},{"@type":"mtTaskParameter","id":3612652,"name":"$src_Device$","type":"SOURCE","label":"src_Device","uiProperties":{"connectionParameterized":"false","isSelectDistinct":"false","objectParameterized":"false","visible":"false","originalPath":"src_Device"},"sourceConnectionId":"@0aa38HfbIjadqoKlbnU14y","sourceObject":"DUMMY_src_Device","newFlatFile":false,"newObject":false,"showBusinessNames":false,"naturalOrder":true,"truncateTarget":false,"bulkApiDBTarget":false,"customFuncCfg":{"@type":"customFuncConfig","id":-1,"connections":[],"inputMap":[],"outputFields":[]},"targetRefsV2":{},"targetUpdateColumns":[],"runtimeAttrs":{},"isRESTModernSource":true,"customQuery":"With PD AS (select  '1' as row_id\n    ,Id as PD_Id\n   ,name\n   \nfrom sf_cscfga__Product_Definition\nwhere name = 'Mobile Device'\nand cscfga__active__c = '1'\n)\n\nSELECT\n'false'\t\t\t\t\t\t\tAS Activate_SIM__c\n--,PRI.ID\t\t\t\t\t\t\tAS Commercial_Product__c\n,''                             AS Commercial_Product__c -- handled in merge_sf_pc mapping\n,'true'\t\t\t\t\t\t\tAS CPQ_Applied_ML_Discount__c\n,'false'\t\t\t\t\t\tAS CPQ_Applied_Voucher__c\n,'true'\t\t\t\t\t\t\tAS CPQ_Basket_Sync_Status__c\n,'false'\t\t\t\t\t\tAS CPQ_Eligible_for_ML_Discount__c\n,'false'\t\t\t\t\t\tAS CPQ_Included_in_Line_Count__c\n,'false'\t\t\t\t\t\tAS CPQ_Is_Delivery_Required__c\n,'false'\t\t\t\t\t\tAS CPQ_Is_Installation_Required__c\n,'New'\t\t\t\t\t\t\tAS CPQ_Order_Type__c\n,'false'\t\t\t\t\t\tAS CPQ_Temp_Link__c\n,''\t\t\t\t\t\t\t\tAS CPQ_Total_Contract_Value__c\n,MS2.AGREEMENT_LIMIT\t\t\tAS cscfga__Billing_Frequency__c\n,'Valid'\t\t\t\t\t\tAS cscfga__Configuration_Status__c\n,MS2.AGREEMENT_LIMIT\t\t\tAS cscfga__Contract_Term__c\n,MS2.AGREEMENT_LIMIT\t\t\tAS cscfga__Contract_Term_Period__c\n,'Month'\t\t\t\t\t\tAS cscfga__Contract_Term_Period_Description__c\n,PM.PLAN\t\t\t\t\t\tAS cscfga__Description__c\n,'0'\t\t\t\t\t\t\tAS cscfga__Index__c\n,'0'\t\t\t\t\t\t\tAS cscfga__Last_Screen_Index__c\n,DS.OTC_SALES_PRICE\t\t\t\tAS cscfga__One_Off_Charge__c\n,'0'\t\t\t\t\t\t\tAS cscfga__one_off_charge_line_discount_value__c\n,'0'\t\t\t\t\t\t\tAS cscfga__one_off_charge_product_discount_value__c\n,'Replace'\t\t\t\t\t\tAS cscfga__parent_discount__c\n,'Current'\t\t\t\t\t\tAS cscfga__pricing_status__c\n,MS2.SF_PRODUCT_BASKET_ID\t\tAS cscfga__Product_Basket__c\n,PD.PD_Id\t\t\t\t\t\t\tAS cscfga__Product_Definition__c\n--,PD.name                        AS cscfga__Product_Family__c\n,'Mobile'\t\t\t\t\t\tAS cscfga__Product_Family__c\n,'1'\t\t\t\t\t\t\tAS cscfga__Quantity__c\n,MS2.AGREEMENT_LIMIT\t\t\tAS cscfga__Recurrence_Frequency__c\n,DS.MRC_SALES_PRICE\t\t\t\tAS cscfga__Recurring_Charge__c\n,'0'\t\t\t\t\t\t\tAS cscfga__recurring_charge_line_discount_value__c\n,'0'\t\t\t\t\t\t\tAS cscfga__recurring_charge_product_discount_value__c\n,'SFDC Database only'\t\t\tAS cscfga__source_of_truth_location__c\n,DS.OTC_SALES_PRICE\t\t\t\tAS cscfga__total_one_off_charge__c\n,DS.MRC_SALES_PRICE\t\t\t\tAS cscfga__total_recurring_charge__c\n,DS.OTC_SALES_PRICE\t\t\t\tAS cscfga__unit_one_off_charge__c\n,DS.MRC_SALES_PRICE\t\t\t\tAS cscfga__unit_recurring_charge__c\n,DS.OTC_LIST_PRICE\t\t\t\tAS csdiscounts__One_off_non_discounted__c\n,'false'\t\t\t\t\t\tAS csordtelcoa__cancelled_by_change_process__c\n,'false'\t\t\t\t\t\tAS csordtelcoa__Ignore_For_Order_Decomposition__c\n,'false'\t\t\t\t\t\tAS csordtelcoa__is_quantity_based_selling__c\n,'0'\t\t\t\t\t\t\tAS cspl__Month_Term__c\n,MS2.SF_SOLUTION_ID\t\t\t\tAS cssdm__solution_association__c\n,'SGD'\t\t\t\t\t\t\tAS CurrencyIsoCode\n,'false'\t\t\t\t\t\tAS Is_Main_Component__c\n,'false'\t\t\t\t\t\tAS IsDeleted\n,'false'\t\t\t\t\t\tAS IsMainConfiguration__c\n,DS.PROD_ID\t\t\t\t\t\tAS Legacy_Id__c\n,PM.PLAN\t\t\t\t\t\tAS Name\n,'false'\t\t\t\t\t\tAS New_Sim_Flag__c\n,MS2.SF_SOLUTION_ID\t\t\t\tAS Original_Solution_Id__c\n,'false'\t\t\t\t\t\tAS PortIn_Indicator__c\n,'false'\t\t\t\t\t\tAS Service_Is_Cancelled__c\n,'0'\t\t\t\t\t\t\tAS Total_List_Price_Recurring__c\n\n,'Mobile Device'\t\t\t\tAS PC_TYPE\n,'Mobile Device'\t\t\t\tAS REC_TYPE\n,'true'\t\t\t\t\t\t\t\t\t\t\tAS ismainflag\n,DS.CUST_ID\n,DS.ACCT_ID,\nPM.cspmb__price_item_code__c\n\nFROM STG_EBS_DEVICE_SERVICE DS\nJOIN STG_EBS_MAIN_SERVICE_2 MS2 ON CAST(DS.PROD_ID AS VARCHAR) = CAST(MS2.PROD_ID AS VARCHAR)\n--LEFT JOIN OFFER_CP_MAP OM ON DS.DEVICE_MODEL = OM.EBS_OFFER_NAME\nJOIN PD PD ON '1'=PD.row_id\nLEFT JOIN PRODUCT_MAPPING PM --ON OM.EBS_OFFER_ID=PM.SRC_PROD_ID\nON DS.subs_goods_inst_id=PM.src_prod_id\n--LEFT JOIN SF_CSPMB__PRICE_ITEM__C PRI ON PM.CSPMB__PRICE_ITEM_CODE__C =  PRI.CSPMB__PRICE_ITEM_CODE__C\n--LEFT JOIN SF_CSCFGA__PRODUCT_DEFINITION PD ON PM.PRODUCT_DEFINITION = PD.NAME\n\nWHERE MS2.PROD_TYPE='Mobile'\nAND PM.PRODUCT_DEFINITION='Mobile Device'","isFileList":false,"handleSpecialChars":false,"handleDecimalRoundOff":false,"frsAsset":false,"dynamicFileName":false,"excludeDynamicFileNameField":false,"currentlyProcessedFileName":false,"retainFieldMetadata":false,"objectName":"DUMMY_src_Device","useExactSrcNames":false,"userUpdated":true,"fetchMode":"ORIGINAL","tgtObjectAttributes":{},"runtimeParameterData":{"@type":"mtTaskRuntimeParameterData","isConnectionRuntimeParameter":false,"isObjectRuntimeParameter":false},"overridableProperties":[],"overriddenFields":[]},{"@type":"mtTaskParameter","id":3612653,"name":"$src_Main_Service$","type":"SOURCE","label":"src_Main_Service","uiProperties":{"connectionParameterized":"false","isSelectDistinct":"false","objectParameterized":"false","visible":"false","originalPath":"src_Main_Service"},"sourceConnectionId":"@0aa38HfbIjadqoKlbnU14y","sourceObject":"DUMMY_src_Main_Service","newFlatFile":false,"newObject":false,"showBusinessNames":false,"naturalOrder":true,"truncateTarget":false,"bulkApiDBTarget":false,"customFuncCfg":{"@type":"customFuncConfig","id":-1,"connections":[],"inputMap":[],"outputFields":[]},"targetRefsV2":{},"targetUpdateColumns":[],"runtimeAttrs":{},"isRESTModernSource":true,"customQuery":"With PD AS (select  '1' as row_id\n    ,Id as PD_Id\n   ,name\n   \nfrom sf_cscfga__Product_Definition\nwhere name = 'Mobile Service'\nand cscfga__active__c = '1'\n)\n\nSELECT\n'false'\t\t\t\t\t\t\t\t\t\t\tAS Activate_SIM__c\n,'Monthly'\t\t\t\t\t\t\t\t\t\tAS Bill_Frequency__c\n--,PRI.id\t\t\t\t\t\t\t\t\t\tAS Commercial_Product__c\n,''                                             AS Commercial_Product__c -- handled in merge_sf_pc mapping\n,'true'\t\t\t\t\t\t\t\t\t\t\tAS CPQ_Applied_ML_Discount__c\n,'false'\t\t\t\t\t\t\t\t\t\tAS CPQ_Applied_Voucher__c\n,'true'\t\t\t\t\t\t\t\t\t\t\tAS CPQ_Basket_Sync_Status__c\n,'false'\t\t\t\t\t\t\t\t\t\tAS CPQ_Eligible_for_ML_Discount__c\n,'false'\t\t\t\t\t\t\t\t\t\tAS CPQ_Included_in_Line_Count__c\n,'false'\t\t\t\t\t\t\t\t\t\tAS CPQ_Is_Delivery_Required__c\n,'false'\t\t\t\t\t\t\t\t\t\tAS CPQ_Is_Installation_Required__c\n,'New'\t\t\t\t\t\t\t\t\t\t\tAS CPQ_Order_Type__c\n,'false'\t\t\t\t\t\t\t\t\t\tAS CPQ_Temp_Link__c\n,MS2.cscfga__total_contract_value__c\t\t\tAS CPQ_Total_Contract_Value__c\n,MS2.AGREEMENT_LIMIT\t\t\t\t\t\t\tAS cscfga__Billing_Frequency__c\n,'Valid'\t\t\t\t\t\t\t\t\t\tAS cscfga__Configuration_Status__c\n,MS2.AGREEMENT_LIMIT\t\t\t\t\t\t\tAS cscfga__Contract_Term__c\n,MS2.AGREEMENT_LIMIT\t\t\t\t\t\t\tAS cscfga__Contract_Term_Period__c\n,'Month'\t\t\t\t\t\t\t\t\t\tAS cscfga__Contract_Term_Period_Description__c\n,MS2.commercial_product_name\t\t\t\t\tAS cscfga__Description__c\n,'0'\t\t\t\t\t\t\t\t\t\t\tAS cscfga__Index__c\n,'0'\t\t\t\t\t\t\t\t\t\t\tAS cscfga__Last_Screen_Index__c\n,MS2.OTC_SALES_PRICE\t\t\t\t\t\t\tAS cscfga__One_Off_Charge__c\n,'0'\t\t\t\t\t\t\t\t\t\t\tAS cscfga__one_off_charge_line_discount_value__c\n,'0'\t\t\t\t\t\t\t\t\t\t\tAS cscfga__one_off_charge_product_discount_value__c\n,'Replace'\t\t\t\t\t\t\t\t\t\tAS cscfga__parent_discount__c\n,'Current'\t\t\t\t\t\t\t\t\t\tAS cscfga__pricing_status__c\n,MS2.SF_PRODUCT_BASKET_ID\t\t\t\t\t\tAS cscfga__Product_Basket__c\n--,PRI.id\t\t\t\t\t\t\t\t\t\t\tAS cscfga__Product_Definition__c\n,PD.PD_Id \t\t\t\tAS cscfga__Product_Definition__c\n,'Mobile'\t\t\t\t\t\t\t\t\t\tAS cscfga__Product_Family__c\n--,PD.name                AS cscfga__Product_Family__c\n,'1'\t\t\t\t\t\t\t\t\t\t\tAS cscfga__Quantity__c\n,MS2.AGREEMENT_LIMIT\t\t\t\t\t\t\tAS cscfga__Recurrence_Frequency__c\n,MS2.MRC_SALES_PRICE\t\t\t\t\t\t\tAS cscfga__Recurring_Charge__c\n,'0'\t\t\t\t\t\t\t\t\t\t\tAS cscfga__recurring_charge_line_discount_value__c\n,'0'\t\t\t\t\t\t\t\t\t\t\tAS cscfga__recurring_charge_product_discount_value__c\n,'SFDC Database only'\t\t\t\t\t\t\tAS cscfga__source_of_truth_location__c\n,MS2.cscfga__total_contract_value__c\t\t\tAS cscfga__total_contract_value__c\n,MS2.OTC_SALES_PRICE\t\t\t\t\t\t\tAS cscfga__total_one_off_charge__c\n,MS2.cscfga__total_contract_value__c\t\t\tAS cscfga__Total_Price__c\n,MS2.MRC_SALES_PRICE\t\t\t\t\t\t\tAS cscfga__total_recurring_charge__c\n,MS2.OTC_SALES_PRICE\t\t\t\t\t\t\tAS cscfga__unit_one_off_charge__c\n,MS2.cscfga__total_contract_value__c\t\t\tAS cscfga__Unit_Price__c\n,MS2.MRC_SALES_PRICE\t\t\t\t\t\t\tAS cscfga__unit_recurring_charge__c\n,MS2.OTC_LIST_PRICE\t\t\t\t\t\t\t\tAS csdiscounts__One_off_non_discounted__c\n,'false'\t\t\t\t\t\t\t\t\t\tAS csordtelcoa__cancelled_by_change_process__c\n,'false'\t\t\t\t\t\t\t\t\t\tAS csordtelcoa__Ignore_For_Order_Decomposition__c\n,'false'\t\t\t\t\t\t\t\t\t\tAS csordtelcoa__is_quantity_based_selling__c\n,'0'\t\t\t\t\t\t\t\t\t\t\tAS cspl__Month_Term__c\n,MS2.SF_SOLUTION_ID\t\t\t\t\t\t\t\tAS cssdm__solution_association__c\n,'SGD'\t\t\t\t\t\t\t\t\t\t\tAS CurrencyIsoCode\n,'false'\t\t\t\t\t\t\t\t\t\tAS Is_Main_Component__c\n,'false'\t\t\t\t\t\t\t\t\t\tAS IsDeleted\n,'false'\t\t\t\t\t\t\t\t\t\tAS IsMainConfiguration__c\n,MS2.PROD_ID \t\t\t\t\t\t\t\t\tAS Legacy_Id__c\n,MS2.commercial_product_name\t\t\t\t\tAS Name\n,'false'\t\t\t\t\t\t\t\t\t\tAS New_Sim_Flag__c\n,MS2.SF_SOLUTION_ID\t\t\t\t\t\t\t\tAS Original_Solution_Id__c\n,PM.plan_type\t\t\t\t\t\t\t\t\tAS Plan__c\n,PM.plan_type\t\t\t\t\t\t\t\t\tAS Plan_Category__c\n,PM.plan_type\t\t\t\t\t\t\t\t\tAS Plan_Name__c\n,PM.plan_type\t\t\t\t\t\t\t\t\tAS Plan_Type__c\n,'false'\t\t\t\t\t\t\t\t\t\tAS PortIn_Indicator__c\n,MS2.activation_date\t\t\t\t\t\t\tAS RFS_Date__c\n,MS2.service_id\t\t\t\t\t\t\t\t\tAS Service_ID__c\n,'false'\t\t\t\t\t\t\t\t\t\tAS Service_Is_Cancelled__c\n,SC.SIM_TYPE\t\t\t\t\t\t\t\t\tAS SIM_Card_Type__c\n,'0'\t\t\t\t\t\t\t\t\t\t\tAS Total_List_Price_Recurring__c\n-- ,Generate GUID via IICS\t\t\t\t\t\t\tAS runTimeGUID__c\n\n\n,'Mobile Service'\t\t\t\t\t\t\t\tAS PC_TYPE\n,'Mobile Service'\t\t\t\t\t\t\t\tAS REC_TYPE\n,'true'\t\t\t\t\t\t\t\t\t\t\tAS ismainflag\n,MS.CUST_ID\n,MS.ACCT_ID\n,MS2.value\n,MS2.offer_type\n,MS2.offer_id\n,MS2.sf_pooling_subs_id\n,MS2.Contract_start_date\n,MS2.Contract_end_date\n,MS2.activation_date\n,MS2.ICCID\n,MS2.AGREEMENT_LIMIT\n,'Principle' AS Number_Type__c\n,PM.cspmb__price_item_code__c\n\n\nFROM STG_EBS_MAIN_SERVICE_2 MS2\nJOIN STG_EBS_MAIN_SERVICE MS ON CAST(MS2.PROD_ID AS BIGINT) = CAST(MS.PROD_ID AS BIGINT)\nLEFT JOIN STG_EBS_SIM_CARD SC ON CAST(MS2.PROD_ID AS BIGINT) = SC.SUBS_ID\n--LEFT JOIN SF_CSPMB__PRICE_ITEM__C PRI ON MS2.PLAN = PRI.NAME\nJOIN PD PD ON '1'=PD.row_id\nLEFT JOIN PRODUCT_MAPPING PM --ON MS2.COMMERCIAL_PRODUCT_NAME = PM.SRC_PLAN_NAME\nON MS2.contract_terms = PM.contract_term_months \nand  CAST(MS.subs_plan_id as VARCHAR)=PM.src_prod_id\nand  MS2.etc_type=PM.etc_code\n\nWHERE MS2.PROD_TYPE='Mobile'\nAND PM.PRODUCT_DEFINITION='Mobile Service'","isFileList":false,"handleSpecialChars":false,"handleDecimalRoundOff":false,"frsAsset":false,"dynamicFileName":false,"excludeDynamicFileNameField":false,"currentlyProcessedFileName":false,"retainFieldMetadata":false,"objectName":"DUMMY_src_Main_Service","useExactSrcNames":false,"userUpdated":true,"fetchMode":"ORIGINAL","tgtObjectAttributes":{},"runtimeParameterData":{"@type":"mtTaskRuntimeParameterData","isConnectionRuntimeParameter":false,"isObjectRuntimeParameter":false},"overridableProperties":[],"overriddenFields":[]},{"@type":"mtTaskParameter","id":3612654,"name":"$src_Sharing_Service$","type":"SOURCE","label":"src_Sharing_Service","uiProperties":{"connectionParameterized":"false","isSelectDistinct":"false","objectParameterized":"false","visible":"false","originalPath":"src_Sharing_Service"},"sourceConnectionId":"@0aa38HfbIjadqoKlbnU14y","sourceObject":"DUMMY_src_Sharing_Service","newFlatFile":false,"newObject":false,"showBusinessNames":false,"naturalOrder":true,"truncateTarget":false,"bulkApiDBTarget":false,"customFuncCfg":{"@type":"customFuncConfig","id":-1,"connections":[],"inputMap":[],"outputFields":[]},"targetRefsV2":{},"targetUpdateColumns":[],"runtimeAttrs":{},"isRESTModernSource":true,"customQuery":"With PD AS (select  '1' as row_id\n    ,Id as PD_Id\n   ,name\n   \nfrom sf_cscfga__Product_Definition\nwhere name = 'Sharing Service'\nand cscfga__active__c = '1'\n)\n\nSELECT\n'false'\t\t\t\t\t\t\t\t\t\tAS Activate_SIM__c\n,'Monthly'\t\t\t\t\t\t\t\t\tAS Bill_Frequency__c\n--,PRI.id\t\t\t\t\t\t\t\t\tAS Commercial_Product__c\n,''                                         AS Commercial_Product__c -- handled in merge_sf_pc mapping\n,'true'\t\t\t\t\t\t\t\t\t\tAS CPQ_Applied_ML_Discount__c\n,'false'\t\t\t\t\t\t\t\t\tAS CPQ_Applied_Voucher__c\n,'true'\t\t\t\t\t\t\t\t\t\tAS CPQ_Basket_Sync_Status__c\n,'false'\t\t\t\t\t\t\t\t\tAS CPQ_Eligible_for_ML_Discount__c\n,'false'\t\t\t\t\t\t\t\t\tAS CPQ_Included_in_Line_Count__c\n,'false'\t\t\t\t\t\t\t\t\tAS CPQ_Is_Delivery_Required__c\n,'false'\t\t\t\t\t\t\t\t\tAS CPQ_Is_Installation_Required__c\n,'New'\t\t\t\t\t\t\t\t\t\tAS CPQ_Order_Type__c\n,'false'\t\t\t\t\t\t\t\t\tAS CPQ_Temp_Link__c\n,MS2.cscfga__total_contract_value__c\t\tAS CPQ_Total_Contract_Value__c\n,MS2.AGREEMENT_LIMIT\t\t\t\t\t\tAS cscfga__Billing_Frequency__c\n,'Valid'\t\t\t\t\t\t\t\t\tAS cscfga__Configuration_Status__c\n,MS2.AGREEMENT_LIMIT\t\t\t\t\t\tAS cscfga__Contract_Term__c\n,MS2.AGREEMENT_LIMIT\t\t\t\t\t\tAS cscfga__Contract_Term_Period__c\n,'Month'\t\t\t\t\t\t\t\t\tAS cscfga__Contract_Term_Period_Description__c\n,MS2.commercial_product_name\t\t\t\tAS cscfga__Description__c\n,'0'\t\t\t\t\t\t\t\t\t\tAS cscfga__Index__c\n,'0'\t\t\t\t\t\t\t\t\t\tAS cscfga__Last_Screen_Index__c\n,MS2.OTC_SALES_PRICE\t\t\t\t\t\tAS cscfga__One_Off_Charge__c\n,'0'\t\t\t\t\t\t\t\t\t\tAS cscfga__one_off_charge_line_discount_value__c\n,'0'\t\t\t\t\t\t\t\t\t\tAS cscfga__one_off_charge_product_discount_value__c\n,'Replace'\t\t\t\t\t\t\t\t\tAS cscfga__parent_discount__c\n,'Current'\t\t\t\t\t\t\t\t\tAS cscfga__pricing_status__c\n,MS2.SF_PRODUCT_BASKET_ID\t\t\t\t\tAS cscfga__Product_Basket__c\n--,PRI.id\t\t\t\t\t\t\t\t\tAS cscfga__Product_Definition__c\n,PD.PD_Id \t\t\t\t                    AS cscfga__Product_Definition__c\n,'Mobile'\t\t\t\t\t\t\t\t\tAS cscfga__Product_Family__c\n--,PD.name                                    AS cscfga__Product_Family__c\n,'1'\t\t\t\t\t\t\t\t\t\tAS cscfga__Quantity__c\n,MS2.AGREEMENT_LIMIT\t\t\t\t\t\tAS cscfga__Recurrence_Frequency__c\n,MS2.MRC_SALES_PRICE\t\t\t\t\t\tAS cscfga__Recurring_Charge__c\n,'0'\t\t\t\t\t\t\t\t\t\tAS cscfga__recurring_charge_line_discount_value__c\n,'0'\t\t\t\t\t\t\t\t\t\tAS cscfga__recurring_charge_product_discount_value__c\n,'SFDC Database only'\t\t\t\t\t\tAS cscfga__source_of_truth_location__c\n,MS2.cscfga__total_contract_value__c\t\tAS cscfga__total_contract_value__c\n,MS2.OTC_SALES_PRICE\t\t\t\t\t\tAS cscfga__total_one_off_charge__c\n,MS2.cscfga__total_contract_value__c\t\tAS cscfga__Total_Price__c\n,MS2.MRC_SALES_PRICE\t\t\t\t\t\tAS cscfga__total_recurring_charge__c\n,MS2.OTC_SALES_PRICE\t\t\t\t\t\tAS cscfga__unit_one_off_charge__c\n,MS2.cscfga__total_contract_value__c\t\tAS cscfga__Unit_Price__c\n,MS2.MRC_SALES_PRICE\t\t\t\t\t\tAS cscfga__unit_recurring_charge__c\n,MS2.OTC_LIST_PRICE\t\t\t\t\t\t\tAS csdiscounts__One_off_non_discounted__c\n,'false'\t\t\t\t\t\t\t\t\tAS csordtelcoa__cancelled_by_change_process__c\n,'false'\t\t\t\t\t\t\t\t\tAS csordtelcoa__Ignore_For_Order_Decomposition__c\n,'false'\t\t\t\t\t\t\t\t\tAS csordtelcoa__is_quantity_based_selling__c\n,'0'\t\t\t\t\t\t\t\t\t\tAS cspl__Month_Term__c\n,MS2.SF_SOLUTION_ID\t\t\t\t\t\t\tAS cssdm__solution_association__c\n,'SGD'\t\t\t\t\t\t\t\t\t\tAS CurrencyIsoCode\n,'false'\t\t\t\t\t\t\t\t\tAS Is_Main_Component__c\n,'false'\t\t\t\t\t\t\t\t\tAS IsDeleted\n,'false'\t\t\t\t\t\t\t\t\tAS IsMainConfiguration__c\n,MS2.PROD_ID \t\t\t\t\t\t\t\tAS Legacy_Id__c\n,MS2.commercial_product_name\t\t\t\tAS Name\n,'false'\t\t\t\t\t\t\t\t\tAS New_Sim_Flag__c\n,MS2.SF_SOLUTION_ID\t\t\t\t\t\t\tAS Original_Solution_Id__c\n,PM.plan_type\t\t\t\t\t\t\t\tAS Plan__c\n,PM.plan_type\t\t\t\t\t\t\t\tAS Plan_Category__c\n,PM.plan_type\t\t\t\t\t\t\t\tAS Plan_Name__c\n,PM.plan_type\t\t\t\t\t\t\t\tAS Plan_Type__c\n,'false'\t\t\t\t\t\t\t\t\tAS PortIn_Indicator__c\n,MS2.activation_date\t\t\t\t\t\tAS RFS_Date__c\n,MS2.service_id\t\t\t\t\t\t\t\tAS Service_ID__c\n,'false'\t\t\t\t\t\t\t\t\tAS Service_Is_Cancelled__c\n,NULL\t\t \t\t\t\t\t\t\t\tAS SIM_Card_Type__c -- SC.SIM_TYPE\n,'0'\t\t\t\t\t\t\t\t\t\tAS Total_List_Price_Recurring__c\n-- ,Generate GUID via IICS\t\t\t\t\t\tAS runTimeGUID__c\n\n,'Sharing Service'\t\t\t\t\t\t\tAS PC_TYPE\n,'Sharing Service'\t\t\t\t\t\t\tAS REC_TYPE\n,'true'\t\t\t\t\t\t\t\t\t\tAS ismainflag\n,MS.CUST_ID\n,MS.ACCT_ID\n,MS2.value\n,MS2.offer_type\n,MS2.offer_id\n,MS2.sf_pooling_subs_id\n,MS2.Contract_start_date\n,MS2.Contract_end_date\n,MS2.activation_date\n,MS2.ICCID\n,MS2.AGREEMENT_LIMIT\n,PM.cspmb__price_item_code__c\n\nFROM STG_EBS_MAIN_SERVICE_2 MS2\nJOIN STG_EBS_MAIN_SERVICE MS ON CAST(MS2.PROD_ID AS BIGINT) = CAST(MS.PROD_ID AS BIGINT)\n-- LEFT JOIN STG_EBS_SIM_CARD SC ON CAST(MS2.PROD_ID AS BIGINT) = SC.SUBS_ID\n--LEFT JOIN SF_CSPMB__PRICE_ITEM__C PRI ON MS2.PLAN = PRI.NAME\nJOIN PD PD ON '1'=PD.row_id\nLEFT JOIN PRODUCT_MAPPING PM --ON MS2.COMMERCIAL_PRODUCT_NAME = PM.SRC_PLAN_NAME\nON MS2.contract_terms = PM.contract_term_months \nand  CAST(MS.subs_plan_id as VARCHAR)=PM.src_prod_id\nand  MS2.etc_type=PM.etc_code\n\nWHERE MS2.PROD_TYPE='Mobile'\nand PM.PRODUCT_DEFINITION='Sharing Service'","isFileList":false,"handleSpecialChars":false,"handleDecimalRoundOff":false,"frsAsset":false,"dynamicFileName":false,"excludeDynamicFileNameField":false,"currentlyProcessedFileName":false,"retainFieldMetadata":false,"objectName":"DUMMY_src_Sharing_Service","useExactSrcNames":false,"userUpdated":true,"fetchMode":"ORIGINAL","tgtObjectAttributes":{},"runtimeParameterData":{"@type":"mtTaskRuntimeParameterData","isConnectionRuntimeParameter":false,"isObjectRuntimeParameter":false},"overridableProperties":[],"overriddenFields":[]},{"@type":"mtTaskParameter","id":3612655,"name":"$stg_ebs_pc$","type":"TARGET","label":"stg_ebs_pc","uiProperties":{"connectionParameterized":"false","objectParameterized":"false","visible":"false","defaultTargetUpdateColumns":"","supportApplyDDLChanges":"false","originalPath":"stg_ebs_pc"},"targetConnectionId":"@0aa38HfbIjadqoKlbnU14y","targetObject":"p2_dev/TABLE/stg_ebs_pc","targetObjectLabel":"stg_ebs_pc","newFlatFile":false,"newObject":false,"showBusinessNames":false,"naturalOrder":true,"truncateTarget":false,"bulkApiDBTarget":false,"operationType":"Insert","customFuncCfg":{"@type":"customFuncConfig","id":-1,"connections":[],"inputMap":[],"outputFields":[]},"targetRefsV2":{},"targetUpdateColumns":[],"extendedObject":{"@type":"extendedObject","singleMode":true,"filters":[],"sortFields":[]},"runtimeAttrs":{},"isRESTModernSource":true,"isFileList":false,"handleSpecialChars":false,"handleDecimalRoundOff":false,"frsAsset":false,"dynamicFileName":false,"excludeDynamicFileNameField":false,"currentlyProcessedFileName":false,"retainFieldMetadata":false,"objectName":"p2_dev/TABLE/stg_ebs_pc","objectLabel":"stg_ebs_pc","useExactSrcNames":false,"userUpdated":true,"fetchMode":"ORIGINAL","tgtObjectAttributes":{},"runtimeParameterData":{"@type":"mtTaskRuntimeParameterData","isConnectionRuntimeParameter":false,"isObjectRuntimeParameter":false},"overridableProperties":[],"overriddenFields":[]},{"@type":"mtTaskParameter","id":3612656,"name":"$stg_ebs_pc_addon$","type":"TARGET","label":"stg_ebs_pc_addon","uiProperties":{"connectionParameterized":"false","objectParameterized":"false","visible":"false","defaultTargetUpdateColumns":"","supportApplyDDLChanges":"false","originalPath":"stg_ebs_pc_addon"},"targetConnectionId":"@0aa38HfbIjadqoKlbnU14y","targetObject":"p2_dev/TABLE/stg_ebs_pc","targetObjectLabel":"stg_ebs_pc","newFlatFile":false,"newObject":false,"showBusinessNames":false,"naturalOrder":true,"truncateTarget":false,"bulkApiDBTarget":false,"operationType":"Insert","customFuncCfg":{"@type":"customFuncConfig","id":-1,"connections":[],"inputMap":[],"outputFields":[]},"targetRefsV2":{},"targetUpdateColumns":[],"extendedObject":{"@type":"extendedObject","singleMode":true,"filters":[],"sortFields":[]},"runtimeAttrs":{},"isRESTModernSource":true,"isFileList":false,"handleSpecialChars":false,"handleDecimalRoundOff":false,"frsAsset":false,"dynamicFileName":false,"excludeDynamicFileNameField":false,"currentlyProcessedFileName":false,"retainFieldMetadata":false,"objectName":"p2_dev/TABLE/stg_ebs_pc","objectLabel":"stg_ebs_pc","useExactSrcNames":false,"userUpdated":true,"fetchMode":"ORIGINAL","tgtObjectAttributes":{},"runtimeParameterData":{"@type":"mtTaskRuntimeParameterData","isConnectionRuntimeParameter":false,"isObjectRuntimeParameter":false},"overridableProperties":[],"overriddenFields":[]},{"@type":"mtTaskParameter","id":3612657,"name":"$stg_ebs_pc_device$","type":"TARGET","label":"stg_ebs_pc_device","uiProperties":{"connectionParameterized":"false","objectParameterized":"false","visible":"false","defaultTargetUpdateColumns":"","supportApplyDDLChanges":"false","originalPath":"stg_ebs_pc_device"},"targetConnectionId":"@0aa38HfbIjadqoKlbnU14y","targetObject":"p2_dev/TABLE/stg_ebs_pc","targetObjectLabel":"stg_ebs_pc","newFlatFile":false,"newObject":false,"showBusinessNames":false,"naturalOrder":true,"truncateTarget":false,"bulkApiDBTarget":false,"operationType":"Insert","customFuncCfg":{"@type":"customFuncConfig","id":-1,"connections":[],"inputMap":[],"outputFields":[]},"targetRefsV2":{},"targetUpdateColumns":[],"extendedObject":{"@type":"extendedObject","singleMode":true,"filters":[],"sortFields":[]},"runtimeAttrs":{},"isRESTModernSource":true,"isFileList":false,"handleSpecialChars":false,"handleDecimalRoundOff":false,"frsAsset":false,"dynamicFileName":false,"excludeDynamicFileNameField":false,"currentlyProcessedFileName":false,"retainFieldMetadata":false,"objectName":"p2_dev/TABLE/stg_ebs_pc","objectLabel":"stg_ebs_pc","useExactSrcNames":false,"userUpdated":true,"fetchMode":"ORIGINAL","tgtObjectAttributes":{},"runtimeParameterData":{"@type":"mtTaskRuntimeParameterData","isConnectionRuntimeParameter":false,"isObjectRuntimeParameter":false},"overridableProperties":[],"overriddenFields":[]},{"@type":"mtTaskParameter","id":3612658,"name":"$stg_ebs_pc_device_addon$","type":"TARGET","label":"stg_ebs_pc_device_addon","uiProperties":{"connectionParameterized":"false","objectParameterized":"false","visible":"false","defaultTargetUpdateColumns":"","supportApplyDDLChanges":"false","originalPath":"stg_ebs_pc_device_addon"},"targetConnectionId":"@0aa38HfbIjadqoKlbnU14y","targetObject":"p2_dev/TABLE/stg_ebs_pc","targetObjectLabel":"stg_ebs_pc","newFlatFile":false,"newObject":false,"showBusinessNames":false,"naturalOrder":true,"truncateTarget":false,"bulkApiDBTarget":false,"operationType":"Insert","customFuncCfg":{"@type":"customFuncConfig","id":-1,"connections":[],"inputMap":[],"outputFields":[]},"targetRefsV2":{},"targetUpdateColumns":[],"extendedObject":{"@type":"extendedObject","singleMode":true,"filters":[],"sortFields":[]},"runtimeAttrs":{},"isRESTModernSource":true,"isFileList":false,"handleSpecialChars":false,"handleDecimalRoundOff":false,"frsAsset":false,"dynamicFileName":false,"excludeDynamicFileNameField":false,"currentlyProcessedFileName":false,"retainFieldMetadata":false,"objectName":"p2_dev/TABLE/stg_ebs_pc","objectLabel":"stg_ebs_pc","useExactSrcNames":false,"userUpdated":true,"fetchMode":"ORIGINAL","tgtObjectAttributes":{},"runtimeParameterData":{"@type":"mtTaskRuntimeParameterData","isConnectionRuntimeParameter":false,"isObjectRuntimeParameter":false},"overridableProperties":[],"overriddenFields":[]},{"@type":"mtTaskParameter","id":3612659,"name":"$stg_ebs_pc_sharing$","type":"TARGET","label":"stg_ebs_pc_sharing","uiProperties":{"connectionParameterized":"false","objectParameterized":"false","visible":"false","defaultTargetUpdateColumns":"","supportApplyDDLChanges":"false","originalPath":"stg_ebs_pc_sharing"},"targetConnectionId":"@0aa38HfbIjadqoKlbnU14y","targetObject":"p2_dev/TABLE/stg_ebs_pc","targetObjectLabel":"stg_ebs_pc","newFlatFile":false,"newObject":false,"showBusinessNames":false,"naturalOrder":true,"truncateTarget":false,"bulkApiDBTarget":false,"operationType":"Insert","customFuncCfg":{"@type":"customFuncConfig","id":-1,"connections":[],"inputMap":[],"outputFields":[]},"targetRefsV2":{},"targetUpdateColumns":[],"extendedObject":{"@type":"extendedObject","singleMode":true,"filters":[],"sortFields":[]},"runtimeAttrs":{},"isRESTModernSource":true,"isFileList":false,"handleSpecialChars":false,"handleDecimalRoundOff":false,"frsAsset":false,"dynamicFileName":false,"excludeDynamicFileNameField":false,"currentlyProcessedFileName":false,"retainFieldMetadata":false,"objectName":"p2_dev/TABLE/stg_ebs_pc","objectLabel":"stg_ebs_pc","useExactSrcNames":false,"userUpdated":true,"fetchMode":"ORIGINAL","tgtObjectAttributes":{},"runtimeParameterData":{"@type":"mtTaskRuntimeParameterData","isConnectionRuntimeParameter":false,"isObjectRuntimeParameter":false},"overridableProperties":[],"overriddenFields":[]}],"sequences":[],"inOutParameters":[],"connRuntimeAttrs":[]}]