[{"@type":"mappingTemplate","id":"@1","name":"m_sync_sf_solution","description":"","bundleVersion":"0","templateId":"@3","deployTime":1678774871000,"hasParameters":false,"valid":true,"fixedConnection":true,"hasParametersDeployed":false,"fixedConnectionDeployed":true,"isSchemaValidationEnabled":false,"tasks":1,"mappingPreviewFileRecordId":"@2","documentType":"MAPPING","references":[{"@type":"reference","refObjectId":"@1h3v5gym6bTbjKYFjWauap","refType":"connection"},{"@type":"reference","refObjectId":"@gbEqHgig3UYgrJMzU4lVau","refType":"connection"}]}]