[{"@type":"mappingTemplate","id":"@1","name":"m_merge_sf_account","description":"","bundleVersion":"0","assetFrsGuid":"9XonYns7YNmhkzBJPlL2eQ","templateId":"@3","deployTime":1736472554000,"hasParameters":false,"valid":true,"fixedConnection":true,"hasParametersDeployed":false,"fixedConnectionDeployed":true,"isSchemaValidationEnabled":false,"tasks":1,"mappingPreviewFileRecordId":"@2","documentType":"MAPPING","references":[{"@type":"reference","refObjectId":"@0aa38HfbIjadqoKlbnU14y","refType":"connection"}]}]