[{"@type":"workflow","id":"@1","name":"tf_PC_Reference","description":"**Prerequisite**  1. Main Service table load 2. Addon Service table load","maxLogs":10,"references":[{"@type":"reference","refObjectId":"@c7N5Fjby9EZdu2C2JS0QWX","refType":"mtTask"},{"@type":"reference","refObjectId":"@7KgqSkL6XIJdI5rpznuo4V","refType":"mtTask"}],"tasks":[{"@type":"workflowTask","taskId":"@c7N5Fjby9EZdu2C2JS0QWX","type":"MTT","name":"mt_tgt_PC_UPD_Parent_and_Root_ID","stopOnError":true,"stopOnWarning":false},{"@type":"workflowTask","taskId":"@7KgqSkL6XIJdI5rpznuo4V","type":"MTT","name":"mt_REP_PC_Parent_Root_linkage","stopOnError":true,"stopOnWarning":false}]}]