[{"@type":"mappingTemplate","id":"@1","name":"m_stg_ebs_product_configuration_sync_1_guid_update","description":"","bundleVersion":"0","templateId":"@3","deployTime":1697621364000,"hasParameters":false,"valid":true,"fixedConnection":true,"hasParametersDeployed":false,"fixedConnectionDeployed":true,"isSchemaValidationEnabled":false,"tasks":1,"mappingPreviewFileRecordId":"@2","documentType":"MAPPING","references":[{"@type":"reference","refObjectId":"@0aa38HfbIjadqoKlbnU14y","refType":"connection"}]}]