[{"@type":"mappingTemplate","id":"@1","name":"m_Json_Service_spec","description":"","bundleVersion":"0","templateId":"@3","deployTime":1695132323000,"hasParameters":false,"valid":true,"fixedConnection":true,"hasParametersDeployed":false,"fixedConnectionDeployed":true,"isSchemaValidationEnabled":false,"tasks":1,"mappingPreviewFileRecordId":"@2","documentType":"MAPPING","references":[{"@type":"reference","refObjectId":"@0xeUcnqbQVfcBH0yOePzUT","refType":"hschema"},{"@type":"reference","refObjectId":"@4QRSN7FLoYhbpr47H7jUO9","refType":"connection"}]}]