[{"@type":"mappingTemplate","id":"@1","name":"m_Json_Service_spec","description":"","bundleVersion":"0","templateId":"@3","deployTime":1679643138000,"hasParameters":false,"valid":true,"fixedConnection":true,"hasParametersDeployed":false,"fixedConnectionDeployed":true,"isSchemaValidationEnabled":false,"tasks":1,"mappingPreviewFileRecordId":"@2","documentType":"MAPPING","references":[{"@type":"reference","refObjectId":"@koA1MVBKIiplejIRvgi4CX","refType":"hschema"},{"@type":"reference","refObjectId":"@0aa38HfbIjadqoKlbnU14y","refType":"connection"},{"@type":"reference","refObjectId":"@5E5yfdUPNEri5JAIUYeyil","refType":"hschema"},{"@type":"reference","refObjectId":"@dRevmbu2cEzitI6mAgijS2","refType":"hschema"},{"@type":"reference","refObjectId":"@8xlsEnL0GKXlc87p4rs5op","refType":"hschema"},{"@type":"reference","refObjectId":"@5WZCEXhK0kadMAo8BSYomn","refType":"hschema"}]}]