[{"@type":"mappingTemplate","id":"@1","name":"Mapping7","description":"","bundleVersion":"0","templateId":"@3","deployTime":1670501239000,"hasParameters":false,"valid":true,"fixedConnection":true,"hasParametersDeployed":false,"fixedConnectionDeployed":true,"isSchemaValidationEnabled":false,"tasks":0,"mappingPreviewFileRecordId":"@2","documentType":"MAPPING","references":[{"@type":"reference","refObjectId":"@irZpk2lcq2Lh5v2PiTa4Q2","refType":"connection"},{"@type":"reference","refObjectId":"@3csH4YxekGHeU5yftkP9eO","refType":"connection"}]}]