[{"@type":"mtTask","id":"@1","name":"mt_quotation_pivot","description":"","runtimeEnvironmentId":"@cUgvxjP6z42j5o2aizvbUV","maxLogs":10,"verbose":false,"lastRunTime":1670943295000,"mappingId":"@izj7znPdii9keLf46a4zYP","frsGuid":"4pFX5xwaTZ7b5POr1W0GI7","shortDescription":"","sessionPropertiesList":[{"name":"Allow Temporary Sequence for Pushdown","value":"NO","recommended":false},{"name":"Allow Temporary View for Pushdown","value":"NO","recommended":false},{"name":"Pushdown Optimization","value":"None","recommended":false},{"name":"Pushdown Optimization Context","value":"None","recommended":false},{"name":"Run Only In Pushdown Mode","value":"NO","recommended":false}],"enableCrossSchemaPushdown":true,"enableParallelRun":false,"autoTunedApplied":false,"autoTunedAppliedType":"NONE","paramFileType":"PARAM_FILE_LOCAL","schemaMode":"async","valid":true,"schemaValidationErrorCount":-1,"parameterFileEncoding":"UTF-8","serverlessProperties":{},"taskProperties":[{"@type":"taskProperty","name":"parameterFileDir","currentValue":"","type":"STRING","label":"label.parameterFileDir","required":false},{"@type":"taskProperty","name":"parameterFileName","currentValue":"","type":"STRING","label":"label.parameterFileName","required":false}],"parameters":[{"@type":"mtTaskParameter","id":706204,"name":"$src_quotation$","type":"SOURCE","label":"src_quotation","uiProperties":{"connectionParameterized":"false","isSelectDistinct":"false","objectParameterized":"false","visible":"false","originalPath":"src_quotation"},"sourceConnectionId":"@1h3v5gym6bTbjKYFjWauap","sourceObject":"DUMMY_src_quotation","newFlatFile":false,"newObject":false,"showBusinessNames":false,"naturalOrder":true,"truncateTarget":false,"bulkApiDBTarget":false,"customFuncCfg":{"@type":"customFuncConfig","id":-1,"connections":[],"inputMap":[],"outputFields":[]},"targetRefsV2":{},"targetUpdateColumns":[],"runtimeAttrs":{},"isRESTModernSource":true,"customQuery":"--param_code from mobile plan source file\n--col_name+param_name from bwb plan source file\n\nselect subs_id,param_name, zone_name,zone_code,\nMAX(case \n\t\twhen param_code = 'MRC' then val_type\n\t\twhen param_code = 'VAS' and col_name like 'MRC%' then val_type\n\t\twhen col_name = 'MRC' and param_name like 'EW%' then val_type\n\tend) as mrc_val_type,\nMAX(case \n\t\twhen param_code = 'MRC' then \"value\" --mobile plan\n\t\twhen param_code = 'VAS' and col_name like 'MRC%' then \"value\" --mobile addon\n\t\twhen col_name = 'MRC' and param_name like 'EW%' then \"value\" --bwb plan/CPE\n\tend) as mrc_value,\nMAX(case \n\t\twhen param_code = 'MRC' then rate_precision\n\t\twhen param_code = 'VAS' and col_name like 'MRC%' then rate_precision\n\t\twhen col_name = 'MRC' and param_name like 'EW%' then rate_precision\n\tend) as mrc_rate_precision,\nMAX(case \n\t\twhen param_code = 'MRC' then def_value \n\t\twhen param_code = 'VAS' and col_name like 'MRC%' then def_value\n\t\twhen col_name = 'MRC' and param_name like 'EW%' then def_value \n\tend) as mrc_def_value,\nMAX(case \n\t\twhen param_code = 'MRC' then std_rate_precision \n\t\twhen param_code = 'VAS' and col_name like 'MRC%' then std_rate_precision\n\t\twhen col_name = 'MRC' and param_name like 'EW%' then std_rate_precision \n\tend) as mrc_std_rate_precision,\nMAX(case \n\t\twhen param_code = 'MRC' then sales_price\n\t\twhen param_code = 'VAS' and col_name like 'MRC%' then sales_price\n\t\twhen col_name = 'MRC' and param_name like 'EW%' then sales_price\n\tend) as mrc_sales_price,\nMAX(case \n\t\twhen param_code = 'MRC' then sp_precision\n\t\twhen param_code = 'VAS' and col_name like 'MRC%' then sp_precision\n\t\twhen col_name = 'MRC' and param_name like 'EW%' then sp_precision\n\tend) as mrc_sp_precision,\nMAX(case \n\t\twhen param_code = 'OTC' then val_type\n\t\twhen param_code = 'VAS' and col_name like 'OTC%' then val_type\n\t\twhen col_name = 'OTC' and param_name like 'EW%' then val_type \n\tend) as otc_val_type,\nMAX(case \n\t\twhen param_code = 'OTC' then \"value\" \n\t\twhen param_code = 'VAS' and col_name like 'OTC%' then \"value\"\n\t\twhen col_name = 'OTC' and param_name like 'EW%' then \"value\" \n\tend) as otc_value,\nMAX(case \n\t\twhen param_code = 'OTC' then rate_precision\n\t\twhen param_code = 'VAS' and col_name like 'OTC%' then rate_precision\n\t\twhen col_name = 'OTC' and param_name like 'EW%' then rate_precision\n\tend) as otc_rate_precision,\nMAX(case \n\t\twhen param_code ='OTC' then def_value \n\t\twhen param_code = 'VAS' and col_name like 'OTC%' then def_value\n\t\twhen col_name = 'OTC' and param_name like 'EW%' then def_value\n\tend) as otc_def_value,\nMAX(case \n\t\twhen param_code ='OTC' then std_rate_precision \n\t\twhen param_code = 'VAS' and col_name like 'OTC%' then std_rate_precision\n\t\twhen col_name = 'OTC' and param_name like 'EW%' then std_rate_precision\n\tend) as otc_std_rate_precision,\nMAX(case \n\t\twhen param_code = 'OTC' then sales_price \n\t\twhen param_code = 'VAS' and col_name like 'OTC%' then sales_price\n\t\twhen col_name = 'OTC' and param_name like 'EW%' then sales_price\n\tend) as otc_sales_price,\nMAX(case \n\t\twhen param_code = 'OTC' then sp_precision \n\t\twhen param_code = 'VAS' and col_name like 'OTC%' then sp_precision\n\t\twhen col_name = 'OTC' and param_name like 'EW%' then sp_precision \n\tend) as otc_sp_precision,\n\nMAX(case \n\t\twhen param_code = 'MRC' then contract_eff_date\n\t\twhen param_code = 'VAS' and col_name like 'MRC%' then contract_eff_date\n\t\twhen col_name = 'MRC' and param_name like 'EW%' then contract_eff_date\n\tend) as mrc_contract_eff_date,\nMAX(case \n\t\twhen param_code = 'OTC' then contract_eff_date  \n\t\twhen param_code = 'VAS' and col_name like 'OTC%' then contract_eff_date\n\t\twhen col_name = 'OTC' and param_name like 'EW%' then contract_eff_date \n\tend) as otc_contract_eff_date,\nMAX(case \n\t\twhen param_code = 'MRC' then contract_exp_date\n\t\twhen param_code = 'VAS' and col_name like 'MRC%' then contract_exp_date\n\t\twhen col_name = 'MRC' and param_name like 'EW%' then contract_exp_date\n\tend) as mrc_contract_exp_date,\nMAX(case \n\t\twhen param_code = 'OTC' then contract_exp_date \n\t\twhen param_code = 'VAS' and col_name like 'OTC%' then contract_exp_date\n\t\twhen col_name = 'OTC' and param_name like 'EW%' then contract_exp_date  \n\tend) as otc_contract_exp_date\n\t\nfrom ODS_STAGE_SOURCE.quotation\nwhere zone_name not like 'Month %'\ngroup by subs_id,param_name, zone_name,zone_code, param_name","isFileList":false,"handleSpecialChars":false,"handleDecimalRoundOff":false,"frsAsset":false,"dynamicFileName":false,"excludeDynamicFileNameField":false,"currentlyProcessedFileName":false,"retainFieldMetadata":false,"objectName":"DUMMY_src_quotation","useExactSrcNames":false,"tgtObjectAttributes":{},"runtimeParameterData":{"@type":"mtTaskRuntimeParameterData","isConnectionRuntimeParameter":false,"isObjectRuntimeParameter":false},"overridableProperties":[],"overriddenFields":[]},{"@type":"mtTaskParameter","id":706205,"name":"$tgt_quotation_pivot$","type":"TARGET","label":"tgt_quotation_pivot","uiProperties":{"connectionParameterized":"false","objectParameterized":"false","visible":"false","defaultTargetUpdateColumns":"","supportApplyDDLChanges":"false","originalPath":"tgt_quotation_pivot"},"targetConnectionId":"@1h3v5gym6bTbjKYFjWauap","targetObject":"ods_stage_source/TABLE/quotation_pivot","targetObjectLabel":"quotation_pivot","newFlatFile":false,"newObject":false,"showBusinessNames":false,"naturalOrder":true,"truncateTarget":false,"bulkApiDBTarget":false,"operationType":"Insert","customFuncCfg":{"@type":"customFuncConfig","id":-1,"connections":[],"inputMap":[],"outputFields":[]},"targetRefsV2":{},"targetUpdateColumns":[],"extendedObject":{"@type":"extendedObject","singleMode":true,"filters":[],"sortFields":[]},"runtimeAttrs":{},"isRESTModernSource":true,"isFileList":false,"handleSpecialChars":false,"handleDecimalRoundOff":false,"frsAsset":false,"dynamicFileName":false,"excludeDynamicFileNameField":false,"currentlyProcessedFileName":false,"retainFieldMetadata":false,"objectName":"ods_stage_source/TABLE/quotation_pivot","objectLabel":"quotation_pivot","useExactSrcNames":false,"tgtObjectAttributes":{},"runtimeParameterData":{"@type":"mtTaskRuntimeParameterData","isConnectionRuntimeParameter":false,"isObjectRuntimeParameter":false},"overridableProperties":[],"overriddenFields":[]}],"sequences":[],"inOutParameters":[],"connRuntimeAttrs":[]}]