[{"@type":"mappingTemplate","id":"@1","name":"m_Json_Solution_bkp_25082023","description":"","bundleVersion":"0","templateId":"@3","hasParameters":false,"valid":true,"fixedConnection":true,"hasParametersDeployed":false,"fixedConnectionDeployed":false,"isSchemaValidationEnabled":false,"tasks":0,"mappingPreviewFileRecordId":"@2","documentType":"MAPPING","references":[{"@type":"reference","refObjectId":"@4L020rNwGZgeVN6iMJgn2o","refType":"hschema"},{"@type":"reference","refObjectId":"@4QRSN7FLoYhbpr47H7jUO9","refType":"connection"}]}]