[{"@type":"mtTask","id":"@1","name":"mt_stg_sync_cust_account","description":"","runtimeEnvironmentId":"@cUgvxjP6z42j5o2aizvbUV","maxLogs":10,"verbose":false,"mappingId":"@lgVv4wmXMkGc3aREFwcyMD","frsGuid":"aDZbeor4AUmlsJB6UO278t","shortDescription":"","sessionPropertiesList":[{"name":"Allow Temporary Sequence for Pushdown","value":"NO","recommended":false},{"name":"Allow Temporary View for Pushdown","value":"NO","recommended":false},{"name":"Pushdown Optimization","value":"None","recommended":false},{"name":"Pushdown Optimization Context","value":"None","recommended":false},{"name":"Run Only In Pushdown Mode","value":"NO","recommended":false}],"enableCrossSchemaPushdown":true,"enableParallelRun":false,"autoTunedApplied":false,"autoTunedAppliedType":"NONE","paramFileType":"PARAM_FILE_LOCAL","schemaMode":"async","valid":true,"schemaValidationErrorCount":-1,"parameterFileEncoding":"UTF-8","serverlessProperties":{},"taskProperties":[{"@type":"taskProperty","name":"parameterFileDir","currentValue":"","type":"STRING","label":"label.parameterFileDir","required":false},{"@type":"taskProperty","name":"parameterFileName","currentValue":"","type":"STRING","label":"label.parameterFileName","required":false}],"parameters":[{"@type":"mtTaskParameter","id":1333703,"name":"$stg_sync_account$","type":"SOURCE","label":"stg_sync_account","uiProperties":{"connectionParameterized":"false","isSelectDistinct":"false","objectParameterized":"false","visible":"false","originalPath":"stg_sync_account"},"sourceConnectionId":"@0aa38HfbIjadqoKlbnU14y","sourceObject":"DUMMY_stg_sync_account","newFlatFile":false,"newObject":false,"showBusinessNames":false,"naturalOrder":true,"truncateTarget":false,"bulkApiDBTarget":false,"customFuncCfg":{"@type":"customFuncConfig","id":-1,"connections":[],"inputMap":[],"outputFields":[]},"targetRefsV2":{},"targetUpdateColumns":[],"runtimeAttrs":{},"isRESTModernSource":true,"customQuery":"WITH CREDIT_TERM AS (SELECT DISTINCT A.CUST_ID\n\t\t\t\t\t\t\t\t    ,C.ATTR_VALUE\n\t\t\t\t\tFROM STG_EBS_CUST A\n\t\t\t\t\tJOIN STG_EBS_ACCT B \t\t\tON A.CUST_ID = B.CUST_ID\n\t\t\t\t\tJOIN STG_ACCT_ATTR_VALUE \tC \tON B.ACCT_ID = C.ACCT_ID \t\n\t\t\t\t\tWHERE C.ATTR_VALUE IS NOT NULL \n\t\t\t\t\t\t  AND C.ATTR_ID='605' \n\t\t\t\t\t)\n\t\t\t\t\t\n\t,MARKET_SEGMENT AS (SELECT DISTINCT A.CUST_ID\n\t\t\t\t\t\t\t\t    ,V.VALUE_MARK\n\t\t\t\t\tFROM STG_EBS_CUST A\n\t\t\t\t\tJOIN STG_CUST_ATTR_VALUE  CV1 \tON A.CUST_ID = CV1.CUST_ID \t\n\t\t\t\t\tJOIN STG_ATTR_VALUE V \t\t\tON CV1.ATTR_ID = V.BASE_ATTR_ID\n\t\t\t\t\tWHERE CV1.ATTR_ID = '641' \t\n\t\t\t\t\t\t  AND V.VALUE = CV1.ATTR_VALUE\n\t\t\t\t\t)\t\n\t\t\t\t\t\n\t,ACCT_MGR AS (SELECT DISTINCT A.CUST_ID\n\t\t\t\t\t\t\t\t  ,AM.PARTY_CODE\n\t\t\t\t\t\t\t\t  ,AM.ACCOUNT_MANAGER_CUST_ID\n\t\t\t\t\tFROM STG_EBS_CUST A\n\t\t\t\t\tJOIN STG_ACCOUNT_MANAGER_CUST  AM \tON A.CUST_ID = AM.CUST_ID\n\t\t\t\t\tWHERE AM.PARTY_TYPE ='F'\n\t\t\t\t\t)\t\n\t\t\n\t\n\t\t\t\t\t\nSELECT\n\n'Others'  \t\t\t\t\t\t\tAS Company_Type__c,-------SH Business : To confirm on suitable values\n'SGD - Singapore Dollar' \t\t\tAS CurrencyIsoCode,\n\nCUST.CERT_NBR \t\t\t\t\t\tAS Business_Registration_Number_BRN__c,\nCUST.CUST_NAME \t\t\t\t\t\tAS NAME,\nCUST.COMMENTS \t\t\t\t\t\tAS Remark_Admin_Only__c,\nCUST.CUST_ID \t\t\t\t\t\tAS legacy_id,\nCUST.CUST_BLACKLIST_TYPE_CODE \t\tAS Blacklist_Code__c,\nCUST.BAD_DEBT_AMOUNT \t\t\t\tAS Bad_Debt_Amount__c,\nCUST.COMMENT\t\t\t\t\t\tAS Blacklist_Notes__c,\nCUST.CUST_NAME \t\t\t\t\t\tAS ACRA_Name__c,\nCUST.INDUSTRY_NAME \t\t\t\t\tAS Industry,\nCUST.CUST_BLACKLIST_STATE \t\t\tAS Blacklist_Status__c,\nCUST.PHONE_NUMBER \t\t\t\t\tAS Phone,\nCUST.CUST_BLACKLIST_TYPE_NAME \t\tAS Blacklist_Reason__c,----SH Business : To confirm on suitable values\nCUST.CUST_GROUP_NAME \t\t\t\tAS Group_Name__c,-----SH Business : To confirm on suitable values\nCUST.STATE \t\t\t\t\t\t\tAS Status__c,-------SH Business : To confirm on suitable values\n\n\nCAST(CUST.STATE_DATE AS TIMESTAMP) \t\t\t\t\t\t\t\t\t\t\t\t\t\t\tAS Current_Status_Start_Date__c,\nCOALESCE(CAST(CUST.CREATED_DATE AS TIMESTAMP),DATE_TRUNC('seconds',CURRENT_TIMESTAMP)) \t\tAS  CreatedDate,\nCOALESCE(CAST(CUST.UPDATE_DATE AS TIMESTAMP),DATE_TRUNC('seconds',CURRENT_TIMESTAMP)) \t\tAS  UpadateDate,\n\nCASE \n\tWHEN CUST.PHONE_NUMBER ~ '^(3|6|8|9)[0-9]{7}$' \t\tTHEN 'Local'\n\tWHEN CUST.PHONE_NUMBER ~ '^(65)(3|6|8|9)[0-9]{7}$' \tTHEN 'Local'\n\tWHEN CUST.PHONE_NUMBER ~ '^(+65)(3|6|8|9)[0-9]{7}$' THEN 'Local'\n\tELSE 'Foreign'\nEND AS Office_Number_Type__c,\n\n\nCASE WHEN CUST.DEBIT_STAT_TYPE <> '1' THEN '1' ELSE '0' END \t\tAS DUNNING_FLAG,\nCASE WHEN CUST.PARTY_TYPE = 'F' THEN CUST.PARTY_CODE END \t\t\tAS CreatedById,\nCASE WHEN CUST.PARTY_TYPE = 'F' THEN CUST.PARTY_CODE END \t\t\tAS LastModifiedById,\n\nSA.UNIT_NO \t\t\t\tAS Unit_No__c,\nSA.FLOOR_NO \t\t\tAS Floor__c,\nSA.BLOCK_NO \t\t\tAS Block__c,\nSA.BUILDING_NAME \t\tAS Building__c,\nSA.STREET_NAME \t\t\tAS Street_Name__c,\nSA.CITY \t\t\t\tAS City__c,\nSA.POSTAL_CODE \t\t\tAS Postal_Code__c,\nSA.COUNTRY \t\t\t\tAS Country__c,\nSA.PO_BOX \t\t\t\tAS PO_Box__c,\n\nADDRESS1.UNIT_NO \t\tAS ACRA_registeredAddress_unitNo__c,\nADDRESS1.BLOCK_NO \t\tAS ACRA_registeredAddress_block__c,\nADDRESS1.FLOOR_NO \t\tAS ACRA_registeredAddress_levelNo__c,\nADDRESS1.BUILDING_NAME \tAS ACRA_registeredAddress_Building__c,\nADDRESS1.POSTAL_CODE \tAS ACRA_registeredAddress_postalCode__c,\nADDRESS1.STREET_NAME \tAS ACRA_registeredAddress_streetName__c,\n\nCT.ATTR_VALUE \t\t\tAS Credit_Term_Days__c,\nAM.PARTY_CODE \t\t\tAS OwnerId,\nMS.VALUE_MARK \t\t\tAS Level_2_Teams__c ---------SH Business : To confirm on suitable values\n\nFROM STG_EBS_CUST CUST\nLEFT JOIN CREDIT_TERM \t\tCT \t\t\t\tON CUST.CUST_ID =  CT.CUST_ID\nLEFT JOIN MARKET_SEGMENT \tMS \t\t\t\tON CUST.CUST_ID =  MS.CUST_ID\nLEFT JOIN ACCT_MGR\t\t \tAM \t\t\t\tON CUST.CUST_ID =  AM.CUST_ID\nLEFT JOIN STG_EBS_ADDRESS \tSA \t\t\t\tON CUST.STD_ADDR_ID = SA.STD_ADDR_ID\nLEFT JOIN STG_EBS_ADDRESS \tADDRESS1 \t\tON CAST(CUST.ADDRESS AS VARCHAR) = ADDRESS1.STD_ADDR_ID","isFileList":false,"handleSpecialChars":false,"handleDecimalRoundOff":false,"frsAsset":false,"dynamicFileName":false,"excludeDynamicFileNameField":false,"currentlyProcessedFileName":false,"retainFieldMetadata":false,"objectName":"DUMMY_stg_sync_account","useExactSrcNames":false,"tgtObjectAttributes":{},"runtimeParameterData":{"@type":"mtTaskRuntimeParameterData","isConnectionRuntimeParameter":false,"isObjectRuntimeParameter":false},"overridableProperties":[],"overriddenFields":[]},{"@type":"mtTaskParameter","id":1333704,"name":"$tgt_sync_account$","type":"TARGET","label":"tgt_sync_account","uiProperties":{"connectionParameterized":"false","objectParameterized":"false","visible":"false","defaultTargetUpdateColumns":"","supportApplyDDLChanges":"false","originalPath":"tgt_sync_account"},"targetConnectionId":"@0aa38HfbIjadqoKlbnU14y","targetObject":"p1_dev/TABLE/sync_ebs_sap_account","targetObjectLabel":"sync_ebs_sap_account","newFlatFile":false,"newObject":false,"showBusinessNames":false,"naturalOrder":true,"truncateTarget":false,"bulkApiDBTarget":false,"operationType":"Insert","customFuncCfg":{"@type":"customFuncConfig","id":-1,"connections":[],"inputMap":[],"outputFields":[]},"targetRefsV2":{},"targetUpdateColumns":[],"extendedObject":{"@type":"extendedObject","singleMode":true,"filters":[],"sortFields":[]},"runtimeAttrs":{},"isRESTModernSource":true,"isFileList":false,"handleSpecialChars":false,"handleDecimalRoundOff":false,"frsAsset":false,"dynamicFileName":false,"excludeDynamicFileNameField":false,"currentlyProcessedFileName":false,"retainFieldMetadata":false,"objectName":"p1_dev/TABLE/sync_ebs_sap_account","objectLabel":"sync_ebs_sap_account","useExactSrcNames":false,"tgtObjectAttributes":{},"runtimeParameterData":{"@type":"mtTaskRuntimeParameterData","isConnectionRuntimeParameter":false,"isObjectRuntimeParameter":false},"overridableProperties":[],"overriddenFields":[]},{"@type":"mtTaskParameter","id":1333705,"name":"$Lkp_sf_user$","type":"LOOKUP","label":"Lkp_sf_user","uiProperties":{"connectionParameterized":"false","isCachedLookup":"true","multipleMatchPolicy":"Use Last Value","objectParameterized":"false","visible":"false","originalPath":"Lkp_sf_user"},"lookupConnectionId":"@0aa38HfbIjadqoKlbnU14y","lookupObject":"DUMMY_Lkp_sf_user","newFlatFile":false,"newObject":false,"showBusinessNames":false,"naturalOrder":true,"truncateTarget":false,"bulkApiDBTarget":false,"customFuncCfg":{"@type":"customFuncConfig","id":-1,"connections":[],"inputMap":[],"outputFields":[]},"targetRefsV2":{},"targetUpdateColumns":[],"runtimeAttrs":{"Cache File Name Prefix":"","Lookup Index Cache Size":"AUTO","Optional":"true","Lookup cache persistent":"false","Lookup source is static":"false","Case Sensitive String Comparison":"false","Re-cache from lookup source":"false","Insert Else Update":"false","Lookup caching enabled":"true","Lookup Data Cache Size":"AUTO","Tracing Level":"Normal","Sorted Input":"false","Lookup cache directory name":"$PMCacheDir","Output Old Value On Update":"false","Dynamic Lookup Cache":"false","Pre-build lookup cache":"AUTO","Null ordering":""},"isRESTModernSource":true,"customQuery":"WITH USER_1 \t\tAS (SELECT \"Id\", UPPER(TRIM(\"Email\")) AS \"Email\", ROW_NUMBER() OVER (PARTITION BY UPPER(TRIM(\"Email\")) ORDER BY \"IsActive\" DESC ) AS RNK FROM SF_USER)\n    ,UNIQUE_USER \tAS (SELECT \"Id\" AS ID, \"Email\" AS Email  FROM USER_1 WHERE RNK = 1)\n\t\nSELECT  A.ID \n       ,A.Email \n\t   ,B.STAFF_ID\nFROM UNIQUE_USER A\nJOIN STG_BFM_STAFF B \nON TRIM(UPPER(A.Email))=TRIM(UPPER(B.Email))\n\nUNION\n\nSELECT \"Id\" AS ID\n      ,\"Email\" AS Email\n\t  ,NULL AS STAFF_ID \nFROM SF_USER \nWHERE UPPER(\"Name\")= UPPER('Data Migration User')","isFileList":false,"handleSpecialChars":false,"handleDecimalRoundOff":false,"frsAsset":false,"dynamicFileName":false,"excludeDynamicFileNameField":false,"currentlyProcessedFileName":false,"retainFieldMetadata":false,"objectName":"DUMMY_Lkp_sf_user","useExactSrcNames":false,"tgtObjectAttributes":{},"runtimeParameterData":{"@type":"mtTaskRuntimeParameterData","isConnectionRuntimeParameter":false,"isObjectRuntimeParameter":false},"overridableProperties":[],"overriddenFields":[]},{"@type":"mtTaskParameter","id":1333706,"name":"$Lkp_stg_cust_attr$","type":"LOOKUP","label":"Lkp_stg_cust_attr","uiProperties":{"connectionParameterized":"false","isCachedLookup":"true","multipleMatchPolicy":"Use Last Value","objectParameterized":"false","visible":"false","originalPath":"Lkp_stg_cust_attr"},"lookupConnectionId":"@0aa38HfbIjadqoKlbnU14y","lookupObject":"DUMMY_Lkp_stg_cust_attr","newFlatFile":false,"newObject":false,"showBusinessNames":false,"naturalOrder":true,"truncateTarget":false,"bulkApiDBTarget":false,"customFuncCfg":{"@type":"customFuncConfig","id":-1,"connections":[],"inputMap":[],"outputFields":[]},"targetRefsV2":{},"targetUpdateColumns":[],"runtimeAttrs":{"Cache File Name Prefix":"","Lookup Index Cache Size":"AUTO","Optional":"true","Lookup cache persistent":"false","Lookup source is static":"false","Case Sensitive String Comparison":"false","Re-cache from lookup source":"false","Insert Else Update":"false","Lookup caching enabled":"true","Lookup Data Cache Size":"AUTO","Tracing Level":"Normal","Sorted Input":"false","Lookup cache directory name":"$PMCacheDir","Output Old Value On Update":"false","Dynamic Lookup Cache":"false","Pre-build lookup cache":"AUTO","Null ordering":""},"isRESTModernSource":true,"customQuery":"select \nCUST_ID,\nATTR_ID,\nTRIM(attr_value) as  attr_value\nFROM \n STG_CUST_ATTR_VALUE","isFileList":false,"handleSpecialChars":false,"handleDecimalRoundOff":false,"frsAsset":false,"dynamicFileName":false,"excludeDynamicFileNameField":false,"currentlyProcessedFileName":false,"retainFieldMetadata":false,"objectName":"DUMMY_Lkp_stg_cust_attr","useExactSrcNames":false,"tgtObjectAttributes":{},"runtimeParameterData":{"@type":"mtTaskRuntimeParameterData","isConnectionRuntimeParameter":false,"isObjectRuntimeParameter":false},"overridableProperties":[],"overriddenFields":[]},{"@type":"mtTaskParameter","id":1333707,"name":"$Master_Lookup$","type":"LOOKUP","label":"Master_Lookup","uiProperties":{"connectionParameterized":"false","isCachedLookup":"true","multipleMatchPolicy":"Use Last Value","objectParameterized":"false","visible":"false","originalPath":"Master_Lookup"},"lookupConnectionId":"@0aa38HfbIjadqoKlbnU14y","lookupObject":"DUMMY_Master_Lookup","newFlatFile":false,"newObject":false,"showBusinessNames":false,"naturalOrder":true,"truncateTarget":false,"bulkApiDBTarget":false,"customFuncCfg":{"@type":"customFuncConfig","id":-1,"connections":[],"inputMap":[],"outputFields":[]},"targetRefsV2":{},"targetUpdateColumns":[],"runtimeAttrs":{"Cache File Name Prefix":"","Lookup Index Cache Size":"AUTO","Optional":"true","Lookup cache persistent":"false","Lookup source is static":"false","Case Sensitive String Comparison":"false","Re-cache from lookup source":"false","Insert Else Update":"false","Lookup caching enabled":"true","Lookup Data Cache Size":"AUTO","Tracing Level":"Normal","Sorted Input":"false","Lookup cache directory name":"$PMCacheDir","Output Old Value On Update":"false","Dynamic Lookup Cache":"false","Pre-build lookup cache":"AUTO","Null ordering":""},"isRESTModernSource":true,"customQuery":"SELECT \nTRIM(target_object) as target_object,\nTRIM(target_api)    as target_api,\nTRIM(target_value)  as target_value,\nTRIM(UPPER(source_value)) as source_value\nfrom STG_SH_MASTER_LOV\nWHERE is_active='Y'","isFileList":false,"handleSpecialChars":false,"handleDecimalRoundOff":false,"frsAsset":false,"dynamicFileName":false,"excludeDynamicFileNameField":false,"currentlyProcessedFileName":false,"retainFieldMetadata":false,"objectName":"DUMMY_Master_Lookup","useExactSrcNames":false,"tgtObjectAttributes":{},"runtimeParameterData":{"@type":"mtTaskRuntimeParameterData","isConnectionRuntimeParameter":false,"isObjectRuntimeParameter":false},"overridableProperties":[],"overriddenFields":[]}],"sequences":[],"inOutParameters":[],"connRuntimeAttrs":[]}]