[{"@type":"workflow","id":"@1","name":"tf_JSON_PC_OE","maxLogs":10,"references":[{"@type":"reference","refObjectId":"@jjnZ67olui0hsgLRldBp4m","refType":"mtTask"},{"@type":"reference","refObjectId":"@4YpqeXOKHhKg2w7LO24z0Q","refType":"mtTask"},{"@type":"reference","refObjectId":"@l1wtd4Lv80NkdXJUaXUIcy","refType":"mtTask"},{"@type":"reference","refObjectId":"@171VVlxuDe1e5tJ8bFOQu2","refType":"mtTask"}],"tasks":[{"@type":"workflowTask","taskId":"@jjnZ67olui0hsgLRldBp4m","type":"MTT","name":"mt_tgt_sf_json_pc_oe","stopOnError":true,"stopOnWarning":false},{"@type":"workflowTask","taskId":"@4YpqeXOKHhKg2w7LO24z0Q","type":"MTT","name":"mt_Json_PC_OE","stopOnError":true,"stopOnWarning":false},{"@type":"workflowTask","taskId":"@l1wtd4Lv80NkdXJUaXUIcy","type":"MTT","name":"mt_Json_PC_OE_BWB","stopOnError":true,"stopOnWarning":false},{"@type":"workflowTask","taskId":"@171VVlxuDe1e5tJ8bFOQu2","type":"MTT","name":"mt_Json_PC_OE_M365","stopOnError":true,"stopOnWarning":false}]}]