[{"@type":"mappingTemplate","id":"@1","name":"m_Json_pc","description":"","bundleVersion":"0","templateId":"@3","deployTime":1692064332000,"hasParameters":false,"valid":true,"fixedConnection":true,"hasParametersDeployed":false,"fixedConnectionDeployed":true,"isSchemaValidationEnabled":false,"tasks":1,"mappingPreviewFileRecordId":"@2","documentType":"MAPPING","references":[{"@type":"reference","refObjectId":"@lAPE5TY99aPbjVnbp4TMGb","refType":"hschema"},{"@type":"reference","refObjectId":"@7ey8nynJ8IAdu5ivvH9Ku8","refType":"hschema"},{"@type":"reference","refObjectId":"@4QRSN7FLoYhbpr47H7jUO9","refType":"connection"}]}]