[{"@type":"mappingTemplate","id":"@1","name":"m_stg_sync_ebs_billing_account","description":"","bundleVersion":"0","assetFrsGuid":"5WUiEL7bZCNd4tqO13zcSH","templateId":"@3","deployTime":1737079862000,"hasParameters":false,"valid":true,"fixedConnection":true,"hasParametersDeployed":false,"fixedConnectionDeployed":true,"isSchemaValidationEnabled":false,"tasks":1,"mappingPreviewFileRecordId":"@2","documentType":"MAPPING","references":[{"@type":"reference","refObjectId":"@0aa38HfbIjadqoKlbnU14y","refType":"connection"}]}]