[{"@type":"mappingTemplate","id":"@1","name":"m_merge_sf_address","description":"","bundleVersion":"0","assetFrsGuid":"3ihMq8JxgQufJtg8FKpwCi","templateId":"@3","deployTime":1733987264000,"hasParameters":false,"valid":true,"fixedConnection":true,"hasParametersDeployed":false,"fixedConnectionDeployed":true,"isSchemaValidationEnabled":false,"tasks":1,"mappingPreviewFileRecordId":"@2","documentType":"MAPPING","references":[{"@type":"reference","refObjectId":"@0aa38HfbIjadqoKlbnU14y","refType":"connection"}]}]