[{"@type":"mappingTemplate","id":"@1","name":"m_rp_sf_address","description":"This mapping will do reverse pull from salesforce to ods staging area","bundleVersion":"0","templateId":"@3","deployTime":1676564505000,"hasParameters":false,"valid":true,"fixedConnection":true,"hasParametersDeployed":false,"fixedConnectionDeployed":true,"isSchemaValidationEnabled":false,"tasks":1,"mappingPreviewFileRecordId":"@2","documentType":"MAPPING","references":[{"@type":"reference","refObjectId":"@irZpk2lcq2Lh5v2PiTa4Q2","refType":"connection"},{"@type":"reference","refObjectId":"@4SoE843RJabk2lY1RBHwqN","refType":"connection"}]}]