[{"@type":"mappingTemplate","id":"@1","name":"m_myr_recon_report2","description":"","bundleVersion":"0","templateId":"@3","deployTime":1693971566000,"hasParameters":false,"valid":true,"fixedConnection":true,"hasParametersDeployed":false,"fixedConnectionDeployed":true,"isSchemaValidationEnabled":false,"tasks":1,"mappingPreviewFileRecordId":"@2","documentType":"MAPPING","references":[{"@type":"reference","refObjectId":"@20a36AllgI0fajBMFtuveQ","refType":"connection"},{"@type":"reference","refObjectId":"@4QRSN7FLoYhbpr47H7jUO9","refType":"connection"}]}]