[{"@type":"mappingTemplate","id":"@1","name":"m_stg_ebs_pc_addon_sync_1","description":"1. Solution  \n2. Main Service\n3. Addon\n4.Device","bundleVersion":"0","templateId":"@3","hasParameters":false,"valid":true,"fixedConnection":true,"hasParametersDeployed":false,"fixedConnectionDeployed":false,"isSchemaValidationEnabled":false,"tasks":1,"mappingPreviewFileRecordId":"@2","documentType":"MAPPING","references":[{"@type":"reference","refObjectId":"@gbEqHgig3UYgrJMzU4lVau","refType":"connection"}]}]