[{"@type":"workflow","id":"@1","name":"tf_Common_Staging","description":"***To be run after tf_ebs_file_stage_data_load (EBS to Stage table load) ***","maxLogs":10,"references":[{"@type":"reference","refObjectId":"@3hoyiLMGJlKheBwm4AdGQa","refType":"mtTask"},{"@type":"reference","refObjectId":"@1JCVTHc3cQPdDsBdp0dvYj","refType":"mtTask"},{"@type":"reference","refObjectId":"@1yNSUebeaykkLRpYGWSE8d","refType":"mtTask"},{"@type":"reference","refObjectId":"@1WBAae4DpjAiFpPZp1Gksg","refType":"mtTask"}],"tasks":[{"@type":"workflowTask","taskId":"@3hoyiLMGJlKheBwm4AdGQa","type":"MTT","name":"mt_stg_ebs_main_service","stopOnError":true,"stopOnWarning":false},{"@type":"workflowTask","taskId":"@1JCVTHc3cQPdDsBdp0dvYj","type":"MTT","name":"mt_stg_ebs_main_service_2","stopOnError":true,"stopOnWarning":false},{"@type":"workflowTask","taskId":"@1yNSUebeaykkLRpYGWSE8d","type":"MTT","name":"mt_stg_ebs_addon_service","stopOnError":true,"stopOnWarning":false},{"@type":"workflowTask","taskId":"@1WBAae4DpjAiFpPZp1Gksg","type":"MTT","name":"mt_stg_ebs_device_service","stopOnError":true,"stopOnWarning":false}]}]