[{"@type":"mappingTemplate","id":"@1","name":"m_file_stg_ebs_acct_attr_value","description":"To load ACCT_ATTR_VALUE data from file to stage area","bundleVersion":"0","templateId":"@3","deployTime":1674456318000,"hasParameters":false,"valid":true,"fixedConnection":true,"hasParametersDeployed":false,"fixedConnectionDeployed":true,"isSchemaValidationEnabled":false,"tasks":1,"mappingPreviewFileRecordId":"@2","documentType":"MAPPING","references":[{"@type":"reference","refObjectId":"@irZpk2lcq2Lh5v2PiTa4Q2","refType":"connection"},{"@type":"reference","refObjectId":"@4oKksIQNwmndUPmrVHgqS5","refType":"connection"}]}]