[{"@type":"mtTask","id":"@1","name":"mt_stg_ebs_main_service","description":"","runtimeEnvironmentId":"@cUgvxjP6z42j5o2aizvbUV","maxLogs":10,"verbose":false,"mappingId":"@2E3HlAw4VHbfosqrvWe2CN","frsGuid":"ctbYX7JbVqOeGt5xQEmgi5","shortDescription":"","sessionPropertiesList":[{"name":"Allow Temporary Sequence for Pushdown","value":"NO","recommended":false},{"name":"Allow Temporary View for Pushdown","value":"NO","recommended":false},{"name":"Pushdown Optimization","value":"None","recommended":false},{"name":"Pushdown Optimization Context","value":"None","recommended":false},{"name":"Run Only In Pushdown Mode","value":"NO","recommended":false}],"enableCrossSchemaPushdown":true,"enableParallelRun":false,"autoTunedApplied":false,"autoTunedAppliedType":"NONE","paramFileType":"PARAM_FILE_LOCAL","schemaMode":"async","valid":true,"schemaValidationErrorCount":-1,"parameterFileEncoding":"UTF-8","serverlessProperties":{},"taskProperties":[{"@type":"taskProperty","name":"parameterFileDir","currentValue":"","type":"STRING","label":"label.parameterFileDir","required":false},{"@type":"taskProperty","name":"parameterFileName","currentValue":"","type":"STRING","label":"label.parameterFileName","required":false}],"parameters":[{"@type":"mtTaskParameter","id":1334451,"name":"$BWB$","type":"SOURCE","label":"BWB","uiProperties":{"connectionParameterized":"false","isSelectDistinct":"false","objectParameterized":"false","visible":"false","originalPath":"BWB"},"sourceConnectionId":"@0aa38HfbIjadqoKlbnU14y","sourceObject":"DUMMY_BWB","newFlatFile":false,"newObject":false,"showBusinessNames":false,"naturalOrder":true,"truncateTarget":false,"bulkApiDBTarget":false,"customFuncCfg":{"@type":"customFuncConfig","id":-1,"connections":[],"inputMap":[],"outputFields":[]},"targetRefsV2":{},"targetUpdateColumns":[],"runtimeAttrs":{},"isRESTModernSource":true,"customQuery":"WITH ORD_ITM AS (SELECT ORDER_ITEM.SUBS_ID\n\t\t\t\t\t,MAX(ORDER_ITEM.ORDER_ITEM_ID) as ORDER_ITEM_ID\n\t\t\t\tFROM ORDER_ITEM \n\t\t\t\tLEFT JOIN ORDER_REASON ON ORDER_ITEM.ORDER_REASON_ID = ORDER_REASON.ORDER_REASON_ID\n\t\t\t\twhere ORDER_ITEM.ORDER_REASON_ID is not null\n\t\t\t\tand ORDER_ITEM.completed_date is not NULL\n\t\t\t\tgroup by ORDER_ITEM.SUBS_ID\n)\n\n,SUBS_EVENT AS (SELECT ORDER_ITEM.SUBS_ID\n\t\t\t\t\t\t,SUBS_EVENT.EVENT_NAME\n\t\t\t\tFROM\n\t\t\t\tORDER_ITEM \t\t\n\t\t\t\tjoin ORD_ITM ON ORDER_ITEM.ORDER_ITEM_ID = ORD_ITM.ORDER_ITEM_ID\n\t\t\t\tleft join SUBS_EVENT  ON ORDER_ITEM.SUBS_EVENT_ID = SUBS_EVENT.SUBS_EVENT_ID\n)\n\n\n,ORD_EVENT AS (SELECT ORDER_ITEM.SUBS_ID\n\t\t\t\t\t  ,ORDER_REASON.ORDER_REASON_NAME\n\t\t\t\tFROM\n\t\t\t\tORDER_ITEM \t\t\n\t\t\t\tJOIN ORD_ITM \t\t\t\t\t\t\t\tON ORDER_ITEM.ORDER_ITEM_ID = ORD_ITM.ORDER_ITEM_ID\n\t\t\t\tLEFT JOIN ORDER_REASON \tON ORDER_ITEM.ORDER_REASON_ID = ORDER_REASON.ORDER_REASON_ID\n)\n\nSELECT \n\n\t\tPROD.PROD_ID\n\t\t,PROD.COMPLETED_DATE\n\t\t,COALESCE(PROD_STATE.PROD_STATE_NAME,NULL) \t\tAS Plan_PROD_STATE\n\t\t,PROD.SUBS_PLAN_ID\n\t\t,PROD.PROD_STATE_DATE\n\t\t,PROD.UPDATE_DATE \t\t\t\t\t\tAS PROD_UPDATE_DATE\n\t\t,PROD.CREATED_DATE\n\t\t,PROD.STATE_DATE \n\t\t,PROD.PROD_EXP_DATE\n\t\t,PROD.AGREEMENT_EXP_DATE\n\t\t,PROD.AGREEMENT_EFF_DATE\n\t\t,PROD.AGREEMENT_TIME_UNIT\n\t\t,PROD.AGREEMENT_LIMIT\n\t\t,PROD.PROD_STATE\n\t\t,O.OFFER_ID\n\t\t,O.OFFER_TYPE\n\t\t,O.OFFER_NAME\n\t\t,O.OFFER_CODE\n\t\t,O_SUB.OFFER_NAME \t\t\t\t\t\tAS SUBS_PLAN_OFFER_NAME\n\t\t,SUBS.SUBS_ID\n\t\t,SUBS.ACC_NBR\n\t\t,ACC_NBR.ACC_NBR \t\t\t\t\t\tAS BWB_MSISDN\n\t\t,SUBS.ACCT_ID\n\t\t,SUBS.CUST_ID\n\t\t,SUBS.UPDATE_DATE \t\t\t\t\t\tAS SUBS_UPDATE_DATE\n\t\t,ALL_SERV_TYPE.SERV_TYPE_NAME \t\t\tAS PROD_TYPE\n\t\t,CASE\n\t\t\tWHEN ETC_TYPE.VALUE = '1' THEN 'Progressive'\n\t\t\tWHEN ETC_TYPE.VALUE = '2' THEN 'Tiered'\n\t\t\tWHEN ETC_TYPE.VALUE = '3' THEN 'Sim Only'\n\t\t\tWHEN ETC_TYPE.VALUE = '4' THEN 'O365 ETC (None)'\n\t\t\tWHEN ETC_TYPE.VALUE = '5' THEN 'Non-Charge (ETC)'\n\t\t\tWHEN ETC_TYPE.VALUE = '6' THEN 'BRN SIM Only No Commitment'\n\t\t\tWHEN ETC_TYPE.VALUE = '7' THEN 'Progressive (Sales Price)'\n\t\t\tELSE NULL --TBC\n\t\tEND AS ETC_TYPE\n\t\t,DATA_BUNDLE.VALUE \t\t\t\t\t\tAS DATA_BUNDLE\n\t\t,PUBLIC_APN.VALUE                       AS PUBLIC_APN_NAME\n\t\t,IP_ADDRESS.VALUE \t                    AS IP_ADDRESS\n\t\t,APN_NAME.VALUE \t\t                AS PRIVATE_APN_NAME\n\t\t,CASE\n\t\t\tWHEN PROD.SUBS_PLAN_ID = '15812' THEN 'Dynamic'\n\t\t\tWHEN PROD.SUBS_PLAN_ID = '15813' THEN 'Static'\n\t\t\tELSE NULL\n\t\tEND AS IP_ADDRESS_TYPE\n\t\t,CASE\n\t\t\tWHEN APN.OFFER_ID = '11014' THEN 'Public'\n\t\t\tWHEN APN.OFFER_ID = '11013' THEN 'Private'\n\t\t\tELSE NULL\n\t\tEND AS APN\n\t\t,e_mrc.std_value \t\t\t\t\t\tAS MRC_LIST_PRICE\n\t\t,e_mrc.rate_precision\t\t\t\t\tAS MRC_LIST_PRICE_PRECISION\n\t\t,e_otc.std_value\t\t\t\t\t\tAS OTC_LIST_PRICE\n\t\t,e_otc.rate_precision\t\t\t\t\tAS OTC_LIST_PRICE_PRECISION\n\t\t,quote_mrc.DEF_VALUE\t\t\t\t \tAS MRC_QUOTE_LIST_PRICE\n\t\t,quote_mrc.STD_RATE_PRECISION\t\t\t \tAS MRC_QUOTE_LIST_PRICE_PRECISION\n\t\t,quote_mrc.SALES_PRICE\t\t\t\t \tAS MRC_QUOTE_SALES_PRICE\n\t\t,quote_mrc.SP_PRECISION\t\t\t\t \tAS MRC_QUOTE_SALES_PRICE_PRECISION\n\t\t,quote_mrc.value \t\t\t\t\t \tAS MRC_QUOTE_VALUE\n\t\t,quote_mrc.SP_PRECISION\t\t\t\t \tAS MRC_QUOTE_VALUE_PRECISION\n\t\t,quote_mrc.val_type \t\t\t\t \tAS MRC_QUOTE_VAL_TYPE\n\t\t,quote_otc.DEF_VALUE\t\t\t\t \tAS OTC_QUOTE_LIST_PRICE\n\t\t,quote_otc.STD_RATE_PRECISION\t\t\t \tAS OTC_QUOTE_LIST_PRICE_PRECISION\n\t\t,quote_otc.SALES_PRICE\t\t\t\t \tAS OTC_QUOTE_SALES_PRICE\n\t\t,quote_otc.SP_PRECISION\t\t\t\t \tAS OTC_QUOTE_SALES_PRICE_PRECISION\n\t\t,quote_otc.value \t\t\t\t\t \tAS OTC_QUOTE_VALUE\n\t\t,quote_otc.SP_PRECISION\t\t\t\t \tAS OTC_QUOTE_VALUE_PRECISION\n\t\t,quote_otc.val_type \t\t\t\t \tAS OTC_QUOTE_VAL_TYPE\n\t\t,quote_mrc.contract_eff_date\t\t\tAS MRC_QUOTE_CONTRACT_EFF_DATE\n\t\t,quote_mrc.contract_exp_date\t\t\tAS MRC_QUOTE_CONTRACT_EXP_DATE\t\t\t\t\n\t\t,quote_otc.contract_eff_date\t\t\tAS OTC_QUOTE_CONTRACT_EFF_DATE\n\t\t,quote_otc.contract_exp_date\t\t\tAS OTC_QUOTE_CONTRACT_EXP_DATE\n\t\t,promo_mrc.VAL_type\t\t\t\t\t\tAS MRC_PROMO_VAL_TYPE\n\t\t,promo_mrc.VALUE \t\t\t\t\t\tAS MRC_PROMO_VALUE\n\t\t,promo_mrc.rate_precision\t\t\t\tAS MRC_PROMO_VALUE_PRECISION\n\t\t,promo_mrc.STD_VALUE\t\t\t\t\tAS MRC_PROMO_LIST_PRICE\n\t\t,promo_mrc.STD_RATE_PRECISION \t\t\tAS MRC_PROMO_LIST_PRICE_PRECISION\n\t\t,promo_mrc.SALES_PRICE\t\t\t\t\tAS MRC_PROMO_SALES_PRICE\n\t\t,promo_mrc.SP_PRECISION\t\t\t\t\tAS MRC_PROMO_SALES_PRICE_PRECISION\n\t\t,promo_mrc.DISCOUNT_AMT \t\t\t\tAS MRC_PROMO_DISCOUNT_AMT\n\t\t,promo_otc.VAL_type\t\t\t\t\t\tAS OTC_PROMO_VAL_TYPE\n\t\t,promo_otc.VALUE \t\t\t\t\t\tAS OTC_PROMO_VALUE\n\t\t,promo_otc.rate_precision\t\t\t\tAS OTC_PROMO_VALUE_PRECISION\n\t\t,promo_otc.STD_VALUE\t\t\t\t\tAS OTC_PROMO_LIST_PRICE\n\t\t,promo_otc.STD_RATE_PRECISION \t\t\tAS OTC_PROMO_LIST_PRICE_PRECISION\n\t\t,promo_otc.SALES_PRICE\t\t\t\t\tAS OTC_PROMO_SALES_PRICE\n\t\t,promo_otc.SP_PRECISION\t\t\t\t\tAS OTC_PROMO_SALES_PRICE_PRECISION\t\t\n\t\t,promo_otc.DISCOUNT_AMT \t\t\t\tAS OTC_PROMO_DISCOUNT_AMT\n\t\t,promo_mrc.contract_eff_date\t\t \tAS MRC_PROMO_CONTRACT_EFF_DATE\n\t\t,promo_mrc.contract_exp_date\t\t \tAS MRC_PROMO_CONTRACT_EXP_DATE\t\t\t\t\n\t\t,promo_otc.contract_eff_date\t\t \tAS OTC_PROMO_CONTRACT_EFF_DATE\n\t\t,promo_otc.contract_exp_date\t\t \tAS OTC_PROMO_CONTRACT_EXP_DATE\t\t\n--\t\t,promo_otc.promocode \t\t\t\t\tAS PROMOCODE\n\t\t,SUBS_EVENT.EVENT_NAME\n\t\t,ORD_EVENT.ORDER_REASON_NAME\n\t\t,EBS_ESC_USER.USER_NAME \t\t\t\tAS employee_name\n\t\t,EBS_ESC_USER.email \t\t\t\t\tAS Employee_Email\n\t\t,EBS_STD_ADDR.block_no\n\t\t,EBS_STD_ADDR.street_name\n\t\t,EBS_STD_ADDR.UNIT_NO\n\t\t,EBS_STD_ADDR.FLOOR_NO\n\t\t,EBS_STD_ADDR.POSTAL_CODE\n\t\t,BFM_STAFF.STAFF_NAME\n\n\t\t\n\t\t,stg_ebs_contact_man.BASE_CONTACT_MAN_ID\n\t\t,stg_ebs_contact_man.ebs_contact_man_type\n\t\t,stg_ebs_contact_man.PRIMARY_FLAG\n\t\t\n\n\nFROM PROD\nLEFT JOIN OFFER O \t\t\t\t\t\tON CAST(PROD.OFFER_ID AS VARCHAR) = CAST(O.OFFER_ID AS VARCHAR)\nLEFT JOIN OFFER O_SUB \t\t\t\t\tON CAST(PROD.SUBS_PLAN_ID AS VARCHAR) = CAST(O_SUB.OFFER_ID AS VARCHAR)\nLEFT JOIN SUBS \t\t\t\t\t\tON CAST(PROD.PROD_ID AS VARCHAR) = CAST(SUBS.SUBS_ID AS VARCHAR)\nLEFT JOIN SUBS_PLAN \t\t\t\t\tON CAST(PROD.SUBS_PLAN_ID AS VARCHAR) = CAST(SUBS_PLAN.SUBS_PLAN_ID AS VARCHAR)\nLEFT JOIN INDEP_PROD_SPEC \t\t\t\tON CAST(SUBS_PLAN.INDEP_PROD_SPEC_ID AS VARCHAR) = CAST(INDEP_PROD_SPEC.INDEP_PROD_SPEC_ID AS VARCHAR)\nLEFT JOIN ALL_SERV_TYPE \t\t\t\tON CAST(INDEP_PROD_SPEC.SERV_TYPE AS VARCHAR) = CAST(ALL_SERV_TYPE.SERV_TYPE AS VARCHAR) \nLEFT JOIN PROD_ATTR_VALUE ETC_TYPE \tON CAST(ETC_TYPE.PROD_ID AS VARCHAR) = CAST(PROD.PROD_ID AS VARCHAR) AND ETC_TYPE.ATTR_ID = '2277'\nLEFT JOIN PROD_ATTR_VALUE DATA_BUNDLE \tON CAST(DATA_BUNDLE.PROD_ID AS VARCHAR) = CAST(PROD.PROD_ID AS VARCHAR) AND DATA_BUNDLE.ATTR_ID = '3921'\nLEFT JOIN EBS_ESC_USER \t\t\t\tON CAST(SUBS.USER_ID AS VARCHAR) = CAST(EBS_ESC_USER.USER_ID AS VARCHAR) \nLEFT JOIN USED_RES SERVICE_ADDR \t\tON CAST(SUBS.SUBS_ID AS VARCHAR) = CAST(SERVICE_ADDR.prod_id AS VARCHAR)  AND SERVICE_ADDR.RES_TYPE = 'C' AND SERVICE_ADDR.STATE = 'A'\nLEFT JOIN USED_RES BWB_MSISDN \t\t\tON CAST(SUBS.SUBS_ID AS VARCHAR) = CAST(BWB_MSISDN.prod_id AS VARCHAR)  AND BWB_MSISDN.RES_TYPE = 'A' AND BWB_MSISDN.STATE = 'A'\nLEFT JOIN ACC_NBR \t\t\t\t\t\tON CAST(ACC_NBR.ACC_NBR_ID AS VARCHAR) = CAST(BWB_MSISDN.RES_ID AS VARCHAR)\nLEFT JOIN entitlements e_mrc\t\t\tON CAST(O_SUB.OFFER_NAME AS VARCHAR) = CAST(e_mrc.OFFER_NAME AS VARCHAR) and e_mrc.param_code = 'MRC' and DATA_BUNDLE.VALUE = split_part(e_mrc.zone_code,'|',1) and concat(PROD.agreement_limit,PROD.agreement_time_unit) = split_part(e_mrc.zone_code,'|',2)\nLEFT JOIN entitlements e_otc\t\t\tON CAST(O_SUB.OFFER_NAME AS VARCHAR) = CAST(e_otc.OFFER_NAME AS VARCHAR) and e_otc.param_code = 'OTC' and DATA_BUNDLE.VALUE = split_part(e_otc.zone_code,'|',1) and concat(PROD.agreement_limit,PROD.agreement_time_unit) = split_part(e_otc.zone_code,'|',2)\n--LEFT JOIN LIST_PRICE_BWB \t\t\t\tON CAST(O.OFFER_NAME AS VARCHAR) = CAST(LIST_PRICE_BWB.OFFER_NAME  AS VARCHAR) AND LIST_PRICE_BWB.CELL_VALUE = (DATA_BUNDLE.VALUE || '|' || PROD.AGREEMENT_LIMIT || PROD.AGREEMENT_TIME_UNIT)\nLEFT JOIN quotation quote_mrc \t\t\tON CAST(quote_mrc.SUBS_ID AS VARCHAR) = CAST(PROD.PROD_ID AS VARCHAR) and quote_mrc.param_code = 'DATA_BUNDLE' and quote_mrc.col_name = 'MRC' and DATA_BUNDLE.VALUE = split_part(quote_mrc.zone_code,'|',1) and concat(PROD.agreement_limit,PROD.agreement_time_unit) = split_part(quote_mrc.zone_code,'|',2)\nLEFT JOIN quotation quote_otc\t\t\tON CAST(quote_otc.SUBS_ID AS VARCHAR) = CAST(PROD.PROD_ID AS VARCHAR) and quote_otc.param_code = 'DATA_BUNDLE' and quote_otc.col_name = 'OTC' and DATA_BUNDLE.VALUE = split_part(quote_otc.zone_code,'|',1) and concat(PROD.agreement_limit,PROD.agreement_time_unit) = split_part(quote_otc.zone_code,'|',2)\nLEFT JOIN promotion promo_mrc \t\t\tON CAST(promo_mrc.SUBS_ID AS VARCHAR) = CAST(PROD.PROD_ID AS VARCHAR) and promo_mrc.col_name = 'MRC' and DATA_BUNDLE.VALUE = split_part(promo_mrc.zone_code,'|',1) and concat(PROD.agreement_limit,PROD.agreement_time_unit) = split_part(promo_mrc.zone_code,'|',2)\nLEFT JOIN promotion promo_otc \t\t\tON CAST(promo_otc.SUBS_ID AS VARCHAR) = CAST(PROD.PROD_ID AS VARCHAR) and promo_otc.col_name = 'OTC' and DATA_BUNDLE.VALUE = split_part(promo_otc.zone_code,'|',1) and concat(PROD.agreement_limit,PROD.agreement_time_unit) = split_part(promo_otc.zone_code,'|',2)\nLEFT JOIN EBS_STD_ADDR \t\t\t\tON CAST(SERVICE_ADDR.RES_ID AS VARCHAR) = CAST(EBS_STD_ADDR.STD_ADDR_ID AS VARCHAR)\nLEFT JOIN stg_sap_cust_account \t\t\t\t\t\tON CAST(SUBS.CUST_ID AS VARCHAR) = CAST(stg_sap_cust_account.customer_id AS VARCHAR)\nLEFT JOIN ACCOUNT_MANAGER_CUST \t\tON CAST(ACCOUNT_MANAGER_CUST.CUST_ID AS VARCHAR) = CAST(stg_sap_cust_account.customer_id  AS VARCHAR)\nLEFT JOIN BFM_STAFF \t\t\t\t\tON CAST(account_manager_cust.PARTY_CODE AS VARCHAR) = cast (BFM_STAFF.STAFF_ID as varchar(100))\n\nLEFT JOIN stg_ebs_contact_man ON cast(stg_ebs_contact_man.INST_VALUE as bigint) = PROD.PROD_ID \n\nLEFT JOIN PROD_STATE \t\t\t\t\tON CAST(PROD.PROD_STATE AS VARCHAR) = CAST(PROD_STATE.PROD_STATE AS VARCHAR)\nLEFT JOIN PROD APN\t\t\t\t\t\tON CAST(PROD.PROD_ID AS VARCHAR) = CAST(APN.INDEP_PROD_ID AS VARCHAR) AND APN.OFFER_ID IN ('11014','11013') and APN.prod_state = 'A'\nLEFT JOIN PROD_ATTR_VALUE PUBLIC_APN\tON CAST(APN.PROD_ID AS VARCHAR) = CAST(PUBLIC_APN.PROD_ID AS VARCHAR) AND PUBLIC_APN.ATTR_ID = '3053'\nLEFT JOIN PROD_ATTR_VALUE IP_ADDRESS\tON CAST(APN.PROD_ID AS VARCHAR) = CAST(IP_ADDRESS.PROD_ID AS VARCHAR) AND IP_ADDRESS.ATTR_ID = '1743'\nLEFT JOIN PROD_ATTR_VALUE APN_NAME\t\tON CAST(APN.PROD_ID AS VARCHAR) = CAST(APN_NAME.PROD_ID AS VARCHAR) AND APN_NAME.ATTR_ID = '604'\n\nLEFT JOIN SUBS_EVENT \t\t\t\t\t\t\tON SUBS_EVENT.SUBS_ID = PROD.PROD_ID\nLEFT JOIN ORD_EVENT \t\t\t\t\t\t\tON ORD_EVENT.SUBS_ID = PROD.PROD_ID\n\nWHERE \nSUBS.ACCT_ID IS NOT NULL and  ALL_SERV_TYPE.SERV_TYPE_NAME = 'EW'\nAND (PROD.val_id IS NULL OR PROD.val_id ='') -- Data Validation Checking","isFileList":false,"handleSpecialChars":false,"handleDecimalRoundOff":false,"frsAsset":false,"dynamicFileName":false,"excludeDynamicFileNameField":false,"currentlyProcessedFileName":false,"retainFieldMetadata":false,"objectName":"DUMMY_BWB","useExactSrcNames":false,"tgtObjectAttributes":{},"runtimeParameterData":{"@type":"mtTaskRuntimeParameterData","isConnectionRuntimeParameter":false,"isObjectRuntimeParameter":false},"overridableProperties":[],"overriddenFields":[]},{"@type":"mtTaskParameter","id":1334452,"name":"$Mobile$","type":"SOURCE","label":"Mobile","uiProperties":{"connectionParameterized":"false","isSelectDistinct":"false","objectParameterized":"false","visible":"false","originalPath":"Mobile"},"sourceConnectionId":"@0aa38HfbIjadqoKlbnU14y","sourceObject":"DUMMY_Mobile","newFlatFile":false,"newObject":false,"showBusinessNames":false,"naturalOrder":true,"truncateTarget":false,"bulkApiDBTarget":false,"customFuncCfg":{"@type":"customFuncConfig","id":-1,"connections":[],"inputMap":[],"outputFields":[]},"targetRefsV2":{},"targetUpdateColumns":[],"runtimeAttrs":{},"isRESTModernSource":true,"customQuery":"WITH PRD AS (SELECT P.*\n\t\t\t\t\t,PROD_ATTR_VALUE.value \t\tAS ETC_TYPE\n\t\t\t\t\t,PROD_ATTR_VALUE.attr_id \tAS ETC_TYPE_ATTR_ID\n\t\t\t\t\t,POOLING_UNITS.value \t\tAS POOLING_UNITS\n\t\t\t\t\t,POOLING_UNITS.attr_id \t\tAS POOLING_UNITS_ATTR_ID\n\t\t\t  FROM PROD P\n\t\t\t  LEFT JOIN PROD_ATTR_VALUE PROD_ATTR_VALUE ON PROD_ATTR_VALUE.PROD_ID = p.PROD_ID AND PROD_ATTR_VALUE.attr_id= '2277'\n\t\t\t  LEFT JOIN PROD_ATTR_VALUE POOLING_UNITS ON POOLING_UNITS.PROD_ID = p.PROD_ID AND POOLING_UNITS.ATTR_ID = '2261'\n\t\t\t  WHERE P.INDEP_PROD_ID IS NULL AND P.SUBS_PLAN_ID IS NOT NULL\n)\n\n,ORD_ITM AS (SELECT ORDER_ITEM.SUBS_ID\n\t\t\t\t\t,MAX(ORDER_ITEM.ORDER_ITEM_ID) as ORDER_ITEM_ID\n\t\t\t\tFROM ORDER_ITEM \n\t\t\t\tLEFT JOIN ORDER_REASON ON ORDER_ITEM.ORDER_REASON_ID = ORDER_REASON.ORDER_REASON_ID\n\t\t\t\twhere ORDER_ITEM.ORDER_REASON_ID is not null\n\t\t\t\tand ORDER_ITEM.completed_date is not NULL\n\t\t\t\tgroup by ORDER_ITEM.SUBS_ID\n)\n\n,SUBS_EVENT AS (SELECT ORDER_ITEM.SUBS_ID\n\t\t\t\t\t\t,SUBS_EVENT.EVENT_NAME\n\t\t\t\tFROM\n\t\t\t\tORDER_ITEM \t\t\n\t\t\t\tjoin ORD_ITM ON ORDER_ITEM.ORDER_ITEM_ID = ORD_ITM.ORDER_ITEM_ID\n\t\t\t\tleft join SUBS_EVENT  ON ORDER_ITEM.SUBS_EVENT_ID = SUBS_EVENT.SUBS_EVENT_ID\n)\n\n\n,ORD_EVENT AS (SELECT ORDER_ITEM.SUBS_ID\n\t\t\t\t\t  ,ORDER_REASON.ORDER_REASON_NAME\n\t\t\t\tFROM\n\t\t\t\tORDER_ITEM \t\t\n\t\t\t\tJOIN ORD_ITM \t\t\t\t\t\t\t\tON ORDER_ITEM.ORDER_ITEM_ID = ORD_ITM.ORDER_ITEM_ID\n\t\t\t\tLEFT JOIN ORDER_REASON \tON ORDER_ITEM.ORDER_REASON_ID = ORDER_REASON.ORDER_REASON_ID\n)\n\n,POOLING AS (SELECT ACCT_ID,SUBS_ID \n\t\t\t\t\tFROM SUBS JOIN PROD ON SUBS.SUBS_ID = PROD.PROD_ID \n\t\t\t\t\tWHERE PROD.OFFER_ID IN ('4246','5499')\n)\t\t\t\t\t\n,ICCID AS (SELECT DISTINCT A.PROD_ID, C.ICCID\n\t\t\t\t\tFROM PROD A\n\t\t\t\t\tJOIN USED_RES B\n\t\t\t\t\t\tON A.PROD_ID = B.PROD_ID\n\t\t\t\t\tJOIN SIM_CARD C\n\t\t\t\t\t\tON B.RES_ID = C.SIM_CARD_ID\n\t\t\t\t\tWHERE B.RES_TYPE = 'B'\n\n)\n\nSELECT   PRD.PROD_ID\n\n\t\t,PRD.COMPLETED_DATE\n\t\t,COALESCE(PROD_STATE.PROD_STATE_NAME,NULL) \t\tAS Plan_PROD_STATE\n\t\t,PRD.SUBS_PLAN_ID\n\t\t,PRD.PROD_STATE_DATE\n\t\t,PRD.UPDATE_DATE \t\t\t\t\t\tAS PROD_UPDATE_DATE\n\t\t,PRD.CREATED_DATE\n\t\t,PRD.STATE_DATE \n\t\t,PRD.PROD_EXP_DATE\n\t\t,PRD.AGREEMENT_EXP_DATE\n\t\t,PRD.AGREEMENT_EFF_DATE\n\t\t,PRD.AGREEMENT_TIME_UNIT\n\t\t,PRD.AGREEMENT_LIMIT\n\t\t,PRD.PROD_STATE\n\t\t,PRD.ETC_TYPE\n\t\t,PRD.ETC_TYPE_ATTR_ID\n\t\t,PRD.POOLING_UNITS_ATTR_ID\n\t\t,O.OFFER_ID\n\t\t,O.OFFER_TYPE\n\t\t,O.OFFER_NAME\n\t\t,O.OFFER_CODE\n\t\t,O_SUB.OFFER_NAME \t\t\t\t\t\tAS SUBS_PLAN_OFFER_NAME\n\t\t,SUBS.SUBS_ID\n\t\t,SUBS.ACC_NBR\n\t\t,SUBS.ACCT_ID\n\t\t,SUBS.CUST_ID\n\t\t,SUBS.USER_ID\n\t\t,SUBS.UPDATE_DATE \t\t\t\t\t\tAS SUBS_UPDATE_DATE\n\t\t,ALL_SERV_TYPE.SERV_TYPE_NAME \t\t\tAS PROD_TYPE\n\t\t,USED_RES.RES_ID\n\t\t,CASE\n\t\t\tWHEN POOLING.ACCT_ID IS NOT NULL THEN 1\n\t\t\tELSE 0\n\t\tEND AS POOLING_FLAG\n\t\t,POOLING.SUBS_ID\t\t\t\t\t\tAS POOLING_SUBS_ID\n\t\t,PRD.POOLING_UNITS \t\t\t\t\t\tAS POOLING_UNITS\n\t\t,CAST(e.localsms as bigint)\t\t\t\tAS SMS_BASE_ENTITLEMENT\n\t\t,CAST(e.localminutes as bigint)\t\t\tAS VOICE_BASE_ENTITLEMENT\n\t\t,CAST(e.localdata as bigint)\t\t\tAS DATA_BASE_ENTITLEMENT\n\t\t,e_mrc.std_value \t\t\t\t\t\tAS MRC_LIST_PRICE\n\t\t,e_mrc.rate_precision\t\t\t\t\tAS MRC_LIST_PRICE_PRECISION\n\t\t,e_otc.std_value\t\t\t\t\t\tAS OTC_LIST_PRICE\n\t\t,e_otc.rate_precision\t\t\t\t\tAS OTC_LIST_PRICE_PRECISION\n\t\t,quote_mrc.DEF_VALUE\t\t\t\t \tAS MRC_QUOTE_LIST_PRICE\n\t\t,quote_mrc.STD_RATE_PRECISION\t\t\tAS MRC_QUOTE_LIST_PRICE_PRECISION\n\t\t,quote_mrc.SALES_PRICE\t\t\t\t \tAS MRC_QUOTE_SALES_PRICE\n\t\t,quote_mrc.SP_PRECISION\t\t\t\t \tAS MRC_QUOTE_SALES_PRICE_PRECISION\n\t\t,quote_mrc.value \t\t\t\t\t \tAS MRC_QUOTE_VALUE\n\t\t,quote_mrc.SP_PRECISION\t\t\t\t \tAS MRC_QUOTE_VALUE_PRECISION\n\t\t,quote_mrc.val_type \t\t\t\t \tAS MRC_QUOTE_VAL_TYPE\n\t\t,quote_otc.DEF_VALUE\t\t\t\t \tAS OTC_QUOTE_LIST_PRICE\n\t\t,quote_otc.STD_RATE_PRECISION\t\t\tAS OTC_QUOTE_LIST_PRICE_PRECISION\n\t\t,quote_otc.SALES_PRICE\t\t\t\t \tAS OTC_QUOTE_SALES_PRICE\n\t\t,quote_otc.SP_PRECISION\t\t\t\t \tAS OTC_QUOTE_SALES_PRICE_PRECISION\n\t\t,quote_otc.value \t\t\t\t\t \tAS OTC_QUOTE_VALUE\n\t\t,quote_otc.SP_PRECISION\t\t\t\t \tAS OTC_QUOTE_VALUE_PRECISION\n\t\t,quote_otc.val_type \t\t\t\t \tAS OTC_QUOTE_VAL_TYPE\n\t\t,quote_mrc.contract_eff_date\t\t\tAS MRC_QUOTE_CONTRACT_EFF_DATE\n\t\t,quote_mrc.contract_exp_date\t\t\tAS MRC_QUOTE_CONTRACT_EXP_DATE\t\t\t\t\n\t\t,quote_otc.contract_eff_date\t\t\tAS OTC_QUOTE_CONTRACT_EFF_DATE\n\t\t,quote_otc.contract_exp_date\t\t\tAS OTC_QUOTE_CONTRACT_EXP_DATE\n\t\t,promo_mrc.VAL_type\t\t\t\t\t\tAS MRC_PROMO_VAL_TYPE\n\t\t,promo_mrc.VALUE \t\t\t\t\t\tAS MRC_PROMO_VALUE\n\t\t,promo_mrc.rate_precision\t\t\t\tAS MRC_PROMO_VALUE_PRECISION\n\t\t,promo_mrc.STD_VALUE\t\t\t\t\tAS MRC_PROMO_LIST_PRICE\n\t\t,promo_mrc.STD_RATE_PRECISION \t\t\tAS MRC_PROMO_LIST_PRICE_PRECISION\n\t\t,promo_mrc.SALES_PRICE\t\t\t\t\tAS MRC_PROMO_SALES_PRICE\n\t\t,promo_mrc.SP_PRECISION\t\t\t\t\tAS MRC_PROMO_SALES_PRICE_PRECISION\n\t\t,promo_mrc.DISCOUNT_AMT \t\t\t\tAS MRC_PROMO_DISCOUNT_AMT\n\t\t,promo_otc.VAL_type\t\t\t\t\t\tAS OTC_PROMO_VAL_TYPE\n\t\t,promo_otc.VALUE \t\t\t\t\t\tAS OTC_PROMO_VALUE\n\t\t,promo_otc.rate_precision\t\t\t\tAS OTC_PROMO_VALUE_PRECISION\n\t\t,promo_otc.STD_VALUE\t\t\t\t\tAS OTC_PROMO_LIST_PRICE\n\t\t,promo_otc.STD_RATE_PRECISION \t\t\tAS OTC_PROMO_LIST_PRICE_PRECISION\n\t\t,promo_otc.SALES_PRICE\t\t\t\t\tAS OTC_PROMO_SALES_PRICE\n\t\t,promo_otc.SP_PRECISION\t\t\t\t\tAS OTC_PROMO_SALES_PRICE_PRECISION\t\t\n\t\t,promo_otc.DISCOUNT_AMT \t\t\t\tAS OTC_PROMO_DISCOUNT_AMT\n\t\t,promo_mrc.contract_eff_date\t\t\tAS MRC_PROMO_CONTRACT_EFF_DATE\n\t\t,promo_mrc.contract_exp_date\t\t\tAS MRC_PROMO_CONTRACT_EXP_DATE\t\t\t\t\n\t\t,promo_otc.contract_eff_date\t\t\tAS OTC_PROMO_CONTRACT_EFF_DATE\n\t\t,promo_otc.contract_exp_date\t\t\tAS OTC_PROMO_CONTRACT_EXP_DATE\n--\t\t,promo_otc.promocode \t\t\t\t\tAS PROMOCODE\n\t\t,SUBS_EVENT.EVENT_NAME\n\t\t,ORD_EVENT.ORDER_REASON_NAME\n\t\t,EBS_ESC_USER.USER_NAME\n\t\t,EBS_ESC_USER.email \t\t\t\t\t\tAS Employee_Email\n\t\t,EBS_STD_ADDR.block_no\n\t\t,EBS_STD_ADDR.street_name\n\t\t,EBS_STD_ADDR.UNIT_NO\n\t\t,EBS_STD_ADDR.FLOOR_NO\n\t\t,EBS_STD_ADDR.POSTAL_CODE\n\t\t,BFM_STAFF.STAFF_NAME\n\t\t,stg_ebs_contact_man.BASE_CONTACT_MAN_ID\n\t\t,stg_ebs_contact_man.ebs_contact_man_type\n\t\t,stg_ebs_contact_man.PRIMARY_FLAG\n\t\t\n\t\n\t\t,ebs_subs.call_bar_type\n\t\t--,m.email as Manager_Email\n\t\t--,EBS_ESC_USER.Employee_ID\n\t\t--,EBS_ESC_USER.department_id \t\t\tAS Employee_Department\n\t\t--,EBS_ESC_USER.cost_center_id \t\t\tAS Employee_Cost_Centre\n\t\t,ICCID.ICCID     AS   ICCID\n\nFROM PRD\nLEFT JOIN OFFER O \t\t\t\tON PRD.OFFER_ID = O.OFFER_ID\nLEFT JOIN OFFER O_SUB \t\t\tON PRD.SUBS_PLAN_ID = O_SUB.OFFER_ID\nLEFT JOIN SUBS \t\t\t\tON PRD.PROD_ID = SUBS.SUBS_ID\nLEFT JOIN SUBS_PLAN \t\t\tON PRD.SUBS_PLAN_ID = SUBS_PLAN.SUBS_PLAN_ID\nLEFT JOIN INDEP_PROD_SPEC \t\tON SUBS_PLAN.INDEP_PROD_SPEC_ID = INDEP_PROD_SPEC.INDEP_PROD_SPEC_ID\nLEFT JOIN ALL_SERV_TYPE \t\tON INDEP_PROD_SPEC.SERV_TYPE = ALL_SERV_TYPE.SERV_TYPE\nLEFT JOIN USED_RES \t\t\tON SUBS.SUBS_ID = USED_RES.prod_id  AND USED_RES.RES_TYPE = 'C' AND USED_RES.STATE = 'A'\nLEFT JOIN entitlements_pivot e ON O_SUB.OFFER_NAME = e.OFFER_NAME\nLEFT JOIN entitlements e_mrc \tON O_SUB.OFFER_NAME = e_mrc.OFFER_NAME and e_mrc.param_code = 'MRC'\nLEFT JOIN entitlements e_otc \tON O_SUB.OFFER_NAME = e_otc.OFFER_NAME and e_otc.param_code = 'OTC'\nLEFT JOIN quotation quote_mrc \tON quote_mrc.SUBS_ID = PRD.PROD_ID and quote_mrc.param_code = 'MRC'\nLEFT JOIN quotation quote_otc\tON quote_otc.SUBS_ID = PRD.PROD_ID and quote_mrc.param_code = 'OTC'\nLEFT JOIN promotion promo_mrc\tON promo_mrc.SUBS_ID = PRD.PROD_ID and promo_mrc.param_code = 'MRC'\nLEFT JOIN promotion promo_otc\tON promo_otc.SUBS_ID = PRD.PROD_ID and promo_mrc.param_code = 'OTC'\n\nLEFT JOIN EBS_ESC_USER \t\tON SUBS.USER_ID = EBS_ESC_USER.USER_ID \nLEFT JOIN EBS_STD_ADDR \t\tON USED_RES.RES_ID = EBS_STD_ADDR.STD_ADDR_ID\nLEFT JOIN stg_sap_cust_account \t\t\tON CAST(SUBS.CUST_ID as VARCHAR) = stg_sap_cust_account.customer_id\n\n\nLEFT JOIN ACCOUNT_MANAGER_CUST ON CAST(ACCOUNT_MANAGER_CUST.CUST_ID as VARCHAR)= stg_sap_cust_account.customer_id \nLEFT JOIN BFM_STAFF \t\t\tON account_manager_cust.PARTY_CODE = cast (BFM_STAFF.STAFF_ID as varchar(100))\nLEFT JOIN stg_ebs_contact_man ON cast(stg_ebs_contact_man.INST_VALUE as bigint) = PRD.PROD_ID \n\nLEFT JOIN PROD_STATE ON PRD.PROD_STATE = PROD_STATE.PROD_STATE\n\nLEFT JOIN SUBS_EVENT \t\t\t\t\t\t\tON SUBS_EVENT.SUBS_ID = PRD.PROD_ID\nLEFT JOIN ORD_EVENT \t\t\t\t\t\t\tON ORD_EVENT.SUBS_ID = PRD.PROD_ID\nLEFT JOIN POOLING \t\t\t\t\t\t\t\tON POOLING.SUBS_ID= SUBS.SUBS_ID\n\n--LEFT JOIN EBS_ESC_USER m \tON EBS_ESC_USER.USER_ID=m.Manager_id \nLEFT JOIN ebs_subs \t\t\tON EBS_SUBS.SUBS_ID =PRD.PROD_ID\nLEFT JOIN ICCID \t\t\t\t\t\t\t\tON  ICCID.PROD_ID = PRD.PROD_ID\n\nWHERE\n  ALL_SERV_TYPE.SERV_TYPE_NAME in ('Mobile','Virtual Subscriber')\nand (PRD.val_id IS NULL OR PRD.val_id ='') -- Data Validation Checking","isFileList":false,"handleSpecialChars":false,"handleDecimalRoundOff":false,"frsAsset":false,"dynamicFileName":false,"excludeDynamicFileNameField":false,"currentlyProcessedFileName":false,"retainFieldMetadata":false,"objectName":"DUMMY_Mobile","useExactSrcNames":false,"tgtObjectAttributes":{},"runtimeParameterData":{"@type":"mtTaskRuntimeParameterData","isConnectionRuntimeParameter":false,"isObjectRuntimeParameter":false},"overridableProperties":[],"overriddenFields":[]},{"@type":"mtTaskParameter","id":1334453,"name":"$stg_ebs_main_service_bwb$","type":"TARGET","label":"stg_ebs_main_service_bwb","uiProperties":{"connectionParameterized":"false","objectParameterized":"false","visible":"false","defaultTargetUpdateColumns":"","supportApplyDDLChanges":"false","originalPath":"stg_ebs_main_service_bwb"},"targetConnectionId":"@0aa38HfbIjadqoKlbnU14y","targetObject":"ods_stage_source/TABLE/stg_ebs_main_service","targetObjectLabel":"stg_ebs_main_service","newFlatFile":false,"newObject":false,"showBusinessNames":false,"naturalOrder":true,"truncateTarget":false,"bulkApiDBTarget":false,"operationType":"Insert","customFuncCfg":{"@type":"customFuncConfig","id":-1,"connections":[],"inputMap":[],"outputFields":[]},"targetRefsV2":{},"targetUpdateColumns":[],"extendedObject":{"@type":"extendedObject","singleMode":true,"filters":[],"sortFields":[]},"runtimeAttrs":{},"isRESTModernSource":true,"isFileList":false,"handleSpecialChars":false,"handleDecimalRoundOff":false,"frsAsset":false,"dynamicFileName":false,"excludeDynamicFileNameField":false,"currentlyProcessedFileName":false,"retainFieldMetadata":false,"objectName":"ods_stage_source/TABLE/stg_ebs_main_service","objectLabel":"stg_ebs_main_service","useExactSrcNames":false,"tgtObjectAttributes":{},"runtimeParameterData":{"@type":"mtTaskRuntimeParameterData","isConnectionRuntimeParameter":false,"isObjectRuntimeParameter":false},"overridableProperties":[],"overriddenFields":[]},{"@type":"mtTaskParameter","id":1334454,"name":"$stg_ebs_main_service_mob$","type":"TARGET","label":"stg_ebs_main_service_mob","uiProperties":{"connectionParameterized":"false","objectParameterized":"false","visible":"false","defaultTargetUpdateColumns":"","supportApplyDDLChanges":"false","originalPath":"stg_ebs_main_service_mob"},"targetConnectionId":"@0aa38HfbIjadqoKlbnU14y","targetObject":"ods_stage_source/TABLE/stg_ebs_main_service","targetObjectLabel":"stg_ebs_main_service","newFlatFile":false,"newObject":false,"showBusinessNames":false,"naturalOrder":true,"truncateTarget":false,"bulkApiDBTarget":false,"operationType":"Insert","customFuncCfg":{"@type":"customFuncConfig","id":-1,"connections":[],"inputMap":[],"outputFields":[]},"targetRefsV2":{},"targetUpdateColumns":[],"extendedObject":{"@type":"extendedObject","singleMode":true,"filters":[],"sortFields":[]},"runtimeAttrs":{},"isRESTModernSource":true,"isFileList":false,"handleSpecialChars":false,"handleDecimalRoundOff":false,"frsAsset":false,"dynamicFileName":false,"excludeDynamicFileNameField":false,"currentlyProcessedFileName":false,"retainFieldMetadata":false,"objectName":"ods_stage_source/TABLE/stg_ebs_main_service","objectLabel":"stg_ebs_main_service","useExactSrcNames":false,"tgtObjectAttributes":{},"runtimeParameterData":{"@type":"mtTaskRuntimeParameterData","isConnectionRuntimeParameter":false,"isObjectRuntimeParameter":false},"overridableProperties":[],"overriddenFields":[]}],"sequences":[],"inOutParameters":[],"connRuntimeAttrs":[]}]