[{"@type":"mappingTemplate","id":"@1","name":"m_stg_product_configuration_sync_1_guid_update","description":"","autoExpireObject":false,"bundleVersion":"0","assetFrsGuid":"7OYp4JJW6ipiow4Ujov3Ck","templateId":"@3","deployTime":1741671195000,"hasParameters":false,"valid":true,"fixedConnection":true,"hasParametersDeployed":false,"fixedConnectionDeployed":true,"isSchemaValidationEnabled":false,"tasks":1,"mappingPreviewFileRecordId":"@2","documentType":"MAPPING","references":[{"@type":"reference","refObjectId":"@0aa38HfbIjadqoKlbnU14y","refType":"connection"}]}]