[{"@type":"mappingTemplate","id":"@1","name":"m_Json_Solution_M2M_StaticIP","description":"","bundleVersion":"0","templateId":"@3","deployTime":1727332113000,"hasParameters":false,"valid":true,"fixedConnection":true,"hasParametersDeployed":false,"fixedConnectionDeployed":true,"isSchemaValidationEnabled":false,"tasks":1,"mappingPreviewFileRecordId":"@2","documentType":"MAPPING","references":[{"@type":"reference","refObjectId":"@0aa38HfbIjadqoKlbnU14y","refType":"connection"},{"@type":"reference","refObjectId":"@69dfuV0n1uXgAK93QuKJaB","refType":"hschema"}]}]