[{"@type":"mappingTemplate","id":"@1","name":"m_cs_csord__Service__c_OLD","description":"","bundleVersion":"0","templateId":"@3","deployTime":1677659733000,"hasParameters":false,"valid":true,"fixedConnection":true,"hasParametersDeployed":false,"fixedConnectionDeployed":true,"isSchemaValidationEnabled":false,"tasks":0,"mappingPreviewFileRecordId":"@2","documentType":"MAPPING","references":[{"@type":"reference","refObjectId":"@gbEqHgig3UYgrJMzU4lVau","refType":"connection"},{"@type":"reference","refObjectId":"@5yRVwmNzNZRbaTvVhnITId","refType":"connection"}]}]