[{"@type":"mappingTemplate","id":"@1","name":"m_tgt_sf_json_attrib_sp_Non_Commercial_Mobile_Service","description":"","bundleVersion":"0","templateId":"@3","deployTime":1706769215000,"hasParameters":false,"valid":true,"fixedConnection":true,"hasParametersDeployed":false,"fixedConnectionDeployed":true,"isSchemaValidationEnabled":false,"tasks":1,"mappingPreviewFileRecordId":"@2","documentType":"MAPPING","references":[{"@type":"reference","refObjectId":"@0aa38HfbIjadqoKlbnU14y","refType":"connection"}]}]