[{"@type":"mappingTemplate","id":"@1","name":"m_rep_sf_cspmb__Price_Item_Pricing_Rule_Association__c","description":"","bundleVersion":"0","templateId":"@3","deployTime":1695818069000,"hasParameters":false,"valid":true,"fixedConnection":true,"hasParametersDeployed":false,"fixedConnectionDeployed":true,"isSchemaValidationEnabled":false,"tasks":1,"mappingPreviewFileRecordId":"@2","documentType":"MAPPING","references":[{"@type":"reference","refObjectId":"@2pzkdnOGuGpiqnKtNRkpw3","refType":"connection"},{"@type":"reference","refObjectId":"@0aa38HfbIjadqoKlbnU14y","refType":"connection"}]}]