[{"@type":"mtTask","id":"@1","name":"mt_tgt_sf_json_pc_oe_mobile_sharing","description":"tst","autoExpireObject":false,"runtimeEnvironmentId":"@cUgvxjP6z42j5o2aizvbUV","maxLogs":10,"verbose":false,"mappingId":"@8vbBDf4TKwThDM7egtisCm","frsGuid":"8SFWLGDRRRlfoFb6NbflUd","shortDescription":"tst","sessionPropertiesList":[],"hidden":false,"enableCrossSchemaPushdown":true,"enableParallelRun":false,"autoTunedApplied":false,"autoTunedAppliedType":"NONE","schemaMode":"async","valid":true,"schemaValidationErrorCount":-1,"parameterFileEncoding":"UTF-8","serverlessProperties":{},"taskProperties":[{"@type":"taskProperty","name":"parameterFileDir","currentValue":"","type":"STRING","label":"label.parameterFileDir","required":false},{"@type":"taskProperty","name":"parameterFileName","currentValue":"","type":"STRING","label":"label.parameterFileName","required":false},{"@type":"taskProperty","name":"outboundMessageUrlQueueTime","currentValue":"","type":"NUMBER","label":"label.outboundMessageUrlQueueTime","required":false},{"@type":"taskProperty","name":"outboundMessageUrlToken","currentValue":"","type":"STRING","label":"label.outboundMessageUrlToken","required":false}],"optimizationPlan":"NONE","isMidstreamPreview":false,"parameters":[{"@type":"mtTaskParameter","id":3915378,"name":"$src_sf_json_pc_oe_mobile_sharing$","type":"SOURCE","label":"src_sf_json_pc_oe_mobile_sharing","uiProperties":{"connectionParameterized":"false","isSelectDistinct":"false","objectParameterized":"false","visible":"false","originalPath":"src_sf_json_pc_oe_mobile_sharing"},"sourceConnectionId":"@0aa38HfbIjadqoKlbnU14y","sourceObject":"DUMMY_src_sf_json_pc_oe_mobile_sharing","newFlatFile":false,"newObject":false,"showBusinessNames":false,"naturalOrder":true,"truncateTarget":false,"bulkApiDBTarget":false,"customFuncCfg":{"@type":"customFuncConfig","id":-1,"connections":[],"inputMap":[],"outputFields":[]},"targetRefsV2":{},"targetUpdateColumns":[],"runtimeAttrs":{},"isRESTModernSource":true,"customQuery":"SELECT DISTINCT\nPC.Id \t\t\t\t\t\t\t\t\tAS pc_id\n,PC.pc_type \t\t\t\t\t\t\tAS pc_type\n\n-- ,PC.cpq_billing_account__c\t\t\t\tAS billingAccount\n,BILL.NAME\t\t\t\t\t\t\t\tAS billingAccount\n\n,PC.rfs_date__c\t\t\t\t\t\t\tAS rfsDate\n,PC.cscfga__product_basket__c\t\t\tAS basketid\n,PC.acct_id\t\t\t\t\t\t\t\tAS accountId\n\nFROM mit_b3.TGT_SF_PC PC\nLEFT JOIN STG_SF_BILLINGACCOUNT BILL\non pc.acct_id=bill.legacy_id\nWHERE PC.REC_TYPE = 'Sharing Service'","isFileList":false,"handleSpecialChars":false,"handleDecimalRoundOff":false,"frsAsset":false,"dynamicFileName":false,"excludeDynamicFileNameField":false,"currentlyProcessedFileName":false,"retainFieldMetadata":false,"objectName":"DUMMY_src_sf_json_pc_oe_mobile_sharing","useExactSrcNames":false,"userUpdated":true,"fetchMode":"ORIGINAL","tgtObjectAttributes":{},"runtimeParameterData":{"@type":"mtTaskRuntimeParameterData","isConnectionRuntimeParameter":false,"isObjectRuntimeParameter":false},"overridableProperties":[],"overriddenFields":[]},{"@type":"mtTaskParameter","id":3915379,"name":"$tgt_sf_json_pc_oe_mobile_sharing$","type":"TARGET","label":"tgt_sf_json_pc_oe_mobile_sharing","uiProperties":{"connectionParameterized":"false","objectParameterized":"false","visible":"false","defaultTargetUpdateColumns":"","supportApplyDDLChanges":"false","originalPath":"tgt_sf_json_pc_oe_mobile_sharing"},"targetConnectionId":"@0aa38HfbIjadqoKlbnU14y","targetObject":"p2_dev/TABLE/tgt_sf_json_pc_oe_mobile_sharing","targetObjectLabel":"tgt_sf_json_pc_oe_mobile_sharing","newFlatFile":false,"newObject":false,"showBusinessNames":false,"naturalOrder":true,"truncateTarget":false,"bulkApiDBTarget":false,"operationType":"Insert","customFuncCfg":{"@type":"customFuncConfig","id":-1,"connections":[],"inputMap":[],"outputFields":[]},"targetRefsV2":{},"targetUpdateColumns":[],"extendedObject":{"@type":"extendedObject","singleMode":true,"filters":[],"sortFields":[]},"runtimeAttrs":{},"isRESTModernSource":true,"isFileList":false,"handleSpecialChars":false,"handleDecimalRoundOff":false,"frsAsset":false,"dynamicFileName":false,"excludeDynamicFileNameField":false,"currentlyProcessedFileName":false,"retainFieldMetadata":false,"objectName":"p2_dev/TABLE/tgt_sf_json_pc_oe_mobile_sharing","objectLabel":"tgt_sf_json_pc_oe_mobile_sharing","useExactSrcNames":false,"userUpdated":true,"fetchMode":"ORIGINAL","tgtObjectAttributes":{},"runtimeParameterData":{"@type":"mtTaskRuntimeParameterData","isConnectionRuntimeParameter":false,"isObjectRuntimeParameter":false},"overridableProperties":[],"overriddenFields":[]}],"sequences":[],"inOutParameters":[],"connRuntimeAttrs":[]}]