[{"@type":"fileRecord","id":"@4","name":"metadata","type":"JSON","size":5670,"attachTime":1673532707000},{"@type":"fileRecord","id":"@5","name":"request","type":"XSD","size":7014,"attachTime":1673532707000},{"@type":"fileRecord","id":"@6","name":"response","type":"XSD","size":12176,"attachTime":1673532707000},{"@type":"fileRecord","id":"@3","name":"fault","type":"XSD","size":6407,"attachTime":1673532707000},{"@type":"fileRecord","id":"@2","name":"extension","type":"XML","size":31724,"attachTime":1673532707000}]