[{"@type":"workflow","id":"@1","name":"tf_Attribute_Load","description":"**Prerequisite**  tf_Subscription","maxLogs":10,"references":[{"@type":"reference","refObjectId":"@7FU8ev9UgQaeTFln0bGgq3","refType":"mtTask"},{"@type":"reference","refObjectId":"@0mUOLyEHAoFc1Z6w38BWkC","refType":"mtTask"}],"tasks":[{"@type":"workflowTask","taskId":"@7FU8ev9UgQaeTFln0bGgq3","type":"MTT","name":"mt_cs_cscfga__Attribute__c","stopOnError":true,"stopOnWarning":false},{"@type":"workflowTask","taskId":"@0mUOLyEHAoFc1Z6w38BWkC","type":"MTT","name":"mt_rep_cscfga__PC_Attribute__c","stopOnError":true,"stopOnWarning":false}]}]