[{"@type":"mtTask","id":"@1","name":"mt_sync_myr_csord__Service__c","description":"","runtimeEnvironmentId":"@cUgvxjP6z42j5o2aizvbUV","maxLogs":10,"verbose":false,"lastRunTime":1694428496000,"mappingId":"@5I5VeS1B3uOkb1Gqbcdy0y","frsGuid":"gH3Zt8BfA0kbayO3qWY9IA","shortDescription":"","sessionPropertiesList":[{"name":"Allow Temporary Sequence for Pushdown","value":"NO","recommended":false},{"name":"Allow Temporary View for Pushdown","value":"NO","recommended":false},{"name":"Pushdown Optimization","value":"None","recommended":false},{"name":"Pushdown Optimization Context","value":"None","recommended":false},{"name":"Run Only In Pushdown Mode","value":"NO","recommended":false}],"enableCrossSchemaPushdown":true,"enableParallelRun":false,"autoTunedApplied":false,"autoTunedAppliedType":"NONE","paramFileType":"PARAM_FILE_LOCAL","schemaMode":"async","valid":true,"schemaValidationErrorCount":-1,"parameterFileEncoding":"UTF-8","serverlessProperties":{},"taskProperties":[{"@type":"taskProperty","name":"parameterFileDir","currentValue":"","type":"STRING","label":"label.parameterFileDir","required":false},{"@type":"taskProperty","name":"parameterFileName","currentValue":"","type":"STRING","label":"label.parameterFileName","required":false}],"parameters":[{"@type":"mtTaskParameter","id":1402219,"name":"$tgt_sf_pc$","type":"SOURCE","label":"tgt_sf_pc","uiProperties":{"connectionParameterized":"false","isSelectDistinct":"false","objectParameterized":"false","visible":"false","originalPath":"tgt_sf_pc"},"sourceConnectionId":"@4QRSN7FLoYhbpr47H7jUO9","sourceObject":"DUMMY_tgt_sf_pc","newFlatFile":false,"newObject":false,"showBusinessNames":false,"naturalOrder":true,"truncateTarget":false,"bulkApiDBTarget":false,"customFuncCfg":{"@type":"customFuncConfig","id":-1,"connections":[],"inputMap":[],"outputFields":[]},"targetRefsV2":{},"targetUpdateColumns":[],"runtimeAttrs":{},"isRESTModernSource":true,"customQuery":"SELECT   \nPC.cscfga__Product_Basket__c\t\t\tAS\tcsordtelcoa__Product_Basket__c\t\n,PC.Id\t\t\t\t\t\t\t\t\tAS\tcsordtelcoa__Product_Configuration__c\t\n,PC.cssdm__solution_association__c\t\tAS\tcssdm__solution_association__c\t\n,PC.\townerid\t\t\t\t\t\t\tAS\tOwner__c\t\n,'New' \t\t\t\t\t\t\t\t\tas Order_type__c\t\n\n,SPC.Ca_id\t\t\t\t\t\t\t\tAS\tAccount__c\t\n,SPC.BA_id\t\t\t\t\t\t\t\tAS\tcsconta_Billing_Account__c\t\n\n,SMC.bandwidth\t\t\t\t\t\t\tAS \tBandwidth__c\n,SMC.bandwidth_type\t\t\t\t\t\tAS\tBandwidth_Type__c\t\n--,to_date(SMC.RFS_date,'MM/DD/YYYY')    \t\n,SMC.Contract_Start_Date  AS\tContract_Start_Date__c\t\n\n--,to_date(SMC.RFS_date,'MM/DD/YYYY')    \t\n,SMC.RFS_DATE AS RFS_Date__c\t\n\n,SMC.Plan_name \t\t\t\t\t\t\tAS Name\n,SMC.RSPCustomerRef\t\t\t\t\t\tAS Legacy_Id__c\n,SMC.Service_port_type\t\t\t\t\tAS Port_Type__c\t\n\n,SMC.contract_end_date \t\t\t\t\tAS Contract_End_Date__c\n,SMC.Contract_term \t\t\t\t\t\tAS Contract_Term_Months__c\n,SMC.total_price \t\t\t\t\t\tAS csord__annual_contract_value__c\n,SMC.total_price \t\t\t\t\t\tAS csord__service_contract_value__c\n,SMC.total_otc \t\t\t\t\t\t\tAS csord__Total_One_Off_Charges__c\n,SMC.total_mrc \t\t\t\t\t\t\tAS csord__Total_Recurring_Charges__c\n\n,SMC.SH_new_service_ID\t\t\t\t\tAS\tService_ID__c\t\n,SMC.Service_profile\t\t\t\t\tAS\tService_Profile__c\t\n,SMC.SERVICE_PORT\t\t\t\t\t\tAS\tService_Port__c\t\n\n,SUBS.csord__Order__c\t\t\t\t\tAS\tcsord__Order__c\t\n,SUBS.Id\t\t\t\t\t\t\t\tAS\tcsord__Subscription__c\t\n\t\t\n,'Active'\t\t\t\t\t\t\t\tAS\tcsord__Status__c\t\n,'SGD'\t \t\t\t\t\t\t\t\tAS\tCurrencyIsoCode\t\t\t\n,'false'\t\t\t\t\t\t\t\tAS\tContract_Check__c\t\n,'false'\t\t\t\t\t\t\t\tAS\tcsordtelcoa__Cancelled_By_Change_Process__c\t\n,'false'\t\t\t\t\t\t\t\tAS\tcsordtelcoa__Point_of_No_Return_Reached__c\t\n,'false'\t \t\t\t\t\t\t\tAS\tIL9_Flag__c\t\n,'false'\t \t\t\t\t\t\t\tAS\tIsDeleted\t\t\t\t\n,'false' \t\t\t\t\t\t\t\tAS\tLocal_SMS_Alert__c\t\t\n,'false'\t\t\t\t\t\t\t\tAS\tPlan_Change__c\t\n,'false'\t\t\t\t\t\t\t\tAS\tPOC__c\t\t\t\t\n,'false'\t\t\t\t\t\t\t\tAS\tProfileCompletion_Flag__c\t\n,'1'\t\t\t\t\t\t\t\t\tAS\tRevision_Number__c\t\n,'Monthly'\t\t\t\t\t\t\t\tAS \tBilling_Frequency__c\t\t\n,''\t\t\t\t\t\t\t\t\tAS\tTechnical_Information__c\t\n,SMC.ONU_TYPE_MODEL_D2_SH_TR69_OP     AS  ONT_Model__c\n\n\nfrom tgt_sf_pc PC\nleft join stg_myr_pc  SPC on PC.legacy_id__c = SPC.legacy_id__c\nleft join stg_myr_main_service SMC on PC.legacy_id__c = SMC.RSPCUSTOMERREF\nleft join tgt_sf_subscription SUBS on PC.legacy_id__c = SUBS.legacy_id__c\nwhere PC.rec_type = 'Main Service'","isFileList":false,"handleSpecialChars":false,"handleDecimalRoundOff":false,"frsAsset":false,"dynamicFileName":false,"excludeDynamicFileNameField":false,"currentlyProcessedFileName":false,"retainFieldMetadata":false,"objectName":"DUMMY_tgt_sf_pc","useExactSrcNames":false,"tgtObjectAttributes":{},"runtimeParameterData":{"@type":"mtTaskRuntimeParameterData","isConnectionRuntimeParameter":false,"isObjectRuntimeParameter":false},"overridableProperties":[],"overriddenFields":[]},{"@type":"mtTaskParameter","id":1402220,"name":"$tgt_sf_service_main1$","type":"TARGET","label":"tgt_sf_service_main1","uiProperties":{"connectionParameterized":"false","objectParameterized":"false","visible":"false","defaultTargetUpdateColumns":"","supportApplyDDLChanges":"false","originalPath":"tgt_sf_service_main1"},"targetConnectionId":"@4QRSN7FLoYhbpr47H7jUO9","targetObject":"myr/TABLE/stg_myr_service","targetObjectLabel":"stg_myr_service","newFlatFile":false,"newObject":false,"showBusinessNames":false,"naturalOrder":true,"truncateTarget":false,"bulkApiDBTarget":false,"operationType":"Insert","customFuncCfg":{"@type":"customFuncConfig","id":-1,"connections":[],"inputMap":[],"outputFields":[]},"targetRefsV2":{},"targetUpdateColumns":[],"extendedObject":{"@type":"extendedObject","singleMode":true,"filters":[],"sortFields":[]},"runtimeAttrs":{},"isRESTModernSource":true,"isFileList":false,"handleSpecialChars":false,"handleDecimalRoundOff":false,"frsAsset":false,"dynamicFileName":false,"excludeDynamicFileNameField":false,"currentlyProcessedFileName":false,"retainFieldMetadata":false,"objectName":"myr/TABLE/stg_myr_service","objectLabel":"stg_myr_service","useExactSrcNames":false,"tgtObjectAttributes":{},"runtimeParameterData":{"@type":"mtTaskRuntimeParameterData","isConnectionRuntimeParameter":false,"isObjectRuntimeParameter":false},"overridableProperties":[],"overriddenFields":[]}],"sequences":[],"inOutParameters":[],"connRuntimeAttrs":[]}]