[{"@type":"workflow","id":"@1","name":"tf_Attribute_Load","description":"**Prerequisite**  tf_Subscription","maxLogs":10,"references":[{"@type":"reference","refObjectId":"@00XElUfGoCzkzgsVEiVU6y","refType":"mtTask"},{"@type":"reference","refObjectId":"@1gmBe5cZwVadn1EyycOKmH","refType":"mtTask"}],"tasks":[{"@type":"workflowTask","taskId":"@00XElUfGoCzkzgsVEiVU6y","type":"MTT","name":"mt_cs_cscfga__Attribute__c","stopOnError":true,"stopOnWarning":false},{"@type":"workflowTask","taskId":"@1gmBe5cZwVadn1EyycOKmH","type":"MTT","name":"mt_rep_cscfga__PC_Attribute__c","stopOnError":true,"stopOnWarning":false}]}]