[{"@type":"mtTask","id":"@1","name":"mt_Mapping19","description":"","runtimeEnvironmentId":"@cUgvxjP6z42j5o2aizvbUV","maxLogs":10,"verbose":false,"mappingId":"@1miqWqnqhsWfkMHABXIhOE","frsGuid":"c1kutLjz7uXhIyG6bxFrER","shortDescription":"","sessionPropertiesList":[{"name":"Allow Temporary Sequence for Pushdown","value":"NO","recommended":false},{"name":"Allow Temporary View for Pushdown","value":"YES","recommended":false},{"name":"DTM buffer size","value":"9999999999","recommended":false},{"name":"Pushdown Optimization","value":"Full","recommended":false},{"name":"Pushdown Optimization Context","value":"None","recommended":false},{"name":"Run Only In Pushdown Mode","value":"NO","recommended":false}],"enableCrossSchemaPushdown":true,"enableParallelRun":false,"autoTunedApplied":false,"autoTunedAppliedType":"NONE","paramFileType":"PARAM_FILE_LOCAL","schemaMode":"async","valid":true,"schemaValidationErrorCount":-1,"parameterFileEncoding":"UTF-8","serverlessProperties":{},"taskProperties":[{"@type":"taskProperty","name":"parameterFileDir","currentValue":"","type":"STRING","label":"label.parameterFileDir","required":false},{"@type":"taskProperty","name":"parameterFileName","currentValue":"","type":"STRING","label":"label.parameterFileName","required":false}],"parameters":[{"@type":"mtTaskParameter","id":522131,"name":"$src_temp_prod_Grp$","type":"SOURCE","label":"src_temp_prod_Grp","uiProperties":{"connectionParameterized":"false","isSelectDistinct":"false","objectParameterized":"false","visible":"false","originalPath":"src_temp_prod_Grp"},"sourceConnectionId":"@gbEqHgig3UYgrJMzU4lVau","sourceObject":"DUMMY_src_temp_prod_Grp","newFlatFile":false,"newObject":false,"showBusinessNames":false,"naturalOrder":true,"truncateTarget":false,"bulkApiDBTarget":false,"customFuncCfg":{"@type":"customFuncConfig","id":-1,"connections":[],"inputMap":[],"outputFields":[]},"targetRefsV2":{},"targetUpdateColumns":[],"runtimeAttrs":{},"isRESTModernSource":true,"customQuery":"select ACCT_ID, CUST_ID, pc_type, uniquekey, sort_key, (count(prod_id) -1 )AS_Count, 0 sol_no, '' solution_id, \n\t0 MainServ_Sum, 0 Addon_Sum, \"CreatedById\", \"LastModifiedById\", \"OwnerId\"\nfrom ods_stage_source.temp_PROD\nGroup by ACCT_ID, CUST_ID, pc_type, uniquekey, sort_key, \"CreatedById\", \"LastModifiedById\", \"OwnerId\"","isFileList":false,"handleSpecialChars":false,"handleDecimalRoundOff":false,"frsAsset":false,"dynamicFileName":false,"excludeDynamicFileNameField":false,"currentlyProcessedFileName":false,"retainFieldMetadata":false,"objectName":"DUMMY_src_temp_prod_Grp","useExactSrcNames":false,"tgtObjectAttributes":{},"runtimeParameterData":{"@type":"mtTaskRuntimeParameterData","isConnectionRuntimeParameter":false,"isObjectRuntimeParameter":false},"overridableProperties":[],"overriddenFields":[]},{"@type":"mtTaskParameter","id":522132,"name":"$tgt_temp_prod_grp$","type":"TARGET","label":"tgt_temp_prod_grp","uiProperties":{"connectionParameterized":"false","objectParameterized":"false","visible":"false","defaultTargetUpdateColumns":"","supportApplyDDLChanges":"true","originalPath":"tgt_temp_prod_grp"},"targetConnectionId":"@gbEqHgig3UYgrJMzU4lVau","targetObject":"ods_stage_source/TABLE/temp_prod_grp","targetObjectLabel":"temp_prod_grp","newFlatFile":false,"newObject":false,"showBusinessNames":false,"naturalOrder":true,"truncateTarget":false,"bulkApiDBTarget":false,"operationType":"Insert","customFuncCfg":{"@type":"customFuncConfig","id":-1,"connections":[],"inputMap":[],"outputFields":[]},"targetRefsV2":{},"targetUpdateColumns":[],"extendedObject":{"@type":"extendedObject","singleMode":true,"filters":[],"sortFields":[]},"runtimeAttrs":{},"isRESTModernSource":true,"isFileList":false,"handleSpecialChars":false,"handleDecimalRoundOff":false,"frsAsset":false,"dynamicFileName":false,"excludeDynamicFileNameField":false,"currentlyProcessedFileName":false,"retainFieldMetadata":false,"objectName":"ods_stage_source/TABLE/temp_prod_grp","objectLabel":"temp_prod_grp","useExactSrcNames":false,"tgtObjectAttributes":{},"runtimeParameterData":{"@type":"mtTaskRuntimeParameterData","isConnectionRuntimeParameter":false,"isObjectRuntimeParameter":false},"overridableProperties":[],"overriddenFields":[]}],"sequences":[],"inOutParameters":[],"connRuntimeAttrs":[]}]