[{"@type":"mappingTemplate","id":"@1","name":"m_json_pc_oe","description":"","bundleVersion":"0","templateId":"@3","deployTime":1679623878000,"hasParameters":false,"valid":true,"fixedConnection":true,"hasParametersDeployed":false,"fixedConnectionDeployed":true,"isSchemaValidationEnabled":false,"tasks":1,"mappingPreviewFileRecordId":"@2","documentType":"MAPPING","references":[{"@type":"reference","refObjectId":"@0aa38HfbIjadqoKlbnU14y","refType":"connection"},{"@type":"reference","refObjectId":"@557kpvhaALDdgBnOfKzrog","refType":"hschema"},{"@type":"reference","refObjectId":"@jIHqSJNijS0lyDVCKITmkS","refType":"hschema"},{"@type":"reference","refObjectId":"@9esvugHTUoXhzXkj9Wu9EF","refType":"hschema"}]}]