[{"@type":"workflow","id":"@1","name":"tf_JSON_Solution","maxLogs":10,"references":[{"@type":"reference","refObjectId":"@3LRQEIxVow1hA1Wh8KXEst","refType":"mtTask"},{"@type":"reference","refObjectId":"@5NbzSQK7SEFb0YStyAj3GK","refType":"mtTask"},{"@type":"reference","refObjectId":"@1prafDlrXeBevDijUDShKv","refType":"mtTask"}],"tasks":[{"@type":"workflowTask","taskId":"@3LRQEIxVow1hA1Wh8KXEst","type":"MTT","name":"mt_Json_Solution","stopOnError":true,"stopOnWarning":false},{"@type":"workflowTask","taskId":"@5NbzSQK7SEFb0YStyAj3GK","type":"MTT","name":"mt_Json_Solution_bwb","stopOnError":true,"stopOnWarning":false},{"@type":"workflowTask","taskId":"@1prafDlrXeBevDijUDShKv","type":"MTT","name":"mt_Json_Solution_M365","stopOnError":true,"stopOnWarning":false}]}]