[{"@type":"workflow","id":"@1","name":"tf_JSON_PC_OE_Load","maxLogs":10,"references":[{"@type":"reference","refObjectId":"@4UFgJxolcrYl84LTOepoIR","refType":"mtTask"},{"@type":"reference","refObjectId":"@fK7IPNqN3UHitAykGnTqws","refType":"mtTask"}],"tasks":[{"@type":"workflowTask","taskId":"@4UFgJxolcrYl84LTOepoIR","type":"MTT","name":"mt_SF__load_json_PC_OE","stopOnError":false,"stopOnWarning":false},{"@type":"workflowTask","taskId":"@fK7IPNqN3UHitAykGnTqws","type":"MTT","name":"mt_REP_SF_load_json_PC_OE","stopOnError":false,"stopOnWarning":false}]}]