[{"@type":"mappingTemplate","id":"@1","name":"Mapping24","description":"","bundleVersion":"0","templateId":"@3","deployTime":1674481141000,"hasParameters":false,"valid":true,"fixedConnection":true,"hasParametersDeployed":false,"fixedConnectionDeployed":true,"isSchemaValidationEnabled":false,"tasks":0,"mappingPreviewFileRecordId":"@2","documentType":"MAPPING","references":[{"@type":"reference","refObjectId":"@irZpk2lcq2Lh5v2PiTa4Q2","refType":"connection"},{"@type":"reference","refObjectId":"@fawz8wLmEwEgtaGCFuH0CV","refType":"hschema"}]}]