[{"@type":"mtTask","id":"@1","name":"mt_stg_sf_solution","description":"","runtimeEnvironmentId":"@cUgvxjP6z42j5o2aizvbUV","maxLogs":10,"verbose":false,"mappingId":"@bsbWUFqbTUDfs3Kn3bLs6y","frsGuid":"lW8MJbDHPY2kQDkNAxB5C1","shortDescription":"","sessionPropertiesList":[{"name":"Allow Temporary Sequence for Pushdown","value":"NO","recommended":false},{"name":"Allow Temporary View for Pushdown","value":"NO","recommended":false},{"name":"Pushdown Optimization","value":"None","recommended":false},{"name":"Pushdown Optimization Context","value":"None","recommended":false},{"name":"Run Only In Pushdown Mode","value":"NO","recommended":false}],"enableCrossSchemaPushdown":true,"enableParallelRun":false,"autoTunedApplied":false,"autoTunedAppliedType":"NONE","paramFileType":"PARAM_FILE_LOCAL","schemaMode":"async","valid":true,"schemaValidationErrorCount":-1,"parameterFileEncoding":"UTF-8","serverlessProperties":{},"taskProperties":[{"@type":"taskProperty","name":"parameterFileDir","currentValue":"","type":"STRING","label":"label.parameterFileDir","required":false},{"@type":"taskProperty","name":"parameterFileName","currentValue":"","type":"STRING","label":"label.parameterFileName","required":false}],"parameters":[{"@type":"mtTaskParameter","id":1334359,"name":"$Src_ebs_main_addon_jnr$","type":"SOURCE","label":"Src_ebs_main_addon_jnr","uiProperties":{"connectionParameterized":"false","isSelectDistinct":"false","objectParameterized":"false","visible":"false","originalPath":"Src_ebs_main_addon_jnr"},"sourceConnectionId":"@1h3v5gym6bTbjKYFjWauap","sourceObject":"DUMMY_Src_ebs_main_addon_jnr","newFlatFile":false,"newObject":false,"showBusinessNames":false,"naturalOrder":true,"truncateTarget":false,"bulkApiDBTarget":false,"customFuncCfg":{"@type":"customFuncConfig","id":-1,"connections":[],"inputMap":[],"outputFields":[]},"targetRefsV2":{},"targetUpdateColumns":[],"runtimeAttrs":{},"isRESTModernSource":true,"customQuery":"SELECT tableA.CUST_ID, tableA.ACCT_ID,\ntableA.SF_PROD_COUNT,tableB.SF_ADDON_COUNT,tableA.Prod_type,\na.\"Id\" as SF_CUST_ID,\nb.\"Id\" as SF_ACCT_ID\nFROM\n(\nselect count(*)as SF_PROD_COUNT,CUST_ID, ACCT_ID,Prod_type\nfrom ods_stage_source.stg_ebs_main_service\nwhere prod_state='Active'\ngroup by CUST_ID, ACCT_ID,Prod_type\n)tableA\nleft JOIN\n(\nselect count(*)as SF_ADDON_COUNT,CUST_ID, ACCT_ID,Prod_type\nfrom ods_stage_source.stg_ebs_addon_service\ngroup by CUST_ID, ACCT_ID,Prod_type\n)tableB\non tableA.CUST_ID = tableB.CUST_ID AND\n\ttableA.ACCT_ID = tableB.ACCT_ID AND\n\ttableA.PROD_TYPE = tableB.PROD_TYPE\n\t\nleft join mig_ods_dev.sf_account a\nON cast(tableA.CUST_ID as varchar(100))=a.\"Legacy_Id__c\" \nleft join mig_ods_dev.\"sf_csconta__Billing_Account__c\" b\nON cast(tableA.ACCT_ID as varchar(100))=b.\"Legacy_Id__c\"","isFileList":false,"handleSpecialChars":false,"handleDecimalRoundOff":false,"frsAsset":false,"dynamicFileName":false,"excludeDynamicFileNameField":false,"currentlyProcessedFileName":false,"retainFieldMetadata":false,"objectName":"DUMMY_Src_ebs_main_addon_jnr","useExactSrcNames":false,"tgtObjectAttributes":{},"runtimeParameterData":{"@type":"mtTaskRuntimeParameterData","isConnectionRuntimeParameter":false,"isObjectRuntimeParameter":false},"overridableProperties":[],"overriddenFields":[]},{"@type":"mtTaskParameter","id":1334360,"name":"$Tgt_stg_sf_solution$","type":"TARGET","label":"Tgt_stg_sf_solution","uiProperties":{"connectionParameterized":"false","objectParameterized":"false","visible":"false","defaultTargetUpdateColumns":"","supportApplyDDLChanges":"false","originalPath":"Tgt_stg_sf_solution"},"targetConnectionId":"@1h3v5gym6bTbjKYFjWauap","targetObject":"ods_stage_source/TABLE/stg_sf_solution","targetObjectLabel":"stg_sf_solution","newFlatFile":false,"newObject":false,"showBusinessNames":false,"naturalOrder":true,"truncateTarget":false,"bulkApiDBTarget":false,"operationType":"Insert","customFuncCfg":{"@type":"customFuncConfig","id":-1,"connections":[],"inputMap":[],"outputFields":[]},"targetRefsV2":{},"targetUpdateColumns":[],"extendedObject":{"@type":"extendedObject","singleMode":true,"filters":[],"sortFields":[]},"runtimeAttrs":{},"isRESTModernSource":true,"isFileList":false,"handleSpecialChars":false,"handleDecimalRoundOff":false,"frsAsset":false,"dynamicFileName":false,"excludeDynamicFileNameField":false,"currentlyProcessedFileName":false,"retainFieldMetadata":false,"objectName":"ods_stage_source/TABLE/stg_sf_solution","objectLabel":"stg_sf_solution","useExactSrcNames":false,"tgtObjectAttributes":{},"runtimeParameterData":{"@type":"mtTaskRuntimeParameterData","isConnectionRuntimeParameter":false,"isObjectRuntimeParameter":false},"overridableProperties":[],"overriddenFields":[]}],"sequences":[],"inOutParameters":[],"connRuntimeAttrs":[]}]