[{"@type":"mtTask","id":"@1","name":"mt_stg_attribute_field_sync","description":"","runtimeEnvironmentId":"@cUgvxjP6z42j5o2aizvbUV","maxLogs":10,"verbose":false,"lastRunTime":1694432699000,"mappingId":"@7vmahs1Weq5isF0E6TDT0v","frsGuid":"40zWsjbIVwpe6z0EpemxqK","shortDescription":"","sessionPropertiesList":[{"name":"Allow Temporary Sequence for Pushdown","value":"NO","recommended":false},{"name":"Allow Temporary View for Pushdown","value":"NO","recommended":false},{"name":"Pushdown Optimization","value":"None","recommended":false},{"name":"Pushdown Optimization Context","value":"None","recommended":false},{"name":"Run Only In Pushdown Mode","value":"NO","recommended":false}],"enableCrossSchemaPushdown":true,"enableParallelRun":false,"autoTunedApplied":false,"autoTunedAppliedType":"NONE","paramFileType":"PARAM_FILE_LOCAL","schemaMode":"async","valid":true,"schemaValidationErrorCount":-1,"parameterFileEncoding":"UTF-8","serverlessProperties":{},"taskProperties":[{"@type":"taskProperty","name":"parameterFileDir","currentValue":"","type":"STRING","label":"label.parameterFileDir","required":false},{"@type":"taskProperty","name":"parameterFileName","currentValue":"","type":"STRING","label":"label.parameterFileName","required":false}],"parameters":[{"@type":"mtTaskParameter","id":1433957,"name":"$Insert$","type":"SOURCE","label":"Insert","uiProperties":{"connectionParameterized":"false","isSelectDistinct":"false","objectParameterized":"false","visible":"false","originalPath":"Insert"},"sourceConnectionId":"@4QRSN7FLoYhbpr47H7jUO9","sourceObject":"DUMMY_Insert","newFlatFile":false,"newObject":false,"showBusinessNames":false,"naturalOrder":true,"truncateTarget":false,"bulkApiDBTarget":false,"customFuncCfg":{"@type":"customFuncConfig","id":-1,"connections":[],"inputMap":[],"outputFields":[]},"targetRefsV2":{},"targetUpdateColumns":[],"runtimeAttrs":{},"isRESTModernSource":true,"customQuery":"select \na.Id \t\t\t\t\t\t\t\t\tAS cscfga__Attribute__c\n,a.cscfga__Attribute_Definition__c \tAS cscfga__Attribute_Definition__c\n,a.legacy_id__c   as legacy_id__c   \n,b.name   \t\t\t\t\t\t\t    AS Name\n,'false' \t\t\t\t\t\t\t\tAS IsDeleted\n,'SGD'   \t\t\t\t\t\t\t\tAS CurrencyIsoCode\n,''  \t\t\t\t\t\t\t\t\tAS cscfga__Value__c\n,a.cscfga__store_as_json__c             AS cscfga__store_as_json__c\n\nfrom tgt_sf_pc_attrib a \njoin sf_cscfga__Attribute_Field_Definition__c b\non a.cscfga__Attribute_Definition__c = b.cscfga__attribute_definition__c\nwhere a.Id is not null","isFileList":false,"handleSpecialChars":false,"handleDecimalRoundOff":false,"frsAsset":false,"dynamicFileName":false,"excludeDynamicFileNameField":false,"currentlyProcessedFileName":false,"retainFieldMetadata":false,"objectName":"DUMMY_Insert","useExactSrcNames":false,"tgtObjectAttributes":{},"runtimeParameterData":{"@type":"mtTaskRuntimeParameterData","isConnectionRuntimeParameter":false,"isObjectRuntimeParameter":false},"overridableProperties":[],"overriddenFields":[]},{"@type":"mtTaskParameter","id":1433958,"name":"$tgt_sf_attribute_field$","type":"TARGET","label":"tgt_sf_attribute_field","uiProperties":{"connectionParameterized":"false","objectParameterized":"false","visible":"false","defaultTargetUpdateColumns":"","supportApplyDDLChanges":"false","originalPath":"tgt_sf_attribute_field"},"targetConnectionId":"@4QRSN7FLoYhbpr47H7jUO9","targetObject":"myr/TABLE/tgt_sf_attribute_field","targetObjectLabel":"tgt_sf_attribute_field","newFlatFile":false,"newObject":false,"showBusinessNames":false,"naturalOrder":true,"truncateTarget":false,"bulkApiDBTarget":false,"operationType":"Insert","customFuncCfg":{"@type":"customFuncConfig","id":-1,"connections":[],"inputMap":[],"outputFields":[]},"targetRefsV2":{},"targetUpdateColumns":[],"extendedObject":{"@type":"extendedObject","singleMode":true,"filters":[],"sortFields":[]},"runtimeAttrs":{},"isRESTModernSource":true,"isFileList":false,"handleSpecialChars":false,"handleDecimalRoundOff":false,"frsAsset":false,"dynamicFileName":false,"excludeDynamicFileNameField":false,"currentlyProcessedFileName":false,"retainFieldMetadata":false,"objectName":"myr/TABLE/tgt_sf_attribute_field","objectLabel":"tgt_sf_attribute_field","useExactSrcNames":false,"tgtObjectAttributes":{},"runtimeParameterData":{"@type":"mtTaskRuntimeParameterData","isConnectionRuntimeParameter":false,"isObjectRuntimeParameter":false},"overridableProperties":[],"overriddenFields":[]}],"sequences":[{"@type":"sequenceDefinition","id":"1956","txName":"Sequence","initialValue":"1","currentValue":"1"}],"inOutParameters":[],"connRuntimeAttrs":[]}]