[{"@type":"mappingTemplate","id":"@1","name":"m_file_s_note_sr","description":"","bundleVersion":"0","templateId":"@3","deployTime":1729236144000,"hasParameters":false,"valid":true,"fixedConnection":true,"hasParametersDeployed":false,"fixedConnectionDeployed":true,"isSchemaValidationEnabled":false,"tasks":1,"mappingPreviewFileRecordId":"@2","documentType":"MAPPING","references":[{"@type":"reference","refObjectId":"@0aa38HfbIjadqoKlbnU14y","refType":"connection"},{"@type":"reference","refObjectId":"@ctlvLkvPN0KleVb7QqNEUG","refType":"connection"}]}]