[{"@type":"workflow","id":"@1","name":"tf_Solution_Load","description":"**Prerequisite**  After tf_solution_grouping","maxLogs":10,"references":[{"@type":"reference","refObjectId":"@15JhhXeYFO6ds3bGXsbzGH","refType":"mtTask"},{"@type":"reference","refObjectId":"@kWibngkSFMmhwLFfGXG427","refType":"mtTask"}],"tasks":[{"@type":"workflowTask","taskId":"@15JhhXeYFO6ds3bGXsbzGH","type":"MTT","name":"mt_cs_csord__Solution__c","stopOnError":true,"stopOnWarning":false},{"@type":"workflowTask","taskId":"@kWibngkSFMmhwLFfGXG427","type":"MTT","name":"mt_rep_csord__Solution__c","stopOnError":true,"stopOnWarning":false}]}]