[{"@type":"mtTask","id":"@1","name":"mt_ebs_offer_cp_map","description":"","runtimeEnvironmentId":"@cUgvxjP6z42j5o2aizvbUV","maxLogs":10,"verbose":false,"mappingId":"@jloI4A9gDArjxWoayts4Kc","frsGuid":"108jTUCcWEBbjSWsUpxb60","shortDescription":"","sessionPropertiesList":[],"enableCrossSchemaPushdown":true,"enableParallelRun":false,"autoTunedApplied":false,"autoTunedAppliedType":"NONE","schemaMode":"async","valid":true,"schemaValidationErrorCount":-1,"parameterFileEncoding":"UTF-8","serverlessProperties":{},"taskProperties":[{"@type":"taskProperty","name":"parameterFileDir","currentValue":"","type":"STRING","label":"label.parameterFileDir","required":false},{"@type":"taskProperty","name":"parameterFileName","currentValue":"","type":"STRING","label":"label.parameterFileName","required":false}],"parameters":[{"@type":"mtTaskParameter","id":734870,"name":"$src_ebs_sf_map_addon_service$","type":"SOURCE","label":"src_ebs_sf_map_addon_service","uiProperties":{"connectionParameterized":"false","isSelectDistinct":"false","objectParameterized":"false","visible":"false","originalPath":"src_ebs_sf_map_addon_service"},"sourceConnectionId":"@0aa38HfbIjadqoKlbnU14y","sourceObject":"DUMMY_src_ebs_sf_map_addon_service","newFlatFile":false,"newObject":false,"showBusinessNames":false,"naturalOrder":true,"truncateTarget":false,"bulkApiDBTarget":false,"customFuncCfg":{"@type":"customFuncConfig","id":-1,"connections":[],"inputMap":[],"outputFields":[]},"targetRefsV2":{},"targetUpdateColumns":[],"runtimeAttrs":{},"isRESTModernSource":true,"customQuery":"SELECT \npr.\"Id\",\npd.\"Id\" AS Product_Definition_ID,\npr.\"Name\",\npr.\"cspmb__Add_On_Price_Item_Description__c\",\npr.\"cspmb__Product_Definition_Name__c\",\npr.\"Stock_Code__c\",\nproduct_grouping, \nproduct_category, \nconfiguration_type, \ncontract_term_months, \nebs_subs_plan_id, \nebs_offer_name, \nebs_etc_type,\nplan\n\nFROM ebs_sf_map cp\nleft join sf_cspmb__Add_On_Price_Item__c pr ON cp.plan=pr.\"Name\" and \"cspmb__Add_On_Price_Item_Code__c\" is not null\nleft join sf_cscfga__Product_Definition pd ON pd.\"Name\" = pr.\"cspmb__Product_Definition_Name__c\"\nwhere cp.configuration_type in ('Add On','Device Add On')","isFileList":false,"handleSpecialChars":false,"handleDecimalRoundOff":false,"frsAsset":false,"dynamicFileName":false,"excludeDynamicFileNameField":false,"currentlyProcessedFileName":false,"retainFieldMetadata":false,"objectName":"DUMMY_src_ebs_sf_map_addon_service","useExactSrcNames":false,"tgtObjectAttributes":{},"runtimeParameterData":{"@type":"mtTaskRuntimeParameterData","isConnectionRuntimeParameter":false,"isObjectRuntimeParameter":false},"overridableProperties":[],"overriddenFields":[]},{"@type":"mtTaskParameter","id":734871,"name":"$src_ebs_sf_map_devices$","type":"SOURCE","label":"src_ebs_sf_map_devices","uiProperties":{"connectionParameterized":"false","isSelectDistinct":"false","objectParameterized":"false","visible":"false","originalPath":"src_ebs_sf_map_devices"},"sourceConnectionId":"@0aa38HfbIjadqoKlbnU14y","sourceObject":"DUMMY_src_ebs_sf_map_devices","newFlatFile":false,"newObject":false,"showBusinessNames":false,"naturalOrder":true,"truncateTarget":false,"bulkApiDBTarget":false,"customFuncCfg":{"@type":"customFuncConfig","id":-1,"connections":[],"inputMap":[],"outputFields":[]},"targetRefsV2":{},"targetUpdateColumns":[],"runtimeAttrs":{},"isRESTModernSource":true,"customQuery":"SELECT pr.\"Id\",\npr.\"cspmb__Role__c\",\npd.\"Id\" AS Product_Definition_ID,\npr.\"cspmb__Product_Definition_Name__c\",\npr.\"cspmb__Price_Item_Code__c\",\n--pr.\"Data__c\",\n--pr.\"Minutes__c\",\n--pr.\"SMS_MMS__c\",\npr.\"cspmb__Master_Price_item__c\",\n--pr.\"CPQ_ETC_Code__c\",\npr.\"Environment__c\",\npr.\"Status__c\",\nproduct_grouping, \nproduct_category, \nconfiguration_type, \n--contract_term_months, \nebs_subs_plan_id, \nebs_offer_name, \n--ebs_etc_type,\n plan,  \n pr.\"Name\",\npr.\"cspmb__Price_Item_Description__c\",\npr.\"Color__c\",\npr.\"Make__c\",\npr.\"Stock_Code__c\",\npr.\"cspmb__Contract_Term__c\",\npr_master.\"Name\" as cspmb__Master_Price_item__r\n\nFROM ebs_sf_map cp\nleft outer join sf_cspmb__Price_Item_c pr ON cp.plan=\n(CASE\nwhen pr.\"cspmb__Price_Item_Description__c\" is not NULL then pr.\"cspmb__Price_Item_Description__c\" \nwhen pr.\"Equipment_Name__c\" is not NULL then pr.\"Equipment_Name__c\"\nEND)\nleft outer join sf_cspmb__Price_Item_c pr_master ON pr.\"cspmb__Master_Price_item__c\" = pr_master.\"Id\"\nleft join sf_cscfga__Product_Definition pd ON pd.\"Name\" = pr.\"cspmb__Product_Definition_Name__c\"\nwhere configuration_type = 'Device'","isFileList":false,"handleSpecialChars":false,"handleDecimalRoundOff":false,"frsAsset":false,"dynamicFileName":false,"excludeDynamicFileNameField":false,"currentlyProcessedFileName":false,"retainFieldMetadata":false,"objectName":"DUMMY_src_ebs_sf_map_devices","useExactSrcNames":false,"tgtObjectAttributes":{},"runtimeParameterData":{"@type":"mtTaskRuntimeParameterData","isConnectionRuntimeParameter":false,"isObjectRuntimeParameter":false},"overridableProperties":[],"overriddenFields":[]},{"@type":"mtTaskParameter","id":734872,"name":"$src_ebs_sf_map_main_service$","type":"SOURCE","label":"src_ebs_sf_map_main_service","uiProperties":{"connectionParameterized":"false","isSelectDistinct":"false","objectParameterized":"false","visible":"false","originalPath":"src_ebs_sf_map_main_service"},"sourceConnectionId":"@0aa38HfbIjadqoKlbnU14y","sourceObject":"DUMMY_src_ebs_sf_map_main_service","newFlatFile":false,"newObject":false,"showBusinessNames":false,"naturalOrder":true,"truncateTarget":false,"bulkApiDBTarget":false,"customFuncCfg":{"@type":"customFuncConfig","id":-1,"connections":[],"inputMap":[],"outputFields":[]},"targetRefsV2":{},"targetUpdateColumns":[],"runtimeAttrs":{},"isRESTModernSource":true,"customQuery":"SELECT pr.\"Id\",\npr.\"cspmb__Role__c\",\npd.\"Id\" AS Product_Definition_ID,\npr.\"cspmb__Product_Definition_Name__c\",\npr.\"cspmb__Price_Item_Code__c\",\npr.\"Data__c\",\npr.\"Minutes__c\",\npr.\"SMS_MMS__c\",\npr.\"cspmb__Master_Price_item__c\",\npr.\"CPQ_ETC_Code__c\",\npr.\"Environment__c\",\npr.\"Status__c\",\nproduct_grouping, \nproduct_category, \nconfiguration_type,\nline_type, \ncontract_term_months, \nebs_subs_plan_id, \nebs_offer_name, \nebs_etc_type,\n plan,  \n pr.\"Name\"  ,\npr_master.\"Name\" as cspmb__Master_Price_item__r,\nCASE\n\tWHEN cp.plan in ('Business Wireless Broadband 4G (Static IP) 30GB','Business Wireless Broadband 4G (Dynamic IP) 30GB') THEN '30GB'\n\tWHEN cp.plan in ('Business Wireless Broadband 4G (Static IP) 100GB','Business Wireless Broadband 4G (Dynamic IP) 100GB') THEN '100GB'\n\tWHEN cp.plan in ('Business Wireless Broadband 4G (Static IP) Unlimited','Business Wireless8 Broadband 4G (Dynamic IP) Unlimited') THEN 'Unlimited'\n\tELSE NULL\nEND AS CPQ_Broadband_Data__c,\npr.\"cspmb__Billing_Frequency__c\"\n\nFROM ebs_sf_map cp\nleft outer join sf_cspmb__Price_Item_c pr ON UPPER(cp.plan)=UPPER(pr.\"Plan__c\") and cp.contract_term_months=pr.\"Contract_Term__c\"\nand coalesce(cp.etc_code,'X') = coalesce(pr.\"CPQ_ETC_Code__c\",'X') \nand (CASE\n\t\tWHEN cp.billing_frequency <> 'POC' THEN (pr.\"cspmb__Billing_Frequency__c\" = cp.billing_frequency AND pr.\"Is_POC__c\" = 0)\n\t\tELSE (pr.\"cspmb__Billing_Frequency__c\" = 'Monthly' AND pr.\"Is_POC__c\" = 1)\n\tEND)\nleft outer join sf_cspmb__Price_Item_c pr_master ON pr.\"cspmb__Master_Price_item__c\" = pr_master.\"Id\"\nleft join sf_cscfga__Product_Definition pd ON pd.\"Name\" = pr.\"cspmb__Product_Definition_Name__c\"\nwhere configuration_type = 'Rate Plan'","isFileList":false,"handleSpecialChars":false,"handleDecimalRoundOff":false,"frsAsset":false,"dynamicFileName":false,"excludeDynamicFileNameField":false,"currentlyProcessedFileName":false,"retainFieldMetadata":false,"objectName":"DUMMY_src_ebs_sf_map_main_service","useExactSrcNames":false,"tgtObjectAttributes":{},"runtimeParameterData":{"@type":"mtTaskRuntimeParameterData","isConnectionRuntimeParameter":false,"isObjectRuntimeParameter":false},"overridableProperties":[],"overriddenFields":[]},{"@type":"mtTaskParameter","id":734873,"name":"$src_ebs_sf_map_sharing_service$","type":"SOURCE","label":"src_ebs_sf_map_sharing_service","uiProperties":{"connectionParameterized":"false","isSelectDistinct":"false","objectParameterized":"false","visible":"false","originalPath":"src_ebs_sf_map_sharing_service"},"sourceConnectionId":"@0aa38HfbIjadqoKlbnU14y","sourceObject":"DUMMY_src_ebs_sf_map_sharing_service","newFlatFile":false,"newObject":false,"showBusinessNames":false,"naturalOrder":true,"truncateTarget":false,"bulkApiDBTarget":false,"customFuncCfg":{"@type":"customFuncConfig","id":-1,"connections":[],"inputMap":[],"outputFields":[]},"targetRefsV2":{},"targetUpdateColumns":[],"runtimeAttrs":{},"isRESTModernSource":true,"customQuery":"SELECT pr.\"Id\",\npr.\"cspmb__Role__c\",\npd.\"Id\" AS Product_Definition_ID,\npr.\"cspmb__Product_Definition_Name__c\",\npr.\"cspmb__Price_Item_Code__c\",\npr.\"Data__c\",\npr.\"Minutes__c\",\npr.\"SMS_MMS__c\",\npr.\"cspmb__Master_Price_item__c\",\npr.\"CPQ_ETC_Code__c\",\npr.\"Environment__c\",\npr.\"Status__c\",\nproduct_grouping, \nproduct_category, \nconfiguration_type, \ncontract_term_months, \nebs_subs_plan_id, \nebs_offer_name, \nebs_etc_type,\n plan,  \n pr.\"Name\"  ,\npr_master.\"Name\" as cspmb__Master_Price_item__r\n\nFROM ebs_sf_map cp\nleft outer join sf_cspmb__Price_Item_c pr ON cp.plan=pr.\"Plan__c\" \nleft outer join sf_cspmb__Price_Item_c pr_master ON pr.\"cspmb__Master_Price_item__c\" = pr_master.\"Id\"\nleft join sf_cscfga__Product_Definition pd ON pd.\"Name\" = pr.\"cspmb__Product_Definition_Name__c\"\nwhere configuration_type = 'Sharing Service'","isFileList":false,"handleSpecialChars":false,"handleDecimalRoundOff":false,"frsAsset":false,"dynamicFileName":false,"excludeDynamicFileNameField":false,"currentlyProcessedFileName":false,"retainFieldMetadata":false,"objectName":"DUMMY_src_ebs_sf_map_sharing_service","useExactSrcNames":false,"tgtObjectAttributes":{},"runtimeParameterData":{"@type":"mtTaskRuntimeParameterData","isConnectionRuntimeParameter":false,"isObjectRuntimeParameter":false},"overridableProperties":[],"overriddenFields":[]},{"@type":"mtTaskParameter","id":734874,"name":"$tgt_offer_cp_map_addon$","type":"TARGET","label":"tgt_offer_cp_map_addon","uiProperties":{"connectionParameterized":"false","objectParameterized":"false","visible":"false","defaultTargetUpdateColumns":"","supportApplyDDLChanges":"false","originalPath":"tgt_offer_cp_map_addon"},"targetConnectionId":"@0aa38HfbIjadqoKlbnU14y","targetObject":"p1_dev/TABLE/offer_cp_map","targetObjectLabel":"offer_cp_map","newFlatFile":false,"newObject":false,"showBusinessNames":false,"naturalOrder":true,"truncateTarget":false,"bulkApiDBTarget":false,"operationType":"Insert","customFuncCfg":{"@type":"customFuncConfig","id":-1,"connections":[],"inputMap":[],"outputFields":[]},"targetRefsV2":{},"targetUpdateColumns":[],"extendedObject":{"@type":"extendedObject","singleMode":true,"filters":[],"sortFields":[]},"runtimeAttrs":{},"isRESTModernSource":true,"isFileList":false,"handleSpecialChars":false,"handleDecimalRoundOff":false,"frsAsset":false,"dynamicFileName":false,"excludeDynamicFileNameField":false,"currentlyProcessedFileName":false,"retainFieldMetadata":false,"objectName":"p1_dev/TABLE/offer_cp_map","objectLabel":"offer_cp_map","useExactSrcNames":false,"tgtObjectAttributes":{},"runtimeParameterData":{"@type":"mtTaskRuntimeParameterData","isConnectionRuntimeParameter":false,"isObjectRuntimeParameter":false},"overridableProperties":[],"overriddenFields":[]},{"@type":"mtTaskParameter","id":734875,"name":"$tgt_offer_cp_map_device$","type":"TARGET","label":"tgt_offer_cp_map_device","uiProperties":{"connectionParameterized":"false","objectParameterized":"false","visible":"false","defaultTargetUpdateColumns":"","supportApplyDDLChanges":"false","originalPath":"tgt_offer_cp_map_device"},"targetConnectionId":"@0aa38HfbIjadqoKlbnU14y","targetObject":"p1_dev/TABLE/offer_cp_map","targetObjectLabel":"offer_cp_map","newFlatFile":false,"newObject":false,"showBusinessNames":false,"naturalOrder":true,"truncateTarget":false,"bulkApiDBTarget":false,"operationType":"Insert","customFuncCfg":{"@type":"customFuncConfig","id":-1,"connections":[],"inputMap":[],"outputFields":[]},"targetRefsV2":{},"targetUpdateColumns":[],"extendedObject":{"@type":"extendedObject","singleMode":true,"filters":[],"sortFields":[]},"runtimeAttrs":{},"isRESTModernSource":true,"isFileList":false,"handleSpecialChars":false,"handleDecimalRoundOff":false,"frsAsset":false,"dynamicFileName":false,"excludeDynamicFileNameField":false,"currentlyProcessedFileName":false,"retainFieldMetadata":false,"objectName":"p1_dev/TABLE/offer_cp_map","objectLabel":"offer_cp_map","useExactSrcNames":false,"tgtObjectAttributes":{},"runtimeParameterData":{"@type":"mtTaskRuntimeParameterData","isConnectionRuntimeParameter":false,"isObjectRuntimeParameter":false},"overridableProperties":[],"overriddenFields":[]},{"@type":"mtTaskParameter","id":734876,"name":"$tgt_offer_cp_map_main$","type":"TARGET","label":"tgt_offer_cp_map_main","uiProperties":{"connectionParameterized":"false","objectParameterized":"false","visible":"false","defaultTargetUpdateColumns":"","supportApplyDDLChanges":"false","originalPath":"tgt_offer_cp_map_main"},"targetConnectionId":"@0aa38HfbIjadqoKlbnU14y","targetObject":"p1_dev/TABLE/offer_cp_map","targetObjectLabel":"offer_cp_map","newFlatFile":false,"newObject":false,"showBusinessNames":false,"naturalOrder":true,"truncateTarget":false,"bulkApiDBTarget":false,"operationType":"Insert","customFuncCfg":{"@type":"customFuncConfig","id":-1,"connections":[],"inputMap":[],"outputFields":[]},"targetRefsV2":{},"targetUpdateColumns":[],"extendedObject":{"@type":"extendedObject","singleMode":true,"filters":[],"sortFields":[]},"runtimeAttrs":{},"isRESTModernSource":true,"isFileList":false,"handleSpecialChars":false,"handleDecimalRoundOff":false,"frsAsset":false,"dynamicFileName":false,"excludeDynamicFileNameField":false,"currentlyProcessedFileName":false,"retainFieldMetadata":false,"objectName":"p1_dev/TABLE/offer_cp_map","objectLabel":"offer_cp_map","useExactSrcNames":false,"tgtObjectAttributes":{},"runtimeParameterData":{"@type":"mtTaskRuntimeParameterData","isConnectionRuntimeParameter":false,"isObjectRuntimeParameter":false},"overridableProperties":[],"overriddenFields":[]},{"@type":"mtTaskParameter","id":734877,"name":"$tgt_offer_cp_map_sharing$","type":"TARGET","label":"tgt_offer_cp_map_sharing","uiProperties":{"connectionParameterized":"false","objectParameterized":"false","visible":"false","defaultTargetUpdateColumns":"","supportApplyDDLChanges":"false","originalPath":"tgt_offer_cp_map_sharing"},"targetConnectionId":"@0aa38HfbIjadqoKlbnU14y","targetObject":"p1_dev/TABLE/offer_cp_map","targetObjectLabel":"offer_cp_map","newFlatFile":false,"newObject":false,"showBusinessNames":false,"naturalOrder":true,"truncateTarget":false,"bulkApiDBTarget":false,"operationType":"Insert","customFuncCfg":{"@type":"customFuncConfig","id":-1,"connections":[],"inputMap":[],"outputFields":[]},"targetRefsV2":{},"targetUpdateColumns":[],"extendedObject":{"@type":"extendedObject","singleMode":true,"filters":[],"sortFields":[]},"runtimeAttrs":{},"isRESTModernSource":true,"isFileList":false,"handleSpecialChars":false,"handleDecimalRoundOff":false,"frsAsset":false,"dynamicFileName":false,"excludeDynamicFileNameField":false,"currentlyProcessedFileName":false,"retainFieldMetadata":false,"objectName":"p1_dev/TABLE/offer_cp_map","objectLabel":"offer_cp_map","useExactSrcNames":false,"tgtObjectAttributes":{},"runtimeParameterData":{"@type":"mtTaskRuntimeParameterData","isConnectionRuntimeParameter":false,"isObjectRuntimeParameter":false},"overridableProperties":[],"overriddenFields":[]}],"sequences":[],"inOutParameters":[],"connRuntimeAttrs":[]}]