[{"@type":"mtTask","id":"@1","name":"mt_stg_sync_ebs_address","description":"","runtimeEnvironmentId":"@cUgvxjP6z42j5o2aizvbUV","maxLogs":10,"verbose":false,"mappingId":"@8bgahBV25QsdnuI1HIR6wg","frsGuid":"5pIxygcrNnfb5sVSEJnTYw","shortDescription":"","sessionPropertiesList":[{"name":"Allow Temporary Sequence for Pushdown","value":"NO","recommended":false},{"name":"Allow Temporary View for Pushdown","value":"NO","recommended":false},{"name":"Pushdown Optimization","value":"None","recommended":false},{"name":"Pushdown Optimization Context","value":"None","recommended":false},{"name":"Pushdown Optimization Fallback Option","value":"Partial PDO","recommended":false}],"enableCrossSchemaPushdown":true,"enableParallelRun":false,"autoTunedApplied":false,"autoTunedAppliedType":"NONE","paramFileType":"PARAM_FILE_LOCAL","schemaMode":"async","valid":true,"schemaValidationErrorCount":-1,"parameterFileEncoding":"UTF-8","serverlessProperties":{},"taskProperties":[{"@type":"taskProperty","name":"parameterFileDir","currentValue":"","type":"STRING","label":"label.parameterFileDir","required":false},{"@type":"taskProperty","name":"parameterFileName","currentValue":"","type":"STRING","label":"label.parameterFileName","required":false}],"parameters":[{"@type":"mtTaskParameter","id":1333657,"name":"$src_sync_address$","type":"SOURCE","label":"src_sync_address","uiProperties":{"connectionParameterized":"false","isSelectDistinct":"false","objectParameterized":"false","visible":"false","originalPath":"src_sync_address"},"sourceConnectionId":"@0aa38HfbIjadqoKlbnU14y","sourceObject":"DUMMY_src_sync_address","newFlatFile":false,"newObject":false,"showBusinessNames":false,"naturalOrder":true,"truncateTarget":false,"bulkApiDBTarget":false,"customFuncCfg":{"@type":"customFuncConfig","id":-1,"connections":[],"inputMap":[],"outputFields":[]},"targetRefsV2":{},"targetUpdateColumns":[],"runtimeAttrs":{},"isRESTModernSource":true,"customQuery":"WITH  ACCT_MGR AS (SELECT DISTINCT A.CUST_ID\n\t\t\t\t\t\t\t\t  ,AM.PARTY_CODE\n\t\t\t\t\t\t\t\t  ,AM.ACCOUNT_MANAGER_CUST_ID\n\t\t\t\t\tFROM STG_EBS_CUST A\n\t\t\t\t\tJOIN STG_ACCOUNT_MANAGER_CUST  AM \tON A.CUST_ID = AM.CUST_ID\n\t\t\t\t\tWHERE AM.PARTY_TYPE ='F'\n\t\t\t\t\t)\n\n,EBS_CUST_ADDR AS (\n\t\t\t\t\t\t\tSELECT\n\t\t\t\t\t\t\tC.CUST_ID,\n\t\t\t\t\t\t\t\n\t\t\t\t\t\t\tconcat_ws('-',CONCAT_ws(' ',EBS_ADDR.BLOCK_NO,EBS_ADDR.STREET_NAME,EBS_ADDR.FLOOR_NO),EBS_ADDR.UNIT_NO) \tAS NAME,\n\t\t\t\t\t\t\tEBS_ADDR.UNIT_NO \t\t\t\t\t\t\tAS cscrm__Unit_Number__c,\n\t\t\t\t\t\t\tEBS_ADDR.FLOOR_NO \t\t\t\t\t\t\tAS cscrm__Level_Number__c,\n\t\t\t\t\t\t\tEBS_ADDR.BLOCK_NO \t\t\t\t\t\t\tAS cscrm__Building_Number__c,\n\t\t\t\t\t\t\tEBS_ADDR.BUILDING_NAME \t\t\t\t\t\tAS cscrm__Building_Name__c,\n\t\t\t\t\t\t\tEBS_ADDR.STREET_NAME \t\t\t\t\t\tAS cscrm__Street_Name__c,\n\t\t\t\t\t\t\tEBS_ADDR.CITY \t\t\t\t\t\t\t\tAS cscrm__City__c,\n\t\t\t\t\t\t\tEBS_ADDR.STATE \t\t\t\t\t\t\t\tAS cscrm__State_Province__c,\n\t\t\t\t\t\t\tEBS_ADDR.POSTAL_CODE \t\t\t\t\t\tAS cscrm__Zip_Postal_Code__c,\n\t\t\t\t\t\t\tEBS_ADDR.PO_BOX \t\t\t\t\t\t\tAS PO_Box__c,\n\t\t\t\t\t\t\t0 \t\t\t\t\t\t\t\t\t\t\tAS ACRA_ADDRESS,\n\t\t\t\t\t\t\tEBS_ADDR.STD_ADDR_ID \t\t\t\t\t\tAS LEGACY_ID__C,\n\t\t\t\t\t\t\t\n\t\t\t\t\t\t\tCASE WHEN EBS_ADDR.COUNTRY='SG' THEN 'Singapore' ELSE EBS_ADDR.COUNTRY END \t\t\t\t\tAS cscrm__Country__c,\n\t\t\t\t\t\t\tCASE WHEN EBS_ADDR.ADDRESS_TYPE IN ('FS','FP') THEN 1 ELSE 0 END \t\t\t\t\t\t\tAS FOREIGN_ADDRESS,\n\t\t\t\t\t\t\tCASE WHEN EBS_ADDR.PARTY_TYPE='F' THEN EBS_ADDR.PARTY_CODE ELSE '' END \t\t\t\t\t\tAS PARTY_CODE,\n\t\t\t\t\t\t\tCASE WHEN EBS_ADDR.SAMID IS NOT NULL THEN 1 ELSE 0 END \t\t\t\t\t\t\t\t\t\tAS SGLocate_Verified__c,\n\t\t\t\t\t\t\t\n\t\t\t\t\t\t\tCOALESCE(cast(EBS_ADDR.CREATE_DATE as timestamp),date_trunc('seconds',CURRENT_TIMESTAMP)) \tAS  CREATE_DATE,\n\t\t\t\t\t\t\tCOALESCE(cast(EBS_ADDR.UPDATE_DATE as timestamp),date_trunc('seconds',CURRENT_TIMESTAMP)) \tAS  LAST_MODIFIED_DATE,\n\t\t\t\t\t\t\t\n\t\t\t\t\t\t\tAM.PARTY_CODE \t\t\t\t\t\t\t\tAS ACCT_PARTY_CODE\n\t\t\t\t\t\t\t\n\t\t\t\t\t\t\tFROM STG_EBS_ADDRESS EBS_ADDR\n\t\t\t\t\t\t\tJOIN STG_EBS_CUST C \tON EBS_ADDR.STD_ADDR_ID = C.STD_ADDR_ID\n\t\t\t\t\t\t\tLEFT JOIN ACCT_MGR AM \t\tON AM.CUST_ID = C.CUST_ID\n\t\t\t\t\t\t\tWHERE UPPER(TRIM(COALESCE(EBS_ADDR.VAL_REJ_TYPE,'Y'))) !='HARD'\n)\n\n\n,EBS_BILL_ADDR AS (\n\t\t\t\t\t\t\tSELECT\n\t\t\t\t\t\t\tC.CUST_ID,\n\t\t\t\t\t\t\tC.ACCT_ID,\n\t\t\t\t\t\t\t\n\t\t\t\t\t\t\tconcat_ws('-',CONCAT_ws(' ',EBS_ADDR.BLOCK_NO,EBS_ADDR.STREET_NAME,EBS_ADDR.FLOOR_NO),EBS_ADDR.UNIT_NO) AS NAME,\n\t\t\t\t\t\t\tEBS_ADDR.UNIT_NO \t\t\t\t\t\t\tAS cscrm__Unit_Number__c,\n\t\t\t\t\t\t\tEBS_ADDR.FLOOR_NO \t\t\t\t\t\t\tAS cscrm__Level_Number__c,\n\t\t\t\t\t\t\tEBS_ADDR.BLOCK_NO \t\t\t\t\t\t\tAS cscrm__Building_Number__c,\n\t\t\t\t\t\t\tEBS_ADDR.BUILDING_NAME \t\t\t\t\t\tAS cscrm__Building_Name__c,\n\t\t\t\t\t\t\tEBS_ADDR.STREET_NAME \t\t\t\t\t\tAS cscrm__Street_Name__c,\n\t\t\t\t\t\t\tEBS_ADDR.CITY \t\t\t\t\t\t\t\tAS cscrm__City__c,\n\t\t\t\t\t\t\tEBS_ADDR.STATE \t\t\t\t\t\t\t\tAS cscrm__State_Province__c,\n\t\t\t\t\t\t\tEBS_ADDR.POSTAL_CODE \t\t\t\t\t\tAS cscrm__Zip_Postal_Code__c,\n\t\t\t\t\t\t\tEBS_ADDR.PO_BOX \t\t\t\t\t\t\tAS PO_Box__c,\n\t\t\t\t\t\t\t0 \t\t\t\t\t\t\t\t\t\t\tAS ACRA_ADDRESS,\n\t\t\t\t\t\t\tc.bill_address \t\t\t\t\t\t\t\tAS LEGACY_ID__C,\n\t\t\t\t\t\t\t\n\t\t\t\t\t\t\tCASE WHEN EBS_ADDR.COUNTRY='SG' THEN 'Singapore' ELSE EBS_ADDR.COUNTRY END \t\t\t\t\tAS cscrm__Country__c,\n\t\t\t\t\t\t\tCASE WHEN EBS_ADDR.ADDRESS_TYPE IN ('FS','FP') THEN 1 ELSE 0 END \t\t\t\t\t\t\tAS FOREIGN_ADDRESS,\n\t\t\t\t\t\t\tCASE WHEN EBS_ADDR.PARTY_TYPE='F' THEN EBS_ADDR.PARTY_CODE ELSE '' END \t\t\t\t\t\tAS PARTY_CODE,\n\t\t\t\t\t\t\tCASE WHEN EBS_ADDR.SAMID IS NOT NULL THEN 1 ELSE 0 END \t\t\t\t\t\t\t\t\t\tAS SGLocate_Verified__c,\n\t\t\t\t\t\t\t\n\t\t\t\t\t\t\tCOALESCE(cast(EBS_ADDR.CREATE_DATE as timestamp),date_trunc('seconds',CURRENT_TIMESTAMP)) \tAS  CREATE_DATE,\n\t\t\t\t\t\t\tCOALESCE(cast(EBS_ADDR.UPDATE_DATE as timestamp),date_trunc('seconds',CURRENT_TIMESTAMP)) \tAS  LAST_MODIFIED_DATE,\n\t\t\t\t\t\t\n\t\t\t\t\t\t\tAM.PARTY_CODE \t\t\t\t\t\t\tAS ACCT_PARTY_CODE\n\t\t\t\t\t\t\n\t\t\t\t\t\t\tFROM STG_EBS_ACCT C\n\t\t\t\t\t\t\tJOIN STG_EBS_ADDRESS EBS_ADDR ON C.BILL_ADDRESS = CAST(EBS_ADDR.STD_ADDR_ID AS VARCHAR)\n\t\t\t\t\t\t\tLEFT JOIN ACCT_MGR AM \t\t\t\tON AM.CUST_ID = C.CUST_ID\n\t\t\t\t\t\t\tWHERE UPPER(TRIM(COALESCE(EBS_ADDR.VAL_REJ_TYPE,'Y'))) !='HARD'\n)\n\n\n\n\nSELECT\nACC.ID \t\t\t\t\t\t\t\t\t\tAS ACCOUNT,\nEBS_ADDR.NAME,\nEBS_ADDR.cscrm__Unit_Number__c,\nEBS_ADDR.cscrm__Level_Number__c,\nEBS_ADDR.cscrm__Building_Number__c,\nEBS_ADDR.cscrm__Building_Name__c,\nEBS_ADDR.cscrm__Street_Name__c,\nEBS_ADDR.cscrm__City__c,\nEBS_ADDR.cscrm__State_Province__c,\nEBS_ADDR.cscrm__Zip_Postal_Code__c,\nEBS_ADDR.cscrm__Country__c,\nEBS_ADDR.PO_Box__c,\nEBS_ADDR.FOREIGN_ADDRESS,\nEBS_ADDR.PARTY_CODE \t\t\t\t\t\tAS CreatedById,\n'EBS' \t\t\t\t\t\t\t\t\t\tAS FLAG,\nEBS_ADDR.CREATE_DATE \t\t\t\t\t\tAS CreatedDate,\nEBS_ADDR.PARTY_CODE \t\t\t\t\t\tAS LastModifiedById,\nEBS_ADDR.LAST_MODIFIED_DATE \t\t\t\tAS LastModifiedDate,\nEBS_ADDR.SGLocate_Verified__c,\nEBS_ADDR.ACRA_ADDRESS \t\t\t\t\t\tAS ACRA_Address__c,\nEBS_ADDR.ACCT_PARTY_CODE \t\t\t\t\tAS OwnerId,\nEBS_ADDR.LEGACY_ID__C \t\t\t\t\t\tAS LEGACY_ID__C\nFROM EBS_CUST_ADDR EBS_ADDR\nJOIN SF_ACCOUNT ACC \nON EBS_ADDR.CUST_ID  = ACC.LEGACY_ID__C\n\n\nUNION\n\n\nSELECT\nACC.ID \t\t\t\t\t\t\t\t\t\tAS ACCOUNT,\nEBS_ADDR.NAME,\nEBS_ADDR.cscrm__Unit_Number__c,\nEBS_ADDR.cscrm__Level_Number__c,\nEBS_ADDR.cscrm__Building_Number__c,\nEBS_ADDR.cscrm__Building_Name__c,\nEBS_ADDR.cscrm__Street_Name__c,\nEBS_ADDR.cscrm__City__c,\nEBS_ADDR.cscrm__State_Province__c,\nEBS_ADDR.cscrm__Zip_Postal_Code__c,\nEBS_ADDR.cscrm__Country__c,\nEBS_ADDR.PO_Box__c,\nEBS_ADDR.FOREIGN_ADDRESS,\nEBS_ADDR.PARTY_CODE \t\t\t\t\t\tAS CreatedById,\n'EBS' \t\t\t\t\t\t\t\t\t\tAS FLAG,\nEBS_ADDR.CREATE_DATE \t\t\t\t\t\tAS CreatedDate,\nEBS_ADDR.PARTY_CODE \t\t\t\t\t\tAS LastModifiedById,\nEBS_ADDR.LAST_MODIFIED_DATE \t\t\t\tAS LastModifiedDate,\nEBS_ADDR.SGLocate_Verified__c,\nEBS_ADDR.ACRA_ADDRESS \t\t\t\t\t\tAS ACRA_Address__c,\nEBS_ADDR.ACCT_PARTY_CODE \t\t\t\t\tAS  OwnerId,\nEBS_ADDR.LEGACY_ID__C  \t\t\t\t\t\tAS LEGACY_ID__C\nFROM EBS_BILL_ADDR EBS_ADDR\nJOIN SF_ACCOUNT ACC \nON EBS_ADDR.CUST_ID = ACC.LEGACY_ID__C","isFileList":false,"handleSpecialChars":false,"handleDecimalRoundOff":false,"frsAsset":false,"dynamicFileName":false,"excludeDynamicFileNameField":false,"currentlyProcessedFileName":false,"retainFieldMetadata":false,"objectName":"DUMMY_src_sync_address","useExactSrcNames":false,"tgtObjectAttributes":{},"runtimeParameterData":{"@type":"mtTaskRuntimeParameterData","isConnectionRuntimeParameter":false,"isObjectRuntimeParameter":false},"overridableProperties":[],"overriddenFields":[]},{"@type":"mtTaskParameter","id":1333658,"name":"$tgt_sync_address$","type":"TARGET","label":"tgt_sync_address","uiProperties":{"connectionParameterized":"false","objectParameterized":"false","visible":"false","defaultTargetUpdateColumns":"","supportApplyDDLChanges":"false","originalPath":"tgt_sync_address"},"targetConnectionId":"@0aa38HfbIjadqoKlbnU14y","targetObject":"p1_mit/TABLE/sync_ebs_address","targetObjectLabel":"sync_ebs_address","newFlatFile":false,"newObject":false,"showBusinessNames":false,"naturalOrder":true,"truncateTarget":false,"bulkApiDBTarget":false,"operationType":"Insert","customFuncCfg":{"@type":"customFuncConfig","id":-1,"connections":[],"inputMap":[],"outputFields":[]},"targetRefsV2":{},"targetUpdateColumns":[],"extendedObject":{"@type":"extendedObject","singleMode":true,"filters":[],"sortFields":[]},"runtimeAttrs":{},"isRESTModernSource":true,"isFileList":false,"handleSpecialChars":false,"handleDecimalRoundOff":false,"frsAsset":false,"dynamicFileName":false,"excludeDynamicFileNameField":false,"currentlyProcessedFileName":false,"retainFieldMetadata":false,"objectName":"p1_mit/TABLE/sync_ebs_address","objectLabel":"sync_ebs_address","useExactSrcNames":false,"tgtObjectAttributes":{},"runtimeParameterData":{"@type":"mtTaskRuntimeParameterData","isConnectionRuntimeParameter":false,"isObjectRuntimeParameter":false},"overridableProperties":[],"overriddenFields":[]},{"@type":"mtTaskParameter","id":1333659,"name":"$Lkp_sf_user$","type":"LOOKUP","label":"Lkp_sf_user","uiProperties":{"connectionParameterized":"false","isCachedLookup":"true","multipleMatchPolicy":"Use Last Value","objectParameterized":"false","visible":"false","originalPath":"Lkp_sf_user"},"lookupConnectionId":"@0aa38HfbIjadqoKlbnU14y","lookupObject":"DUMMY_Lkp_sf_user","newFlatFile":false,"newObject":false,"showBusinessNames":false,"naturalOrder":true,"truncateTarget":false,"bulkApiDBTarget":false,"customFuncCfg":{"@type":"customFuncConfig","id":-1,"connections":[],"inputMap":[],"outputFields":[]},"targetRefsV2":{},"targetUpdateColumns":[],"runtimeAttrs":{"Cache File Name Prefix":"","Lookup Index Cache Size":"AUTO","Optional":"true","Lookup cache persistent":"false","Lookup source is static":"false","Case Sensitive String Comparison":"false","Re-cache from lookup source":"false","Insert Else Update":"false","Lookup caching enabled":"true","Lookup Data Cache Size":"AUTO","Tracing Level":"Normal","Sorted Input":"false","Lookup cache directory name":"$PMCacheDir","Output Old Value On Update":"false","Dynamic Lookup Cache":"false","Pre-build lookup cache":"AUTO","Null ordering":""},"isRESTModernSource":true,"customQuery":"WITH USER_1 \t\tAS (SELECT Id, UPPER(TRIM(Email)) AS Email, ROW_NUMBER() OVER (PARTITION BY UPPER(TRIM(Email)) ORDER BY IsActive DESC ) AS RNK FROM SF_USER)\n    ,UNIQUE_USER \tAS (SELECT Id AS ID, Email AS Email  FROM USER_1 WHERE RNK = 1)\n\t\nSELECT  A.ID \n       ,A.Email \n\t   ,B.STAFF_ID\nFROM UNIQUE_USER A\nJOIN STG_BFM_STAFF B \nON TRIM(UPPER(A.Email))=TRIM(UPPER(B.Email))\n\nUNION\n\nSELECT Id AS ID\n      ,Email AS Email\n\t  ,NULL AS STAFF_ID \nFROM SF_USER \nWHERE UPPER(Name)= UPPER('Data Migration User')","isFileList":false,"handleSpecialChars":false,"handleDecimalRoundOff":false,"frsAsset":false,"dynamicFileName":false,"excludeDynamicFileNameField":false,"currentlyProcessedFileName":false,"retainFieldMetadata":false,"objectName":"DUMMY_Lkp_sf_user","useExactSrcNames":false,"tgtObjectAttributes":{},"runtimeParameterData":{"@type":"mtTaskRuntimeParameterData","isConnectionRuntimeParameter":false,"isObjectRuntimeParameter":false},"overridableProperties":[],"overriddenFields":[]},{"@type":"mtTaskParameter","id":1333660,"name":"$U_lkp_sf_user_sap$","type":"LOOKUP","label":"U_lkp_sf_user_sap","uiProperties":{"connectionParameterized":"false","isCachedLookup":"true","multipleMatchPolicy":"Use Last Value","objectParameterized":"false","visible":"false","originalPath":"U_lkp_sf_user_sap"},"lookupConnectionId":"@0aa38HfbIjadqoKlbnU14y","lookupObject":"DUMMY_U_lkp_sf_user_sap","newFlatFile":false,"newObject":false,"showBusinessNames":false,"naturalOrder":true,"truncateTarget":false,"bulkApiDBTarget":false,"customFuncCfg":{"@type":"customFuncConfig","id":-1,"connections":[],"inputMap":[],"outputFields":[]},"targetRefsV2":{},"targetUpdateColumns":[],"runtimeAttrs":{"Cache File Name Prefix":"","Lookup Index Cache Size":"AUTO","Optional":"true","Lookup cache persistent":"false","Lookup source is static":"false","Case Sensitive String Comparison":"false","Re-cache from lookup source":"false","Insert Else Update":"false","Lookup caching enabled":"true","Lookup Data Cache Size":"AUTO","Tracing Level":"Normal","Sorted Input":"false","Lookup cache directory name":"$PMCacheDir","Output Old Value On Update":"false","Dynamic Lookup Cache":"false","Pre-build lookup cache":"AUTO","Null ordering":""},"isRESTModernSource":true,"customQuery":"SELECT \nID,\nNAME \nFROM (\nSELECT \nId AS ID,\nNAME \nFROM \n(\nSELECT Id, \nUPPER(TRIM(Name)) AS NAME,\nROW_NUMBER() OVER (PARTITION BY UPPER(TRIM(Name)) ORDER BY IsActive DESC ) AS RNK\nFROM SF_USER) A \nWHERE RNK=1\n) B","isFileList":false,"handleSpecialChars":false,"handleDecimalRoundOff":false,"frsAsset":false,"dynamicFileName":false,"excludeDynamicFileNameField":false,"currentlyProcessedFileName":false,"retainFieldMetadata":false,"objectName":"DUMMY_U_lkp_sf_user_sap","useExactSrcNames":false,"tgtObjectAttributes":{},"runtimeParameterData":{"@type":"mtTaskRuntimeParameterData","isConnectionRuntimeParameter":false,"isObjectRuntimeParameter":false},"overridableProperties":[],"overriddenFields":[]}],"sequences":[],"inOutParameters":[],"connRuntimeAttrs":[]}]