[{"@type":"mtTask","id":"@1","name":"mt_stg_myr_product_configuration_sync_1","description":"","runtimeEnvironmentId":"@cUgvxjP6z42j5o2aizvbUV","maxLogs":10,"verbose":false,"lastRunTime":1694424396000,"mappingId":"@8zcD9kDt0b6b9hf0tOdjY7","frsGuid":"64SWDfYX2ZpkTg2xufbxE4","shortDescription":"","sessionPropertiesList":[],"enableCrossSchemaPushdown":true,"enableParallelRun":false,"autoTunedApplied":false,"autoTunedAppliedType":"NONE","schemaMode":"async","valid":true,"schemaValidationErrorCount":-1,"parameterFileEncoding":"UTF-8","serverlessProperties":{},"taskProperties":[{"@type":"taskProperty","name":"parameterFileDir","currentValue":"","type":"STRING","label":"label.parameterFileDir","required":false},{"@type":"taskProperty","name":"parameterFileName","currentValue":"","type":"STRING","label":"label.parameterFileName","required":false}],"parameters":[{"@type":"mtTaskParameter","id":1424903,"name":"$stg_myr_main_service$","type":"SOURCE","label":"stg_myr_main_service","uiProperties":{"connectionParameterized":"false","isSelectDistinct":"false","objectParameterized":"false","visible":"false","originalPath":"stg_myr_main_service"},"sourceConnectionId":"@4QRSN7FLoYhbpr47H7jUO9","sourceObject":"DUMMY_stg_myr_main_service","newFlatFile":false,"newObject":false,"showBusinessNames":false,"naturalOrder":true,"truncateTarget":false,"bulkApiDBTarget":false,"customFuncCfg":{"@type":"customFuncConfig","id":-1,"connections":[],"inputMap":[],"outputFields":[]},"targetRefsV2":{},"targetUpdateColumns":[],"runtimeAttrs":{},"isRESTModernSource":true,"customQuery":"with \n  SD AS ( select '1' as row_id, id from sf_cssdm__Solution_Definition__c where Name = \n  'Wholesale Domestic Access')\n\n, PD AS (select  '1' as row_id\n    ,Id as PD_Id\n    , cscfga__iteration__c  as PD_Iteration\n\t,cscfga__description__c as pc_type\nfrom sf_cscfga__Product_Definition\nwhere cscfga__description__c = 'Wholesale Domestic Access'\nand cscfga__active__c = '1'\n)\n\n,CA_BA AS (select '1' as row_id\n\t , CA.Id \t\tAS CA_Id\n     , BA.Id \t\tAS BA_Id\n\t , CA.Ownerid \tAS CA_Ownerid\nfrom sf_account CA\njoin sf_csconta__Billing_Account__c BA\nON CA.Id = BA.csconta__account__c\nwhere CA.Name = 'MYREPUBLIC BROADBAND PTE. LTD.'\nand BA.Id ='a701y000000ayYmAAI')\n\n\n\nSELECT\n\nA.plan_name\tAS\tName\n,'Wholesale Domestic Access'\t\tAS\tCPQ_Product_Definition_Name__c\n\n\n,NULL\t\t\t\t\t\tAS\tCPQ_Billing_Account__c\n\n--***sf_cspmb__Price_Item__c\n,PI.Id\t\t\t\t\t\t\tAS \tCommercial_Product__c\n\n--***cscfga__Product_Definition__c  PD\n,PD.PD_Id\t\t\t\t\t\t\tAS  cscfga__Product_Definition__c\n,PD.PD_Iteration\t\t\t\t\tAS  cscfga__product_definition_iteration__c\n\n--***Account \n,CA_BA.CA_Ownerid \t\t\t\t\t\tAS OwnerId\n,CA_BA.CA_Id \t\t\t\t\t\tAS CA_Id\n,CA_BA.BA_Id\t\t\t\t\t\tAS\tBA_ID\n\n\n\n,'Monthly'\t\t\t\t\t\tAS\tBilling_Frequency__c\n,'Valid'\t\t\t\t\t\tAS\tcscfga__Configuration_Status__c\n,'1'\t\t\t\t\t\t\tAS\tcscfga__Quantity__c\n\n\n\n,'Month'\t\t\t\t\t\tAS\tcscfga__Contract_Term_Period_Description__c\n,'SFDC Database only'\t\t\tAS\tcscfga__source_of_truth_location__c\n,'Replace'\t\t\t\t\t\tAS\tcscfga__parent_discount__c\n,'Current'\t\t\t\t\t\tAS\tcscfga__pricing_status__c\n,'Replace'\t\t\t\t\t\tAS\tcscfga__product_discount__c\n,'Wholesale Domestic Access'\tAS\tcscfga__Product_Family__c\n,'SGD'\t\t\t\t\t\t\tAS\tCurrencyIsoCode\n\n\n\n,NULL\t\t\t\t\t\t\tAS\tCPQ_Applied_ML_Discount__c\n,'FALSE'\t\t\t\t\t\tAS\tcsordtelcoa__cancelled_by_change_process__c\n,'FALSE'\t\t\t\t\t\tAS\tcsordtelcoa__Ignore_For_Order_Decomposition__c\n,'FALSE'\t\t\t\t\t\tAS\tcsordtelcoa__is_quantity_based_selling__c\n,'FALSE'\t\t\t\t\t\tAS\tCPQ_Applied_Voucher__c\n,'FALSE'\t\t\t\t\t\tAS\tCPQ_Basket_Sync_Status__c\n,'FALSE'\t\t\t\t\t\tAS\tCPQ_Eligible_for_ML_Discount__c\n,'FALSE'\t\t\t\t\t\tAS\tCPQ_Included_in_Line_Count__c\n,'FALSE'\t\t\t\t\t\tAS\tCPQ_Is_Delivery_Required__c\n,'FALSE'\t\t\t\t\t\tAS\tCPQ_Is_Installation_Required__c\n,'FALSE'\t\t\t\t\t\tAS\tNew_Sim_Flag__c\n,'FALSE'\t\t\t\t\t\tAS\tPortIn_Indicator__c\n,'FALSE'\t\t\t\t\t\tAS\tIsDeleted\n,'FALSE'\t\t\t\t\t\tAS\tIsMainConfiguration__c\n,'FALSE'\t\t\t\t\t\tAS\tCPQ_Temp_Link__c\n,'FALSE'\t\t\t\t\t\tAS\tActivate_SIM__c\n\n,'0'\t\t\t\t\t\t\tAS\tcspl__Month_Term__c\n,'0'\t\t\t\t\t\t\tAS\tTotal_List_Price_Recurring__c\n,'0'\t\t\t\t\t\t\tAS\tWaiver_Amount__c\n,'0'\t\t\t\t\t\t\tAS\tcscfga__recurring_charge_line_discount_value__c\n,'0'\t\t\t\t\t\t\tAS\tcscfga__recurring_charge_product_discount_value__c\n,'0'\t\t\t\t\t\t\tAS\tcscfga__Last_Screen_Index__c\n,'0'\t\t\t\t\t\t\tAS\tcscfga__One_Off_Charge__c\n,'0'\t\t\t\t\t\t\tAS\tcscfga__one_off_charge_line_discount_value__c\n,'0'\t\t\t\t\t\t\tAS\tcscfga__one_off_charge_product_discount_value__c\n,'0'\t\t\t\t\t\t\tAS\tCPQ_Total_Basket_Value__c\n,'0'\t\t\t\t\t\t\tAS\tCPQ_Total_Contract_Value__c\n\n,A.RSPCustomerRef            \tAS\tLegacy_Id__c\n,A.RSPCustomerRef\t\t\t\tAS temp_solution_id\n,A.Order_Type \t\t\t\t\tAS  CPQ_Order_Type__c\n,A.contract_term\t\t\t\tAS\tContract_Term__c\n,A.contract_term\t\t\t\tAS\tcscfga__Recurrence_Frequency__c\n,A.contract_term\t\t\t\tAS\tcscfga__Contract_Term__c\n,A.contract_term\t\t\t\tAS\tcscfga__Contract_Term_Period__c\n\n\n,A.plan_name AS\tcscfga__Description__c\n,NULL AS\tcsdiscounts__One_off_non_discounted__c\n,NULL AS\tcscfga__Product_Basket__c\n\n,A.total_mrc\t\t\t\t\tAS cscfga__Recurring_Charge__c\n,A.total_price \t\t\t\t\tAS cscfga__total_contract_value__c\n,A.total_otc\t\t\t\t\tAS cscfga__total_one_off_charge__c\n,A.total_price \t\t\t\t\tAS cscfga__Total_Price__c\n,A.total_mrc\t \t\t\t\tAS cscfga__total_recurring_charge__c\n,A.total_otc\t\t\t\t\tAS cscfga__unit_one_off_charge__c\n,A.total_price \t\t\t\t\tAS cscfga__Unit_Price__c\n,A.total_mrc\t\t\t\t\tAS cscfga__unit_recurring_charge__c\n\n\n\n,PD.pc_type \t      AS pc_type\n,'Main Service'       AS rec_type\n\n--Attributes\n,A.Service_Profile \t\t\t\tAS serviceProfile\n,A.Bandwidth \t\t\t\t\tAS bandwidth\n,A.Bandwidth_Type \t\t\t\tAS bandwidthType\n,A.no_service_port \t\t\t    AS numberofServicePort\n,A.Order_type \t\t\t\t    AS orderType\n,A.Service_port_type    \t\tAS portType\n,A.ONU_TYPE_MODEL_D2_SH_TR69_OP AS ontmodel\n\n,PI.cspmb__Price_Item_Code__c\tAS cspmb__Price_Item_Code__c\n, SD.Id \t\t\t\t\t\t\t\t\tAS cssdm__solution_definition__c\n\nfrom stg_myr_main_service A\nJOIN sf_cspmb__Price_Item__c PI ON A.cpq_product_code__c =  PI.cpq_product_code__c\nJOIN PD PD ON '1'=PD.row_id\nJOIN CA_BA CA_BA ON '1'= CA_BA.row_id\nJOIN  SD  ON '1'= SD.row_id","isFileList":false,"handleSpecialChars":false,"handleDecimalRoundOff":false,"frsAsset":false,"dynamicFileName":false,"excludeDynamicFileNameField":false,"currentlyProcessedFileName":false,"retainFieldMetadata":false,"objectName":"DUMMY_stg_myr_main_service","useExactSrcNames":false,"tgtObjectAttributes":{},"runtimeParameterData":{"@type":"mtTaskRuntimeParameterData","isConnectionRuntimeParameter":false,"isObjectRuntimeParameter":false},"overridableProperties":[],"overriddenFields":[]},{"@type":"mtTaskParameter","id":1424904,"name":"$stg_myr_pc$","type":"TARGET","label":"stg_myr_pc","uiProperties":{"connectionParameterized":"false","objectParameterized":"false","visible":"false","defaultTargetUpdateColumns":"","supportApplyDDLChanges":"false","originalPath":"stg_myr_pc"},"targetConnectionId":"@4QRSN7FLoYhbpr47H7jUO9","targetObject":"myr/TABLE/stg_myr_pc","targetObjectLabel":"stg_myr_pc","newFlatFile":false,"newObject":false,"showBusinessNames":false,"naturalOrder":true,"truncateTarget":false,"bulkApiDBTarget":false,"operationType":"Insert","customFuncCfg":{"@type":"customFuncConfig","id":-1,"connections":[],"inputMap":[],"outputFields":[]},"targetRefsV2":{},"targetUpdateColumns":[],"extendedObject":{"@type":"extendedObject","singleMode":true,"filters":[],"sortFields":[]},"runtimeAttrs":{},"isRESTModernSource":true,"isFileList":false,"handleSpecialChars":false,"handleDecimalRoundOff":false,"frsAsset":false,"dynamicFileName":false,"excludeDynamicFileNameField":false,"currentlyProcessedFileName":false,"retainFieldMetadata":false,"objectName":"myr/TABLE/stg_myr_pc","objectLabel":"stg_myr_pc","useExactSrcNames":false,"tgtObjectAttributes":{},"runtimeParameterData":{"@type":"mtTaskRuntimeParameterData","isConnectionRuntimeParameter":false,"isObjectRuntimeParameter":false},"overridableProperties":[],"overriddenFields":[]}],"sequences":[],"inOutParameters":[],"connRuntimeAttrs":[]}]