[{"@type":"mappingTemplate","id":"@1","name":"m_Json_Service_spec_BWB","description":"","bundleVersion":"0","templateId":"@3","deployTime":1679645184000,"hasParameters":false,"valid":true,"fixedConnection":true,"hasParametersDeployed":false,"fixedConnectionDeployed":true,"isSchemaValidationEnabled":false,"tasks":1,"mappingPreviewFileRecordId":"@2","documentType":"MAPPING","references":[{"@type":"reference","refObjectId":"@0aa38HfbIjadqoKlbnU14y","refType":"connection"},{"@type":"reference","refObjectId":"@1BjJWbmkHKkfVUO4pIMceJ","refType":"hschema"},{"@type":"reference","refObjectId":"@721zPTBYCCEik1s92BXhKZ","refType":"hschema"}]}]