[{"@type":"mtTask","id":"@1","name":"mt_tgt_sf_json_pc_attr","description":"","runtimeEnvironmentId":"@cUgvxjP6z42j5o2aizvbUV","maxLogs":10,"verbose":false,"lastRunTime":1701677718000,"mappingId":"@bwgGCRjCyCnfqseWaJ0hAa","frsGuid":"ad4sRxNmUmObVPn9kX3Hii","shortDescription":"","sessionPropertiesList":[{"name":"Allow Temporary Sequence for Pushdown","value":"NO","recommended":false},{"name":"Allow Temporary View for Pushdown","value":"NO","recommended":false},{"name":"Pushdown Optimization","value":"None","recommended":false},{"name":"Pushdown Optimization Context","value":"None","recommended":false},{"name":"Pushdown Optimization Fallback Option","value":"Partial PDO","recommended":false}],"enableCrossSchemaPushdown":true,"enableParallelRun":false,"autoTunedApplied":false,"autoTunedAppliedType":"NONE","paramFileType":"PARAM_FILE_LOCAL","schemaMode":"async","valid":true,"schemaValidationErrorCount":-1,"parameterFileEncoding":"UTF-8","serverlessProperties":{},"taskProperties":[{"@type":"taskProperty","name":"parameterFileDir","currentValue":"","type":"STRING","label":"label.parameterFileDir","required":false},{"@type":"taskProperty","name":"parameterFileName","currentValue":"","type":"STRING","label":"label.parameterFileName","required":false}],"parameters":[{"@type":"mtTaskParameter","id":1776058,"name":"$src_sf_json_pc_attr$","type":"SOURCE","label":"src_sf_json_pc_attr","uiProperties":{"connectionParameterized":"false","isSelectDistinct":"false","objectParameterized":"false","visible":"false","originalPath":"src_sf_json_pc_attr"},"sourceConnectionId":"@0aa38HfbIjadqoKlbnU14y","sourceObject":"DUMMY_src_sf_json_pc_attr","newFlatFile":false,"newObject":false,"showBusinessNames":false,"naturalOrder":true,"truncateTarget":false,"bulkApiDBTarget":false,"customFuncCfg":{"@type":"customFuncConfig","id":-1,"connections":[],"inputMap":[],"outputFields":[]},"targetRefsV2":{},"targetUpdateColumns":[],"runtimeAttrs":{},"isRESTModernSource":true,"customQuery":"SELECT distinct\n\ta.Id\t\t\t\t\t\t\t\t\tAS productConfigurationId\n\t,b.cscfga__Attribute_Definition__c   \tAS attributesByAttrDefId\n\t,'cscfga__Atrribute__c'\t\t\t\t\tAS type\n\t,NULL\t\t\t\t\t\tAS cscfga__key__c\n\n\t,'0'\t\t\t\t\t\tAS cscfga__price__c\n\t,b.cscfga__Value__c\t\t\t\t\tAS cscfga__display_value__c\n\t,b.Name\t\t\t\t\t\t\t\t\t\tAS name\n\t\n\t\n\t,CASE WHEN b.cscfga__Is_Required__c = '1' \tTHEN 'true' ELSE 'false' END  AS cscfga__is_required__c\n\t,CASE WHEN b.cscfga__recurring__c = '1' \tTHEN 'true' ELSE 'false' END  AS cscfga__recurring__c\n\t,CASE WHEN b.cscfga__is_line_item__c = '1' \tTHEN 'true' ELSE 'false' END  AS cscfga__is_line_item__c\t\n\t,CASE WHEN b.cscfga__is_read_only__c = '1' \tTHEN 'true' ELSE 'false' END  AS cscfga__is_read_only__c\n\t,'true' \t\t\t\t\t\t\t\tAS cscfga__is_active__c\n\t\n\t\n\t,b.cscfga__Attribute_Definition__c\t\t\t\t\tAS cscfga__attribute_definition__c\n\t,b.cscfga__Value__c\t\t\t\t\tAS cscfga__value__c\n\t\n\t,NULL\t\t\t\t\t\t\t\t\t\t\t\t\tAS cscfga__attribute_definition__r\n\t,b.cscfga__List_Price__c\t\t\t\tAS cscfga__list_price__c\n\t,b.cscfga__Line_Item_Sequence__c\t\tAS cscfga__Line_Item_Sequence__c\n\t,NULL\t\t\t\t\t\t\t\t\t    \t\t\tAS cscfga__Product_Configuration__c\n\t,NULL\t\t\t\t\t\t\t\t\t    \t\t\tAS cscfga__product_configuration__r\n\t,NULL\t\t\t\t\t\t\t\t\t    \t\t\tAS cscfga__Line_Item_Description__c\n\t,NULL\t\t\t\t\t\t\t\t\t    \t\t\tAS cscfga__Discount_Type__c\n\t,'false'\t\t\t\t\t\t\t\t\t    \t\t\tAS cscfga__Hidden__c\n\t,NULL\t\t\t\t\t\t\t\t\t    \t\t\tAS cscfga__Annualised_Price__c\n\t,'false'\t\t\t\t\t\t\t\t\t    \t\t\tAS cscfga__Is_rate_line_item__c\n\t,NULL \t\t\t\t\t\t\t\t\t\t\t\t\t\tAS id\n-- INTO tgt_sf_json_pc_attr\nFROM tgt_sf_pc_attrib b \nJOIN tgt_sf_json_pc a\n\tON b.cscfga__Product_Configuration__c = a.Id\nwhere b.cscfga__store_as_json__c ='true'","isFileList":false,"handleSpecialChars":false,"handleDecimalRoundOff":false,"frsAsset":false,"dynamicFileName":false,"excludeDynamicFileNameField":false,"currentlyProcessedFileName":false,"retainFieldMetadata":false,"objectName":"DUMMY_src_sf_json_pc_attr","useExactSrcNames":false,"tgtObjectAttributes":{},"runtimeParameterData":{"@type":"mtTaskRuntimeParameterData","isConnectionRuntimeParameter":false,"isObjectRuntimeParameter":false},"overridableProperties":[],"overriddenFields":[]},{"@type":"mtTaskParameter","id":1776059,"name":"$tgt_sf_json_pc_attr$","type":"TARGET","label":"tgt_sf_json_pc_attr","uiProperties":{"connectionParameterized":"false","objectParameterized":"false","visible":"false","defaultTargetUpdateColumns":"","supportApplyDDLChanges":"false","originalPath":"tgt_sf_json_pc_attr"},"targetConnectionId":"@0aa38HfbIjadqoKlbnU14y","targetObject":"p2_dev/TABLE/tgt_sf_json_pc_attr","targetObjectLabel":"tgt_sf_json_pc_attr","newFlatFile":false,"newObject":false,"showBusinessNames":false,"naturalOrder":true,"truncateTarget":false,"bulkApiDBTarget":false,"operationType":"Insert","customFuncCfg":{"@type":"customFuncConfig","id":-1,"connections":[],"inputMap":[],"outputFields":[]},"targetRefsV2":{},"targetUpdateColumns":[],"extendedObject":{"@type":"extendedObject","singleMode":true,"filters":[],"sortFields":[]},"runtimeAttrs":{},"isRESTModernSource":true,"isFileList":false,"handleSpecialChars":false,"handleDecimalRoundOff":false,"frsAsset":false,"dynamicFileName":false,"excludeDynamicFileNameField":false,"currentlyProcessedFileName":false,"retainFieldMetadata":false,"objectName":"p2_dev/TABLE/tgt_sf_json_pc_attr","objectLabel":"tgt_sf_json_pc_attr","useExactSrcNames":false,"tgtObjectAttributes":{},"runtimeParameterData":{"@type":"mtTaskRuntimeParameterData","isConnectionRuntimeParameter":false,"isObjectRuntimeParameter":false},"overridableProperties":[],"overriddenFields":[]}],"sequences":[],"inOutParameters":[],"connRuntimeAttrs":[]}]