[{"@type":"mappingTemplate","id":"@1","name":"m_Json_pc_old","description":"","bundleVersion":"0","templateId":"@3","deployTime":1697713705000,"hasParameters":false,"valid":true,"fixedConnection":true,"hasParametersDeployed":false,"fixedConnectionDeployed":true,"isSchemaValidationEnabled":false,"tasks":1,"mappingPreviewFileRecordId":"@2","documentType":"MAPPING","references":[{"@type":"reference","refObjectId":"@0aa38HfbIjadqoKlbnU14y","refType":"connection"},{"@type":"reference","refObjectId":"@752TQx1vQy8cjQgmbAAVs3","refType":"hschema"},{"@type":"reference","refObjectId":"@659ss4kOX1ekdSlSNhbnYk","refType":"hschema"}]}]