[{"@type":"workflow","id":"@1","name":"tf_JSON_Solution_Details","maxLogs":10,"references":[{"@type":"reference","refObjectId":"@1O9C6wNhYcFfoLQDk90Pyc","refType":"mtTask"},{"@type":"reference","refObjectId":"@diZGSiTYyojiO3JMOBrJST","refType":"mtTask"},{"@type":"reference","refObjectId":"@3klUl7vrYMni8LjcvDnYGN","refType":"mtTask"},{"@type":"reference","refObjectId":"@0e3yVXlsoLEgPgJMqrPHMc","refType":"mtTask"}],"tasks":[{"@type":"workflowTask","taskId":"@1O9C6wNhYcFfoLQDk90Pyc","type":"MTT","name":"mt_json_solution_group","stopOnError":true,"stopOnWarning":false},{"@type":"workflowTask","taskId":"@diZGSiTYyojiO3JMOBrJST","type":"MTT","name":"mt_solution_detail_json","stopOnError":true,"stopOnWarning":false},{"@type":"workflowTask","taskId":"@3klUl7vrYMni8LjcvDnYGN","type":"MTT","name":"mt_solution_detail_BWB_json","stopOnError":true,"stopOnWarning":false},{"@type":"workflowTask","taskId":"@0e3yVXlsoLEgPgJMqrPHMc","type":"MTT","name":"mt_solution_detail_M365_json","stopOnError":true,"stopOnWarning":false}]}]