[{"@type":"mtTask","id":"@1","name":"mt_tgt_sf_json_attrib_sp_NON_OE","description":"","runtimeEnvironmentId":"@cUgvxjP6z42j5o2aizvbUV","maxLogs":10,"verbose":false,"lastRunTime":1679890158000,"mappingId":"@3Y4x2ZgfNw7fwzl393EPQT","frsGuid":"9vmvhXc3iRnh4Zkel6fjij","shortDescription":"","sessionPropertiesList":[{"name":"Allow Temporary Sequence for Pushdown","value":"NO","recommended":false},{"name":"Allow Temporary View for Pushdown","value":"NO","recommended":false},{"name":"Pushdown Optimization","value":"None","recommended":false},{"name":"Pushdown Optimization Context","value":"None","recommended":false},{"name":"Run Only In Pushdown Mode","value":"NO","recommended":false}],"enableCrossSchemaPushdown":true,"enableParallelRun":false,"autoTunedApplied":false,"autoTunedAppliedType":"NONE","paramFileType":"PARAM_FILE_LOCAL","schemaMode":"async","valid":true,"schemaValidationErrorCount":-1,"parameterFileEncoding":"UTF-8","serverlessProperties":{},"taskProperties":[{"@type":"taskProperty","name":"parameterFileDir","currentValue":"","type":"STRING","label":"label.parameterFileDir","required":false},{"@type":"taskProperty","name":"parameterFileName","currentValue":"","type":"STRING","label":"label.parameterFileName","required":false}],"parameters":[{"@type":"mtTaskParameter","id":738116,"name":"$src_sf_json_attrib_sp_NON_OE$","type":"SOURCE","label":"src_sf_json_attrib_sp_NON_OE","uiProperties":{"connectionParameterized":"false","isSelectDistinct":"false","objectParameterized":"false","visible":"false","originalPath":"src_sf_json_attrib_sp_NON_OE"},"sourceConnectionId":"@0aa38HfbIjadqoKlbnU14y","sourceObject":"DUMMY_src_sf_json_attrib_sp_NON_OE","newFlatFile":false,"newObject":false,"showBusinessNames":false,"naturalOrder":true,"truncateTarget":false,"bulkApiDBTarget":false,"customFuncCfg":{"@type":"customFuncConfig","id":-1,"connections":[],"inputMap":[],"outputFields":[]},"targetRefsV2":{},"targetUpdateColumns":[],"runtimeAttrs":{},"isRESTModernSource":true,"customQuery":"-- drop table if exists tgt_sf_json_attrib_sp_non_oe\nselect\n'1'  \t\t\t\t\t\t\t\t\tAS  version\n,'Created'  \t\t\t\t\t\t\tAS  status\n,'FALSE'  \t\t\t\t\t\t\t\tAS  includeBilling\n,'New'   \t\t\t\t\t\t\t\tAS  orderType \n,'FALSE'   \t\t\t\t\t\t\t\tAS  simOnly\n,'Principle'  \t\t\t\t\t\t\tAS  lineType\n,'Regular'  \t\t\t\t\t\t\tAS  numberType\n,'Add'  \t\t\t\t\t\t\t\tAS  action\n,'Upfront Payment'  \t\t\t\t\tAS  instalmentPlan\n,'1'  \t\t\t\t\t\t\t\t\tAS  AddOnQuantity\n\n,''  \t\t\t\t\t\t\t\t\tAS  startDate\n,''  \t\t\t\t\t\t\t\t\tAS  endDate\n,''  \t\t\t\t\t\t\t\t\tAS  specification\n,''  \t\t\t\t\t\t\t\t\tAS  numberOfActiveLines\n,''  \t\t\t\t\t\t\t\t\tAS  addonGroup\n,''  \t\t\t\t\t\t\t\t\tAS  rfsType\n,''  \t\t\t\t\t\t\t\t\tAS  simCardType\n,''  \t\t\t\t\t\t\t\t\tAS  metadata\n,''  \t\t\t\t\t\t\t\t\tAS  instanceId\n,'' \t\t\t\t\t                AS  additionalattributes\t\t\n\n,pc.\"Id\"  \t\t\t\t\t\t\t\tAS  productConfigurationId\n,pc.\"pc_type\"  \t\t\t\t\t\t\tAS  name\n,PC.\"pc_type\"                           AS  type\n,sv.\"Id\"\t\t\t\t\t\t\t\tAS  service_id \n\n,CASE WHEN pc.\"pc_type\" = 'Mobile Service' \t\t\tTHEN 'Mobile Service'\n\t  WHEN pc.\"pc_type\" = 'Mobile Device' \t\t\tTHEN 'Mobile Device'\n\t  WHEN pc.\"pc_type\" = 'Sharing Service' \t\tTHEN 'Sharing Service'\n\t  WHEN pc.\"pc_type\" = 'Mobile Service Addon' \tTHEN 'Mobile Service Addon'\n\t  WHEN pc.\"pc_type\" = 'Mobile Device Addon' \tTHEN 'Mobile Device Addon'\n      ELSE '' END \n\t  AS  description\n\t  \n,CASE WHEN pc.\"pc_type\" = 'Mobile Service' \t\t\tTHEN 'Mobile_Service'\n\t  WHEN pc.\"pc_type\" = 'Mobile Device' \t\t\tTHEN 'Mobile_Device'\n\t  WHEN pc.\"pc_type\" = 'Sharing Service' \t\tTHEN 'Sharing_Service'\n\t  WHEN pc.\"pc_type\" = 'Mobile Service Addon' \tTHEN 'Mobile_Service_Addon'\n\t  WHEN pc.\"pc_type\" = 'Mobile Device Addon' \tTHEN 'Mobile_Device_Addon'\n      ELSE '' END \n\t  AS  code\t  \n\t  \n,CASE WHEN PC.VALUE  IN ('1') THEN TRUE ELSE FALSE END \t\t\tAS poolByVoice\n,CASE WHEN PC.VALUE  IN ('2') THEN TRUE ELSE FALSE END \t\t\tAS poolBySMS\n,CASE WHEN PC.VALUE  IN ('3') THEN TRUE ELSE FALSE END \t\t\tAS poolByData\n,CASE WHEN PC.\"offer_type\" = '7' THEN PI.\"Id\" ELSE '' END\t  \tAS commercialProductId\n\n,COALESCE(pc.csexpimp1__guid__c,'')  \t\t\t\tAS  guid\n,COALESCE(PC.\"Name\",'')  \t\t\t  \t\t\t\tAS  planName\n,COALESCE(PC.\"agreement_limit\",'')   \t\t\t\tAS  contractTerm\n,COALESCE(PC.\"service_id__c\",'')  \t\t\t\t\tAS  MSISDN\n,COALESCE(PI.\"Make__c\",'')  \t\t\t\t\t\tAS  makeName\n,COALESCE(PI.\"Device_Type__c\",'')  \t\t\t\t\tAS  typeName\n,COALESCE(PC.\"Name\",'')  \t\t\t\t\t\t\tAS  partNumber\n,COALESCE(PI.\"PCRF_Service_ID__c\",'')  \t\t\t\tAS \tpcrfServiceID\t\n,COALESCE(PI.\"PCRF_BILLRESETTYPE__c\",'')  \t\t\tAS \tpcrfBillResetType\t\t\t\t\t\t\t\t\t\n,COALESCE(PI.\"PCRF_Service_Node_ID__c\",'') \t\t\tAS \tpcrfServiceNodeID\t\n,COALESCE(PI.\"Minutes__c\",'') \t\t\t\t\t\tAS \tvoiceAllocation\t\t\t\t\t\t\t\t\n,COALESCE(PI.\"SMS_MMS__c\",'')  \t\t\t\t\t\tAS \tsmsAllocation\t\t\t\t\t\t\t\t\t\t\n,COALESCE(PI.\"Data__c\",'') \t\t\t\t\t\t\tAS \tdataAllocation\t\t\t\t\t\t\t\t\t\n,COALESCE(PI.\"Market__c\",'')  \t\t\t\t\t\tAS \tmarket\t\t\t\t\t\t\t\t\t\t\t\t\n,COALESCE(PI.\"Sub_Market__c\",'')  \t\t\t\t\tAS \tsubMarket\t\t\t\t\t\t\t\t\t\t\t\n,COALESCE(PI.\"Network_Code__c\",'')  \t\t\t\tAS \tnetworkCode\t\t\t\t\t\t\t\t\t\t\n,COALESCE(PI.\"HLR_Code__c\",'')  \t\t\t\t\tAS \thlrCode\t\t\n,COALESCE(PI.\"TM_Code__c\",'')  \t\t\t\t\t\tAS \ttmCode\t\t\t\t\t\t\t\t\t\t\t\t\n,COALESCE(PI.\"Bill_Display_Name__c\",'')  \t\t\tAS \tbillDisplayName\t\t\t\t\t\t\t\t\n,COALESCE(PI.\"Product_Name__c\",'')  \t\t\t\tAS \tproductName\t\t\t\t\t\t\t\t\t\t\t\n,COALESCE(PI.\"cspmb__Role__c\",'')  \t\t\t\t\tAS \trole\t\t\t\t\t\t\t\t\t\t\t\n,COALESCE(PI.\"RFS_Id__c\",'') \t\t\t\t\t\tAS \trfsId\t\t\t\t\t\t\t\t\t\t\t\n,COALESCE(PI.\"Stock_Code__c\",'')  \t\t\t\t\tAS \tstockCode\t\t\t\t\t\t\t\t\t\t\t\n,COALESCE(PI.\"BSCS_SPCODE__c\",'') \t\t\t\t\tAS \tspCode\t\n,COALESCE(PI.\"BSCS_SNCODE__c\",'')   \t\t\t\tAS \tsnCode\t\t\t\t\t\t\t\t\t\t\t\t\n,COALESCE(PI.\"Bill_Display_Name__c\",'')   \t\t\tAS \tplanDescription\t\t\t\t\t\t\t\t\t\n,COALESCE(PI.\"Commercial_Product_Id__c\",'')  \t\tAS \tproductId\t\n\t\t\t\t\t\t\t\t\t\n,COALESCE(PI.\"cspmb__Price_Item_Code__c\",'')\t\t\t\t\tAS \tproductGroupId\t\t\t\t\t\t\t\t\t\n,COALESCE(PI.\"Minutes_Unlimited__c\"::varchar,'')\t\t\t\tAS  minutesUnlimited\t\t\t\t\t\t\t\t\t\n,COALESCE(PI.\"Data_Unlimited__c\"::varchar,'') \t\t\t\t\tAS \tdataUnlimited\t\t\t\t\t\t\t\t\n,COALESCE(PI.\"Data_Unlimited__c\"::varchar,'') \t\t\t\t\tAS \tsmsmmsUnlimited\t\n\t\n--into tgt_sf_json_attrib_sp_non_oe\nFROM tgt_sf_service sv \nLEFT JOIN tgt_sf_pc pc\n\tON sv.\"csordtelcoa__Product_Configuration__c\" = pc.\"Id\"\nLEFT JOIN sf_cspmb__Price_Item_c PI\n\t\ton PI.\"Name\"  = PC.\"Name\"\nwhere sv.\"Id\" is not null and pc.pc_type in ('Mobile Device'\n\t\t\t\t\t\t\t\t\t\t\t ,'Sharing Service'\n\t\t\t\t\t\t\t\t\t\t\t ,'Mobile Service')\n\n\n\n-- alter table tgt_sf_json_attrib_sp_non_oe owner to sh_mig_users;\n\n-- select * from tgt_sf_json_attrib_sp_non_oe","isFileList":false,"handleSpecialChars":false,"handleDecimalRoundOff":false,"frsAsset":false,"dynamicFileName":false,"excludeDynamicFileNameField":false,"currentlyProcessedFileName":false,"retainFieldMetadata":false,"objectName":"DUMMY_src_sf_json_attrib_sp_NON_OE","useExactSrcNames":false,"tgtObjectAttributes":{},"runtimeParameterData":{"@type":"mtTaskRuntimeParameterData","isConnectionRuntimeParameter":false,"isObjectRuntimeParameter":false},"overridableProperties":[],"overriddenFields":[]},{"@type":"mtTaskParameter","id":738117,"name":"$src_sf_json_attrib_sp_NON_OE_M365$","type":"SOURCE","label":"src_sf_json_attrib_sp_NON_OE_M365","uiProperties":{"connectionParameterized":"false","isSelectDistinct":"false","objectParameterized":"false","visible":"false","originalPath":"src_sf_json_attrib_sp_NON_OE_M365"},"sourceConnectionId":"@0aa38HfbIjadqoKlbnU14y","sourceObject":"DUMMY_src_sf_json_attrib_sp_NON_OE_M365","newFlatFile":false,"newObject":false,"showBusinessNames":false,"naturalOrder":true,"truncateTarget":false,"bulkApiDBTarget":false,"customFuncCfg":{"@type":"customFuncConfig","id":-1,"connections":[],"inputMap":[],"outputFields":[]},"targetRefsV2":{},"targetUpdateColumns":[],"runtimeAttrs":{},"isRESTModernSource":true,"customQuery":"select\n\n'1'  \t\t\t\t\t\t\t\t\tAS  version\n,'Created'  \t\t\t\t\t\t\tAS  status\n,'Microsoft License'  \t\t\t\t\tAS  name\n,'Microsoft License' \t\t\t\t\tAS  description  \n,'Microsoft_License' \t\t\t\t\tAS  code\t  \t\n,'false'  \t\t\t\t\t\t\t\tAS  includeBilling\n,'New'   \t\t\t\t\t\t\t\tAS  orderType \n\n,''  \t\t\t\t\t\t\t\t\tAS  startDate\n,''  \t\t\t\t\t\t\t\t\tAS  endDate\n,''  \t\t\t\t\t\t\t\t\tAS  specification\n,''  \t\t\t\t\t\t\t\t\tAS  metadata\n,''  \t\t\t\t\t\t\t\t\tAS  instanceId\n,'' \t\t\t\t\t\t\t\t\tAS  earlyTerminationCharge\n,'' \t\t\t\t\t\t\t\t\tAS  newLicenseQuantity\n,''\t\t\t\t\t\t\t\t\t    AS  additionalattributes\t\n\n,COALESCE(sv.\"Id\",'')\t\t\t\t\t\t\t\tAS  servicespecificationid \n,COALESCE(sv.\"Id\",'')\t\t\t\t\t\t\t\tAS  service_id\n,COALESCE(PC.\"pc_type\",'')                         \tAS  pc_type\n,COALESCE(pc.\"Id\",'')  \t\t\t\t\t\t\t\tAS  productConfigurationId\n,COALESCE(pc.\"csexpimp1__guid__c\",'')  \t\t\t\tAS  guid\n,COALESCE(PC.\"Name\",'')  \t\t\t  \t\t\t\tAS  planName\n,COALESCE(PC.\"agreement_limit\",'')   \t\t\t\tAS  contractTerm\n,COALESCE(PC.\"Billing_Frequency__c\",'')\t\t\t\tAS  billingFrequency\n,COALESCE(PI.\"BSCS_SNCODE__c\",'')  \t\t\t\t\tAS  snCode\t\n,COALESCE(PI.\"BSCS_SPCODE__c\",'') \t\t\t\t\tAS  spCode\t\n,COALESCE(PI.\"HLR_Code__c\",'')  \t\t\t\t\tAS  hlrCode\t\n,COALESCE(PI.\"TM_Code__c\",'')  \t\t\t\t\t\tAS  tmCode\t\t\t\t\t\t\t\t\t\t\t\n,COALESCE(PI.\"Sub_Market__c\",'')  \t\t\t\t\tAS  subMarket\t\t\n,COALESCE(PI.\"Commercial_Product_Id__c\",'') \t\tAS  productId\t\n,COALESCE(PC.\"Name\",'')  \t\t\t\t\t\t\tAS  partNumber\n,COALESCE(PI.\"Bill_Display_Name__c\",'')  \t\t\tAS  planDescription\t\n,COALESCE(PI.\"Product_Name__c\",'')  \t\t\t\tAS  productName\t\t\n,COALESCE(PI.\"Network_Code__c\",'')  \t\t\t\tAS  networkCode\t\t\n,COALESCE(PI.\"Market__c\",'')  \t\t\t\t\t\tAS  market\t\n,COALESCE(PI.\"cspmb__Price_Item_Code__c\",'') \t\tAS  productGroupId\t\n\t\t\t\t\n,COALESCE(PC.\"License_Quantity__c\"::varchar,'')\t\tAS  licenseQuantity\n,COALESCE(PC.\"License_Quantity__c\"::varchar,'')\t\t  \tAS  activeLicenseQuantity\n,COALESCE(PC.\"License_Quantity__c\"::varchar,'')\t\t  \tAS  totalLicenseQuantity \t\t\n\n\t\t\t\n--into tgt_sf_json_attrib_sp_non_oe_m365\nFROM tgt_sf_service sv \nLEFT JOIN tgt_sf_pc pc\n\tON sv.\"csordtelcoa__Product_Configuration__c\" = pc.\"Id\"\nLEFT JOIN sf_cspmb__Price_Item_c PI\n\t\ton PI.\"Name\"  = PC.\"Name\"\nwhere sv.\"Id\" is not null and pc.pc_type = 'Microsoft License'","isFileList":false,"handleSpecialChars":false,"handleDecimalRoundOff":false,"frsAsset":false,"dynamicFileName":false,"excludeDynamicFileNameField":false,"currentlyProcessedFileName":false,"retainFieldMetadata":false,"objectName":"DUMMY_src_sf_json_attrib_sp_NON_OE_M365","useExactSrcNames":false,"tgtObjectAttributes":{},"runtimeParameterData":{"@type":"mtTaskRuntimeParameterData","isConnectionRuntimeParameter":false,"isObjectRuntimeParameter":false},"overridableProperties":[],"overriddenFields":[]},{"@type":"mtTaskParameter","id":738118,"name":"$src_sf_json_attrib_sp_NON_OE_bwb$","type":"SOURCE","label":"src_sf_json_attrib_sp_NON_OE_bwb","uiProperties":{"connectionParameterized":"false","isSelectDistinct":"false","objectParameterized":"false","visible":"false","originalPath":"src_sf_json_attrib_sp_NON_OE_bwb"},"sourceConnectionId":"@0aa38HfbIjadqoKlbnU14y","sourceObject":"DUMMY_src_sf_json_attrib_sp_NON_OE_bwb","newFlatFile":false,"newObject":false,"showBusinessNames":false,"naturalOrder":true,"truncateTarget":false,"bulkApiDBTarget":false,"customFuncCfg":{"@type":"customFuncConfig","id":-1,"connections":[],"inputMap":[],"outputFields":[]},"targetRefsV2":{},"targetUpdateColumns":[],"runtimeAttrs":{},"isRESTModernSource":true,"customQuery":"WITH MAIN_PC AS (SELECT PC.\"cscfga__Parent_Configuration__c\"\n\t\t\t\t\t\t,PC.\"Commercial_Product__c\"\n\t\t\t\t\t  ,PC.\"Id\"\n\t\t\t\tFROM tgt_sf_service svc\n\t\t\t\tJOIN tgt_sf_pc pc\n\t\t\t\t\tON svc.\"csordtelcoa__Product_Configuration__c\" = pc.\"Id\"\n\t\t\t\tWHERE PC.\"cscfga__Parent_Configuration__c\" is not null\n\t)\n\nselect\n'1'  \t\t\t\t\t\t\t\t\tAS  version\n,'Created'  \t\t\t\t\t\t\tAS  status\n,'New'   \t\t\t\t\t\t\t    AS  orderType \n,'Yes' \t\t\t\t\t\t\t\t    AS \tnewApn\n,'1'  \t\t\t\t\t\t\t\t    AS  AddOnQuantity\n,'Monthly' \t\t\t\t\t\t\t    AS \tbillingFrequency\n,'TRUE' \t\t\t\t\t\t\t\tAS  isActive\n,'FALSE'  \t\t\t\t\t\t\t\tAS  includeBilling\n\n,''  \t\t\t\t\t\t\t\t\tAS  startDate\n,''  \t\t\t\t\t\t\t\t\tAS  endDate\n,''  \t\t\t\t\t\t\t\t\tAS  specification\n,''  \t\t\t\t\t\t\t\t\tAS  metadata\n,''  \t\t\t\t\t\t\t\t\tAS  instanceId\n,''  \t\t\t\t\t\t\t\t    AS  simCardType\n,''  \t\t\t\t\t\t\t\t    AS  addonGroup\n,'' \t\t\t\t\t\t\t\t    AS \tearlyTerminationCharge\n,'' \t\t\t\t\t\t\t\t    AS \trelocationType\n,'' \t\t\t\t\t\t\t\t    AS \tremarks\n,'' \t\t\t\t\t\t\t\t    AS \taddressDetails\n,'' \t\t\t\t\t\t\t\t    AS \tbrandName\n,''\t\t\t\t\t\t\t\t\t    AS additionalattributes\n\n\n\n,CASE WHEN pc.\"pc_type\" = 'ITX Broadband' \t\t\t\tTHEN 'Broadband Equipment'\n\t  WHEN pc.\"pc_type\" = 'ITX Wireless Broadband' \t\tTHEN 'Wireless Broadband'\n\t  WHEN pc.\"pc_type\" = 'VAS Wireless Broadband' \t\tTHEN 'VAS Wireless Broadband'\n      ELSE '' END \n\t  AS  name\t\n\t  \n,CASE WHEN pc.\"pc_type\" = 'ITX Broadband' \t\t\t\tTHEN 'Equipment'\n\t  WHEN pc.\"pc_type\" = 'ITX Wireless Broadband' \t\tTHEN 'Wireless Broadband'\n\t  WHEN pc.\"pc_type\" = 'VAS Wireless Broadband' \t\tTHEN 'VAS Wireless Broadband'\n      ELSE '' END \n\t  AS  description\n\t  \n,CASE WHEN pc.\"pc_type\" = 'ITX Broadband' \t\t\t\tTHEN 'Broadband_Equipment'\n\t  WHEN pc.\"pc_type\" = 'ITX Wireless Broadband' \t\tTHEN 'Wireless_Broadband'\n\t  WHEN pc.\"pc_type\" = 'VAS Wireless Broadband' \t\tTHEN 'VAS_Wireless_Broadband'\n      ELSE '' END \n\t  AS  code\t  \n\n,COALESCE(sv.\"Id\",'')\t\t\t\t\t\t\t\tAS  service_id \n,COALESCE(PC.\"pc_type\",'')                      \tAS  pc_type\n,COALESCE(pc.\"Id\",'')  \t\t\t\t\t\t\t\tAS  productConfigurationId\n,COALESCE(PC.\"Name\",'')  \t\t\t  \t\t\t\tAS  planName\n,COALESCE(PC.\"agreement_limit\",'')   \t\t\t\tAS  contractTerm\n,COALESCE(PC.\"pc_type\",'')                      \tAS  type\n,COALESCE(PI.\"cspmb__Price_Item_Code__c\",'')  \t\tAS  partNumber\n,COALESCE(PI.\"PCRF_Service_ID__c\",'')   \t\t\tAS \tpcrfServiceID\t\n,COALESCE(PI.\"PCRF_BILLRESETTYPE__c\",'')  \t\t\tAS \tpcrfBillResetType\t\t\t\t\t\t\t\t\t\n,COALESCE(PI.\"PCRF_Service_Node_ID__c\",'') \t\t\tAS \tpcrfServiceNodeID\t\t\t\t\t\t\t\t\t\t\t\t\t\t\t\t\t\t\t\t\t\t\n,COALESCE(PI.\"Market__c\",'')  \t\t\t\t\t\tAS \tmarket\t\t\t\t\t\t\t\t\t\t\t\t\n,COALESCE(PI.\"Sub_Market__c\",'')  \t\t\t\t\tAS \tsubMarket\t\t\t\t\t\t\t\t\t\t\t\n,COALESCE(PI.\"Network_Code__c\",'')  \t\t\t\tAS \tnetworkCode\t\t\t\t\t\t\t\t\t\t\n,COALESCE(PI.\"HLR_Code__c\",'')  \t\t\t\t\tAS \thlrCode\t\t\t\t\t\t\t\t\t\t\t\t\n,COALESCE(PI.\"TM_Code__c\",'')  \t\t\t\t\t\tAS \ttmCode\t\t\t\t\t\t\t\t\t\t\t\t\n,COALESCE(PI.\"Product_Name__c\",'')  \t\t\t\tAS \tproductName\t\t\t\t\t\t\t\t\t\t\t\t\t\t\t\t\t\t\t\t\n,COALESCE(PI.\"RFS_Id__c\",'') \t\t\t\t\t\tAS \trfsId\t\t\t\t\t\t\t\t\t\t\t\n,COALESCE(PI.\"Stock_Code__c\",'')  \t\t\t\t\tAS \tstockCode\t\t\t\t\t\t\t\t\t\t\t\n,COALESCE(PI.\"BSCS_SPCODE__c\",'') \t\t\t\t\tAS \tspCode\t\t\t\t\t\t\t\t\t\n,COALESCE(PI.\"BSCS_SNCODE__c\",'')  \t\t\t\t\tAS \tsnCode\t\t\t\t\t\t\t\t\t\t\t\t\n,COALESCE(PI.\"Bill_Display_Name__c\",'')  \t\t\tAS \tplanDescription\t\t\t\t\t\t\t\t\t\n,COALESCE(PI.\"Commercial_Product_Id__c\",'') \t\tAS \tproductId\t\t\t\t\t\t\t\t\t\t\n,COALESCE(PI.\"cspmb__Price_Item_Code__c\",'') \t\tAS \tproductGroupId\t\t\t\t\t\t\t\t\t\n,COALESCE(PI.\"Data__c\",'') \t\t\t\t\t\t\tAS \tdata\n,COALESCE(PI.\"Minutes__c\",'') \t\t\t\t\t\tAS \tminutes\n,COALESCE(PI.\"Data__c\",'') \t\t\t\t\t\t\tAS \tdataEntitlement\n,COALESCE(PI.\"Plan__c\",'') \t\t\t\t\t\t\tAS \tplan\n,COALESCE(PI.\"IP_Address_Type__c\",'') \t\t\t\tAS \tipAddress  \t\t\t\t\n,COALESCE(mpc.\"Commercial_Product__c\",'') \t\t\tAS \tbrand\n,COALESCE(sv.Termination_Reason__c,'') \t\t\t\tAS \tterminationReason\n,COALESCE(sv.\"IP_Address_Type__c\",'') \t\t\t\tAS \tipAddressType\n,COALESCE(sv.\"Equipment_Owned_By__c\",'') \t\t\tAS \tequipmentOwnedBy\n,COALESCE(sv.\"Password_Managed_By__c\",'')\t\t\tAS \tpasswordManagedBy\n,COALESCE(sv.\"APN__c\",'') \t\t\t\t\t\t\tAS \tapn\n,COALESCE(sv.\"APN_Type__c\",'') \t\t\t\t\t\tAS \tapnType\n\n\n\n--into tgt_sf_json_attrib_sp_non_oe_bwb\nFROM tgt_sf_service sv \nLEFT JOIN tgt_sf_pc pc\n\tON sv.\"csordtelcoa__Product_Configuration__c\" = pc.\"Id\"\nLEFT JOIN MAIN_PC mpc\n\tON sv.\"csordtelcoa__Product_Configuration__c\" = mpc.\"Id\"\nLEFT JOIN sf_cspmb__Price_Item_c PI\n\t\ton PI.\"Name\"  = PC.\"Name\"\nwhere sv.\"Id\" is not null","isFileList":false,"handleSpecialChars":false,"handleDecimalRoundOff":false,"frsAsset":false,"dynamicFileName":false,"excludeDynamicFileNameField":false,"currentlyProcessedFileName":false,"retainFieldMetadata":false,"objectName":"DUMMY_src_sf_json_attrib_sp_NON_OE_bwb","useExactSrcNames":false,"tgtObjectAttributes":{},"runtimeParameterData":{"@type":"mtTaskRuntimeParameterData","isConnectionRuntimeParameter":false,"isObjectRuntimeParameter":false},"overridableProperties":[],"overriddenFields":[]},{"@type":"mtTaskParameter","id":738119,"name":"$tgt_sf_json_attrib_sp_NON_OE$","type":"TARGET","label":"tgt_sf_json_attrib_sp_NON_OE","uiProperties":{"connectionParameterized":"false","objectParameterized":"false","visible":"false","defaultTargetUpdateColumns":"","supportApplyDDLChanges":"false","originalPath":"tgt_sf_json_attrib_sp_NON_OE"},"targetConnectionId":"@0aa38HfbIjadqoKlbnU14y","targetObject":"p1_dev/TABLE/tgt_sf_json_attrib_sp_non_oe","targetObjectLabel":"tgt_sf_json_attrib_sp_non_oe","newFlatFile":false,"newObject":false,"showBusinessNames":false,"naturalOrder":true,"truncateTarget":false,"bulkApiDBTarget":false,"operationType":"Insert","customFuncCfg":{"@type":"customFuncConfig","id":-1,"connections":[],"inputMap":[],"outputFields":[]},"targetRefsV2":{},"targetUpdateColumns":[],"extendedObject":{"@type":"extendedObject","singleMode":true,"filters":[],"sortFields":[]},"runtimeAttrs":{},"isRESTModernSource":true,"isFileList":false,"handleSpecialChars":false,"handleDecimalRoundOff":false,"frsAsset":false,"dynamicFileName":false,"excludeDynamicFileNameField":false,"currentlyProcessedFileName":false,"retainFieldMetadata":false,"objectName":"p1_dev/TABLE/tgt_sf_json_attrib_sp_non_oe","objectLabel":"tgt_sf_json_attrib_sp_non_oe","useExactSrcNames":false,"tgtObjectAttributes":{},"runtimeParameterData":{"@type":"mtTaskRuntimeParameterData","isConnectionRuntimeParameter":false,"isObjectRuntimeParameter":false},"overridableProperties":[],"overriddenFields":[]},{"@type":"mtTaskParameter","id":738120,"name":"$tgt_sf_json_attrib_sp_NON_OE_M365$","type":"TARGET","label":"tgt_sf_json_attrib_sp_NON_OE_M365","uiProperties":{"connectionParameterized":"false","objectParameterized":"false","visible":"false","defaultTargetUpdateColumns":"","supportApplyDDLChanges":"false","originalPath":"tgt_sf_json_attrib_sp_NON_OE_M365"},"targetConnectionId":"@0aa38HfbIjadqoKlbnU14y","targetObject":"p1_dev/TABLE/tgt_sf_json_attrib_sp_non_oe_m365","targetObjectLabel":"tgt_sf_json_attrib_sp_non_oe_m365","newFlatFile":false,"newObject":false,"showBusinessNames":false,"naturalOrder":true,"truncateTarget":false,"bulkApiDBTarget":false,"operationType":"Insert","customFuncCfg":{"@type":"customFuncConfig","id":-1,"connections":[],"inputMap":[],"outputFields":[]},"targetRefsV2":{},"targetUpdateColumns":[],"extendedObject":{"@type":"extendedObject","singleMode":true,"filters":[],"sortFields":[]},"runtimeAttrs":{},"isRESTModernSource":true,"isFileList":false,"handleSpecialChars":false,"handleDecimalRoundOff":false,"frsAsset":false,"dynamicFileName":false,"excludeDynamicFileNameField":false,"currentlyProcessedFileName":false,"retainFieldMetadata":false,"objectName":"p1_dev/TABLE/tgt_sf_json_attrib_sp_non_oe_m365","objectLabel":"tgt_sf_json_attrib_sp_non_oe_m365","useExactSrcNames":false,"tgtObjectAttributes":{},"runtimeParameterData":{"@type":"mtTaskRuntimeParameterData","isConnectionRuntimeParameter":false,"isObjectRuntimeParameter":false},"overridableProperties":[],"overriddenFields":[]},{"@type":"mtTaskParameter","id":738121,"name":"$tgt_sf_json_attrib_sp_NON_OE_bwb$","type":"TARGET","label":"tgt_sf_json_attrib_sp_NON_OE_bwb","uiProperties":{"connectionParameterized":"false","objectParameterized":"false","visible":"false","defaultTargetUpdateColumns":"","supportApplyDDLChanges":"false","originalPath":"tgt_sf_json_attrib_sp_NON_OE_bwb"},"targetConnectionId":"@0aa38HfbIjadqoKlbnU14y","targetObject":"p1_dev/TABLE/tgt_sf_json_attrib_sp_non_oe_bwb","targetObjectLabel":"tgt_sf_json_attrib_sp_non_oe_bwb","newFlatFile":false,"newObject":false,"showBusinessNames":false,"naturalOrder":true,"truncateTarget":false,"bulkApiDBTarget":false,"operationType":"Insert","customFuncCfg":{"@type":"customFuncConfig","id":-1,"connections":[],"inputMap":[],"outputFields":[]},"targetRefsV2":{},"targetUpdateColumns":[],"extendedObject":{"@type":"extendedObject","singleMode":true,"filters":[],"sortFields":[]},"runtimeAttrs":{},"isRESTModernSource":true,"isFileList":false,"handleSpecialChars":false,"handleDecimalRoundOff":false,"frsAsset":false,"dynamicFileName":false,"excludeDynamicFileNameField":false,"currentlyProcessedFileName":false,"retainFieldMetadata":false,"objectName":"p1_dev/TABLE/tgt_sf_json_attrib_sp_non_oe_bwb","objectLabel":"tgt_sf_json_attrib_sp_non_oe_bwb","useExactSrcNames":false,"tgtObjectAttributes":{},"runtimeParameterData":{"@type":"mtTaskRuntimeParameterData","isConnectionRuntimeParameter":false,"isObjectRuntimeParameter":false},"overridableProperties":[],"overriddenFields":[]}],"sequences":[],"inOutParameters":[],"connRuntimeAttrs":[]}]