[{"@type":"mtTask","id":"@1","name":"mt_stg_ebs_sli_mobile","description":"","runtimeEnvironmentId":"@cUgvxjP6z42j5o2aizvbUV","maxLogs":10,"verbose":false,"mappingId":"@4KLqV8aAg7Nk8bN5FyQdax","frsGuid":"5RLPk0QGqE7eplP2iqDjyZ","shortDescription":"","sessionPropertiesList":[],"enableCrossSchemaPushdown":true,"enableParallelRun":false,"autoTunedApplied":false,"autoTunedAppliedType":"NONE","schemaMode":"async","valid":true,"schemaValidationErrorCount":-1,"parameterFileEncoding":"UTF-8","serverlessProperties":{},"taskProperties":[{"@type":"taskProperty","name":"parameterFileDir","currentValue":"","type":"STRING","label":"label.parameterFileDir","required":false},{"@type":"taskProperty","name":"parameterFileName","currentValue":"","type":"STRING","label":"label.parameterFileName","required":false}],"parameters":[{"@type":"mtTaskParameter","id":1929134,"name":"$Src_tgt_sf_service$","type":"SOURCE","label":"Src_tgt_sf_service","uiProperties":{"connectionParameterized":"false","isSelectDistinct":"false","objectParameterized":"false","visible":"false","originalPath":"Src_tgt_sf_service"},"sourceConnectionId":"@0aa38HfbIjadqoKlbnU14y","sourceObject":"DUMMY_Src_tgt_sf_service","newFlatFile":false,"newObject":false,"showBusinessNames":false,"naturalOrder":true,"truncateTarget":false,"bulkApiDBTarget":false,"customFuncCfg":{"@type":"customFuncConfig","id":-1,"connections":[],"inputMap":[],"outputFields":[]},"targetRefsV2":{},"targetUpdateColumns":[],"runtimeAttrs":{},"isRESTModernSource":true,"customQuery":"WITH STG_EBS_MAIN_SERVICE AS (SELECT DISTINCT MS.PROD_ID, MS.SUBS_PLAN_OFFER_NAME, MS.AGREEMENT_LIMIT,\nMS.MRC_PROMO_LIST_PRICE, MS.OTC_PROMO_LIST_PRICE, MS.ETC_TYPE, MS.OFFER_ID, MS.MRC_PROMO_CONTRACT_EXP_DATE, MS.OTC_PROMO_CONTRACT_EXP_DATE,\nMS.MRC_PROMO_CONTRACT_EFF_DATE, MS.OTC_PROMO_CONTRACT_EFF_DATE,\nSP.TYPE_OF_CHARGE, SP.SALES_PRICE, DP.PROMO_DISCOUNT_AMT, PV.PROMO_VAL_TYPE, LP.LIST_PRICE\nFROM STG_EBS_MAIN_SERVICE MS\nCROSS JOIN LATERAL\n(VALUES\n('MRC', CASE WHEN MS.MRC_QUOTE_SALES_PRICE IS NOT NULL THEN MS.MRC_QUOTE_SALES_PRICE ELSE MS.MRC_PROMO_LIST_PRICE END),\n('OTC', CASE WHEN MS.OTC_QUOTE_SALES_PRICE IS NOT NULL THEN MS.OTC_QUOTE_SALES_PRICE ELSE MS.OTC_PROMO_LIST_PRICE END)\n) AS SP (TYPE_OF_CHARGE, SALES_PRICE)\n\nCROSS JOIN LATERAL\n(VALUES\n('MRC', CAST(MS.MRC_PROMO_DISCOUNT_AMT AS DECIMAL) * power(10,CAST(MS.MRC_PROMO_SALES_PRICE_PRECISION AS INT)-2)),\n('OTC', CAST(MS.OTC_PROMO_DISCOUNT_AMT AS DECIMAL) * power(10,CAST(MS.OTC_PROMO_SALES_PRICE_PRECISION AS INT)-2))\n) AS DP (TYPE_OF_CHARGE, PROMO_DISCOUNT_AMT)\n\nCROSS JOIN LATERAL\n(VALUES\n('MRC', MS.MRC_PROMO_VAL_TYPE),\n('OTC', MS.OTC_PROMO_VAL_TYPE)\n) AS PV (TYPE_OF_CHARGE, PROMO_VAL_TYPE)\n\nCROSS JOIN LATERAL\n(VALUES\n('MRC', MS.MRC_LIST_PRICE),\n('OTC', MS.OTC_LIST_PRICE)\n) AS LP (TYPE_OF_CHARGE, LIST_PRICE)\n\nWHERE MS.REC_TYPE='Mobile'\nAND SP.TYPE_OF_CHARGE=DP.TYPE_OF_CHARGE\nAND SP.TYPE_OF_CHARGE=PV.TYPE_OF_CHARGE\n)\n\nSELECT DISTINCT\n'EBS'\t\t\t\t\t\t\t\t\t\t\t\t\t\tAS SRC_FLAG\n,PRI.BSCS_Event_Code__c\t\t\t\t\t\t\t\t\t\tAS BSCS_Event_Code__c\n,PRI.BSCS_SNCODE__c\t\t\t\t\t\t\t\t\t\t\tAS BSCS_SNCODE__c\n,PRI.BSCS_SPCODE__c\t\t\t\t\t\t\t\t\t\t\tAS BSCS_SPCODE__c\n,CASE WHEN MS.TYPE_OF_CHARGE = 'MRC'\nTHEN 'Mobile Plan Monthly Recurring Charge'\nELSE 'Mobile Plan One Time Charge' END\t\t\t\t\t\tAS Charge_Components__c\n,CASE\nWHEN MS.PROMO_VAL_TYPE = 'A' THEN 'Amount'\nWHEN MS.PROMO_VAL_TYPE = 'P' THEN 'Percentage' END\t\t\tAS csord__Discount_Type__c\n,MS.PROMO_DISCOUNT_AMT\t\t\t\t\t\t\t\t\t\tAS csord__Discount_Value__c\n,''\t\t\t\t\t\t\t\t\t\t\t\t\t\t\tAS csord__Discounted_Amount__c\n,CASE WHEN MS.MRC_PROMO_LIST_PRICE IS NOT NULL OR MS.OTC_PROMO_LIST_PRICE IS NOT NULL\nTHEN MS.AGREEMENT_LIMIT ELSE NULL END\t\t\t\t\t\tAS csord__duration__c\n,CASE WHEN MS.MRC_PROMO_LIST_PRICE IS NOT NULL THEN MS.MRC_PROMO_CONTRACT_EXP_DATE\nWHEN MS.OTC_PROMO_LIST_PRICE IS NOT NULL THEN MS.OTC_PROMO_CONTRACT_EXP_DATE\nEND\t\t\t\t\t\t\t\t\t\t\t\t\t\t\tAS csord__End_Date__c\n,''\t\t\t\t\t\t\t\t\t\t\t\t\t\t\tAS csord__External_Identifier__c\n,''\t\t\t\t\t\t\t\t\t\t\t\t\t\t\tAS csord__External_Identifier2__c\n,''\t\t\t\t\t\t\t\t\t\t\t\t\t\t\tAS csord__Identification__c\n,'True'\t\t\t\t\t\t\t\t\t\t\t\t\t\tAS csord__Is_Active__c\n,'False'\t\t\t\t\t\t\t\t\t\t\t\t\tAS csord__Is_Adhoc__c\n,''\t\t\t\t\t\t\t\t\t\t\t\t\t\t\tAS csord__Is_Recurring__c\n,CASE WHEN MS.TYPE_OF_CHARGE = 'MRC'\nTHEN 'Mobile Plan Monthly Recurring Charge'\nELSE 'Mobile Plan One Time Charge' END\t\t\t\t\t\tAS csord__Line_Description__c\n,'Charge'\t\t\t\t\t\t\t\t\t\t\t\t\tAS csord__line_item_type__c\n,''\t\t\t\t\t\t\t\t\t\t\t\t\t\t\tAS csord__Line_Number__c\n,''\t\t\t\t\t\t\t\t\t\t\t\t\t\t\tAS csord__offset__c\n,''\t\t\t\t\t\t\t\t\t\t\t\t\t\t\tAS csord__Order_Request__c\n,MS.LIST_PRICE\t\t\t\t\t\t\t\t\t\t\t\tAS csord__Price_Before_Discount__c\n,''\t\t\t\t\t\t\t\t\t\t\t\t\t\t\tAS csord__sequence__c\n,MS.PROD_ID\t\t\t\t\t\t\t\t\t\t\t\t\tAS csord__Service__c\n,CASE WHEN MS.MRC_PROMO_LIST_PRICE IS NOT NULL THEN MS.MRC_PROMO_CONTRACT_EFF_DATE\nWHEN MS.OTC_PROMO_LIST_PRICE IS NOT NULL THEN MS.OTC_PROMO_CONTRACT_EFF_DATE\nELSE NULL END\t\t\t\t\t\t\t\t\t\t\t\tAS csord__Start_Date__c\n,''\t\t\t\t\t\t\t\t\t\t\t\t\t\t\tAS csord__Total_Price__c\n,'False'\t\t\t\t\t\t\t\t\t\t\t\t\tAS csordtelcoa__Cancelled_By_Change_Process__c\n,''\t\t\t\t\t\t\t\t\t\t\t\t\t\t\tAS csordtelcoa__Delta_Status__c\n,''\t\t\t\t\t\t\t\t\t\t\t\t\t\t\tAS csordtelcoa__Line_Item_Reference_Id__c\n,'SGD'\t\t\t\t\t\t\t\t\t\t\t\t\t\tAS CurrencyIsoCode\n,''\t\t\t\t\t\t\t\t\t\t\t\t\t\t\tAS customFields__c\n,''\t\t\t\t\t\t\t\t\t\t\t\t\t\t\tAS Is_Overridable__c\n,'False'\t\t\t\t\t\t\t\t\t\t\t\t\tAS IsDeleted\n,MS.PROD_ID\t\t\t\t\t\t\t\t\t\t\t\t\tAS Legacy_Id__c\n,CASE WHEN MS.TYPE_OF_CHARGE = 'MRC'\nTHEN 'Mobile Plan Monthly Recurring Charge'\nELSE 'Mobile Plan One Time Charge' END\t\t\t\t\t\tAS Name\n,PM.PLAN\t\t\t\t\t\t\t\t\t\t\t\t\tAS Rate_Plan__c\n,'Mobile'\t\t\t\t\t\t\t\t\t\t\t\t\tAS PC_TYPE\n,CASE WHEN MS.TYPE_OF_CHARGE = 'MRC'\nTHEN 'Mobile_MRC'\nELSE 'Mobile_OTC' END\t\t\t\t\t\t\t\t\t\tAS REC_TYPE\n\nFROM STG_EBS_MAIN_SERVICE MS\nLEFT JOIN PRODUCT_MAPPING PM ON MS.ETC_TYPE = PM.SRC_ETC_TYPE AND MS.AGREEMENT_LIMIT = PM.CONTRACT_TERM_MONTHS AND CAST(MS.OFFER_ID AS VARCHAR)= PM.SRC_PROD_ID\nLEFT JOIN SF_CSPMB__PRICE_ITEM__C PRI ON PM.CSPMB__PRICE_ITEM_CODE__C = PRI.CSPMB__PRICE_ITEM_CODE__C","isFileList":false,"handleSpecialChars":false,"handleDecimalRoundOff":false,"frsAsset":false,"dynamicFileName":false,"excludeDynamicFileNameField":false,"currentlyProcessedFileName":false,"retainFieldMetadata":false,"objectName":"DUMMY_Src_tgt_sf_service","useExactSrcNames":false,"tgtObjectAttributes":{},"runtimeParameterData":{"@type":"mtTaskRuntimeParameterData","isConnectionRuntimeParameter":false,"isObjectRuntimeParameter":false},"overridableProperties":[],"overriddenFields":[]},{"@type":"mtTaskParameter","id":1929135,"name":"$stg_ebs_sli$","type":"TARGET","label":"stg_ebs_sli","uiProperties":{"connectionParameterized":"false","objectParameterized":"false","visible":"false","defaultTargetUpdateColumns":"","supportApplyDDLChanges":"false","originalPath":"stg_ebs_sli"},"targetConnectionId":"@0aa38HfbIjadqoKlbnU14y","targetObject":"p2_dev/TABLE/stg_ebs_sli","targetObjectLabel":"stg_ebs_sli","newFlatFile":false,"newObject":false,"showBusinessNames":false,"naturalOrder":true,"truncateTarget":false,"bulkApiDBTarget":false,"operationType":"Insert","customFuncCfg":{"@type":"customFuncConfig","id":-1,"connections":[],"inputMap":[],"outputFields":[]},"targetRefsV2":{},"targetUpdateColumns":[],"extendedObject":{"@type":"extendedObject","singleMode":true,"filters":[],"sortFields":[]},"runtimeAttrs":{},"isRESTModernSource":true,"isFileList":false,"handleSpecialChars":false,"handleDecimalRoundOff":false,"frsAsset":false,"dynamicFileName":false,"excludeDynamicFileNameField":false,"currentlyProcessedFileName":false,"retainFieldMetadata":false,"objectName":"p2_dev/TABLE/stg_ebs_sli","objectLabel":"stg_ebs_sli","useExactSrcNames":false,"tgtObjectAttributes":{},"runtimeParameterData":{"@type":"mtTaskRuntimeParameterData","isConnectionRuntimeParameter":false,"isObjectRuntimeParameter":false},"overridableProperties":[],"overriddenFields":[]}],"sequences":[],"inOutParameters":[],"connRuntimeAttrs":[]}]