[{"@type":"mappingTemplate","id":"@1","name":"m_rep_cscfga_Attribute_Field","description":"","bundleVersion":"0","assetFrsGuid":"80arMOVC8DgkNfsXMkd6Y0","templateId":"@3","deployTime":1736862624000,"hasParameters":false,"valid":true,"fixedConnection":true,"hasParametersDeployed":false,"fixedConnectionDeployed":true,"isSchemaValidationEnabled":false,"tasks":1,"mappingPreviewFileRecordId":"@2","documentType":"MAPPING","references":[{"@type":"reference","refObjectId":"@0aa38HfbIjadqoKlbnU14y","refType":"connection"},{"@type":"reference","refObjectId":"@2pzkdnOGuGpiqnKtNRkpw3","refType":"connection"}]}]