[{"@type":"mappingTemplate","id":"@1","name":"m_stg_myr_PB","description":"","bundleVersion":"0","templateId":"@3","deployTime":1697447714000,"hasParameters":false,"valid":true,"fixedConnection":true,"hasParametersDeployed":false,"fixedConnectionDeployed":true,"isSchemaValidationEnabled":false,"tasks":0,"mappingPreviewFileRecordId":"@2","documentType":"MAPPING","references":[{"@type":"reference","refObjectId":"@0aa38HfbIjadqoKlbnU14y","refType":"connection"},{"@type":"reference","refObjectId":"@2pzkdnOGuGpiqnKtNRkpw3","refType":"connection"}]}]