[{"@type":"mappingTemplate","id":"@1","name":"SIT_sf_address","description":"","bundleVersion":"0","templateId":"@3","deployTime":1675666756000,"hasParameters":false,"valid":true,"fixedConnection":true,"hasParametersDeployed":false,"fixedConnectionDeployed":true,"isSchemaValidationEnabled":false,"tasks":0,"mappingPreviewFileRecordId":"@2","documentType":"MAPPING","references":[{"@type":"reference","refObjectId":"@3CCF1zGLy8jbBi6kYQ1Bo2","refType":"connection"},{"@type":"reference","refObjectId":"@irZpk2lcq2Lh5v2PiTa4Q2","refType":"connection"}]}]