[{"@type":"mappingTemplate","id":"@1","name":"m_stg_ebs_main_service_2","description":"To load main_service_2 table\n","bundleVersion":"0","templateId":"@3","deployTime":1710470495000,"hasParameters":false,"valid":true,"fixedConnection":true,"hasParametersDeployed":false,"fixedConnectionDeployed":true,"isSchemaValidationEnabled":false,"tasks":1,"mappingPreviewFileRecordId":"@2","documentType":"MAPPING","references":[{"@type":"reference","refObjectId":"@0aa38HfbIjadqoKlbnU14y","refType":"connection"}]}]