[{"@type":"mappingTemplate","id":"@1","name":"m_stg_sync_ebs_sap_customer_access","description":"","bundleVersion":"0","assetFrsGuid":"06rHpXzvwXmfCT5Tfo1v2d","templateId":"@3","deployTime":1723442838000,"hasParameters":false,"valid":true,"fixedConnection":true,"hasParametersDeployed":false,"fixedConnectionDeployed":true,"isSchemaValidationEnabled":false,"tasks":1,"mappingPreviewFileRecordId":"@2","documentType":"MAPPING","references":[{"@type":"reference","refObjectId":"@0aa38HfbIjadqoKlbnU14y","refType":"connection"}]}]