[{"@type":"mappingTemplate","id":"@1","name":"m_file_stg_ebs_res_type","description":"Description  - Load EBS .csv file to postgres table\nCreated by   - ACC-ARUPALI\nCreated on   - 15-Nov-2022\nModified on - ","bundleVersion":"0","templateId":"@3","deployTime":1695809344000,"hasParameters":false,"valid":true,"fixedConnection":true,"hasParametersDeployed":false,"fixedConnectionDeployed":true,"isSchemaValidationEnabled":false,"tasks":1,"mappingPreviewFileRecordId":"@2","documentType":"MAPPING","references":[{"@type":"reference","refObjectId":"@0aa38HfbIjadqoKlbnU14y","refType":"connection"},{"@type":"reference","refObjectId":"@5cVavMJoq6viVKggQReXmA","refType":"connection"}]}]