[{"@type":"mappingTemplate","id":"@1","name":"m_sync_tgt_case_attachment","description":"","bundleVersion":"0","assetFrsGuid":"bT4T0xsY2ube8pB0gMmOgE","templateId":"@3","deployTime":1733923907000,"hasParameters":false,"valid":true,"fixedConnection":true,"hasParametersDeployed":false,"fixedConnectionDeployed":true,"isSchemaValidationEnabled":false,"tasks":1,"mappingPreviewFileRecordId":"@2","documentType":"MAPPING","references":[{"@type":"reference","refObjectId":"@0aa38HfbIjadqoKlbnU14y","refType":"connection"},{"@type":"reference","refObjectId":"@2pzkdnOGuGpiqnKtNRkpw3","refType":"connection"}]}]