[{"@type":"mappingTemplate","id":"@1","name":"m_Json_Solution_MAIN_M365_old","description":"","bundleVersion":"0","templateId":"@3","deployTime":1701780314000,"hasParameters":false,"valid":true,"fixedConnection":true,"hasParametersDeployed":false,"fixedConnectionDeployed":true,"isSchemaValidationEnabled":false,"tasks":1,"mappingPreviewFileRecordId":"@2","documentType":"MAPPING","references":[{"@type":"reference","refObjectId":"@0aa38HfbIjadqoKlbnU14y","refType":"connection"},{"@type":"reference","refObjectId":"@1cIgU26N8DVgNSKHGBGkcM","refType":"hschema"}]}]