[{"@type":"workflow","id":"@1","name":"tf_Service","description":"**Prerequisite**  1. Main Service table load 2. Addon Service table load","maxLogs":10,"references":[{"@type":"reference","refObjectId":"@7lklAqGdHXTgQhBzarog0j","refType":"mtTask"},{"@type":"reference","refObjectId":"@4AKLBJVSk2WfcdITHiKSmV","refType":"mtTask"}],"tasks":[{"@type":"workflowTask","taskId":"@7lklAqGdHXTgQhBzarog0j","type":"MTT","name":"mt_sync_cs_csord__Service__c","stopOnError":true,"stopOnWarning":false},{"@type":"workflowTask","taskId":"@4AKLBJVSk2WfcdITHiKSmV","type":"MTT","name":"mt_csord__Service__c_UPD_Service_Subs","stopOnError":true,"stopOnWarning":false}]}]