[{"@type":"mappingTemplate","id":"@1","name":"m_Json_PC_old","description":"","bundleVersion":"0","templateId":"@3","deployTime":1674460941000,"hasParameters":false,"valid":true,"fixedConnection":true,"hasParametersDeployed":false,"fixedConnectionDeployed":true,"isSchemaValidationEnabled":false,"tasks":0,"mappingPreviewFileRecordId":"@2","documentType":"MAPPING","references":[{"@type":"reference","refObjectId":"@gbEqHgig3UYgrJMzU4lVau","refType":"connection"},{"@type":"reference","refObjectId":"@9Uw81NRp9Jlf97LDua4KCf","refType":"hschema"}]}]