[{"@type":"mtTask","id":"@1","name":"mt_stg_ebs_device_service","description":"","runtimeEnvironmentId":"@cUgvxjP6z42j5o2aizvbUV","maxLogs":10,"verbose":false,"mappingId":"@2BiCaOj6ftped3f7QASw4R","frsGuid":"1WBAae4DpjAiFpPZp1Gksg","shortDescription":"","sessionPropertiesList":[],"enableCrossSchemaPushdown":true,"enableParallelRun":false,"autoTunedApplied":false,"autoTunedAppliedType":"NONE","schemaMode":"async","valid":true,"schemaValidationErrorCount":-1,"parameterFileEncoding":"UTF-8","serverlessProperties":{},"taskProperties":[{"@type":"taskProperty","name":"parameterFileDir","currentValue":"","type":"STRING","label":"label.parameterFileDir","required":false},{"@type":"taskProperty","name":"parameterFileName","currentValue":"","type":"STRING","label":"label.parameterFileName","required":false}],"parameters":[{"@type":"mtTaskParameter","id":735051,"name":"$src_devce_bwb$","type":"SOURCE","label":"src_devce_bwb","uiProperties":{"connectionParameterized":"false","isSelectDistinct":"false","objectParameterized":"false","visible":"false","originalPath":"src_devce_bwb"},"sourceConnectionId":"@0aa38HfbIjadqoKlbnU14y","sourceObject":"DUMMY_src_devce_bwb","newFlatFile":false,"newObject":false,"showBusinessNames":false,"naturalOrder":true,"truncateTarget":false,"bulkApiDBTarget":false,"customFuncCfg":{"@type":"customFuncConfig","id":-1,"connections":[],"inputMap":[],"outputFields":[]},"targetRefsV2":{},"targetUpdateColumns":[],"runtimeAttrs":{},"isRESTModernSource":true,"customQuery":"WITH PRD AS (SELECT P.*\n\t\t\t  FROM PROD P\n\t\t\t  JOIN STG_EBS_MAIN_SERVICE M \tON P.INDEP_PROD_ID = M.PROD_ID\n\t\t\t  WHERE M.PROD_TYPE = 'EW'\n\t\t\t  and (P.val_id IS NULL OR P.val_id ='') \t\t\t  --Data Validation Checking \n\t\t\t  and P.OFFER_ID = '8430'\n)\n\nSELECT\nPRD.PROD_ID\n,PRD.COMPLETED_DATE\t\n,PRD.PROD_STATE\t\n,PRD.OFFER_ID\n,PRD.INDEP_PROD_ID\n,PRD.PROD_STATE_DATE\t\n,PRD.UPDATE_DATE\t\n,PRD.CREATED_DATE\t\n,PRD.STATE\t\n,PRD.STATE_DATE\n,OWNED_BY.VALUE AS OWNED_BY\n,PW_MGMT.VALUE AS PW_MGMT\n,CPE_MODEL.VALUE AS CPE_MODEL\n,SERIAL_NO.VALUE AS SERIAL_NO\n,BWB_PLAN_PRD.SUBS_PLAN_ID \n,BWB_PLAN_PRD.AGREEMENT_EXP_DATE\t\n,BWB_PLAN_PRD.AGREEMENT_EFF_DATE\t\n,BWB_PLAN_PRD.AGREEMENT_TIME_UNIT\t\n,BWB_PLAN_PRD.AGREEMENT_LIMIT\n,O.OFFER_NAME\n,SUBS.ACCT_ID\n,SUBS.CUST_ID\n,SUBS.SUBS_ID\n,SUBS.ACC_NBR\n,ACCT.sf_id \t\t\t\t\t\tAS SF_CUST_ID\n,BILL_ACCOUNT.sf_id\t\t\t\t\tAS SF_ACCT_ID\n\nFROM PRD \nLEFT JOIN PROD_ATTR_VALUE OWNED_BY ON OWNED_BY.PROD_ID = PRD.PROD_ID AND OWNED_BY.ATTR_ID = '2929'\nLEFT JOIN PROD_ATTR_VALUE PW_MGMT ON PW_MGMT.PROD_ID = PRD.PROD_ID AND PW_MGMT.ATTR_ID = '2930'\nLEFT JOIN PROD_ATTR_VALUE CPE_MODEL ON CPE_MODEL.PROD_ID = PRD.PROD_ID AND CPE_MODEL.ATTR_ID = '2931'\nLEFT JOIN PROD_ATTR_VALUE SERIAL_NO ON SERIAL_NO.PROD_ID = PRD.PROD_ID AND SERIAL_NO.ATTR_ID = '2933'\nLEFT JOIN PROD BWB_PLAN_PRD ON PRD.INDEP_PROD_ID = BWB_PLAN_PRD.PROD_ID\nLEFT JOIN OFFER O ON PRD.OFFER_ID = O.OFFER_ID\nLEFT JOIN SUBS ON PRD.INDEP_PROD_ID = SUBS.SUBS_ID\nLEFT JOIN sync_ebs_sap_account ACCT\n\tON ACCT.\"legacy_id\" = CAST(SUBS.cust_id  as varchar(100))\nLEFT JOIN sync_ebs_sap_billingaccount BILL_ACCOUNT\n\tON BILL_ACCOUNT.\"legacy_id\" = CAST(SUBS.acct_id  as varchar(100))","isFileList":false,"handleSpecialChars":false,"handleDecimalRoundOff":false,"frsAsset":false,"dynamicFileName":false,"excludeDynamicFileNameField":false,"currentlyProcessedFileName":false,"retainFieldMetadata":false,"objectName":"DUMMY_src_devce_bwb","useExactSrcNames":false,"tgtObjectAttributes":{},"runtimeParameterData":{"@type":"mtTaskRuntimeParameterData","isConnectionRuntimeParameter":false,"isObjectRuntimeParameter":false},"overridableProperties":[],"overriddenFields":[]},{"@type":"mtTaskParameter","id":735052,"name":"$src_mobile_device$","type":"SOURCE","label":"src_mobile_device","uiProperties":{"connectionParameterized":"false","isSelectDistinct":"false","objectParameterized":"false","visible":"false","originalPath":"src_mobile_device"},"sourceConnectionId":"@0aa38HfbIjadqoKlbnU14y","sourceObject":"DUMMY_src_mobile_device","newFlatFile":false,"newObject":false,"showBusinessNames":false,"naturalOrder":true,"truncateTarget":false,"bulkApiDBTarget":false,"customFuncCfg":{"@type":"customFuncConfig","id":-1,"connections":[],"inputMap":[],"outputFields":[]},"targetRefsV2":{},"targetUpdateColumns":[],"runtimeAttrs":{},"isRESTModernSource":true,"customQuery":"WITH SUBS_GI AS (SELECT P.*\n                FROM SUBS_GOODS_INST P\n                JOIN STG_EBS_MAIN_SERVICE M     ON M.PROD_ID = P.prod_id\n                WHERE M.PROD_TYPE = 'Mobile'\n              )\n\n \n\n\n       ,GOOD_ORD AS (SELECT A.subs_goods_inst_id,A.PROD_ID \n                          ,CASE WHEN C_list.ATTR_ID = '627'  THEN C_list.VALUE ELSE NULL END AS OTC_LIST_PRICE\n                          ,CASE WHEN C_sales.ATTR_ID = '1644' THEN C_sales.VALUE ELSE NULL END AS OTC_SALES_PRICE\n                        FROM SUBS_GOODS_INST A\n                        JOIN GOODS_ORDER B\n                            ON A.SUBS_GOODS_INST_ID = B.SUBS_GOODS_INST_ID\n                        JOIN GOODS_ORDER_ATTR C_list\n                            ON C_list.GOODS_ORDER_ID = B.GOODS_ORDER_ID and C_list.ATTR_ID IN ('627')    \n\n                        JOIN GOODS_ORDER_ATTR C_sales\n                            ON C_sales.GOODS_ORDER_ID = B.GOODS_ORDER_ID\n                        and C_sales.ATTR_ID IN ('1644')    \n                    )\n\n        , GOODS_TYPE AS (\n                        SELECT A.SUBS_GOODS_INST_ID\n                              ,D.GOODS_TYPE_NAME\n                        FROM SUBS_GOODS_INST A\n                        LEFT JOIN GM_MODEL B\n                            ON A.MODEL_ID = B.MODEL_ID\n                        LEFT JOIN GM_GOODS_CATG C\n                            ON C.GOODS_CATG_ID =  B.GOODS_CATG_ID\n                        LEFT JOIN GM_GOODS_TYPE D \n                            ON D.GOODS_TYPE_ID = C.GOODS_TYPE_ID\n                    )\n\n \n\nSELECT\nSUBS_GI.PROD_ID             AS PROD_ID\n,SUBS_GI.SUBS_GOODS_INST_ID AS SUBS_GOODS_INST_ID \n,SUBS_GI.STATE                 AS STATE\n,SUBS.ACCT_ID                         AS ACCT_ID\n,SUBS.CUST_ID                         AS CUST_ID\n,GM_MODEL.MODEL_NAME                 AS GOODS_MODEL\n,GM_MODEL.MODE_CODE                 AS STOCK_CODE\n,GM_GOODS_CATG.GOODS_CATG_NAME         AS GOODS_CATG\n,GOODS_TYPE.GOODS_TYPE_NAME         AS GOODS_TYPE\n,GM_BRAND.BRAND_NAME                 AS GOODS_BRAND\n,EBS_DO_GOODS_INST.ESN                 AS DEVICE_SERIAL_NO\n,GOOD_ORD.OTC_LIST_PRICE             AS OTC_LIST_PRICE\n,GOOD_ORD.OTC_SALES_PRICE             AS OTC_SALES_PRICE\n,0                                     AS MRC_LIST_PRICE\n,0                                     AS MRC_SALES_PRICE\n,NULL                                 AS IP_ADDRESS\n,OFFER_ATTR.DEFAULT_VALUE AS IPHONE_FLAG\n,ACCT.sf_id \t\t\t\t\t\tAS SF_CUST_ID\n,BILL_ACCOUNT.sf_id\t\t\t\t\tAS SF_ACCT_ID\n \n\nFROM SUBS_GI \nLEFT JOIN SUBS                 ON SUBS_GI.PROD_ID                 = SUBS.SUBS_ID\nLEFT JOIN GOODS_TYPE                                 ON SUBS_GI.SUBS_GOODS_INST_ID                 = GOODS_TYPE.SUBS_GOODS_INST_ID\nLEFT JOIN GOOD_ORD                                 ON SUBS_GI.SUBS_GOODS_INST_ID                 = GOOD_ORD.SUBS_GOODS_INST_ID\nLEFT JOIN GM_MODEL             ON SUBS_GI.MODEL_ID             = GM_MODEL.MODEL_ID\nLEFT JOIN GOODS_ORDER             ON SUBS_GI.SUBS_GOODS_INST_ID     = GOODS_ORDER.SUBS_GOODS_INST_ID\nLEFT JOIN GM_GOODS_CATG         ON GM_MODEL.GOODS_CATG_ID                 = GM_GOODS_CATG.GOODS_CATG_ID\nLEFT JOIN GM_BRAND             ON GM_BRAND.BRAND_ID                     = GM_MODEL.BRAND_ID\nLEFT JOIN EBS_DO_GOODS_INST     ON EBS_DO_GOODS_INST.ORDER_ITEM_ID         = GOODS_ORDER.ORDER_ITEM_ID\nLEFT JOIN OFFER ON GM_MODEL.MODEL_NAME = OFFER.OFFER_NAME AND OFFER.STATE = 'A'\nLEFT JOIN OFFER_ATTR ON CAST(OFFER.OFFER_ID AS VARCHAR) = CAST(OFFER_ATTR.OFFER_ID AS VARCHAR) AND OFFER_ATTR.ATTR_ID = '1824'\nLEFT JOIN sync_ebs_sap_account ACCT\n\tON ACCT.\"legacy_id\" = CAST(SUBS.cust_id  as varchar(100))\nLEFT JOIN sync_ebs_sap_billingaccount BILL_ACCOUNT\n\tON BILL_ACCOUNT.\"legacy_id\" = CAST(SUBS.acct_id  as varchar(100))\n\nwhere SUBS_GI.state = 'A'","isFileList":false,"handleSpecialChars":false,"handleDecimalRoundOff":false,"frsAsset":false,"dynamicFileName":false,"excludeDynamicFileNameField":false,"currentlyProcessedFileName":false,"retainFieldMetadata":false,"objectName":"DUMMY_src_mobile_device","useExactSrcNames":false,"tgtObjectAttributes":{},"runtimeParameterData":{"@type":"mtTaskRuntimeParameterData","isConnectionRuntimeParameter":false,"isObjectRuntimeParameter":false},"overridableProperties":[],"overriddenFields":[]},{"@type":"mtTaskParameter","id":735053,"name":"$tgt_stg_ebs_device_service_bwb$","type":"TARGET","label":"tgt_stg_ebs_device_service_bwb","uiProperties":{"connectionParameterized":"false","objectParameterized":"false","visible":"false","defaultTargetUpdateColumns":"","supportApplyDDLChanges":"false","originalPath":"tgt_stg_ebs_device_service_bwb"},"targetConnectionId":"@0aa38HfbIjadqoKlbnU14y","targetObject":"ods_stage_source/TABLE/stg_ebs_device_service","targetObjectLabel":"stg_ebs_device_service","newFlatFile":false,"newObject":false,"showBusinessNames":false,"naturalOrder":true,"truncateTarget":false,"bulkApiDBTarget":false,"operationType":"Insert","customFuncCfg":{"@type":"customFuncConfig","id":-1,"connections":[],"inputMap":[],"outputFields":[]},"targetRefsV2":{},"targetUpdateColumns":[],"extendedObject":{"@type":"extendedObject","singleMode":true,"filters":[],"sortFields":[]},"runtimeAttrs":{},"isRESTModernSource":true,"isFileList":false,"handleSpecialChars":false,"handleDecimalRoundOff":false,"frsAsset":false,"dynamicFileName":false,"excludeDynamicFileNameField":false,"currentlyProcessedFileName":false,"retainFieldMetadata":false,"objectName":"ods_stage_source/TABLE/stg_ebs_device_service","objectLabel":"stg_ebs_device_service","useExactSrcNames":false,"tgtObjectAttributes":{},"runtimeParameterData":{"@type":"mtTaskRuntimeParameterData","isConnectionRuntimeParameter":false,"isObjectRuntimeParameter":false},"overridableProperties":[],"overriddenFields":[]},{"@type":"mtTaskParameter","id":735054,"name":"$tgt_stg_ebs_device_service_mobile$","type":"TARGET","label":"tgt_stg_ebs_device_service_mobile","uiProperties":{"connectionParameterized":"false","objectParameterized":"false","visible":"false","defaultTargetUpdateColumns":"","supportApplyDDLChanges":"false","originalPath":"tgt_stg_ebs_device_service_mobile"},"targetConnectionId":"@0aa38HfbIjadqoKlbnU14y","targetObject":"ods_stage_source/TABLE/stg_ebs_device_service","targetObjectLabel":"stg_ebs_device_service","newFlatFile":false,"newObject":false,"showBusinessNames":false,"naturalOrder":true,"truncateTarget":false,"bulkApiDBTarget":false,"operationType":"Insert","customFuncCfg":{"@type":"customFuncConfig","id":-1,"connections":[],"inputMap":[],"outputFields":[]},"targetRefsV2":{},"targetUpdateColumns":[],"extendedObject":{"@type":"extendedObject","singleMode":true,"filters":[],"sortFields":[]},"runtimeAttrs":{},"isRESTModernSource":true,"isFileList":false,"handleSpecialChars":false,"handleDecimalRoundOff":false,"frsAsset":false,"dynamicFileName":false,"excludeDynamicFileNameField":false,"currentlyProcessedFileName":false,"retainFieldMetadata":false,"objectName":"ods_stage_source/TABLE/stg_ebs_device_service","objectLabel":"stg_ebs_device_service","useExactSrcNames":false,"tgtObjectAttributes":{},"runtimeParameterData":{"@type":"mtTaskRuntimeParameterData","isConnectionRuntimeParameter":false,"isObjectRuntimeParameter":false},"overridableProperties":[],"overriddenFields":[]}],"sequences":[],"inOutParameters":[],"connRuntimeAttrs":[]}]