[{"@type":"mappingTemplate","id":"@1","name":"m_rep_cscfga__PC_Attribute__c_OLD2","description":"","bundleVersion":"0","templateId":"@3","deployTime":1700655877000,"hasParameters":false,"valid":true,"fixedConnection":true,"hasParametersDeployed":false,"fixedConnectionDeployed":true,"isSchemaValidationEnabled":false,"tasks":1,"mappingPreviewFileRecordId":"@2","documentType":"MAPPING","references":[{"@type":"reference","refObjectId":"@9BbRLvdO9WclfHAtYXCK2C","refType":"connection"},{"@type":"reference","refObjectId":"@0aa38HfbIjadqoKlbnU14y","refType":"connection"}]}]