[{"@type":"mappingTemplate","id":"@1","name":"m_Json_Solution_M365","description":"","bundleVersion":"0","templateId":"@3","deployTime":1676531839000,"hasParameters":false,"valid":true,"fixedConnection":true,"hasParametersDeployed":false,"fixedConnectionDeployed":true,"isSchemaValidationEnabled":false,"tasks":1,"mappingPreviewFileRecordId":"@2","documentType":"MAPPING","references":[{"@type":"reference","refObjectId":"@gbEqHgig3UYgrJMzU4lVau","refType":"connection"},{"@type":"reference","refObjectId":"@9gbvcRGk9E1haxvVvt3eiS","refType":"hschema"}]}]