[{"@type":"mappingTemplate","id":"@1","name":"m_rp_sf_contact","description":"this replicates contact data from saleforce to stage area","bundleVersion":"0","templateId":"@3","deployTime":1691469020000,"hasParameters":false,"valid":true,"fixedConnection":true,"hasParametersDeployed":false,"fixedConnectionDeployed":true,"isSchemaValidationEnabled":false,"tasks":2,"mappingPreviewFileRecordId":"@2","documentType":"MAPPING","references":[{"@type":"reference","refObjectId":"@9BbRLvdO9WclfHAtYXCK2C","refType":"connection"},{"@type":"reference","refObjectId":"@4QRSN7FLoYhbpr47H7jUO9","refType":"connection"}]}]