[{"@type":"mtTask","id":"@1","name":"mt_stg_ebs_product_configuration_sync_2","description":"","runtimeEnvironmentId":"@cUgvxjP6z42j5o2aizvbUV","maxLogs":10,"verbose":false,"lastRunTime":1677581980000,"mappingId":"@7B7LcuNZLoxepU6Mx6c92P","frsGuid":"2qpRDJxUojwg74zgFXVKsr","shortDescription":"","sessionPropertiesList":[],"enableCrossSchemaPushdown":true,"enableParallelRun":false,"autoTunedApplied":false,"autoTunedAppliedType":"NONE","schemaMode":"async","valid":true,"schemaValidationErrorCount":-1,"parameterFileEncoding":"UTF-8","serverlessProperties":{},"taskProperties":[{"@type":"taskProperty","name":"parameterFileDir","currentValue":"","type":"STRING","label":"label.parameterFileDir","required":false},{"@type":"taskProperty","name":"parameterFileName","currentValue":"","type":"STRING","label":"label.parameterFileName","required":false}],"parameters":[{"@type":"mtTaskParameter","id":717013,"name":"$src_ebs_solution_pc$","type":"SOURCE","label":"src_ebs_solution_pc","uiProperties":{"connectionParameterized":"false","isSelectDistinct":"false","objectParameterized":"false","visible":"false","originalPath":"src_ebs_solution_pc"},"sourceConnectionId":"@gbEqHgig3UYgrJMzU4lVau","sourceObject":"DUMMY_src_ebs_solution_pc","newFlatFile":false,"newObject":false,"showBusinessNames":false,"naturalOrder":true,"truncateTarget":false,"bulkApiDBTarget":false,"customFuncCfg":{"@type":"customFuncConfig","id":-1,"connections":[],"inputMap":[],"outputFields":[]},"targetRefsV2":{},"targetUpdateColumns":[],"runtimeAttrs":{},"isRESTModernSource":true,"customQuery":"WITH SOL AS ( SELECT \n\t\t\t\tCASE\n\t\t\t\t\tWHEN \"Name\" LIKE 'Enterprise Mobility'  \tTHEN 'Enterprise Mobility'\n\t\t\t\t\tWHEN \"Name\" LIKE 'Broadband' \t\t\t\tTHEN 'ITX Broadband'\n\t\t\t\t\tWHEN \"Name\" LIKE 'Voice & Collaboration' \tTHEN 'Voice and Collaboration'\n\t\t\t\t\tELSE NULL\n\t\t\t\t  END AS \"Name\",\t\n\n\t\t\t\tCASE\n\t\t\t\t\tWHEN \"Name\" LIKE 'Enterprise Mobility'  \tTHEN 'Enterprise Mobility'\n\t\t\t\t\tWHEN \"Name\" LIKE 'Broadband' \t\t\t\tTHEN 'ITX Broadband'\n\t\t\t\t\tWHEN \"Name\" LIKE 'Voice & Collaboration' \tTHEN 'Voice and Collaboration'\n\t\t\t\t\tELSE NULL\n\t\t\t\t  END AS cscfga__Description__c,\t\n\t\t\t\t  \n\t\t\t\tCASE\n\t\t\t\t\tWHEN \"Name\" LIKE 'Enterprise Mobility'  \tTHEN 'Enterprise Mobility'\n\t\t\t\t\tWHEN \"Name\" LIKE 'Broadband' \t\t\t\tTHEN 'ITX Broadband'\n\t\t\t\t\tWHEN \"Name\" LIKE 'Voice & Collaboration' \tTHEN 'Voice and Collaboration'\n\t\t\t\t\tELSE NULL\n\t\t\t\t  END AS cscfga__Product_Family__c,\t\n\t\t\t\tcust_id ,\n\t\t\t\tacct_id,\n\t\t\t\tLegacy_Id__c,\n\t\t\t\tsf_acct_id,\n\t\t\t\tsf_cust_id\n\t\t\t\n\t\t\tFROM ods_stage_source.tgt_sf_solution \n\t\t\tWHERE \"Id\" is not null\n)\n\nSELECT\n\t1 as cscfga__Quantity__c,\n\t0 as cscfga__Recurrence_Frequency__c,\n\t'Valid' as cscfga__Configuration_Status__c,\n\tSOL.Legacy_Id__c AS  Legacy_Id__c,\n\t\n\t-- Mobile ONLY\t\n\n\tFALSE as csordtelcoa__cancelled_by_change_process__c,\n\t'Replace' as cscfga__parent_discount__c,\n\t'Replace' as cscfga__product_discount__c,\n\tFALSE as csordtelcoa__Ignore_For_Order_Decomposition__c,\n\tFALSE as IsMainConfiguration__c,\n\t'SFDC Database only' as cscfga__source_of_truth_location__c,\n\t\n-- BWB ONLY\n\tpd.\"Id\" as cscfga__Product_Definition__c,\n--\t'TBD' AS cscfga__total_one_off_charge__c,\n--\t'TBD' AS ,\n    SOL.\"Name\",\n\tSOL.cscfga__Description__c,\n\tSOL.cscfga__Product_Family__c,\n\tSOL.cust_id,\n\tSOL.acct_id,\n\tSOL.sf_acct_id,\n\tSOL.sf_cust_id\n\t\t\t\t\nFROM SOL\nINNER JOIN ods_stage_source.\"sf_cscfga__Product_Definition\" pd \nON SOL.\"Name\" = pd.\"Name\"","isFileList":false,"handleSpecialChars":false,"handleDecimalRoundOff":false,"frsAsset":false,"dynamicFileName":false,"excludeDynamicFileNameField":false,"currentlyProcessedFileName":false,"retainFieldMetadata":false,"objectName":"DUMMY_src_ebs_solution_pc","useExactSrcNames":false,"tgtObjectAttributes":{},"runtimeParameterData":{"@type":"mtTaskRuntimeParameterData","isConnectionRuntimeParameter":false,"isObjectRuntimeParameter":false},"overridableProperties":[],"overriddenFields":[]},{"@type":"mtTaskParameter","id":717014,"name":"$tgt_sf_pc_sol$","type":"TARGET","label":"tgt_sf_pc_sol","uiProperties":{"connectionParameterized":"false","objectParameterized":"false","visible":"false","defaultTargetUpdateColumns":"","supportApplyDDLChanges":"false","originalPath":"tgt_sf_pc_sol"},"targetConnectionId":"@gbEqHgig3UYgrJMzU4lVau","targetObject":"ods_stage_source/TABLE/tgt_sf_pc","targetObjectLabel":"tgt_sf_pc","newFlatFile":false,"newObject":false,"showBusinessNames":false,"naturalOrder":true,"truncateTarget":false,"bulkApiDBTarget":false,"operationType":"Insert","customFuncCfg":{"@type":"customFuncConfig","id":-1,"connections":[],"inputMap":[],"outputFields":[]},"targetRefsV2":{},"targetUpdateColumns":[],"extendedObject":{"@type":"extendedObject","singleMode":true,"filters":[],"sortFields":[]},"runtimeAttrs":{},"isRESTModernSource":true,"isFileList":false,"handleSpecialChars":false,"handleDecimalRoundOff":false,"frsAsset":false,"dynamicFileName":false,"excludeDynamicFileNameField":false,"currentlyProcessedFileName":false,"retainFieldMetadata":false,"objectName":"ods_stage_source/TABLE/tgt_sf_pc","objectLabel":"tgt_sf_pc","useExactSrcNames":false,"tgtObjectAttributes":{},"runtimeParameterData":{"@type":"mtTaskRuntimeParameterData","isConnectionRuntimeParameter":false,"isObjectRuntimeParameter":false},"overridableProperties":[],"overriddenFields":[]}],"sequences":[],"inOutParameters":[],"connRuntimeAttrs":[]}]