[{"@type":"mtTask","id":"@1","name":"mt_stg_sap_billing_contact","description":"","runtimeEnvironmentId":"@cUgvxjP6z42j5o2aizvbUV","maxLogs":10,"verbose":false,"mappingId":"@kC3yznWcyM5cEYP5eBx52r","frsGuid":"5MndErpo5YsddMQEcFsq0U","shortDescription":"","sessionPropertiesList":[{"name":"Allow Temporary Sequence for Pushdown","value":"NO","recommended":false},{"name":"Allow Temporary View for Pushdown","value":"NO","recommended":false},{"name":"Pushdown Optimization","value":"None","recommended":false},{"name":"Pushdown Optimization Context","value":"None","recommended":false},{"name":"Pushdown Optimization Fallback Option","value":"Partial PDO","recommended":false}],"enableCrossSchemaPushdown":true,"enableParallelRun":false,"autoTunedApplied":false,"autoTunedAppliedType":"NONE","paramFileType":"PARAM_FILE_LOCAL","schemaMode":"async","valid":true,"schemaValidationErrorCount":-1,"parameterFileEncoding":"UTF-8","serverlessProperties":{},"taskProperties":[{"@type":"taskProperty","name":"parameterFileDir","currentValue":"","type":"STRING","label":"label.parameterFileDir","required":false},{"@type":"taskProperty","name":"parameterFileName","currentValue":"","type":"STRING","label":"label.parameterFileName","required":false}],"parameters":[{"@type":"mtTaskParameter","id":1911916,"name":"$stg_sync_billing_account_contact$","type":"SOURCE","label":"stg_sync_billing_account_contact","uiProperties":{"connectionParameterized":"false","isSelectDistinct":"false","objectParameterized":"false","visible":"false","originalPath":"stg_sync_billing_account_contact"},"sourceConnectionId":"@0aa38HfbIjadqoKlbnU14y","sourceObject":"DUMMY_stg_sync_billing_account_contact","newFlatFile":false,"newObject":false,"showBusinessNames":false,"naturalOrder":true,"truncateTarget":false,"bulkApiDBTarget":false,"customFuncCfg":{"@type":"customFuncConfig","id":-1,"connections":[],"inputMap":[],"outputFields":[]},"targetRefsV2":{},"targetUpdateColumns":[],"runtimeAttrs":{},"isRESTModernSource":true,"customQuery":"with SAP_BILL_CONTACT AS (\nSELECT \nSA.NAME,\nSA.ACCOUNT_NO,\nSA.email,\nSA.mobile_no,\nSA.office_no,\n1 AS Primary_Contact_Person__c,\nCASE \n\tWHEN SA.ROLE='Authorized Officer' THEN 'Other'\n    ELSE 'Billing Matters'\nEND AS Role__c,\n0 AS Inactive__c,\ndate_trunc('seconds',CURRENT_TIMESTAMP) AS CreatedDate,\ndate_trunc('seconds',CURRENT_TIMESTAMP) AS LastModifiedDate,\nSA.ACCOUNT_NO AS Legacy_Id__c\nFROM stg_sap_contact SA\nWHERE COALESCE(SA.VAL_REJ_TYPE,'Y') !='Hard'\nGROUP BY\nSA.NAME,\nSA.ACCOUNT_NO,\nSA.email,\nSA.mobile_no,\nSA.office_no,\nPrimary_Contact_Person__c,\nRole__c,\nInactive__c,\nCreatedDate,\nLastModifiedDate,\nLegacy_Id__c\n),\n---check with mark on this ---????????????????? for sap\nSYNC_BILLING_ACC AS (SELECT \n Id AS Id,\n CASE \n      WHEN BAC.Legacy_Id__c IS NOT NULL \n       THEN BAC.Legacy_Id__c \n       ELSE  SYNC_BILLING.Legacy_Id END AS LEGACY_ID__C \nFROM  sf_csconta__Billing_Account__c BAC\n LEFT JOIN sync_ebs_billingaccount SYNC_BILLING\nON SYNC_BILLING.account__c=BAC.csconta__Account__c\nAND SYNC_BILLING.cpq_billing_account_number_=BAC.Billing_Account_Number__c \n)\n\n\nSELECT\nSFB.Id AS Billing_Account__c,\nsct.Id AS Contact__c,\nSAP_BILL_CONTACT.Primary_Contact_Person__c,\nSAP_BILL_CONTACT.Role__c,\nSAP_BILL_CONTACT.Inactive__c,\nNULL AS CreatedById,\nSAP_BILL_CONTACT.CreatedDate,\nNULL AS LastModifiedById,\nSAP_BILL_CONTACT.LastModifiedDate,\n'SAP' AS FLAG,\nSAP_BILL_CONTACT.Legacy_Id__c\nfrom SAP_BILL_CONTACT\nINNER JOIN SYNC_BILLING_ACC SFB \nON CAST(SAP_BILL_CONTACT.ACCOUNT_NO AS VARCHAR)=SFB.Legacy_Id__c\nINNER JOIN sf_contact sct \non SAP_BILL_CONTACT.name=sct.Name \nand (SAP_BILL_CONTACT.email=sct.Email OR SAP_BILL_CONTACT.office_no=sct.Phone OR SAP_BILL_CONTACT.mobile_no=sct.MobilePhone)","isFileList":false,"handleSpecialChars":false,"handleDecimalRoundOff":false,"frsAsset":false,"dynamicFileName":false,"excludeDynamicFileNameField":false,"currentlyProcessedFileName":false,"retainFieldMetadata":false,"objectName":"DUMMY_stg_sync_billing_account_contact","useExactSrcNames":false,"tgtObjectAttributes":{},"runtimeParameterData":{"@type":"mtTaskRuntimeParameterData","isConnectionRuntimeParameter":false,"isObjectRuntimeParameter":false},"overridableProperties":[],"overriddenFields":[]},{"@type":"mtTaskParameter","id":1911917,"name":"$Target$","type":"TARGET","label":"Target","uiProperties":{"connectionParameterized":"false","objectParameterized":"false","visible":"false","defaultTargetUpdateColumns":"","supportApplyDDLChanges":"false","originalPath":"Target"},"targetConnectionId":"@0aa38HfbIjadqoKlbnU14y","targetObject":"p2_dev/TABLE/stg_sap_ba_contact_rel","targetObjectLabel":"stg_sap_ba_contact_rel","newFlatFile":false,"newObject":false,"showBusinessNames":false,"naturalOrder":true,"truncateTarget":false,"bulkApiDBTarget":false,"operationType":"Insert","customFuncCfg":{"@type":"customFuncConfig","id":-1,"connections":[],"inputMap":[],"outputFields":[]},"targetRefsV2":{},"targetUpdateColumns":[],"extendedObject":{"@type":"extendedObject","singleMode":true,"filters":[],"sortFields":[]},"runtimeAttrs":{},"isRESTModernSource":true,"isFileList":false,"handleSpecialChars":false,"handleDecimalRoundOff":false,"frsAsset":false,"dynamicFileName":false,"excludeDynamicFileNameField":false,"currentlyProcessedFileName":false,"retainFieldMetadata":false,"objectName":"p2_dev/TABLE/stg_sap_ba_contact_rel","objectLabel":"stg_sap_ba_contact_rel","useExactSrcNames":false,"tgtObjectAttributes":{},"runtimeParameterData":{"@type":"mtTaskRuntimeParameterData","isConnectionRuntimeParameter":false,"isObjectRuntimeParameter":false},"overridableProperties":[],"overriddenFields":[]},{"@type":"mtTaskParameter","id":1911918,"name":"$Lkp_sf_user$","type":"LOOKUP","label":"Lkp_sf_user","uiProperties":{"connectionParameterized":"false","isCachedLookup":"true","multipleMatchPolicy":"Use Last Value","objectParameterized":"false","visible":"false","originalPath":"Lkp_sf_user"},"lookupConnectionId":"@0aa38HfbIjadqoKlbnU14y","lookupObject":"DUMMY_Lkp_sf_user","newFlatFile":false,"newObject":false,"showBusinessNames":false,"naturalOrder":true,"truncateTarget":false,"bulkApiDBTarget":false,"customFuncCfg":{"@type":"customFuncConfig","id":-1,"connections":[],"inputMap":[],"outputFields":[]},"targetRefsV2":{},"targetUpdateColumns":[],"runtimeAttrs":{},"isRESTModernSource":true,"customQuery":"WITH USER_1 \t\tAS (SELECT Id, UPPER(TRIM(Email)) AS Email, ROW_NUMBER() OVER (PARTITION BY UPPER(TRIM(Email)) ORDER BY IsActive DESC ) AS RNK FROM SF_USER)\n    ,UNIQUE_USER \tAS (SELECT Id AS ID, Email AS Email  FROM USER_1 WHERE RNK = 1)\n\nSELECT  A.ID \n       ,A.Email \n\t   ,B.STAFF_ID\nFROM UNIQUE_USER A\nJOIN STG_BFM_STAFF B \nON TRIM(UPPER(A.Email))=TRIM(UPPER(B.Email))\n\n \n\nUNION\n\n \n\nSELECT Id AS ID\n      ,Email AS Email\n\t  ,NULL AS STAFF_ID \nFROM SF_USER \nWHERE UPPER(Name)= UPPER('Data Migration User')","isFileList":false,"handleSpecialChars":false,"handleDecimalRoundOff":false,"frsAsset":false,"dynamicFileName":false,"excludeDynamicFileNameField":false,"currentlyProcessedFileName":false,"retainFieldMetadata":false,"objectName":"DUMMY_Lkp_sf_user","useExactSrcNames":false,"tgtObjectAttributes":{},"runtimeParameterData":{"@type":"mtTaskRuntimeParameterData","isConnectionRuntimeParameter":false,"isObjectRuntimeParameter":false},"overridableProperties":[],"overriddenFields":[]}],"sequences":[],"inOutParameters":[],"connRuntimeAttrs":[]}]