[{"@type":"mappingTemplate","id":"@1","name":"m_tgt_sf_json_pc_attr","description":"","bundleVersion":"0","assetFrsGuid":"bwgGCRjCyCnfqseWaJ0hAa","templateId":"@3","deployTime":1733288854000,"hasParameters":false,"valid":true,"fixedConnection":true,"hasParametersDeployed":false,"fixedConnectionDeployed":true,"isSchemaValidationEnabled":false,"tasks":1,"mappingPreviewFileRecordId":"@2","documentType":"MAPPING","references":[{"@type":"reference","refObjectId":"@0aa38HfbIjadqoKlbnU14y","refType":"connection"}]}]