[{"@type":"workflow","id":"@1","name":"tf_JSON_Solution_Details","maxLogs":10,"references":[{"@type":"reference","refObjectId":"@gOUO3VwsFcdfW8KJ8cm4u5","refType":"mtTask"},{"@type":"reference","refObjectId":"@0YahYboShkqkW0LH1vmaug","refType":"mtTask"},{"@type":"reference","refObjectId":"@1VStZKqI6Wjhsyxkip2D8t","refType":"mtTask"},{"@type":"reference","refObjectId":"@aA4Y62VnMZWjhpfXLcm2Yt","refType":"mtTask"}],"tasks":[{"@type":"workflowTask","taskId":"@gOUO3VwsFcdfW8KJ8cm4u5","type":"MTT","name":"mt_json_solution_group","stopOnError":false,"stopOnWarning":false},{"@type":"workflowTask","taskId":"@0YahYboShkqkW0LH1vmaug","type":"MTT","name":"mt_solution_detail_json","stopOnError":false,"stopOnWarning":false},{"@type":"workflowTask","taskId":"@1VStZKqI6Wjhsyxkip2D8t","type":"MTT","name":"mt_solution_detail_BWB_json","stopOnError":false,"stopOnWarning":false},{"@type":"workflowTask","taskId":"@aA4Y62VnMZWjhpfXLcm2Yt","type":"MTT","name":"mt_solution_detail_M365_json","stopOnError":false,"stopOnWarning":false}]}]