[{"@type":"mappingTemplate","id":"@1","name":"m_cscfga__Product_Configuration__c_UPD_TEMP_SOL_ID","description":"","bundleVersion":"0","templateId":"@3","deployTime":1679477151000,"hasParameters":false,"valid":true,"fixedConnection":true,"hasParametersDeployed":false,"fixedConnectionDeployed":true,"isSchemaValidationEnabled":false,"tasks":1,"mappingPreviewFileRecordId":"@2","documentType":"MAPPING","references":[{"@type":"reference","refObjectId":"@0aa38HfbIjadqoKlbnU14y","refType":"connection"}]}]