[{"@type":"mtTask","id":"@1","name":"mt_tgt_sf_json_attrib_sp_NON_OE_BWB","description":"","runtimeEnvironmentId":"@cUgvxjP6z42j5o2aizvbUV","maxLogs":10,"verbose":false,"mappingId":"@eonbOKvPDcldmMifhKxFyu","frsGuid":"klKcawJ76M2b0KyO9RYowf","shortDescription":"","sessionPropertiesList":[{"name":"Allow Temporary Sequence for Pushdown","value":"NO","recommended":false},{"name":"Allow Temporary View for Pushdown","value":"NO","recommended":false},{"name":"Pushdown Optimization","value":"None","recommended":false},{"name":"Pushdown Optimization Context","value":"None","recommended":false},{"name":"Pushdown Optimization Fallback Option","value":"Partial PDO","recommended":false}],"hidden":false,"enableCrossSchemaPushdown":true,"enableParallelRun":false,"autoTunedApplied":false,"autoTunedAppliedType":"NONE","paramFileType":"PARAM_FILE_LOCAL","schemaMode":"async","valid":true,"schemaValidationErrorCount":-1,"parameterFileEncoding":"UTF-8","serverlessProperties":{},"taskProperties":[{"@type":"taskProperty","name":"parameterFileDir","currentValue":"","type":"STRING","label":"label.parameterFileDir","required":false},{"@type":"taskProperty","name":"parameterFileName","currentValue":"","type":"STRING","label":"label.parameterFileName","required":false},{"@type":"taskProperty","name":"outboundMessageUrlQueueTime","currentValue":"","type":"NUMBER","label":"label.outboundMessageUrlQueueTime","required":false},{"@type":"taskProperty","name":"outboundMessageUrlToken","currentValue":"","type":"STRING","label":"label.outboundMessageUrlToken","required":false}],"isMidstreamPreview":false,"parameters":[{"@type":"mtTaskParameter","id":1544822,"name":"$src_sf_json_attrib_sp_NON_OE_bwb$","type":"SOURCE","label":"src_sf_json_attrib_sp_NON_OE_bwb","uiProperties":{"connectionParameterized":"false","isSelectDistinct":"false","objectParameterized":"false","visible":"false","originalPath":"src_sf_json_attrib_sp_NON_OE_bwb"},"sourceConnectionId":"@0aa38HfbIjadqoKlbnU14y","sourceObject":"DUMMY_src_sf_json_attrib_sp_NON_OE_bwb","newFlatFile":false,"newObject":false,"showBusinessNames":false,"naturalOrder":true,"truncateTarget":false,"bulkApiDBTarget":false,"customFuncCfg":{"@type":"customFuncConfig","id":-1,"connections":[],"inputMap":[],"outputFields":[]},"targetRefsV2":{},"targetUpdateColumns":[],"runtimeAttrs":{},"isRESTModernSource":true,"customQuery":"WITH MAIN_PC AS (SELECT PC.cscfga__Parent_Configuration__c\n\t\t\t\t\t\t,PC.Commercial_Product__c\n\t\t\t\t\t  ,PC.Id\n\t\t\t\tFROM tgt_sf_service svc\n\t\t\t\tJOIN tgt_sf_pc pc\n\t\t\t\t\tON svc.csordtelcoa__Product_Configuration__c = pc.Id\n\t\t\t\tWHERE PC.cscfga__Parent_Configuration__c is not null\n\t)\n\nselect\n'1'  \t\t\t\t\t\t\t\t\tAS  version\n,'Created'  \t\t\t\t\t\t\tAS  status\n,'New'   \t\t\t\t\t\t\t    AS  orderType \n,'Yes' \t\t\t\t\t\t\t\t    AS \tnewApn\n,'1'  \t\t\t\t\t\t\t\t    AS  AddOnQuantity\n,'Monthly' \t\t\t\t\t\t\t    AS \tbillingFrequency\n,'TRUE' \t\t\t\t\t\t\t\tAS  isActive\n,'FALSE'  \t\t\t\t\t\t\t\tAS  includeBilling\n\n,''  \t\t\t\t\t\t\t\t\tAS  startDate\n,''  \t\t\t\t\t\t\t\t\tAS  endDate\n,''  \t\t\t\t\t\t\t\t\tAS  specification\n,''  \t\t\t\t\t\t\t\t\tAS  metadata\n,''  \t\t\t\t\t\t\t\t\tAS  instanceId\n,''  \t\t\t\t\t\t\t\t    AS  simCardType\n,''  \t\t\t\t\t\t\t\t    AS  addonGroup\n,'' \t\t\t\t\t\t\t\t    AS \tearlyTerminationCharge\n,'' \t\t\t\t\t\t\t\t    AS \trelocationType\n,'' \t\t\t\t\t\t\t\t    AS \tremarks\n,'' \t\t\t\t\t\t\t\t    AS \taddressDetails\n,'' \t\t\t\t\t\t\t\t    AS \tbrandName\n,''\t\t\t\t\t\t\t\t\t    AS additionalattributes\n\n\n\n,CASE WHEN pc.pc_type = 'ITX Broadband' \t\t\t\tTHEN 'Broadband Equipment'\n\t  WHEN pc.pc_type = 'ITX Wireless Broadband' \t\tTHEN 'Wireless Broadband'\n\t  WHEN pc.pc_type = 'VAS Wireless Broadband' \t\tTHEN 'VAS Wireless Broadband'\n      ELSE '' END \n\t  AS  name\t\n\t  \n,CASE WHEN pc.pc_type = 'ITX Broadband' \t\t\t\tTHEN 'Equipment'\n\t  WHEN pc.pc_type = 'ITX Wireless Broadband' \t\tTHEN 'Wireless Broadband'\n\t  WHEN pc.pc_type = 'VAS Wireless Broadband' \t\tTHEN 'VAS Wireless Broadband'\n      ELSE '' END \n\t  AS  description\n\t  \n,CASE WHEN pc.pc_type = 'ITX Broadband' \t\t\t\tTHEN 'Broadband_Equipment'\n\t  WHEN pc.pc_type = 'ITX Wireless Broadband' \t\tTHEN 'Wireless_Broadband'\n\t  WHEN pc.pc_type = 'VAS Wireless Broadband' \t\tTHEN 'VAS_Wireless_Broadband'\n      ELSE '' END \n\t  AS  code\t  \n\n,COALESCE(sv.Id,'')\t\t\t\t\t\t\t\tAS  service_id \n,COALESCE(PC.pc_type,'')                      \tAS  pc_type\n,COALESCE(pc.Id,'')  \t\t\t\t\t\t\t\tAS  productConfigurationId\n,COALESCE(PC.Name,'')  \t\t\t  \t\t\t\tAS  planName\n,COALESCE(PC.agreement_limit,'')   \t\t\t\tAS  contractTerm\n,COALESCE(PC.pc_type,'')                      \tAS  type\n,COALESCE(PI.cspmb__Price_Item_Code__c,'')  \t\tAS  partNumber\n,COALESCE(PI.PCRF_Service_ID__c,'')   \t\t\tAS \tpcrfServiceID\t\n,COALESCE(PI.PCRF_BILLRESETTYPE__c,'')  \t\t\tAS \tpcrfBillResetType\t\t\t\t\t\t\t\t\t\n,COALESCE(PI.PCRF_Service_Node_ID__c,'') \t\t\tAS \tpcrfServiceNodeID\t\t\t\t\t\t\t\t\t\t\t\t\t\t\t\t\t\t\t\t\t\t\n,COALESCE(PI.Market__c,'')  \t\t\t\t\t\tAS \tmarket\t\t\t\t\t\t\t\t\t\t\t\t\n,COALESCE(PI.Sub_Market__c,'')  \t\t\t\t\tAS \tsubMarket\t\t\t\t\t\t\t\t\t\t\t\n,COALESCE(PI.Network_Code__c,'')  \t\t\t\tAS \tnetworkCode\t\t\t\t\t\t\t\t\t\t\n,COALESCE(PI.HLR_Code__c,'')  \t\t\t\t\tAS \thlrCode\t\t\t\t\t\t\t\t\t\t\t\t\n,COALESCE(PI.TM_Code__c,'')  \t\t\t\t\t\tAS \ttmCode\t\t\t\t\t\t\t\t\t\t\t\t\n,COALESCE(PI.Product_Name__c,'')  \t\t\t\tAS \tproductName\t\t\t\t\t\t\t\t\t\t\t\t\t\t\t\t\t\t\t\t\n,COALESCE(PI.RFS_Id__c,'') \t\t\t\t\t\tAS \trfsId\t\t\t\t\t\t\t\t\t\t\t\n,COALESCE(PI.Stock_Code__c,'')  \t\t\t\t\tAS \tstockCode\t\t\t\t\t\t\t\t\t\t\t\n,COALESCE(PI.BSCS_SPCODE__c,'') \t\t\t\t\tAS \tspCode\t\t\t\t\t\t\t\t\t\n,COALESCE(PI.BSCS_SNCODE__c,'')  \t\t\t\t\tAS \tsnCode\t\t\t\t\t\t\t\t\t\t\t\t\n,COALESCE(PI.Bill_Display_Name__c,'')  \t\t\tAS \tplanDescription\t\t\t\t\t\t\t\t\t\n,COALESCE(PI.Commercial_Product_Id__c,'') \t\tAS \tproductId\t\t\t\t\t\t\t\t\t\t\n,COALESCE(PI.cspmb__Price_Item_Code__c,'') \t\tAS \tproductGroupId\t\t\t\t\t\t\t\t\t\n,COALESCE(PI.Data__c,'') \t\t\t\t\t\t\tAS \tdata\n,COALESCE(PI.Minutes__c,'') \t\t\t\t\t\tAS \tminutes\n,COALESCE(PI.Data__c,'') \t\t\t\t\t\t\tAS \tdataEntitlement\n,COALESCE(PI.Plan__c,'') \t\t\t\t\t\t\tAS \tplan\n,COALESCE(PI.IP_Address_Type__c,'') \t\t\t\tAS \tipAddress  \t\t\t\t\n,COALESCE(mpc.Commercial_Product__c,'') \t\t\tAS \tbrand\n,COALESCE(sv.Termination_Reason__c,'') \t\t\t\tAS \tterminationReason\n,COALESCE(sv.IP_Address_Type__c,'') \t\t\t\tAS \tipAddressType\n,COALESCE(sv.Equipment_Owned_By__c,'') \t\t\tAS \tequipmentOwnedBy\n,COALESCE(sv.Password_Managed_By__c,'')\t\t\tAS \tpasswordManagedBy\n,COALESCE(sv.APN__c,'') \t\t\t\t\t\t\tAS \tapn\n,COALESCE(sv.APN_Type__c,'') \t\t\t\t\t\tAS \tapnType\n\n\n\n--into tgt_sf_json_attrib_sp_non_oe_bwb\nFROM tgt_sf_service sv \nLEFT JOIN tgt_sf_pc pc\n\tON sv.csordtelcoa__Product_Configuration__c = pc.Id\nLEFT JOIN MAIN_PC mpc\n\tON sv.csordtelcoa__Product_Configuration__c = mpc.Id\nLEFT JOIN sf_cspmb__price_item__c PI\n\t\ton PI.Name  = PC.Name\nwhere sv.Id is not null","isFileList":false,"handleSpecialChars":false,"handleDecimalRoundOff":false,"frsAsset":false,"dynamicFileName":false,"excludeDynamicFileNameField":false,"currentlyProcessedFileName":false,"retainFieldMetadata":false,"objectName":"DUMMY_src_sf_json_attrib_sp_NON_OE_bwb","useExactSrcNames":false,"userUpdated":true,"tgtObjectAttributes":{},"runtimeParameterData":{"@type":"mtTaskRuntimeParameterData","isConnectionRuntimeParameter":false,"isObjectRuntimeParameter":false},"overridableProperties":[],"overriddenFields":[]},{"@type":"mtTaskParameter","id":1544823,"name":"$tgt_sf_json_attrib_sp_NON_OE_bwb$","type":"TARGET","label":"tgt_sf_json_attrib_sp_NON_OE_bwb","uiProperties":{"connectionParameterized":"false","objectParameterized":"false","visible":"false","defaultTargetUpdateColumns":"","supportApplyDDLChanges":"false","originalPath":"tgt_sf_json_attrib_sp_NON_OE_bwb"},"targetConnectionId":"@0aa38HfbIjadqoKlbnU14y","targetObject":"p2_dev/TABLE/tgt_sf_json_attrib_sp_non_oe_bwb","targetObjectLabel":"tgt_sf_json_attrib_sp_non_oe_bwb","newFlatFile":false,"newObject":false,"showBusinessNames":false,"naturalOrder":true,"truncateTarget":false,"bulkApiDBTarget":false,"operationType":"Insert","customFuncCfg":{"@type":"customFuncConfig","id":-1,"connections":[],"inputMap":[],"outputFields":[]},"targetRefsV2":{},"targetUpdateColumns":[],"extendedObject":{"@type":"extendedObject","singleMode":true,"filters":[],"sortFields":[]},"runtimeAttrs":{},"isRESTModernSource":true,"isFileList":false,"handleSpecialChars":false,"handleDecimalRoundOff":false,"frsAsset":false,"dynamicFileName":false,"excludeDynamicFileNameField":false,"currentlyProcessedFileName":false,"retainFieldMetadata":false,"objectName":"p2_dev/TABLE/tgt_sf_json_attrib_sp_non_oe_bwb","objectLabel":"tgt_sf_json_attrib_sp_non_oe_bwb","useExactSrcNames":false,"userUpdated":true,"tgtObjectAttributes":{"parent":""},"runtimeParameterData":{"@type":"mtTaskRuntimeParameterData","isConnectionRuntimeParameter":false,"isObjectRuntimeParameter":false},"overridableProperties":[],"overriddenFields":[]}],"sequences":[],"inOutParameters":[],"connRuntimeAttrs":[]}]