[{"@type":"mappingTemplate","id":"@1","name":"m_create_json_solution_mobile_attrib_v7","description":"","bundleVersion":"0","templateId":"@3","deployTime":1675238165000,"hasParameters":false,"valid":true,"fixedConnection":true,"hasParametersDeployed":false,"fixedConnectionDeployed":true,"isSchemaValidationEnabled":false,"tasks":0,"mappingPreviewFileRecordId":"@2","documentType":"MAPPING","references":[{"@type":"reference","refObjectId":"@irZpk2lcq2Lh5v2PiTa4Q2","refType":"connection"},{"@type":"reference","refObjectId":"@7cmgz8GeXWkca6COEA2sAK","refType":"hschema"}]}]