[{"@type":"workflow","id":"@1","name":"tf_JSON_Solution_Details_Load","maxLogs":10,"references":[{"@type":"reference","refObjectId":"@5epRXotXI0JbnS1hFzt1m7","refType":"mtTask"},{"@type":"reference","refObjectId":"@9kDCg0a4mBBeYgjhB9cyQ6","refType":"mtTask"}],"tasks":[{"@type":"workflowTask","taskId":"@5epRXotXI0JbnS1hFzt1m7","type":"MTT","name":"mt_SF_load_json_solution_detail","stopOnError":true,"stopOnWarning":false},{"@type":"workflowTask","taskId":"@9kDCg0a4mBBeYgjhB9cyQ6","type":"MTT","name":"mt_REP_SF_load_json_solution_detail","stopOnError":true,"stopOnWarning":false}]}]