[{"@type":"mappingTemplate","id":"@1","name":"m_file_stg_ebs_offer_attr","description":"","bundleVersion":"0","assetFrsGuid":"a888IN5vjGlkGoryLYEh81","templateId":"@3","deployTime":1736321599000,"hasParameters":false,"valid":true,"fixedConnection":true,"hasParametersDeployed":false,"fixedConnectionDeployed":true,"isSchemaValidationEnabled":false,"tasks":1,"mappingPreviewFileRecordId":"@2","documentType":"MAPPING","references":[{"@type":"reference","refObjectId":"@0aa38HfbIjadqoKlbnU14y","refType":"connection"},{"@type":"reference","refObjectId":"@5cVavMJoq6viVKggQReXmA","refType":"connection"}]}]