[{"@type":"workflow","id":"@1","name":"tf_Attribute_Field_Load","description":"**Prerequisite**  tf_Subscription","maxLogs":10,"references":[{"@type":"reference","refObjectId":"@8Tz2pXYqn6Ee7RUiLTwoEe","refType":"mtTask"},{"@type":"reference","refObjectId":"@i4w17gGgLezkmXa9AVxr0v","refType":"mtTask"}],"tasks":[{"@type":"workflowTask","taskId":"@8Tz2pXYqn6Ee7RUiLTwoEe","type":"MTT","name":"mt_cs_cscfga__Attribute_Field__c","stopOnError":true,"stopOnWarning":false},{"@type":"workflowTask","taskId":"@i4w17gGgLezkmXa9AVxr0v","type":"MTT","name":"mt_rep_cscfga__Attribute_Field__c","stopOnError":true,"stopOnWarning":false}]}]