[{"@type":"mtTask","id":"@1","name":"mt_stg_sync_sap_address","description":"","runtimeEnvironmentId":"@cUgvxjP6z42j5o2aizvbUV","maxLogs":10,"verbose":false,"mappingId":"@1CgIuNATvIqbiRp135puKo","frsGuid":"6Lud9c8qpeYfNgN5bhXu4r","shortDescription":"","sessionPropertiesList":[],"enableCrossSchemaPushdown":true,"enableParallelRun":false,"autoTunedApplied":false,"autoTunedAppliedType":"NONE","schemaMode":"async","valid":true,"schemaValidationErrorCount":-1,"parameterFileEncoding":"UTF-8","serverlessProperties":{},"taskProperties":[{"@type":"taskProperty","name":"parameterFileDir","currentValue":"","type":"STRING","label":"label.parameterFileDir","required":false},{"@type":"taskProperty","name":"parameterFileName","currentValue":"","type":"STRING","label":"label.parameterFileName","required":false}],"parameters":[{"@type":"mtTaskParameter","id":1333537,"name":"$src_sync_address$","type":"SOURCE","label":"src_sync_address","uiProperties":{"connectionParameterized":"false","isSelectDistinct":"false","objectParameterized":"false","visible":"false","originalPath":"src_sync_address"},"sourceConnectionId":"@0aa38HfbIjadqoKlbnU14y","sourceObject":"DUMMY_src_sync_address","newFlatFile":false,"newObject":false,"showBusinessNames":false,"naturalOrder":true,"truncateTarget":false,"bulkApiDBTarget":false,"customFuncCfg":{"@type":"customFuncConfig","id":-1,"connections":[],"inputMap":[],"outputFields":[]},"targetRefsV2":{},"targetUpdateColumns":[],"runtimeAttrs":{},"isRESTModernSource":true,"customQuery":"SELECT DISTINCT\n\t\t\t\t\tB.ID \t\t\t\t\t\t\t\t\t\tAS ACCOUNT\n\t\t\t\t\t,A.CUSTOMER_ID\t\t\t \t\t\t\t\tAS LEGACY_ID__C\n\t\t\t\t\t,A.COMPANY_NAME\t\t\t \t\t\t\t\tAS COMPANY_NAME\n\t\t\t\t\t,concat_ws('-',CONCAT_ws(' ',A.BLOCK_NO_1,A.STREET_NAME_1,A.FLOOR_NO_1),A.UNIT_NO_1) AS NAME\n\t\t\t\t\t,A.BRN\t\t\t\t\t \t\tAS business_registration_number\n\t\t\t\t\t,A.BLOCK_NO_1 \t\t\t \t\tAS cscrm__Building_Number__c\n\t\t\t\t\t,A.BUILDING_1\t\t\t\t \tAS cscrm__Building_Name__c\n\t\t\t\t\t,A.FLOOR_NO_1\t\t\t\t \tAS cscrm__Level_Number__c\n\t\t\t\t\t,A.UNIT_NO_1 \t\t\t\t \tAS cscrm__Unit_Number__c\n\t\t\t\t\t,A.STREET_NAME_1\t\t\t \tAS cscrm__Street_Name__c\n\t\t\t\t\t,A.CITY_1\t\t\t\t\t \tAS cscrm__City__c\n\t\t\t\t\t,A.STATE_1\t\t\t\t \t\tAS cscrm__State_Province__c\n\t\t\t\t\t,A.PO_BOX_1\t\t\t\t \t\tAS PO_Box__c\n\t\t\t\t\t,A.POSTAL_CODE_1           \t\tAS cscrm__Zip_Postal_Code__c\n\t\t\t\t\t,A.ACCOUNT_MANAGER\t\t \t\tAS OWNER_NAME\n\t\t\t\t\t\n\t\t\t\t\t,CASE WHEN A.COUNTRY_1='SG' THEN 'Singapore' ELSE A.COUNTRY_1 END \t\t\t\t\t\t\t\tAS cscrm__Country__c\n\t\t\t\t\t,CASE WHEN A.COUNTRY_1 IN ('Singapore','SG') THEN 'TRUE' ELSE 'FALSE' END \t\t\t\t\t\tAS FOREIGN_ADDRESS\t\t\t\t\n\t\t\t\t\t,COALESCE(to_timestamp(A.CREATE_DATE,'DD/MM/YYYY'),date_trunc('seconds',CURRENT_TIMESTAMP)) \tAS CreatedDate\n\t\t\t\t\t,date_trunc('seconds',CURRENT_TIMESTAMP) \t\t\t\t\t\t\t\t\t\t\t\t\t\tAS LastModifiedDate\n\t\t\t\t\t,'0'\t\t\t\t\t\tAS SGLocate_Verified__c\n\t\t\t\t\t,'1'\t\t\t\t \t\tAS ACRA_Address__c\n\n\t\t\t\t\t,CREATED_BY\n\t\t\t\t\t,LAST_MODIFIED_BY\nFROM\nMASTER_SAP_CUSTOMER_DETAILS A\nJOIN SF_ACCOUNT B\nON UPPER(TRIM(A.COMPANY_NAME))=UPPER(TRIM(B.NAME)) \nAND UPPER(TRIM(A.BRN))=UPPER(TRIM(B.BUSINESS_REGISTRATION_NUMBER_BRN__c))\nWHERE A.SAME_REG_ADDRESS <> 'Yes'","isFileList":false,"handleSpecialChars":false,"handleDecimalRoundOff":false,"frsAsset":false,"dynamicFileName":false,"excludeDynamicFileNameField":false,"currentlyProcessedFileName":false,"retainFieldMetadata":false,"objectName":"DUMMY_src_sync_address","useExactSrcNames":false,"tgtObjectAttributes":{},"runtimeParameterData":{"@type":"mtTaskRuntimeParameterData","isConnectionRuntimeParameter":false,"isObjectRuntimeParameter":false},"overridableProperties":[],"overriddenFields":[]},{"@type":"mtTaskParameter","id":1333538,"name":"$tgt_sync_address$","type":"TARGET","label":"tgt_sync_address","uiProperties":{"connectionParameterized":"false","objectParameterized":"false","visible":"false","defaultTargetUpdateColumns":"","supportApplyDDLChanges":"false","originalPath":"tgt_sync_address"},"targetConnectionId":"@0aa38HfbIjadqoKlbnU14y","targetObject":"p1_mit/TABLE/sync_sap_address","targetObjectLabel":"sync_sap_address","newFlatFile":false,"newObject":false,"showBusinessNames":false,"naturalOrder":true,"truncateTarget":false,"bulkApiDBTarget":false,"operationType":"Insert","customFuncCfg":{"@type":"customFuncConfig","id":-1,"connections":[],"inputMap":[],"outputFields":[]},"targetRefsV2":{},"targetUpdateColumns":[],"extendedObject":{"@type":"extendedObject","singleMode":true,"filters":[],"sortFields":[]},"runtimeAttrs":{},"isRESTModernSource":true,"isFileList":false,"handleSpecialChars":false,"handleDecimalRoundOff":false,"frsAsset":false,"dynamicFileName":false,"excludeDynamicFileNameField":false,"currentlyProcessedFileName":false,"retainFieldMetadata":false,"objectName":"p1_mit/TABLE/sync_sap_address","objectLabel":"sync_sap_address","useExactSrcNames":false,"tgtObjectAttributes":{},"runtimeParameterData":{"@type":"mtTaskRuntimeParameterData","isConnectionRuntimeParameter":false,"isObjectRuntimeParameter":false},"overridableProperties":[],"overriddenFields":[]},{"@type":"mtTaskParameter","id":1333539,"name":"$Lkp_sf_user$","type":"LOOKUP","label":"Lkp_sf_user","uiProperties":{"connectionParameterized":"false","isCachedLookup":"true","multipleMatchPolicy":"Use Last Value","objectParameterized":"false","visible":"false","originalPath":"Lkp_sf_user"},"lookupConnectionId":"@0aa38HfbIjadqoKlbnU14y","lookupObject":"DUMMY_Lkp_sf_user","newFlatFile":false,"newObject":false,"showBusinessNames":false,"naturalOrder":true,"truncateTarget":false,"bulkApiDBTarget":false,"customFuncCfg":{"@type":"customFuncConfig","id":-1,"connections":[],"inputMap":[],"outputFields":[]},"targetRefsV2":{},"targetUpdateColumns":[],"runtimeAttrs":{"Cache File Name Prefix":"","Lookup Index Cache Size":"AUTO","Optional":"true","Lookup cache persistent":"false","Lookup source is static":"false","Case Sensitive String Comparison":"false","Re-cache from lookup source":"false","Insert Else Update":"false","Lookup caching enabled":"true","Lookup Data Cache Size":"AUTO","Tracing Level":"Normal","Sorted Input":"false","Lookup cache directory name":"$PMCacheDir","Output Old Value On Update":"false","Dynamic Lookup Cache":"false","Pre-build lookup cache":"AUTO","Null ordering":""},"isRESTModernSource":true,"customQuery":"WITH USER_1 \t\tAS (SELECT Id, UPPER(TRIM(Email)) AS Email, ROW_NUMBER() OVER (PARTITION BY UPPER(TRIM(Email)) ORDER BY IsActive DESC ) AS RNK FROM SF_USER)\n    ,UNIQUE_USER \tAS (SELECT Id AS ID, Email AS Email  FROM USER_1 WHERE RNK = 1)\n\t\nSELECT  A.ID \n       ,A.Email \n\t   ,B.STAFF_ID\nFROM UNIQUE_USER A\nJOIN STG_BFM_STAFF B \nON TRIM(UPPER(A.Email))=TRIM(UPPER(B.Email))\n\nUNION\n\nSELECT Id AS ID\n      ,Email AS Email\n\t  ,NULL AS STAFF_ID \nFROM SF_USER \nWHERE UPPER(Name)= UPPER('Data Migration User')","isFileList":false,"handleSpecialChars":false,"handleDecimalRoundOff":false,"frsAsset":false,"dynamicFileName":false,"excludeDynamicFileNameField":false,"currentlyProcessedFileName":false,"retainFieldMetadata":false,"objectName":"DUMMY_Lkp_sf_user","useExactSrcNames":false,"tgtObjectAttributes":{},"runtimeParameterData":{"@type":"mtTaskRuntimeParameterData","isConnectionRuntimeParameter":false,"isObjectRuntimeParameter":false},"overridableProperties":[],"overriddenFields":[]},{"@type":"mtTaskParameter","id":1333540,"name":"$U_lkp_sf_user_sap$","type":"LOOKUP","label":"U_lkp_sf_user_sap","uiProperties":{"connectionParameterized":"false","isCachedLookup":"true","multipleMatchPolicy":"Use Last Value","objectParameterized":"false","visible":"false","originalPath":"U_lkp_sf_user_sap"},"lookupConnectionId":"@0aa38HfbIjadqoKlbnU14y","lookupObject":"DUMMY_U_lkp_sf_user_sap","newFlatFile":false,"newObject":false,"showBusinessNames":false,"naturalOrder":true,"truncateTarget":false,"bulkApiDBTarget":false,"customFuncCfg":{"@type":"customFuncConfig","id":-1,"connections":[],"inputMap":[],"outputFields":[]},"targetRefsV2":{},"targetUpdateColumns":[],"runtimeAttrs":{"Cache File Name Prefix":"","Lookup Index Cache Size":"AUTO","Optional":"true","Lookup cache persistent":"false","Lookup source is static":"false","Case Sensitive String Comparison":"false","Re-cache from lookup source":"false","Insert Else Update":"false","Lookup caching enabled":"true","Lookup Data Cache Size":"AUTO","Tracing Level":"Normal","Sorted Input":"false","Lookup cache directory name":"$PMCacheDir","Output Old Value On Update":"false","Dynamic Lookup Cache":"false","Pre-build lookup cache":"AUTO","Null ordering":""},"isRESTModernSource":true,"customQuery":"SELECT \nID,\nNAME \nFROM (\nSELECT \nId AS ID,\nNAME \nFROM \n(\nSELECT Id, \nUPPER(TRIM(Name)) AS NAME,\nROW_NUMBER() OVER (PARTITION BY UPPER(TRIM(Name)) ORDER BY IsActive DESC ) AS RNK\nFROM SF_USER) A \nWHERE RNK=1\n) B","isFileList":false,"handleSpecialChars":false,"handleDecimalRoundOff":false,"frsAsset":false,"dynamicFileName":false,"excludeDynamicFileNameField":false,"currentlyProcessedFileName":false,"retainFieldMetadata":false,"objectName":"DUMMY_U_lkp_sf_user_sap","useExactSrcNames":false,"tgtObjectAttributes":{},"runtimeParameterData":{"@type":"mtTaskRuntimeParameterData","isConnectionRuntimeParameter":false,"isObjectRuntimeParameter":false},"overridableProperties":[],"overriddenFields":[]}],"sequences":[],"inOutParameters":[],"connRuntimeAttrs":[]}]