[{"@type":"mtTask","id":"@1","name":"mt_stg_ebs_device_service_old","description":"","runtimeEnvironmentId":"@cUgvxjP6z42j5o2aizvbUV","maxLogs":10,"verbose":false,"lastRunTime":1675919629000,"mappingId":"@0ooqjNNVYhhdx3NrMUuTcr","frsGuid":"j7YfbLq0w28ghq7HDM1S8H","shortDescription":"","sessionPropertiesList":[{"name":"Allow Temporary Sequence for Pushdown","value":"NO","recommended":false},{"name":"Allow Temporary View for Pushdown","value":"NO","recommended":false},{"name":"Pushdown Optimization","value":"None","recommended":false},{"name":"Pushdown Optimization Context","value":"None","recommended":false},{"name":"Run Only In Pushdown Mode","value":"NO","recommended":false}],"enableCrossSchemaPushdown":true,"enableParallelRun":false,"autoTunedApplied":false,"autoTunedAppliedType":"NONE","paramFileType":"PARAM_FILE_LOCAL","schemaMode":"async","valid":true,"schemaValidationErrorCount":-1,"parameterFileEncoding":"UTF-8","serverlessProperties":{},"taskProperties":[{"@type":"taskProperty","name":"parameterFileDir","currentValue":"","type":"STRING","label":"label.parameterFileDir","required":false},{"@type":"taskProperty","name":"parameterFileName","currentValue":"","type":"STRING","label":"label.parameterFileName","required":false}],"parameters":[{"@type":"mtTaskParameter","id":638993,"name":"$src_goods_service$","type":"SOURCE","label":"src_goods_service","uiProperties":{"connectionParameterized":"false","isSelectDistinct":"false","objectParameterized":"false","visible":"false","originalPath":"src_goods_service"},"sourceConnectionId":"@gbEqHgig3UYgrJMzU4lVau","sourceObject":"DUMMY_src_goods_service","newFlatFile":false,"newObject":false,"showBusinessNames":false,"naturalOrder":true,"truncateTarget":false,"bulkApiDBTarget":false,"customFuncCfg":{"@type":"customFuncConfig","id":-1,"connections":[],"inputMap":[],"outputFields":[]},"targetRefsV2":{},"targetUpdateColumns":[],"runtimeAttrs":{},"isRESTModernSource":true,"customQuery":"WITH SUBS_GI AS (SELECT P.*\n                FROM ODS_STAGE_SOURCE.SUBS_GOODS_INST P\n                JOIN ODS_STAGE_SOURCE.STG_EBS_MAIN_SERVICE M     ON M.PROD_ID = P.prod_id\n                WHERE M.PROD_TYPE = 'Mobile'\n              )\n\n \n\n\n       ,GOOD_ORD AS (SELECT A.subs_goods_inst_id,A.PROD_ID \n                          ,CASE WHEN C_list.ATTR_ID = '627'  THEN C_list.VALUE ELSE NULL END AS OTC_LIST_PRICE\n                          ,CASE WHEN C_sales.ATTR_ID = '1644' THEN C_sales.VALUE ELSE NULL END AS OTC_SALES_PRICE\n                        FROM ODS_STAGE_SOURCE.SUBS_GOODS_INST A\n                        JOIN ODS_STAGE_SOURCE.GOODS_ORDER B\n                            ON A.SUBS_GOODS_INST_ID = B.SUBS_GOODS_INST_ID\n                        JOIN ODS_STAGE_SOURCE.GOODS_ORDER_ATTR C_list\n                            ON C_list.GOODS_ORDER_ID = B.GOODS_ORDER_ID and C_list.ATTR_ID IN ('627')    \n\n                        JOIN ODS_STAGE_SOURCE.GOODS_ORDER_ATTR C_sales\n                            ON C_sales.GOODS_ORDER_ID = B.GOODS_ORDER_ID\n                        and C_sales.ATTR_ID IN ('1644')    \n                    )\n\n        , GOODS_TYPE AS (\n                        SELECT A.SUBS_GOODS_INST_ID\n                              ,D.GOODS_TYPE_NAME\n                        FROM ODS_STAGE_SOURCE.SUBS_GOODS_INST A\n                        LEFT JOIN ODS_STAGE_SOURCE.GM_MODEL B\n                            ON A.MODEL_ID = B.MODEL_ID\n                        LEFT JOIN ODS_STAGE_SOURCE.GM_GOODS_CATG C\n                            ON C.GOODS_CATG_ID =  B.GOODS_CATG_ID\n                        LEFT JOIN ODS_STAGE_SOURCE.GM_GOODS_TYPE D \n                            ON D.GOODS_TYPE_ID = C.GOODS_TYPE_ID\n                    )\n\n \n\nSELECT\nSUBS_GI.PROD_ID             AS PROD_ID\n,SUBS_GI.SUBS_GOODS_INST_ID AS SUBS_GOODS_INST_ID \n,SUBS_GI.STATE                 AS STATE\n,SUBS.ACCT_ID                         AS ACCT_ID\n,SUBS.CUST_ID                         AS CUST_ID\n,GM_MODEL.MODEL_NAME                 AS GOODS_MODEL\n,GM_MODEL.MODE_CODE                 AS STOCK_CODE\n,GM_GOODS_CATG.GOODS_CATG_NAME         AS GOODS_CATG\n,GOODS_TYPE.GOODS_TYPE_NAME         AS GOODS_TYPE\n,GM_BRAND.BRAND_NAME                 AS GOODS_BRAND\n,EBS_DO_GOODS_INST.ESN                 AS DEVICE_SERIAL_NO\n,GOOD_ORD.OTC_LIST_PRICE             AS OTC_LIST_PRICE\n,GOOD_ORD.OTC_SALES_PRICE             AS OTC_SALES_PRICE\n,0                                     AS MRC_LIST_PRICE\n,0                                     AS MRC_SALES_PRICE\n,NULL                                 AS IP_ADDRESS\n,OFFER_ATTR.DEFAULT_VALUE AS IPHONE_FLAG\n,OFFER.OFFER_NAME  AS OFFER_NAME\n \n\nFROM SUBS_GI \nLEFT JOIN ODS_STAGE_SOURCE.SUBS                 ON SUBS_GI.PROD_ID                 = SUBS.SUBS_ID\nLEFT JOIN GOODS_TYPE                                 ON SUBS_GI.SUBS_GOODS_INST_ID                 = GOODS_TYPE.SUBS_GOODS_INST_ID\nLEFT JOIN GOOD_ORD                                 ON SUBS_GI.SUBS_GOODS_INST_ID                 = GOOD_ORD.SUBS_GOODS_INST_ID\nLEFT JOIN ODS_STAGE_SOURCE.GM_MODEL             ON SUBS_GI.MODEL_ID             = GM_MODEL.MODEL_ID\nLEFT JOIN ODS_STAGE_SOURCE.GOODS_ORDER             ON SUBS_GI.SUBS_GOODS_INST_ID     = GOODS_ORDER.SUBS_GOODS_INST_ID\nLEFT JOIN ODS_STAGE_SOURCE.GM_GOODS_CATG         ON GM_MODEL.GOODS_CATG_ID                 = GM_GOODS_CATG.GOODS_CATG_ID\nLEFT JOIN ODS_STAGE_SOURCE.GM_BRAND             ON GM_BRAND.BRAND_ID                     = GM_MODEL.BRAND_ID\nLEFT JOIN ODS_STAGE_SOURCE.EBS_DO_GOODS_INST     ON EBS_DO_GOODS_INST.ORDER_ITEM_ID         = GOODS_ORDER.ORDER_ITEM_ID\nLEFT JOIN ODS_STAGE_SOURCE.OFFER ON GM_MODEL.MODEL_NAME = OFFER.OFFER_NAME AND OFFER.STATE = 'A'\nLEFT JOIN ODS_STAGE_SOURCE.OFFER_ATTR ON CAST(OFFER.OFFER_ID AS VARCHAR) = CAST(OFFER_ATTR.OFFER_ID AS VARCHAR) AND OFFER_ATTR.ATTR_ID = '1824'\nwhere SUBS_GI.state = 'A'","isFileList":false,"handleSpecialChars":false,"handleDecimalRoundOff":false,"frsAsset":false,"dynamicFileName":false,"excludeDynamicFileNameField":false,"currentlyProcessedFileName":false,"retainFieldMetadata":false,"objectName":"DUMMY_src_goods_service","useExactSrcNames":false,"fetchMode":"ORIGINAL","tgtObjectAttributes":{},"runtimeParameterData":{"@type":"mtTaskRuntimeParameterData","isConnectionRuntimeParameter":false,"isObjectRuntimeParameter":false},"overridableProperties":[],"overriddenFields":[]},{"@type":"mtTaskParameter","id":638994,"name":"$tgt_stg_ebs_device_service$","type":"TARGET","label":"tgt_stg_ebs_device_service","uiProperties":{"connectionParameterized":"false","objectParameterized":"false","visible":"false","defaultTargetUpdateColumns":"","supportApplyDDLChanges":"false","originalPath":"tgt_stg_ebs_device_service"},"targetConnectionId":"@gbEqHgig3UYgrJMzU4lVau","targetObject":"ods_stage_source/TABLE/stg_ebs_device_service","targetObjectLabel":"stg_ebs_device_service","newFlatFile":false,"newObject":false,"showBusinessNames":false,"naturalOrder":true,"truncateTarget":false,"bulkApiDBTarget":false,"operationType":"Insert","customFuncCfg":{"@type":"customFuncConfig","id":-1,"connections":[],"inputMap":[],"outputFields":[]},"targetRefsV2":{},"targetUpdateColumns":[],"extendedObject":{"@type":"extendedObject","singleMode":true,"filters":[],"sortFields":[]},"runtimeAttrs":{},"isRESTModernSource":true,"isFileList":false,"handleSpecialChars":false,"handleDecimalRoundOff":false,"frsAsset":false,"dynamicFileName":false,"excludeDynamicFileNameField":false,"currentlyProcessedFileName":false,"retainFieldMetadata":false,"objectName":"ods_stage_source/TABLE/stg_ebs_device_service","objectLabel":"stg_ebs_device_service","useExactSrcNames":false,"fetchMode":"ORIGINAL","tgtObjectAttributes":{},"runtimeParameterData":{"@type":"mtTaskRuntimeParameterData","isConnectionRuntimeParameter":false,"isObjectRuntimeParameter":false},"overridableProperties":[],"overriddenFields":[]}],"sequences":[],"inOutParameters":[],"connRuntimeAttrs":[]}]