[{"@type":"mtTask","id":"@1","name":"mt_stg_ebs_pc_attrib_mobile","description":"","runtimeEnvironmentId":"@cUgvxjP6z42j5o2aizvbUV","maxLogs":10,"verbose":false,"mappingId":"@bkYyU2noYQWljA7neTfCCo","frsGuid":"2swiBfAGJ5rgwzawynrAO4","shortDescription":"","sessionPropertiesList":[{"name":"Allow Temporary Sequence for Pushdown","value":"NO","recommended":false},{"name":"Allow Temporary View for Pushdown","value":"NO","recommended":false},{"name":"Pushdown Optimization","value":"None","recommended":false},{"name":"Pushdown Optimization Context","value":"None","recommended":false},{"name":"Pushdown Optimization Fallback Option","value":"Partial PDO","recommended":false}],"enableCrossSchemaPushdown":true,"enableParallelRun":false,"autoTunedApplied":false,"autoTunedAppliedType":"NONE","paramFileType":"PARAM_FILE_LOCAL","schemaMode":"async","valid":true,"schemaValidationErrorCount":-1,"parameterFileEncoding":"UTF-8","serverlessProperties":{},"taskProperties":[{"@type":"taskProperty","name":"parameterFileDir","currentValue":"","type":"STRING","label":"label.parameterFileDir","required":false},{"@type":"taskProperty","name":"parameterFileName","currentValue":"","type":"STRING","label":"label.parameterFileName","required":false}],"parameters":[{"@type":"mtTaskParameter","id":1908990,"name":"$src_Mobile_Device$","type":"SOURCE","label":"src_Mobile_Device","uiProperties":{"connectionParameterized":"false","isSelectDistinct":"false","objectParameterized":"false","visible":"false","originalPath":"src_Mobile_Device"},"sourceConnectionId":"@0aa38HfbIjadqoKlbnU14y","sourceObject":"DUMMY_src_Mobile_Device","newFlatFile":false,"newObject":false,"showBusinessNames":false,"naturalOrder":true,"truncateTarget":false,"bulkApiDBTarget":false,"customFuncCfg":{"@type":"customFuncConfig","id":-1,"connections":[],"inputMap":[],"outputFields":[]},"targetRefsV2":{},"targetUpdateColumns":[],"runtimeAttrs":{},"isRESTModernSource":true,"customQuery":"select \nb.cscfga__Attribute_Definition__c_Name as NAME,\nb.Id as ATTRIBUTE_DEFINITION,\n'false' as isDefault,\na.runTimeGUID__c as GUID,\n'No'             as SoftDelete,\na.cssdm__solution_association__c as SolutionId,\n'' as mobileService,\n'' as instalmentPlan,\na.cscfga__total_one_off_charge__c as OTC,\na.cpq_order_type__c as orderType,\na.Commercial_Product__c as commercialProductId,\na.cscfga__total_recurring_charge__c as MRC,\na.cspmb__Price_Item_Code__c as __SKU__,\nc.make__c as makeName,\nc.Device_Type__c as typeName,\n'' as imageURLs,\na.cspmb__Price_Item_Code__c as commercialProductCode,\na.delivery_mode__c as deliveryMode,\na.category__c as productCategory,\nc.Color__c as Color,\nc.Stock_Code__c as stockCode,\nc.make__c as model,\n'Device' as configurationType,\na.Service_ID__c as serviceId,\n'' as MSISDN,\n'' as Add_Ons,\na.id as product_config_id,\na.legacy_id__c as legacy_id__c,\na.pc_type as pc_type,\nCASE WHEN b.cscfga__store_as_json__c = '1' then 'true'  else 'false' end AS cscfga__store_as_json__c\n \nfrom tgt_sf_pc a\nleft join sf_cscfga__Attribute_Definition__c b\non a.PC_TYPE=b.cscfga__Product_Definition__c_Name\nleft join sf_cspmb__price_item__c c\non c.cspmb__price_item_code__c = a.cspmb__Price_Item_Code__c\n --on( a.Name=c.Name  and  a.cscfga__Product_Family__c=c.cspmb__Product_Definition_Name__c)\nwhere \nb.cscfga__Product_Definition__c_Name='Mobile Device'\nand a.Id is not null","isFileList":false,"handleSpecialChars":false,"handleDecimalRoundOff":false,"frsAsset":false,"dynamicFileName":false,"excludeDynamicFileNameField":false,"currentlyProcessedFileName":false,"retainFieldMetadata":false,"objectName":"DUMMY_src_Mobile_Device","useExactSrcNames":false,"tgtObjectAttributes":{},"runtimeParameterData":{"@type":"mtTaskRuntimeParameterData","isConnectionRuntimeParameter":false,"isObjectRuntimeParameter":false},"overridableProperties":[],"overriddenFields":[]},{"@type":"mtTaskParameter","id":1908991,"name":"$src_Mobile_Device_Addon$","type":"SOURCE","label":"src_Mobile_Device_Addon","uiProperties":{"connectionParameterized":"false","isSelectDistinct":"false","objectParameterized":"false","visible":"false","originalPath":"src_Mobile_Device_Addon"},"sourceConnectionId":"@0aa38HfbIjadqoKlbnU14y","sourceObject":"DUMMY_src_Mobile_Device_Addon","newFlatFile":false,"newObject":false,"showBusinessNames":false,"naturalOrder":true,"truncateTarget":false,"bulkApiDBTarget":false,"customFuncCfg":{"@type":"customFuncConfig","id":-1,"connections":[],"inputMap":[],"outputFields":[]},"targetRefsV2":{},"targetUpdateColumns":[],"runtimeAttrs":{},"isRESTModernSource":true,"customQuery":"select \nb.cscfga__Attribute_Definition__c_Name as NAME,\nb.Id as ATTRIBUTE_DEFINITION,\n'' as device,\n'' as PREDiscount,\na.cspmb__Price_Item_Code__c as commercialProductCode,\n'' as PSContribution,\nc.Stock_Code__c as stockCode,\nc.cspmb__Price_Item_Code__c as __SKU__,\n'' as rfsType,\n'' as channelEligibility,\n'Mobile Device Addon' as configurationType,\n'' as AddOnName,\na.runTimeGUID__c as GUID,\n'No'             as SoftDelete,\na.cssdm__solution_association__c as SolutionId,\n'1' as AddOnQuantity,\na.id as AddOnReference,\n'' as OC,\n'' as RC,\na.id as product_config_id,\na.legacy_id__c as legacy_id__c,\na.pc_type as pc_type,\nCASE WHEN b.cscfga__store_as_json__c = '1' then 'true'  else 'false' end AS cscfga__store_as_json__c\n\nfrom tgt_sf_pc a\nleft join sf_cscfga__Attribute_Definition__c b\non a.PC_TYPE=b.cscfga__Product_Definition__c_Name\nleft join sf_cspmb__price_item__c c\non c.cspmb__Price_Item_Code__c = a.cspmb__Price_Item_Code__c\n --on( a.Name=c.Name  and  a.cscfga__Product_Family__c=c.cspmb__Product_Definition_Name__c)\nwhere \nb.cscfga__Product_Definition__c_Name='Mobile Device Addon'\nand a.Id is not null","isFileList":false,"handleSpecialChars":false,"handleDecimalRoundOff":false,"frsAsset":false,"dynamicFileName":false,"excludeDynamicFileNameField":false,"currentlyProcessedFileName":false,"retainFieldMetadata":false,"objectName":"DUMMY_src_Mobile_Device_Addon","useExactSrcNames":false,"tgtObjectAttributes":{},"runtimeParameterData":{"@type":"mtTaskRuntimeParameterData","isConnectionRuntimeParameter":false,"isObjectRuntimeParameter":false},"overridableProperties":[],"overriddenFields":[]},{"@type":"mtTaskParameter","id":1908992,"name":"$src_Mobile_Service$","type":"SOURCE","label":"src_Mobile_Service","uiProperties":{"connectionParameterized":"false","isSelectDistinct":"false","objectParameterized":"false","visible":"false","originalPath":"src_Mobile_Service"},"sourceConnectionId":"@0aa38HfbIjadqoKlbnU14y","sourceObject":"DUMMY_src_Mobile_Service","newFlatFile":false,"newObject":false,"showBusinessNames":false,"naturalOrder":true,"truncateTarget":false,"bulkApiDBTarget":false,"customFuncCfg":{"@type":"customFuncConfig","id":-1,"connections":[],"inputMap":[],"outputFields":[]},"targetRefsV2":{},"targetUpdateColumns":[],"runtimeAttrs":{},"isRESTModernSource":true,"customQuery":"select \nb.cscfga__Attribute_Definition__c_Name as NAME,\nb.Id as ATTRIBUTE_DEFINITION,\na.runTimeGUID__c as GUID,\n'No'             as SoftDelete,\na.Commercial_Product__c as commercialProductId,\na. Plan_Type__c  as planType,\na.Name as Plan,\na.line_type__c as lineType,\na.number_type__c as numberType,\na.cpq_order_type__c as orderType,\n'' as parentService,\na.sf_pooling_subs_id as sharingService,\na.sim_card_type__c as simCardType,\na.cscfga__total_recurring_charge__c as MRC,\na.cscfga__total_one_off_charge__c as OTC,\na.technical_details__c as TechnicalAttributeDetails,\na.plan_name__c as planName,\n'' as __SKU__,\na.cscfga__Contract_Term__c  as contractTerm,\nd.etc_code as simOnly,\n'' as adminFeeFlag,\na.cssdm__solution_association__c as SolutionId,\na.cspmb__Price_Item_Code__c as commercialProductCode,\n'' as action,\na.category__c as productCategory,\na.runtimeparentguid__c as runTimeParentId,\na.delivery_mode__c as deliveryMode,\n'' as MSISDN,\na.acct_id as account,\n'' as sharingServiceLookup,\n'' as sharePlusFlag,\n'' as sharingPrice,\na.portin_indicator__c as portInOrder,\n'False' as activateSim,\n'False' as newSim,\n'' as terminationReasonValue,\n'Rate Plan' as configurationType,\na.service_id__c as serviceId,\n'' as waiverCategory,\n'' as waiverReason,\n'' as ETCApplicable,\n'' as earlyRecontractFee,\n'' as earlyTerminationCharge,\na.cscfga__billing_frequency__c as billingFrequency,\nmain_serv.etc_type as etcCode,\n'' as Add_Ons,\na.id as product_config_id,\na.legacy_id__c as legacy_id__c,\na.pc_type as pc_type,\nCASE WHEN b.cscfga__store_as_json__c = '1' then 'true'  else 'false' end AS cscfga__store_as_json__c\n\nfrom tgt_sf_pc a\njoin STG_EBS_MAIN_SERVICE_2 main_serv on main_serv.prod_id = a.legacy_id__c\nleft join sf_cscfga__Attribute_Definition__c b\non a.PC_TYPE=b.cscfga__Product_Definition__c_Name\nleft join product_mapping d on d.cspmb__Price_Item_Code__c=a.cspmb__Price_Item_Code__c\nwhere -- cscfga__store_as_json__c = 'false' and \nb.cscfga__Product_Definition__c_Name='Mobile Service'\nand a.Id is not null","isFileList":false,"handleSpecialChars":false,"handleDecimalRoundOff":false,"frsAsset":false,"dynamicFileName":false,"excludeDynamicFileNameField":false,"currentlyProcessedFileName":false,"retainFieldMetadata":false,"objectName":"DUMMY_src_Mobile_Service","useExactSrcNames":false,"tgtObjectAttributes":{},"runtimeParameterData":{"@type":"mtTaskRuntimeParameterData","isConnectionRuntimeParameter":false,"isObjectRuntimeParameter":false},"overridableProperties":[],"overriddenFields":[]},{"@type":"mtTaskParameter","id":1908993,"name":"$src_Mobile_Service_AddOn$","type":"SOURCE","label":"src_Mobile_Service_AddOn","uiProperties":{"connectionParameterized":"false","isSelectDistinct":"false","objectParameterized":"false","visible":"false","originalPath":"src_Mobile_Service_AddOn"},"sourceConnectionId":"@0aa38HfbIjadqoKlbnU14y","sourceObject":"DUMMY_src_Mobile_Service_AddOn","newFlatFile":false,"newObject":false,"showBusinessNames":false,"naturalOrder":true,"truncateTarget":false,"bulkApiDBTarget":false,"customFuncCfg":{"@type":"customFuncConfig","id":-1,"connections":[],"inputMap":[],"outputFields":[]},"targetRefsV2":{},"targetUpdateColumns":[],"runtimeAttrs":{},"isRESTModernSource":true,"customQuery":"select \nb.cscfga__Attribute_Definition__c_Name as NAME,\nb.Id as ATTRIBUTE_DEFINITION,\na.Name as Plan,\n'' as __SKU__,\na.cscfga__Contract_Term__c as parentContractTerm,\n'' as PREDiscount,\na.cspmb__Price_Item_Code__c as commercialProductCode,\n'' as PSContribution,\nc.Stock_Code__c as stockCode,\na.cscfga__total_recurring_charge__c as MRC,\na.cscfga__total_one_off_charge__c as OTC,\n'' as rfsType,\nc.Offer_External_Id__c as offerExternalId,\na.RFS_Date__c as activationDate,\n'' as channelEligibility,\n'Add On' as configurationType,\n'' as Addon,\n'' as countryListCode,\n'' as dataEntitlement,\n'' as displaySequence,\n'' as smsEntitlement,\n'' as validityPeriod,\n'' as voiceEntitlement,\n'' as EID,\n'' as ICCID,\n'' as IMSI,\n'' as MSISDN,\n'' as partNumber,\n'' as AddOnName,\na.runTimeGUID__c as GUID,\n'No'             as SoftDelete,\na.cssdm__solution_association__c as SolutionId,\n'1' as AddOnQuantity,\na.id as AddOnReference,\na.id as product_config_id,\na.legacy_id__c as legacy_id__c,\na.pc_type as pc_type,\nCASE WHEN b.cscfga__store_as_json__c = '1' then 'true'  else 'false' end AS cscfga__store_as_json__c\n\nfrom tgt_sf_pc a\nleft join sf_cscfga__Attribute_Definition__c b\non a.PC_TYPE=b.cscfga__Product_Definition__c_Name\nleft join sf_cspmb__price_item__c c\non c.cspmb__Price_Item_Code__c = a.cspmb__Price_Item_Code__c\n ---on( a.Name=c.Name  and  a.cscfga__Product_Family__c=c.cspmb__Product_Definition_Name__c)\nwhere \nb.cscfga__Product_Definition__c_Name='Mobile Service Addon' \nand a.Id is not null","isFileList":false,"handleSpecialChars":false,"handleDecimalRoundOff":false,"frsAsset":false,"dynamicFileName":false,"excludeDynamicFileNameField":false,"currentlyProcessedFileName":false,"retainFieldMetadata":false,"objectName":"DUMMY_src_Mobile_Service_AddOn","useExactSrcNames":false,"tgtObjectAttributes":{},"runtimeParameterData":{"@type":"mtTaskRuntimeParameterData","isConnectionRuntimeParameter":false,"isObjectRuntimeParameter":false},"overridableProperties":[],"overriddenFields":[]},{"@type":"mtTaskParameter","id":1908994,"name":"$src_Sharing_Service$","type":"SOURCE","label":"src_Sharing_Service","uiProperties":{"connectionParameterized":"false","isSelectDistinct":"false","objectParameterized":"false","visible":"false","originalPath":"src_Sharing_Service"},"sourceConnectionId":"@0aa38HfbIjadqoKlbnU14y","sourceObject":"DUMMY_src_Sharing_Service","newFlatFile":false,"newObject":false,"showBusinessNames":false,"naturalOrder":true,"truncateTarget":false,"bulkApiDBTarget":false,"customFuncCfg":{"@type":"customFuncConfig","id":-1,"connections":[],"inputMap":[],"outputFields":[]},"targetRefsV2":{},"targetUpdateColumns":[],"runtimeAttrs":{},"isRESTModernSource":true,"customQuery":"select \nb.cscfga__Attribute_Definition__c_Name as NAME,\nb.Id as ATTRIBUTE_DEFINITION,\na.runTimeGUID__c as GUID,\n'No'             as SoftDelete,\na.Commercial_Product__c as commercialProductId,\na.cpq_order_type__c as orderType,\na. Plan_Type__c  as planType,\na.poolByData ,\na.poolByVoice ,\n'' as terminationReasonValue,\na.poolBySMS ,\na.cscfga__total_recurring_charge__c as MRC,\na.cscfga__total_one_off_charge__c as OTC,\n'' as numberOfActiveLines,\na.cssdm__solution_association__c as SolutionId,\na.cspmb__Price_Item_Code__c as commercialProductCode,\n'Mobile' as  productCategory,\na.service_id__c as serviceId,\na.Billing_Frequency__c as billingFrequency,\n'Rate Plan' as configurationType,\nmain_serv.etc_type as etcCode,\n/*'' as iserrorconfig,\n'' as poolbyRoamingData,\n'' as poolbyRoamingVoice,\n'' as poolbyRoamingSMS,\n'' as poolbyIDDVoice,\n'' as poolbyGlobalSMS,\na.cscfga__Contract_Term__c as nonstandardContractTerm,\na.name as Plan,\n'' as terminationReason,\n'' as etcAdvice,\n'' as earlyRecontractFeeAdvice,\n'' as waiver,\n'' as waiverCategory,\n'' as waiverReason,\na.cscfga__Contract_Term__c as contractTerm,*/\na.id as product_config_id,\na.legacy_id__c as legacy_id__c,\na.pc_type as pc_type,\nCASE WHEN b.cscfga__store_as_json__c = '1' then 'true'  else 'false' end AS cscfga__store_as_json__c\n\nfrom tgt_sf_pc a\njoin STG_EBS_MAIN_SERVICE_2 main_serv on main_serv.prod_id = a.legacy_id__c\nleft join sf_cscfga__Attribute_Definition__c b\non a.PC_TYPE=b.cscfga__Product_Definition__c_Name\nwhere \nb.cscfga__Product_Definition__c_Name='Sharing Service'\nand a.Id is not null","isFileList":false,"handleSpecialChars":false,"handleDecimalRoundOff":false,"frsAsset":false,"dynamicFileName":false,"excludeDynamicFileNameField":false,"currentlyProcessedFileName":false,"retainFieldMetadata":false,"objectName":"DUMMY_src_Sharing_Service","useExactSrcNames":false,"tgtObjectAttributes":{},"runtimeParameterData":{"@type":"mtTaskRuntimeParameterData","isConnectionRuntimeParameter":false,"isObjectRuntimeParameter":false},"overridableProperties":[],"overriddenFields":[]},{"@type":"mtTaskParameter","id":1908995,"name":"$Addon_Service_tgt_sf_pc_attrib$","type":"TARGET","label":"Addon_Service_tgt_sf_pc_attrib","uiProperties":{"connectionParameterized":"false","objectParameterized":"false","visible":"false","defaultTargetUpdateColumns":"","supportApplyDDLChanges":"false","originalPath":"Addon_Service_tgt_sf_pc_attrib"},"targetConnectionId":"@0aa38HfbIjadqoKlbnU14y","targetObject":"p2_dev/TABLE/stg_ebs_pc_attrib","targetObjectLabel":"stg_ebs_pc_attrib","newFlatFile":false,"newObject":false,"showBusinessNames":false,"naturalOrder":true,"truncateTarget":false,"bulkApiDBTarget":false,"operationType":"Insert","customFuncCfg":{"@type":"customFuncConfig","id":-1,"connections":[],"inputMap":[],"outputFields":[]},"targetRefsV2":{},"targetUpdateColumns":[],"extendedObject":{"@type":"extendedObject","singleMode":true,"filters":[],"sortFields":[]},"runtimeAttrs":{},"isRESTModernSource":true,"isFileList":false,"handleSpecialChars":false,"handleDecimalRoundOff":false,"frsAsset":false,"dynamicFileName":false,"excludeDynamicFileNameField":false,"currentlyProcessedFileName":false,"retainFieldMetadata":false,"objectName":"p2_dev/TABLE/stg_ebs_pc_attrib","objectLabel":"stg_ebs_pc_attrib","useExactSrcNames":false,"tgtObjectAttributes":{},"runtimeParameterData":{"@type":"mtTaskRuntimeParameterData","isConnectionRuntimeParameter":false,"isObjectRuntimeParameter":false},"overridableProperties":[],"overriddenFields":[]},{"@type":"mtTaskParameter","id":1908996,"name":"$Mobile_Device_Addon_tgt_sf_pc_attrib$","type":"TARGET","label":"Mobile_Device_Addon_tgt_sf_pc_attrib","uiProperties":{"connectionParameterized":"false","objectParameterized":"false","visible":"false","defaultTargetUpdateColumns":"","supportApplyDDLChanges":"false","originalPath":"Mobile_Device_Addon_tgt_sf_pc_attrib"},"targetConnectionId":"@0aa38HfbIjadqoKlbnU14y","targetObject":"p2_dev/TABLE/stg_ebs_pc_attrib","targetObjectLabel":"stg_ebs_pc_attrib","newFlatFile":false,"newObject":false,"showBusinessNames":false,"naturalOrder":true,"truncateTarget":false,"bulkApiDBTarget":false,"operationType":"Insert","customFuncCfg":{"@type":"customFuncConfig","id":-1,"connections":[],"inputMap":[],"outputFields":[]},"targetRefsV2":{},"targetUpdateColumns":[],"extendedObject":{"@type":"extendedObject","singleMode":true,"filters":[],"sortFields":[]},"runtimeAttrs":{},"isRESTModernSource":true,"isFileList":false,"handleSpecialChars":false,"handleDecimalRoundOff":false,"frsAsset":false,"dynamicFileName":false,"excludeDynamicFileNameField":false,"currentlyProcessedFileName":false,"retainFieldMetadata":false,"objectName":"p2_dev/TABLE/stg_ebs_pc_attrib","objectLabel":"stg_ebs_pc_attrib","useExactSrcNames":false,"tgtObjectAttributes":{},"runtimeParameterData":{"@type":"mtTaskRuntimeParameterData","isConnectionRuntimeParameter":false,"isObjectRuntimeParameter":false},"overridableProperties":[],"overriddenFields":[]},{"@type":"mtTaskParameter","id":1908997,"name":"$Mobile_Device_tgt_sf_pc_attrib$","type":"TARGET","label":"Mobile_Device_tgt_sf_pc_attrib","uiProperties":{"connectionParameterized":"false","objectParameterized":"false","visible":"false","defaultTargetUpdateColumns":"","supportApplyDDLChanges":"false","originalPath":"Mobile_Device_tgt_sf_pc_attrib"},"targetConnectionId":"@0aa38HfbIjadqoKlbnU14y","targetObject":"p2_dev/TABLE/stg_ebs_pc_attrib","targetObjectLabel":"stg_ebs_pc_attrib","newFlatFile":false,"newObject":false,"showBusinessNames":false,"naturalOrder":true,"truncateTarget":false,"bulkApiDBTarget":false,"operationType":"Insert","customFuncCfg":{"@type":"customFuncConfig","id":-1,"connections":[],"inputMap":[],"outputFields":[]},"targetRefsV2":{},"targetUpdateColumns":[],"extendedObject":{"@type":"extendedObject","singleMode":true,"filters":[],"sortFields":[]},"runtimeAttrs":{},"isRESTModernSource":true,"isFileList":false,"handleSpecialChars":false,"handleDecimalRoundOff":false,"frsAsset":false,"dynamicFileName":false,"excludeDynamicFileNameField":false,"currentlyProcessedFileName":false,"retainFieldMetadata":false,"objectName":"p2_dev/TABLE/stg_ebs_pc_attrib","objectLabel":"stg_ebs_pc_attrib","useExactSrcNames":false,"tgtObjectAttributes":{},"runtimeParameterData":{"@type":"mtTaskRuntimeParameterData","isConnectionRuntimeParameter":false,"isObjectRuntimeParameter":false},"overridableProperties":[],"overriddenFields":[]},{"@type":"mtTaskParameter","id":1908998,"name":"$Mobile_Service_tgt_sf_pc_attrib$","type":"TARGET","label":"Mobile_Service_tgt_sf_pc_attrib","uiProperties":{"connectionParameterized":"false","objectParameterized":"false","visible":"false","defaultTargetUpdateColumns":"","supportApplyDDLChanges":"false","originalPath":"Mobile_Service_tgt_sf_pc_attrib"},"targetConnectionId":"@0aa38HfbIjadqoKlbnU14y","targetObject":"p2_dev/TABLE/stg_ebs_pc_attrib","targetObjectLabel":"stg_ebs_pc_attrib","newFlatFile":false,"newObject":false,"showBusinessNames":false,"naturalOrder":true,"truncateTarget":false,"bulkApiDBTarget":false,"operationType":"Insert","customFuncCfg":{"@type":"customFuncConfig","id":-1,"connections":[],"inputMap":[],"outputFields":[]},"targetRefsV2":{},"targetUpdateColumns":[],"extendedObject":{"@type":"extendedObject","singleMode":true,"filters":[],"sortFields":[]},"runtimeAttrs":{},"isRESTModernSource":true,"isFileList":false,"handleSpecialChars":false,"handleDecimalRoundOff":false,"frsAsset":false,"dynamicFileName":false,"excludeDynamicFileNameField":false,"currentlyProcessedFileName":false,"retainFieldMetadata":false,"objectName":"p2_dev/TABLE/stg_ebs_pc_attrib","objectLabel":"stg_ebs_pc_attrib","useExactSrcNames":false,"tgtObjectAttributes":{},"runtimeParameterData":{"@type":"mtTaskRuntimeParameterData","isConnectionRuntimeParameter":false,"isObjectRuntimeParameter":false},"overridableProperties":[],"overriddenFields":[]},{"@type":"mtTaskParameter","id":1908999,"name":"$Mobile_Sharing_Service_tgt_sf_pc_attrib$","type":"TARGET","label":"Mobile_Sharing_Service_tgt_sf_pc_attrib","uiProperties":{"connectionParameterized":"false","objectParameterized":"false","visible":"false","defaultTargetUpdateColumns":"","supportApplyDDLChanges":"false","originalPath":"Mobile_Sharing_Service_tgt_sf_pc_attrib"},"targetConnectionId":"@0aa38HfbIjadqoKlbnU14y","targetObject":"p2_dev/TABLE/stg_ebs_pc_attrib","targetObjectLabel":"stg_ebs_pc_attrib","newFlatFile":false,"newObject":false,"showBusinessNames":false,"naturalOrder":true,"truncateTarget":false,"bulkApiDBTarget":false,"operationType":"Insert","customFuncCfg":{"@type":"customFuncConfig","id":-1,"connections":[],"inputMap":[],"outputFields":[]},"targetRefsV2":{},"targetUpdateColumns":[],"extendedObject":{"@type":"extendedObject","singleMode":true,"filters":[],"sortFields":[]},"runtimeAttrs":{},"isRESTModernSource":true,"isFileList":false,"handleSpecialChars":false,"handleDecimalRoundOff":false,"frsAsset":false,"dynamicFileName":false,"excludeDynamicFileNameField":false,"currentlyProcessedFileName":false,"retainFieldMetadata":false,"objectName":"p2_dev/TABLE/stg_ebs_pc_attrib","objectLabel":"stg_ebs_pc_attrib","useExactSrcNames":false,"tgtObjectAttributes":{},"runtimeParameterData":{"@type":"mtTaskRuntimeParameterData","isConnectionRuntimeParameter":false,"isObjectRuntimeParameter":false},"overridableProperties":[],"overriddenFields":[]}],"sequences":[{"@type":"sequenceDefinition","id":"5739","txName":"seq_nxtval4","initialValue":"1","currentValue":"1"},{"@type":"sequenceDefinition","id":"5740","txName":"seq_nxtval3","initialValue":"1","currentValue":"1"},{"@type":"sequenceDefinition","id":"5741","txName":"seq_nxtval2","initialValue":"1","currentValue":"1"},{"@type":"sequenceDefinition","id":"5742","txName":"seq_nxtval1","initialValue":"1","currentValue":"1"},{"@type":"sequenceDefinition","id":"5743","txName":"seq_nxtval","initialValue":"1","currentValue":"1"}],"inOutParameters":[],"connRuntimeAttrs":[]}]