[{"@type":"mappingTemplate","id":"@1","name":"m_rp_sf_billing_account__c","description":"","bundleVersion":"0","assetFrsGuid":"7NXA4vOAVbGg3B95R4JAE0","templateId":"@3","deployTime":1702008122000,"hasParameters":false,"valid":true,"fixedConnection":true,"hasParametersDeployed":false,"fixedConnectionDeployed":true,"isSchemaValidationEnabled":false,"tasks":1,"mappingPreviewFileRecordId":"@2","documentType":"MAPPING","references":[{"@type":"reference","refObjectId":"@2pzkdnOGuGpiqnKtNRkpw3","refType":"connection"},{"@type":"reference","refObjectId":"@0aa38HfbIjadqoKlbnU14y","refType":"connection"}]}]