[{"@type":"mtTask","id":"@1","name":"mt_tgt_sf_json_solution","description":"","runtimeEnvironmentId":"@cUgvxjP6z42j5o2aizvbUV","maxLogs":10,"verbose":false,"mappingId":"@bL2Z7z26ASNeLQHeHt2x4t","frsGuid":"3XOoUAJ8KlMcjqtTvK5ZKr","shortDescription":"","sessionPropertiesList":[{"name":"Allow Temporary Sequence for Pushdown","value":"NO","recommended":false},{"name":"Allow Temporary View for Pushdown","value":"NO","recommended":false},{"name":"Pushdown Optimization","value":"None","recommended":false},{"name":"Pushdown Optimization Context","value":"None","recommended":false},{"name":"Run Only In Pushdown Mode","value":"NO","recommended":false}],"enableCrossSchemaPushdown":true,"enableParallelRun":false,"autoTunedApplied":false,"autoTunedAppliedType":"NONE","paramFileType":"PARAM_FILE_LOCAL","schemaMode":"async","valid":true,"schemaValidationErrorCount":-1,"parameterFileEncoding":"UTF-8","serverlessProperties":{},"taskProperties":[{"@type":"taskProperty","name":"parameterFileDir","currentValue":"","type":"STRING","label":"label.parameterFileDir","required":false},{"@type":"taskProperty","name":"parameterFileName","currentValue":"","type":"STRING","label":"label.parameterFileName","required":false}],"parameters":[{"@type":"mtTaskParameter","id":647596,"name":"$src_sf_json_solution$","type":"SOURCE","label":"src_sf_json_solution","uiProperties":{"connectionParameterized":"false","isSelectDistinct":"false","objectParameterized":"false","visible":"false","originalPath":"src_sf_json_solution"},"sourceConnectionId":"@gbEqHgig3UYgrJMzU4lVau","sourceObject":"DUMMY_src_sf_json_solution","newFlatFile":false,"newObject":false,"showBusinessNames":false,"naturalOrder":true,"truncateTarget":false,"bulkApiDBTarget":false,"customFuncCfg":{"@type":"customFuncConfig","id":-1,"connections":[],"inputMap":[],"outputFields":[]},"targetRefsV2":{},"targetUpdateColumns":[],"runtimeAttrs":{},"isRESTModernSource":true,"customQuery":"--DROP TABLE ods_stage_source.tgt_sf_json_solution;\n\n\tselect  sg.\"solutiongroupid\" \t\t\t\t\t\t\t\t\tAS solutiongroupid\n\t\t  ,pc.\"Id\" \t\t\t\t\t\t\t\t\t\t\t\t\tAS id\n\t\t  ,pc.\"Name\" \t\t\t\t\t\t\t\t\t\t\t\tAS name\n\t\t  ,'' \t\t\t\t\t\t\t\t\t\t\t\t\t\tAS replacedConfigurationId\n\t\t  ,PC.\"csexpimp1__guid__c\" \t\t\t\t\t\t\t\t\tAS guid\n\t\t  , sg.\"cssdm__solution_definition__c\" \t\t\t\t\t\t\t\t\t\t\t\tAS ComponentId\n\t\t  , '' \t\t\t\t\t\t\t\t\t\t\t\t\t\tAS relatedProductConfigurations\n\t\t  , 1 \t\t\t\t\t\t\t\t\t\t\t\t\t\tAS quantity\n\t\t  , pc.\"cscfga__Configuration_Status__c\" \t\t\t\t\tAS status\n\t\t  , row_number() over (partition by sg.\"solutiongroupid\") \tAS sequence\n--  into ods_stage_source.tgt_sf_json_solution\n\tfrom ods_stage_source.tgt_sf_pc pc \n\tjoin ods_stage_source.tgt_sf_json_solution_group sg\n\t\ton sg.\"solutiongroupid\" = pc.\"cssdm__solution_association__c\"\n\twhere sg.\"cssdm__solution_definition__c\" is not null\n\tand pc.\"pc_type\" IN ('Mobile Service', 'Mobile Device', 'Sharing Service')\n\tand pc.\"Id\" is not null\n\n--ALTER TABLE ods_stage_source.tgt_sf_json_solution owner to sh_mig_users;\n\n--select * from ods_stage_source.tgt_sf_json_solution","isFileList":false,"handleSpecialChars":false,"handleDecimalRoundOff":false,"frsAsset":false,"dynamicFileName":false,"excludeDynamicFileNameField":false,"currentlyProcessedFileName":false,"retainFieldMetadata":false,"objectName":"DUMMY_src_sf_json_solution","useExactSrcNames":false,"tgtObjectAttributes":{},"runtimeParameterData":{"@type":"mtTaskRuntimeParameterData","isConnectionRuntimeParameter":false,"isObjectRuntimeParameter":false},"overridableProperties":[],"overriddenFields":[]},{"@type":"mtTaskParameter","id":647597,"name":"$tgt_sf_json_solution$","type":"TARGET","label":"tgt_sf_json_solution","uiProperties":{"connectionParameterized":"false","objectParameterized":"false","visible":"false","defaultTargetUpdateColumns":"","supportApplyDDLChanges":"false","originalPath":"tgt_sf_json_solution"},"targetConnectionId":"@gbEqHgig3UYgrJMzU4lVau","targetObject":"ods_stage_source/TABLE/tgt_sf_json_solution","targetObjectLabel":"tgt_sf_json_solution","newFlatFile":false,"newObject":false,"showBusinessNames":false,"naturalOrder":true,"truncateTarget":false,"bulkApiDBTarget":false,"operationType":"Insert","customFuncCfg":{"@type":"customFuncConfig","id":-1,"connections":[],"inputMap":[],"outputFields":[]},"targetRefsV2":{},"targetUpdateColumns":[],"extendedObject":{"@type":"extendedObject","singleMode":true,"filters":[],"sortFields":[]},"runtimeAttrs":{},"isRESTModernSource":true,"isFileList":false,"handleSpecialChars":false,"handleDecimalRoundOff":false,"frsAsset":false,"dynamicFileName":false,"excludeDynamicFileNameField":false,"currentlyProcessedFileName":false,"retainFieldMetadata":false,"objectName":"ods_stage_source/TABLE/tgt_sf_json_solution","objectLabel":"tgt_sf_json_solution","useExactSrcNames":false,"tgtObjectAttributes":{},"runtimeParameterData":{"@type":"mtTaskRuntimeParameterData","isConnectionRuntimeParameter":false,"isObjectRuntimeParameter":false},"overridableProperties":[],"overriddenFields":[]}],"sequences":[],"inOutParameters":[],"connRuntimeAttrs":[]}]