[{"@type":"workflow","id":"@1","name":"tf_Service_Load","description":"**Prerequisite**  1. Main Service table load 2. Addon Service table load","maxLogs":10,"references":[{"@type":"reference","refObjectId":"@6twIawF7Z8OiX1loTUCom9","refType":"mtTask"},{"@type":"reference","refObjectId":"@0AjXPSe5XaGjdJU30PLhcX","refType":"mtTask"}],"tasks":[{"@type":"workflowTask","taskId":"@6twIawF7Z8OiX1loTUCom9","type":"MTT","name":"mt_cs_csord__Service__c","stopOnError":true,"stopOnWarning":true},{"@type":"workflowTask","taskId":"@0AjXPSe5XaGjdJU30PLhcX","type":"MTT","name":"mt_rep_csord__Service__c","stopOnError":false,"stopOnWarning":false}]}]