[{"@type":"workflow","id":"@1","name":"tf_PC_Reference","description":"**Prerequisite**  1. Main Service table load 2. Addon Service table load","maxLogs":10,"references":[{"@type":"reference","refObjectId":"@6XajFck6SG1bxBwdG0hWwx","refType":"mtTask"},{"@type":"reference","refObjectId":"@6y3NJoS8KFsloOsHy1FsYi","refType":"mtTask"}],"tasks":[{"@type":"workflowTask","taskId":"@6XajFck6SG1bxBwdG0hWwx","type":"MTT","name":"mt_tgt_PC_UPD_Parent_and_Root_ID","stopOnError":false,"stopOnWarning":false},{"@type":"workflowTask","taskId":"@6y3NJoS8KFsloOsHy1FsYi","type":"MTT","name":"mt_REP_PC_Parent_Root_linkage","stopOnError":false,"stopOnWarning":false}]}]