[{"@type":"mtTask","id":"@1","name":"mt_stg_sync_ebs_case","description":"","runtimeEnvironmentId":"@cUgvxjP6z42j5o2aizvbUV","maxLogs":10,"verbose":false,"mappingId":"@5PKyosRi160hOJWxU1CMea","frsGuid":"10WKShyDzsMh6YmN8CS0cm","shortDescription":"","sessionPropertiesList":[{"name":"Allow Temporary Sequence for Pushdown","value":"NO","recommended":false},{"name":"Allow Temporary View for Pushdown","value":"NO","recommended":false},{"name":"Pushdown Optimization","value":"None","recommended":false},{"name":"Pushdown Optimization Context","value":"None","recommended":false},{"name":"Run Only In Pushdown Mode","value":"NO","recommended":false}],"enableCrossSchemaPushdown":true,"enableParallelRun":false,"autoTunedApplied":false,"autoTunedAppliedType":"NONE","paramFileType":"PARAM_FILE_LOCAL","schemaMode":"async","valid":true,"schemaValidationErrorCount":-1,"parameterFileEncoding":"UTF-8","serverlessProperties":{},"taskProperties":[{"@type":"taskProperty","name":"parameterFileDir","currentValue":"","type":"STRING","label":"label.parameterFileDir","required":false},{"@type":"taskProperty","name":"parameterFileName","currentValue":"","type":"STRING","label":"label.parameterFileName","required":false}],"parameters":[{"@type":"mtTaskParameter","id":427140,"name":"$Source$","type":"SOURCE","label":"Source","uiProperties":{"connectionParameterized":"false","isSelectDistinct":"false","objectParameterized":"false","visible":"false","originalPath":"Source"},"sourceConnectionId":"@irZpk2lcq2Lh5v2PiTa4Q2","sourceObject":"DUMMY_Source","newFlatFile":false,"newObject":false,"showBusinessNames":false,"naturalOrder":true,"truncateTarget":false,"bulkApiDBTarget":false,"customFuncCfg":{"@type":"customFuncConfig","id":-1,"connections":[],"inputMap":[],"outputFields":[]},"targetRefsV2":{},"targetUpdateColumns":[],"runtimeAttrs":{},"isRESTModernSource":true,"customQuery":"WITH SR_TYPE AS (\nselect \nSR_TYPE.PARENT_SR_TYPE_ID,\nSR_TYPE.SR_TYPE_ID,\nSR_TYPE.FULL_NAME,\nSR_TYPE.SR_TYPE_NAME,\nsplit_part(SR_TYPE.FULL_NAME, '->', 1) AS SRC_CATEGORY,\nsplit_part(SR_TYPE.FULL_NAME, '->', 2) AS SRC_CATEGORY1,\nsplit_part(SR_TYPE.FULL_NAME, '->', 3) AS SRC_CATEGORY2,\nCASE \n              WHEN SR_TYPE.PARENT_SR_TYPE_ID IN(174,344,335,402,403,404,32)  AND SR_TYPE.SR_TYPE_ID NOT IN (208,234,265,269,367,382,407,412,39,40,41) \n              THEN 'General Queries or Contact Update'\n              WHEN (SR_TYPE.PARENT_SR_TYPE_ID IN (208,234,265,273,292,323,403)  OR SR_TYPE.SR_TYPE_ID IN(194,313)) \n              AND SR_TYPE.SR_TYPE_ID  NOT IN (238,252,253,254,255,256,257,259,258) \n              THEN 'Service Modification Service Request' \n              WHEN  SR_TYPE.PARENT_SR_TYPE_ID IN (401,180) AND SR_TYPE.SR_TYPE_ID NOT IN (32,183,184,185,52) \n              THEN 'Billing Queries or Billing Account Updates'\n              --WHEN  SR_TYPE.PARENT_SR_TYPE_ID IN(1,153,320) OR SR_TYPE.SR_TYPE_ID IN (318,322)\n              WHEN (SR_TYPE.PARENT_SR_TYPE_ID IN (153,1,320) OR  SR_TYPE.SR_TYPE_ID IN(318,322)) AND SR_TYPE.SR_TYPE_ID NOT IN (196,197,198,199)\n              THEN 'Refund or Waiver Application'\n              WHEN  SR_TYPE.PARENT_SR_TYPE_ID IN (9,52) \n              THEN 'Dispute Resolution or KIV/Exclusion Request' \n              WHEN  SR_TYPE.PARENT_SR_TYPE_ID IN (234) AND SR_TYPE.SR_TYPE_ID IN (256,257,259,258,311)\n              THEN 'FE Appointment Scheduling'\n              WHEN  SR_TYPE.PARENT_SR_TYPE_ID IN (401) AND SR_TYPE.SR_TYPE_ID  IN (183,184,185)  \n              THEN 'Payment Application or Management'\n              WHEN  SR_TYPE.PARENT_SR_TYPE_ID IN(152)  \n              THEN 'Literature Request'\n              WHEN  SR_TYPE_NAME='Trouble Ticket' \n              THEN 'Customer Trouble Ticket' \n              ELSE NULL\nEND AS SR_RECORD_TYPE\nFROM MIG_ODS_DEV.STG_EBS_SR_TYPE SR_TYPE  \nWHERE SR_TYPE.SR_TYPE_ID IS NOT NULL AND SR_TYPE.STATE='A' \n)\n,ALL_REC_TYPE AS (\nSELECT \nSR.remedy_tt_id,\n'Medium' AS Case_Origin,\nCASE\n              WHEN SR.EXECUTER_ID IS NOT NULL AND SR_TYPE.SR_TYPE_ID <> 195\n             THEN O_SR.STAFF_NAME\n              WHEN SR.EXECUTER_ID IS NOT NULL AND SR_TYPE.SR_TYPE_ID <> 195\n              THEN O_TT.STAFF_NAME\n              ELSE 'Data Migration User'\nEND AS Owner_STAFF,\nCASE \n              WHEN  SR_TYPE.SR_RECORD_TYPE ='Customer Trouble Ticket' AND SR.remedy_tt_id IS NOT NULL\n              THEN 'Network Trouble Ticket' \n              ELSE SR_TYPE.SR_RECORD_TYPE\nEND AS SR_REC_TYPE,\nCASE \n                                           WHEN  SR_TYPE.SR_RECORD_TYPE ='Customer Trouble Ticket' AND SR.remedy_tt_id IS NOT NULL\n                                           THEN NULL\n              WHEN SRC_CAT.RECORDTYPE is not null \n              THEN TRIM(SRC_CAT.Target_Category)\nEND AS Category,\nTRIM(SRC_CAT.RECORDTYPE) AS SRC_RECORDTYPE,\nCASE \n                             WHEN  SR_TYPE.SR_RECORD_TYPE ='Customer Trouble Ticket' OR SR.remedy_tt_id IS NOT NULL              \n        THEN NULL\n                             WHEN SUB_CAT1.RECORDTYPE is not null AND SR_TYPE.SR_RECORD_TYPE NOT IN ('Customer Trouble Ticket')\n        THEN TRIM(SUB_CAT1.Target_subcat1)\nEND AS SUB_CATEGORY1,\nTRIM(SUB_CAT1.RECORDTYPE) AS RECORDTYPE1, ---sub categories grouped as all rectype except tt\nCASE \n    WHEN  SR_TYPE.SR_RECORD_TYPE ='Customer Trouble Ticket' OR SR.remedy_tt_id IS NOT NULL    \n    THEN   NULL        \n              WHEN SUB_CAT2.RECORDTYPE is not null AND SR_TYPE.SR_RECORD_TYPE NOT IN ('Customer Trouble Ticket')\n    THEN TRIM(SUB_CAT2.Target_subcat2)\nEND AS SUB_CATEGORY2,\nTRIM(SUB_CAT2.RECORDTYPE) AS RECORDTYPE2,\nCASE \n              WHEN SR_TYPE.SR_TYPE_ID NOT IN (195)\n              THEN TRIM(STAT_SR.Target_Value)\n              WHEN SR_TYPE.SR_TYPE_ID=195 \n              THEN TRIM(STAT_NTT.Target_Value)\nEND AS STATUS,\nCASE \n              WHEN SR_TYPE.SR_TYPE_ID NOT IN (195)\n              THEN TRIM(SUB_SR.Target_Value)\n              WHEN SR_TYPE.SR_TYPE_ID=195 \n              THEN TRIM(SUB_NTT.Target_Value)\nEND AS Sub_Status__c,\n'MEDIUM' AS Priority,\nCASE \n              WHEN SR_TYPE.SR_TYPE_ID <> 195\n              THEN SR.SUMMARY\n              WHEN SR_TYPE.SR_TYPE_ID=195 \n              THEN SR.SUBJECT\nEND AS Subject,\n'0' AS Is_Escalated,\nSR.SR_CUST_ID AS CUST_ID,\nCASE \n              WHEN SR_TYPE.SR_TYPE_ID <> 195\n              THEN SR.BASE_CONTACT_MAN_ID\n              ELSE SR.CONTACT_MAN_ID\nEND AS CONTACT_MAN_ID,\n--SuppliedEmail,\nCASE \n              WHEN SR_TYPE.SR_TYPE_ID <> 195\n              THEN CREATE_SR.STAFF_NAME\n              WHEN SR_TYPE.SR_TYPE_ID=195 \n              THEN CREATE_NTT.STAFF_NAME\nEND AS CREATE_STAFF,\nCASE \n              WHEN SR_TYPE.SR_TYPE_ID <> 195\n              THEN LAST_SR.STAFF_NAME \n              WHEN SR_TYPE.SR_TYPE_ID=195 \n              THEN LAST_NTT.STAFF_NAME\nEND AS LAST_STAFF,\nSR.CREATE_DATE AS CREATED_DATE,\nCASE  --Constraint has to be removed. Coz case can be in any state before its closed. Since we are pushing records both closed/non closed records - we should not update end date for a case\n              WHEN SR.STATUS_ID ='4' \n              THEN SR.LAST_UPDATED_DATE \n              ELSE NULL\nEND AS CLOSEDDATE,\nSR.SR_REQUEST_ID\nFROM MIG_ODS_DEV.STG_EBS_SR SR\nLEFT JOIN SR_TYPE ON SR.SR_TYPE_ID=SR_TYPE.SR_TYPE_ID\nLEFT JOIN mig_ods_dev.STG_BFM_STAFF O_SR ON SR.EXECUTER_ID =O_SR.STAFF_ID --Owner\nLEFT JOIN mig_ods_dev.STG_BFM_STAFF O_TT ON SR.EXECUTER_ID =O_TT.STAFF_ID --Owner\nLEFT JOIN mig_ods_dev.STG_BFM_STAFF CREATE_SR ON SR.CREATE_BY =CREATE_SR.STAFF_ID  --Creator\nLEFT JOIN mig_ods_dev.STG_BFM_STAFF CREATE_NTT ON SR.CREATE_BY =CREATE_NTT.STAFF_ID \nLEFT JOIN mig_ods_dev.STG_BFM_STAFF LAST_SR ON SR.LAST_UPDATED_BY =LAST_SR.STAFF_ID \nLEFT JOIN mig_ods_dev.STG_BFM_STAFF LAST_NTT ON SR.LAST_UPDATED_BY =LAST_NTT.STAFF_ID  --updator\nLEFT JOIN MIG_ODS_DEV.STG_SR_CAT_SUB_CAT_REFERENCE SRC_CAT ON TRIM(SR_TYPE.SRC_CATEGORY)=TRIM(SRC_CAT.source_category)  \nAND SR_TYPE.FULL_NAME=CONCAT_WS('->',SRC_CAT.source_category,SRC_CAT.source_subcat1,SRC_CAT.source_subcat2) AND SRC_CAT.RECORDTYPE IS NOT NULL\n\nLEFT JOIN MIG_ODS_DEV.STG_SR_CAT_SUB_CAT_REFERENCE SUB_CAT1 ON TRIM(SR_TYPE.SRC_CATEGORY1)=TRIM(SUB_CAT1.source_subcat1) \nAND SR_TYPE.FULL_NAME=CONCAT_WS('->',SUB_CAT1.source_category,SUB_CAT1.source_subcat1,SUB_CAT1.source_subcat2) AND SUB_CAT1.RECORDTYPE IS NOT NULL\n\nLEFT JOIN MIG_ODS_DEV.STG_SR_CAT_SUB_CAT_REFERENCE SUB_CAT2 ON TRIM(SR_TYPE.SRC_CATEGORY2)=TRIM(SUB_CAT2.source_subcat2) \nAND SR_TYPE.FULL_NAME=CONCAT_WS('->',SUB_CAT2.source_category,SUB_CAT2.source_subcat1,SUB_CAT2.source_subcat2) AND SUB_CAT2.RECORDTYPE IS NOT NULL\n\nLEFT JOIN MIG_ODS_DEV.STG_EBS_SR_STATUS STATUS ON SR.STATUS_ID=STATUS.STATUS_ID \nLEFT JOIN MIG_ODS_DEV.STG_SH_MASTER_LOV STAT_SR ON STATUS.STATUS_NAME=STAT_SR.SOURCE_VALUE AND STAT_SR.Target_API='Status'\nLEFT JOIN MIG_ODS_DEV.STG_SH_MASTER_LOV STAT_NTT ON STATUS.STATUS_NAME=STAT_NTT.SOURCE_VALUE AND STAT_NTT.Target_API='Status'\nLEFT JOIN MIG_ODS_DEV.STG_SH_MASTER_LOV SUB_SR ON STATUS.STATUS_NAME=SUB_SR.SOURCE_VALUE AND SUB_SR.Target_API='Sub_Status__c'\nLEFT JOIN MIG_ODS_DEV.STG_SH_MASTER_LOV SUB_NTT ON STATUS.STATUS_NAME=SUB_NTT.SOURCE_VALUE AND SUB_NTT.Target_API='Sub_Status__c'\n\nWHERE (SR_TYPE.PARENT_SR_TYPE_ID IN (1,9,32,52,152,153,180,208,234,265,273,292,320,323,335,344,401,402,403,404,174)\nOR SR_TYPE.SR_TYPE_ID=195)  \nAND COALESCE(SRC_CAT.SOURCE_CATEGORY,'Y') IS NOT NULL  \nAND COALESCE(SRC_CAT.target_subcat1,'Y')  NOT IN ('waiting for input from Business','Batch is part of phase 2','What is this? Change plan + SIM?')\nAND SR_TYPE.SR_RECORD_TYPE IS NOT NULL --added for siebel-1 rectype/sr_type_id=39 - 2/tgt_cat i/p-10\nAND SRC_CAT.TARGET_CATEGORY IS NOT NULL --added for tgt_Cat unavailability service modification -2\n                                              \n                                              \n)\n\n,KIV_EXCLUSION AS (\nSELECT SR.SR_REQUEST_ID,\nSRC_CAT.KIV_EXCLUSION_REASON  AS REASON_NAME,\nKIV_REASON_ID \nFRoM MIG_ODS_DEV.STG_EBS_SR SR \nLEFT JOIN SR_TYPE ON SR.SR_TYPE_ID=SR_TYPE.SR_TYPE_ID  \nLEFT JOIN MIG_ODS_DEV.STG_SR_CAT_SUB_CAT_REFERENCE SRC_CAT ON TRIM(SR_TYPE.SRC_CATEGORY)=TRIM(SRC_CAT.source_category)  \nAND SR_TYPE.FULL_NAME=CONCAT_WS('->',SRC_CAT.source_category,SRC_CAT.source_subcat1,SRC_CAT.source_subcat2) \nWHERE SRC_CAT.RECORDTYPE='Dispute Resolution or KIV/Exclusion Request'\n)\n,REFUND_LIT_BILL_DISPUT_GENERAL_PAY AS ( \nSELECT SR.SR_REQUEST_ID,\nCASE WHEN SR_TYPE.SR_RECORD_TYPE='Refund or Waiver Application' THEN (\nCASE WHEN SR.adjust_reason_id=sub_adjust.adjust_reason_id then\n(\n              case\n                             when trim(split_part(SR.ADJUST_REASON_NAME,'-',1)) <> sub_adjust.sub_adjust_reason_name \n                             then CONCAT_WS(' - ',trim(split_part(SR.ADJUST_REASON_NAME,'-',1)),sub_adjust.sub_adjust_reason_name)\n                             ELSE sub_adjust.sub_adjust_reason_name\n              END\n)\nELSE SR.ADJUST_REASON_NAME\nEND \n)\nEND AS Reason__c,\nCASE \n              WHEN SR_TYPE.SR_RECORD_TYPE IN ('Refund or Waiver Application','Dispute Resolution or KIV/Exclusion Request')\n              AND STATUS.STATUS_ID in(21,43,45,44,41,42,40,110,72,39,107,17,26)\n              THEN TRIM(SR_STATUS.Target_Value)\nEND AS SR_Status__c,\nCASE \n              WHEN SR_TYPE.SR_RECORD_TYPE IN ('Billing Queries or Billing Account Updates','Refund or Waiver Application')\n              AND STATUS.STATUS_ID in(21,43,45,44,41,42,40,110,72,39,107,17,26) THEN 'Y' ELSE 'N'\nEND AS Is_submitted_for_Approval__c,\n\nCASE \n              WHEN SR_TYPE.SR_RECORD_TYPE IN ('Billing Queries or Billing Account Updates') AND STATUS.status_name='CLOSED' AND SR.REJECT_FLAG='F' \n              THEN 'Y'              ELSE 'N' \nEND AS Waiver_Approved__c,\nCASE \n              WHEN SR_TYPE.SR_RECORD_TYPE ='Billing Queries or Billing Account Updates'\n              THEN SR.PAYMENT_AMOUNT\nEND AS Amount__c,\n\nCASE \n              WHEN SR_TYPE.SR_RECORD_TYPE ='Billing Queries or Billing Account Updates'\n              THEN SR.NBC_Due_Date\nEND AS NBC_Due_Date,\n\nCASE \n              WHEN SR_TYPE.SR_RECORD_TYPE ='Billing Queries or Billing Account Updates'\n              THEN SR.ASAP_Due_Date\nEND AS ASAP_Due_Date,\n              \nCASE \n              WHEN SR_TYPE.SR_RECORD_TYPE ='Billing Queries or Billing Account Updates'\n              THEN BILL.PRE_BALANCE\nEND AS Billing_Account_Balance__c,\n              \nCASE \n              WHEN SR_TYPE.SR_RECORD_TYPE ='Billing Queries or Billing Account Updates'\n              THEN BILL.BILL_NBR\nEND AS Invoice_Number__c,\n              \nCASE \n              WHEN SR_TYPE.SR_RECORD_TYPE ='Billing Queries or Billing Account Updates'\n              THEN BILL.DUE\nEND AS Invoice_Amount__c,\n              \nCASE \n              WHEN SR_TYPE.SR_RECORD_TYPE ='Billing Queries or Billing Account Updates'\n              THEN BILL.DUE_DATE\nEND AS Invoice_Due_Date__c,\nCASE \n              WHEN SR_TYPE.SR_RECORD_TYPE ='Billing Queries or Billing Account Updates'\n              THEN SR.PAYMENT_METHOD_NAME\nEND AS Payment_Profile__c,\nCASE     \n              WHEN SR_TYPE.SR_RECORD_TYPE='Dispute Resolution or KIV/Exclusion Request' \n              THEN SR.START_DATE \nEND AS KIV_Start_Date,\n              \nCASE     \n              WHEN SR_TYPE.SR_RECORD_TYPE='Dispute Resolution or KIV/Exclusion Request' \n              THEN SR.END_DATE\nEND AS KIV_END_DATE,\nCASE     \n              WHEN SR_TYPE.SR_RECORD_TYPE='Dispute Resolution or KIV/Exclusion Request' \n              THEN KIV.REASON_NAME\nEND AS KIV_Exclusion_Reason,\nCASE\n              WHEN SR_TYPE.SR_RECORD_TYPE IN ('Billing Queries or Billing Account Updates','General Queries or Contact Update',\n              'Dispute Resolution or KIV/Exclusion Request','Payment Application or Management','Literature Request')\n              THEN SR.SR_ACCT_ID\nEND AS ACCT_ID,\nCASE \n              WHEN SR_TYPE.SR_RECORD_TYPE='Refund or Waiver Application'\n              AND SR.REF_ID IS NOT NULL THEN 'Y' \n              ELSE 'N' \nEND AS Triggered_to_SAP,\nCASE \n              WHEN SR_TYPE.SR_RECORD_TYPE IN ('Literature Request','Billing Queries or Billing Account Updates','Refund or Waiver Application')\n              AND SR.CORR_TYPE_ID IN(1,2,3,4,5,6,7,8,9,10) AND SR.STATUS IN ('CLOSED') \n              THEN 'Y'\n              ELSE 'N'\nEND AS Triggered_to_BSCS\n\nFROM MIG_ODS_DEV.STG_EBS_SR SR\nLEFT JOIN SR_TYPE ON SR.SR_TYPE_ID=SR_TYPE.SR_TYPE_ID\nLEFT JOIN MIG_ODS_DEV.STG_EBS_SR_STATUS STATUS ON SR.STATUS_ID=STATUS.STATUS_ID \nLEFT JOIN MIG_ODS_DEV.STG_EBS_SR_BILL BILL ON SR.BILL_ID=BILL.BILL_ID\nLEFT JOIN KIV_EXCLUSION KIV ON SR.SR_REQUEST_ID=KIV.SR_REQUEST_ID\nLEFT JOIN MIG_ODS_DEV.STG_SH_MASTER_LOV SR_STATUS ON STATUS.STATUS_NAME=SR_STATUS.SOURCE_VALUE AND SR_STATUS.Target_API='SR_Status__c' \nLEFT JOIN MIG_ODS_DEV.STG_EBS_SUB_ADJUST_REASON sub_adjust ON SR.adjust_reason_id=sub_adjust.adjust_reason_id\n)\n,LT_PAYMENT AS (\nSELECT SR.SR_REQUEST_ID,\nCASE \n              WHEN SR_TYPE.SR_RECORD_TYPE IN ('Literature Request','Payment Application or Management')\n              THEN CORR1.REASON_NAME\nEND AS Rejection_Reason1,\nCASE \n              WHEN SR_TYPE.SR_RECORD_TYPE IN ('Literature Request','Payment Application or Management')\n              THEN CORR2.REASON_NAME\nEND AS Rejection_Reason2,\n\nCASE \n              WHEN SR_TYPE.SR_RECORD_TYPE='Literature Request' AND SR.CORR_TYPE_ID IN (2,6) \n              THEN SR.DEDUCTION_DATE\nEND AS Payment_Date,\nCASE \n              WHEN SR_TYPE.SR_RECORD_TYPE='Literature Request' AND SR.CORR_TYPE_ID  IN (2,6) \n              THEN SR.PAY_AMOUNT\nEND AS Payment_Amount__c,\nCASE \n              WHEN SR_TYPE.SR_RECORD_TYPE='Literature Request'  AND SR.CORR_TYPE_ID  IN (2,6) \n              THEN SR.PAY_AMOUNT\nEND AS Adjustment_Amount__c,\nCASE \n               WHEN SR_TYPE.SR_RECORD_TYPE='Payment Application or Management' AND SR.GIRO_SOURCE is not null\n              THEN BANK_NAME.BANK_NAME\nEND AS Bank_Name__c,\nCASE \n              WHEN SR_TYPE.SR_RECORD_TYPE='Literature Request'\n              THEN SR.SR_LT_CHEQUE_NUMBER\nEND AS Cheque_Number__c,\nCASE \n              WHEN SR_TYPE.SR_RECORD_TYPE='Literature Request' AND SR.SR_LT_CHEQUE_NUMBER IS NOT NULL \n              THEN SR.PAY_AMOUNT\nEND AS Cheque_Amount__c,\nCASE \n              WHEN SR_TYPE.SR_RECORD_TYPE='Payment Application or Management' AND SR.CREDIT_CARD_SOURCE is not null\n              THEN SR.ACCOUNT_NUMBER\nEND AS Credit_Card_Number__c,\nCASE \n              WHEN SR_TYPE.SR_RECORD_TYPE='Payment Application or Management' AND SR.CREDIT_CARD_SOURCE is not null\n              THEN SR.ACCOUNT_HOLD_NAME\nEND AS Card_Holder_Name__c,\nCASE \n              WHEN SR_TYPE.SR_RECORD_TYPE='Payment Application or Management' AND SR.CREDIT_CARD_SOURCE is not null\n              THEN TO_CHAR(CAST(SR.EXPIRY_DATE AS TIMESTAMP),'MM')\nEND AS Credit_Card_Expiry_Month__c,\nCASE \n              WHEN SR_TYPE.SR_RECORD_TYPE='Payment Application or Management' AND SR.CREDIT_CARD_SOURCE is not null\n              THEN TO_CHAR(CAST(SR.EXPIRY_DATE AS TIMESTAMP),'YYYY')\nEND AS Credit_Card_Expiry_Year__c,\nCASE \n              WHEN SR_TYPE.SR_RECORD_TYPE='Payment Application or Management' AND SR.CREDIT_CARD_SOURCE is not null\n              THEN SR.BANK_CARD_CODE\nEND AS Credit_Card_Type__c,\nCASE \n              WHEN SR_TYPE.SR_RECORD_TYPE='Payment Application or Management' AND SR.CREDIT_CARD_SOURCE is not null THEN (\n              CASE \n                             WHEN SR.CREDIT_CARD_SOURCE='1' THEN 'Bank'\n                             WHEN SR.CREDIT_CARD_SOURCE='2' THEN 'Bill Stub'\n                             WHEN SR.CREDIT_CARD_SOURCE='3' THEN 'Call-In'\n                             WHEN SR.CREDIT_CARD_SOURCE='4'  THEN 'Form' \n                             ELSE NULL \n              END)\nEND AS Credit_Card_Source,\nCASE \n              WHEN SR_TYPE.SR_RECORD_TYPE='Payment Application or Management' AND SR.CREDIT_CARD_SOURCE is not null\n              THEN SR.TOKEN_NO\nEND AS Token_Number__c,\nCASE \n              WHEN SR_TYPE.SR_RECORD_TYPE='Payment Application or Management' THEN\n              (\n                             CASE \n                                           WHEN SR.GIRO_STATE   IN ('A' ,'B') THEN 'Approved' \n                            WHEN SR.GIRO_STATE ='C' THEN 'Cancelled' \n                            WHEN SR.GIRO_STATE IN ('I','J') THEN 'Initiated' \n                             WHEN SR.GIRO_STATE ='O' THEN 'Open' \n              WHEN SR.GIRO_STATE ='P' THEN 'Pending' \n              WHEN SR.GIRO_STATE ='R' THEN 'Rejected' \n              WHEN SR.GIRO_STATE ='T' THEN 'Terminated' \n              ELSE  NULL \n                             END\n              )\nEND AS GIRO_STATUS,\nCASE \n              WHEN SR_TYPE.SR_RECORD_TYPE='Payment Application or Management'  AND SR.GIRO_SOURCE is not null\n              THEN SR.ACCOUNT_NUMBER\nEND AS Bank_Account_Number__c,\nCASE \n              WHEN SR_TYPE.SR_RECORD_TYPE='Payment Application or Management'  AND SR.GIRO_SOURCE is not null\n              THEN SR.ACCOUNT_HOLD_NAME\nEND AS Bank_Account_Holder_Name__c,\nCASE \n              WHEN SR_TYPE.SR_RECORD_TYPE='Payment Application or Management'  AND SR.GIRO_SOURCE is not null\n              THEN EXT.BANK_DESC\nEND AS Bank_Branch__c,\nCASE \n              WHEN SR_TYPE.SR_RECORD_TYPE='Payment Application or Management'  AND SR.GIRO_SOURCE is not null\n              THEN EXT.SWIFT_CODE\nEND AS SWIFT_Code__c,\nCASE \n              WHEN SR_TYPE.SR_RECORD_TYPE='Payment Application or Management' AND SR.GIRO_SOURCE is not null \n              THEN SR.APPLICATION_SEND_DATE\nEND AS Application_Sent_Date__c,\nCASE \n              WHEN SR_TYPE.SR_RECORD_TYPE='Payment Application or Management' AND SR.GIRO_SOURCE is not null \n              THEN SR.BANK_AUTHORISATION_DATE \nEND AS Bank_Authorisation_Date__c,\nCASE \n              WHEN SR_TYPE.SR_RECORD_TYPE='Payment Application or Management' AND SR.GIRO_SOURCE is not null \n              THEN SR.BANK_BATCH_NO\nEND AS Bank_Batch_Number__c,\nCASE \n              WHEN SR_TYPE.SR_RECORD_TYPE='Payment Application or Management' AND SR.GIRO_SOURCE is not null\n              THEN SR.BRANCH_CODE\nEND AS Bank_Code__c,\nCASE \n              WHEN SR_TYPE.SR_RECORD_TYPE='Payment Application or Management'\n              THEN SR.GIRO_SOURCE\nEND AS GIRO_SOURCE,\nCASE \n              WHEN SR_TYPE.SR_RECORD_TYPE='Payment Application or Management'\n              THEN SR.DEDUCTION_LIMIT\nEND AS PAYMENT_LIMIT,\nCASE \n              WHEN SR_TYPE.SR_RECORD_TYPE='Payment Application or Management'\n              THEN SR.ONLINE_REF_NUMBER\nEND AS ONLINE_REF_NUMBER,\nCASE \n              WHEN SR_TYPE.SR_RECORD_TYPE='Literature Request' \n              THEN BILL.DUE_DATE\nEND AS Bill_Due_Date__c\n              \nFROM MIG_ODS_DEV.STG_EBS_SR SR \nLEFT JOIN SR_TYPE ON SR.SR_TYPE_ID=SR_TYPE.SR_TYPE_ID\nLEFT JOIN MIG_ODS_DEV.STG_EBS_SR_CORE_REASON CORR1 ON SR.REJ_REASON_ONE=CORR1.CORR_REASON_ID \nLEFT JOIN MIG_ODS_DEV.STG_EBS_SR_CORE_REASON CORR2 ON SR.REJ_REASON_TWO=CORR2.CORR_REASON_ID \nLEFT JOIN MIG_ODS_DEV.STG_BANK BANK_NAME ON SR.SR_PAY_BANK_ID=BANK_NAME.BANK_ID\nLEFT JOIN MIG_ODS_DEV.STG_EBS_BANK_EXT EXT ON SR.SR_PAY_BANK_ID=EXT.BANK_ID\nLEFT JOIN MIG_ODS_DEV.STG_EBS_SR_BILL BILL ON CAST(SR.BILL_NBR AS BIGINT)=BILL.BILL_NBR\n)\n\n,REC_TT AS (\nSELECT SR.SR_REQUEST_ID,\nTRIM(RESOLUTION.TARGET_VALUE)  AS Resolution_Reason__c,  -- this is applicable for only TT records do we need add filter on SR_TYPE.SR_TYPE_ID=195\nCASE \n              WHEN NTT.STATUS IN ('CLOSED','CLEARED') \n              THEN NTT. RESOLUTION_DESC \nEND AS Resolution_Remarks__c,\nTRIM(LOV_PBM_CAT.Target_Value) AS Problem_Category__c,\nSR.remedy_tt_id AS SHARP_Trouble_Ticket_ID__c,\nNTT.STATUS AS SHARP_Trouble_Ticket_Status__c,\nCASE \n              WHEN SR.REMEDY_UPDATE_FLAG='1' then 'Y' \n              ELSE 'N' \nEND AS is_Escalated_to_SHARP__c\nFROM MIG_ODS_DEV.STG_EBS_SR SR LEFT JOIN SR_TYPE ON SR.SR_TYPE_ID=SR_TYPE.SR_TYPE_ID\nLEFT JOIN MIG_ODS_DEV.STG_EBS_SR_RESOLUTION_CODE RES ON SR.RESOLUTION_ID=RES.RESOLUTION_ID\nLEFT JOIN MIG_ODS_DEV.STG_SH_MASTER_LOV RESOLUTION ON  RES.RESOLUTION_NAME =RESOLUTION.SOURCE_VALUE AND RESOLUTION.Target_API='Resolution_Reason__c'\nLEFT JOIN MIG_ODS_DEV.STG_EBS_NTT NTT ON SR.remedy_tt_id=NTT.TT_ID\nLEFT JOIN MIG_ODS_DEV.STG_SH_MASTER_LOV LOV_PBM_CAT ON SR.PROBLEM_CLASS_NAME=LOV_PBM_CAT.SOURCE_VALUE \nWHERE SR_TYPE.SR_RECORD_TYPE='Customer Trouble Ticket' \n)\n,REC_NTT AS (\nSELECT SR.SR_REQUEST_ID,\nNTT.SOURCE AS Source__c,\nNTT.SOURCE AS Outage_ID__c, -- Applicable for NTT\nNTT.STATUS AS Outage_ID_Status__c,\nNTT.TICKET_TYPE AS Ticket_Type__c,\nCAST(NTT.EVENT_TIME  AS TIMESTAMP) AS EventTime__c,\nNTT.IMPACTED_PRODUCT AS Impacted_Product__c,\nNTT.TITLE AS Outage_Maintenance_Reason__c,\nNTT.TICKET_SUB_TYPE,\nCASE     \n              WHEN SR_TYPE.SR_RECORD_TYPE='Dispute Resolution or KIV/Exclusion Request' \n              THEN MAIN.Implementor_1_NAME\nEND AS Implementor_1,\nCASE     \n              WHEN SR_TYPE.SR_RECORD_TYPE='Dispute Resolution or KIV/Exclusion Request' \n              THEN MAIN.Implementor_2_NAME\nEND AS Implementor_2,\nCASE     \n              WHEN SR_TYPE.SR_RECORD_TYPE='Dispute Resolution or KIV/Exclusion Request' \n              THEN MAIN.REQUESTOR\nEND AS Maintenance_Requestor\nFROM MIG_ODS_DEV.STG_EBS_SR SR\nLEFT JOIN SR_TYPE ON SR.SR_TYPE_ID=SR_TYPE.SR_TYPE_ID\nLEFT JOIN MIG_ODS_DEV.STG_EBS_NTT NTT ON SR.remedy_tt_id=NTT.TT_ID\nLEFT JOIN MIG_ODS_DEV.stg_ebs_maintainence MAIN ON SR.SR_REQUEST_ID=MAIN.REQUEST_ID\n)\nSELECT \nALL_REC.SR_REQUEST_ID AS LEGACY_ID__C,\nALL_REC.SR_REQUEST_ID AS rela_request_id,\nALL_REC.Case_Origin,\nALL_REC.SR_REC_TYPE,\nCOALESCE(OWNR.\"Id\",DUSR.\"Id\") AS OwnerId,\nRECORD.\"Id\" AS RecordTypeId,\nALL_REC.Category  AS Category__c,\nALL_REC.SUB_CATEGORY1,\nALL_REC.SUB_CATEGORY2,\nALL_REC.STATUS,\nALL_REC.Sub_Status__c,\nALL_REC.Priority,\nALL_REC.Subject,\nALL_REC.Is_Escalated,\n--ALL_REC.CUST_ID,\n--ALL_REC.Contact_Name__c,\n--ALL_REC.SuppliedEmail,\nCOALESCE(CTE.\"Id\",DUSR.\"Id\") AS CreatedById,\nCOALESCE(LTE.\"Id\",DUSR.\"Id\") AS LastModifiedById,\nACCT.\"Id\" AS AccountId,\nBA.\"Id\" AS Billing_Account_CS__c,\nCONTACT.\"Id\" AS Contact_Name__c,\nALL_REC.CREATED_DATE,\nALL_REC.CLOSEDDATE, --Constraint has to be removed. Coz case can be in any state before its closed.Since we are pushing records both closed/non closed records-weshould \nREF_LIT.SR_Status__c,\nREF_LIT.Is_submitted_for_Approval__c,\nREF_LIT.Waiver_Approved__c,\nREF_LIT.Amount__c,\nREF_LIT.NBC_Due_Date,\nREF_LIT.ASAP_Due_Date,\nREF_LIT.Billing_Account_Balance__c,\nREF_LIT.Invoice_Number__c,\nREF_LIT.Invoice_Amount__c,\nREF_LIT.Invoice_Due_Date__c,\nREF_LIT.Payment_Profile__c,\nREF_LIT.KIV_Start_Date,\nREF_LIT.KIV_END_DATE,\nREF_LIT.KIV_Exclusion_Reason,\n--REF_LIT.Billing_Account_CS__c,\nREF_LIT.Triggered_to_SAP,\nREF_LIT.Triggered_to_BSCS,\nLT_PAY.Rejection_Reason1,\nLT_PAY.Rejection_Reason2,\nLT_PAY.Payment_Date,\nLT_PAY.Payment_Amount__c,\nLT_PAY.Adjustment_Amount__c,\nLT_PAY.Bank_Name__c,\nLT_PAY.Cheque_Number__c,\nLT_PAY.Cheque_Amount__c,\nLT_PAY.Credit_Card_Number__c,\nLT_PAY.Card_Holder_Name__c,\nLT_PAY.Credit_Card_Expiry_Month__c,\nLT_PAY.Credit_Card_Expiry_Year__c,\nLT_PAY.Credit_Card_Type__c,\nLT_PAY.Credit_Card_Source,\nLT_PAY.Bank_Branch__c,\nLT_PAY.Token_Number__c,\nLT_PAY.GIRO_STATUS,\nLT_PAY.Bank_Account_Number__c,\nLT_PAY.Bank_Account_Holder_Name__c,\nLT_PAY.SWIFT_Code__c,\nLT_PAY.Application_Sent_Date__c,\nLT_PAY.Bank_Authorisation_Date__c,\nLT_PAY.Bank_Batch_Number__c,\nLT_PAY.Bank_Code__c,\nLT_PAY.GIRO_SOURCE,\nLT_PAY.PAYMENT_LIMIT,\nLT_PAY.ONLINE_REF_NUMBER,\nCOALESCE(NTT.Source__c,'NA') AS Source__c,\nCOALESCE(NTT.Outage_ID__c,'NA')Outage_ID__c,\nCOALESCE(NTT.Outage_ID_Status__c,'NA')Outage_ID_Status__c,\nCOALESCE(NTT.Ticket_Type__c,'NA') AS Ticket_Type__c,\nCOALESCE(NTT.EventTime__c,CURRENT_TIMESTAMP) AS EventTime__c,\nNTT.Impacted_Product__c,\nNTT.Outage_Maintenance_Reason__c,\nNTT.TICKET_SUB_TYPE,\nNTT.Implementor_1,\nNTT.Implementor_2,\nNTT.Maintenance_Requestor,\nTT.Resolution_Reason__c,  \nTT.Resolution_Remarks__c,\nTT.Problem_Category__c,\nTT.SHARP_Trouble_Ticket_ID__c,\nTT.SHARP_Trouble_Ticket_Status__c,\nTT.is_Escalated_to_SHARP__c,\nREF_LIT.Reason__c,\nLT_PAY.Bill_Due_Date__c\nFROM ALL_REC_TYPE ALL_REC LEFT JOIN \nREFUND_LIT_BILL_DISPUT_GENERAL_PAY REF_LIT ON ALL_REC.SR_REQUEST_ID=REF_LIT.SR_REQUEST_ID\nLEFT JOIN LT_PAYMENT LT_PAY ON ALL_REC.SR_REQUEST_ID=LT_PAY.SR_REQUEST_ID\nLEFT JOIN REC_NTT NTT ON ALL_REC.SR_REQUEST_ID=NTT.SR_REQUEST_ID\nLEFT JOIN REC_TT TT  ON ALL_REC.SR_REQUEST_ID=TT.SR_REQUEST_ID\n\n\nLEFT JOIN MIG_ODS_DEV.SF_RECORDTYPE RECORD ON ALL_REC.SR_REC_TYPE=RECORD.\"Name\"\nLEFT JOIN MIG_ODS_DEV.SF_RECORDTYPE CATG ON ALL_REC.SRC_RECORDTYPE=CATG.\"Name\" \nLEFT JOIN MIG_ODS_DEV.SF_RECORDTYPE SUBCAT1 ON ALL_REC.RECORDTYPE1=SUBCAT1.\"Name\"\nLEFT JOIN MIG_ODS_DEV.SF_RECORDTYPE SUBCAT2 ON ALL_REC.RECORDTYPE2=SUBCAT2.\"Name\"\nLEFT JOIN MIG_ODS_DEV.SF_ACCOUNT ACCT ON ALL_REC.CUST_ID=CAST (ACCT.\"Legacy_Id__c\" AS INTEGER)\nLEFT JOIN MIG_ODS_DEV.\"sf_csconta__Billing_Account__c\" BA ON REF_LIT.ACCT_ID=CAST (BA.\"Legacy_Id__c\" AS INTEGER)\nLEFT JOIN MIG_ODS_DEV.SF_CONTACT CONTACT ON ALL_REC.CONTACT_MAN_ID=CAST (CONTACT.\"Legacy_Id__c\" AS INTEGER)\nLEFT JOIN (SELECT \"Id\",\"Name\" FROM (SELECT \"Id\", UPPER(TRIM(\"Name\")) AS \"Name\",\nROW_NUMBER() OVER (PARTITION BY UPPER(TRIM(\"Name\")) ORDER BY \"IsActive\" DESC ) AS RNK\nFROM MIG_ODS_DEV.SF_USER) A WHERE RNK=1) OWNR ON upper(ALL_REC.Owner_STAFF)=upper(OWNR.\"Name\")\n\nLEFT JOIN (SELECT \"Id\",\"Name\" FROM (SELECT \"Id\", UPPER(TRIM(\"Name\")) AS \"Name\",\nROW_NUMBER() OVER (PARTITION BY UPPER(TRIM(\"Name\")) ORDER BY \"IsActive\" DESC ) AS RNK\nFROM MIG_ODS_DEV.SF_USER) A WHERE RNK=1) CTE ON upper(ALL_REC.CREATE_STAFF)=upper(CTE.\"Name\")\n\nLEFT JOIN (SELECT \"Id\",\"Name\" FROM (SELECT \"Id\", UPPER(TRIM(\"Name\")) AS \"Name\",\nROW_NUMBER() OVER (PARTITION BY UPPER(TRIM(\"Name\")) ORDER BY \"IsActive\" DESC ) AS RNK\nFROM MIG_ODS_DEV.SF_USER) A WHERE RNK=1) LTE ON upper(ALL_REC.LAST_STAFF)=upper(LTE.\"Name\")\n\nLEFT JOIN MIG_ODS_DEV.SF_USER DUSR ON upper(DUSR.\"Name\")=UPPER('Data Migration User')\n\nGROUP BY LEGACY_ID__C,\nrela_request_id,\nALL_REC.Case_Origin,\nALL_REC.SR_REC_TYPE,\nOwnerId,\nRecordTypeId,\nCategory__c,\nALL_REC.SUB_CATEGORY1,\nALL_REC.SUB_CATEGORY2,\nALL_REC.STATUS,\nALL_REC.Sub_Status__c,\nALL_REC.Priority,\nALL_REC.Subject,\nALL_REC.Is_Escalated,\nCreatedById,\nLastModifiedById,\nAccountId,\nBilling_Account_CS__c,\nContact_Name__c,\nALL_REC.CREATED_DATE,\nALL_REC.CLOSEDDATE, --Constraint has to be removed. Coz case can be in any state before its closed.Since we are pushing records both closed/non closed records-weshould \nREF_LIT.SR_Status__c,\nREF_LIT.Is_submitted_for_Approval__c,\nREF_LIT.Waiver_Approved__c,\nREF_LIT.Amount__c,\nREF_LIT.NBC_Due_Date,\nREF_LIT.ASAP_Due_Date,\nREF_LIT.Billing_Account_Balance__c,\nREF_LIT.Invoice_Number__c,\nREF_LIT.Invoice_Amount__c,\nREF_LIT.Invoice_Due_Date__c,\nREF_LIT.Payment_Profile__c,\nREF_LIT.KIV_Start_Date,\nREF_LIT.KIV_END_DATE,\nREF_LIT.KIV_Exclusion_Reason,\n--REF_LIT.Billing_Account_CS__c,\nREF_LIT.Triggered_to_SAP,\nREF_LIT.Triggered_to_BSCS,\nLT_PAY.Rejection_Reason1,\nLT_PAY.Rejection_Reason2,\nLT_PAY.Payment_Date,\nLT_PAY.Payment_Amount__c,\nLT_PAY.Adjustment_Amount__c,\nLT_PAY.Bank_Name__c,\nLT_PAY.Cheque_Number__c,\nLT_PAY.Cheque_Amount__c,\nLT_PAY.Credit_Card_Number__c,\nLT_PAY.Card_Holder_Name__c,\nLT_PAY.Credit_Card_Expiry_Month__c,\nLT_PAY.Credit_Card_Expiry_Year__c,\nLT_PAY.Credit_Card_Type__c,\nLT_PAY.Credit_Card_Source,\nLT_PAY.Bank_Branch__c,\nLT_PAY.Token_Number__c,\nLT_PAY.GIRO_STATUS,\nLT_PAY.Bank_Account_Number__c,\nLT_PAY.Bank_Account_Holder_Name__c,\nLT_PAY.SWIFT_Code__c,\nLT_PAY.Application_Sent_Date__c,\nLT_PAY.Bank_Authorisation_Date__c,\nLT_PAY.Bank_Batch_Number__c,\nLT_PAY.Bank_Code__c,\nLT_PAY.GIRO_SOURCE,\nLT_PAY.PAYMENT_LIMIT,\nLT_PAY.ONLINE_REF_NUMBER,\nNTT.Source__c,\nNTT.Outage_ID__c,\nNTT.Outage_ID_Status__c,\nNTT.Ticket_Type__c,\nNTT.EventTime__c,\nNTT.Impacted_Product__c,\nNTT.Outage_Maintenance_Reason__c,\nNTT.TICKET_SUB_TYPE,\nNTT.Implementor_1,\nNTT.Implementor_2,\nNTT.Maintenance_Requestor,\nTT.Resolution_Reason__c,  \nTT.Resolution_Remarks__c,\nTT.Problem_Category__c,\nTT.SHARP_Trouble_Ticket_ID__c,\nTT.SHARP_Trouble_Ticket_Status__c,\nTT.is_Escalated_to_SHARP__c,\nREF_LIT.Reason__c,\nLT_PAY.Bill_Due_Date__c","isFileList":false,"handleSpecialChars":false,"handleDecimalRoundOff":false,"frsAsset":false,"dynamicFileName":false,"excludeDynamicFileNameField":false,"currentlyProcessedFileName":false,"retainFieldMetadata":false,"objectName":"DUMMY_Source","useExactSrcNames":false,"tgtObjectAttributes":{},"runtimeParameterData":{"@type":"mtTaskRuntimeParameterData","isConnectionRuntimeParameter":false,"isObjectRuntimeParameter":false},"overridableProperties":[],"overriddenFields":[]},{"@type":"mtTaskParameter","id":427141,"name":"$Target$","type":"TARGET","label":"Target","uiProperties":{"connectionParameterized":"false","objectParameterized":"false","visible":"false","defaultTargetUpdateColumns":"","supportApplyDDLChanges":"false","originalPath":"Target"},"targetConnectionId":"@irZpk2lcq2Lh5v2PiTa4Q2","targetObject":"mig_ods_dev/TABLE/sync_ebs_case","targetObjectLabel":"sync_ebs_case","newFlatFile":false,"newObject":false,"showBusinessNames":false,"naturalOrder":true,"truncateTarget":false,"bulkApiDBTarget":false,"operationType":"Insert","customFuncCfg":{"@type":"customFuncConfig","id":-1,"connections":[],"inputMap":[],"outputFields":[]},"targetRefsV2":{},"targetUpdateColumns":[],"extendedObject":{"@type":"extendedObject","singleMode":true,"filters":[],"sortFields":[]},"runtimeAttrs":{},"isRESTModernSource":true,"isFileList":false,"handleSpecialChars":false,"handleDecimalRoundOff":false,"frsAsset":false,"dynamicFileName":false,"excludeDynamicFileNameField":false,"currentlyProcessedFileName":false,"retainFieldMetadata":false,"objectName":"mig_ods_dev/TABLE/sync_ebs_case","objectLabel":"sync_ebs_case","useExactSrcNames":false,"tgtObjectAttributes":{},"runtimeParameterData":{"@type":"mtTaskRuntimeParameterData","isConnectionRuntimeParameter":false,"isObjectRuntimeParameter":false},"overridableProperties":[],"overriddenFields":[]}],"sequences":[],"inOutParameters":[],"connRuntimeAttrs":[]}]