[{"@type":"workflow","id":"@1","name":"tf_JSON_PC","maxLogs":10,"references":[{"@type":"reference","refObjectId":"@0wAOUpaH0qQjpqyY9z83KA","refType":"mtTask"},{"@type":"reference","refObjectId":"@7tBXTOpOiX6lT1fZitnZGr","refType":"mtTask"},{"@type":"reference","refObjectId":"@kmDZJ05O5aKgssdESrA3Ox","refType":"mtTask"},{"@type":"reference","refObjectId":"@a8D0fS5VxTLbBKRtDvVMYK","refType":"mtTask"}],"tasks":[{"@type":"workflowTask","taskId":"@0wAOUpaH0qQjpqyY9z83KA","type":"MTT","name":"mt_tgt_sf_json_pc","stopOnError":true,"stopOnWarning":false},{"@type":"workflowTask","taskId":"@7tBXTOpOiX6lT1fZitnZGr","type":"MTT","name":"mt_tgt_sf_json_pc_attr","stopOnError":true,"stopOnWarning":false},{"@type":"workflowTask","taskId":"@kmDZJ05O5aKgssdESrA3Ox","type":"MTT","name":"mt_tgt_sf_json_pc_attr_field","stopOnError":true,"stopOnWarning":false},{"@type":"workflowTask","taskId":"@a8D0fS5VxTLbBKRtDvVMYK","type":"MTT","name":"mt_Json_pc","stopOnError":true,"stopOnWarning":false}]}]