[{"@type":"mappingTemplate","id":"@1","name":"m_Json_PC_OE_BWB","description":"","bundleVersion":"0","templateId":"@3","deployTime":1677752043000,"hasParameters":false,"valid":true,"fixedConnection":true,"hasParametersDeployed":false,"fixedConnectionDeployed":true,"isSchemaValidationEnabled":false,"tasks":1,"mappingPreviewFileRecordId":"@2","documentType":"MAPPING","references":[{"@type":"reference","refObjectId":"@aB0RS0OLL8Qfx663HbH2aP","refType":"hschema"},{"@type":"reference","refObjectId":"@77NFv2hYNvXghTQgKlg2Uu","refType":"hschema"},{"@type":"reference","refObjectId":"@gbEqHgig3UYgrJMzU4lVau","refType":"connection"}]}]