[{"@type":"mappingTemplate","id":"@1","name":"m_restV2_api_webservice_iics_req_res_json","description":"","bundleVersion":"0","templateId":"@3","deployTime":1673539825000,"hasParameters":false,"valid":true,"fixedConnection":true,"hasParametersDeployed":false,"fixedConnectionDeployed":true,"isSchemaValidationEnabled":false,"tasks":1,"mappingPreviewFileRecordId":"@2","documentType":"MAPPING","references":[{"@type":"reference","refObjectId":"@blAh2Y59TszhJGqDJLBYGD","refType":"businessService"},{"@type":"reference","refObjectId":"@blAh2Y59TszhJGqDJLBYGD@iics_test","refType":"businessOperation"},{"@type":"reference","refObjectId":"@irZpk2lcq2Lh5v2PiTa4Q2","refType":"connection"}]}]