[{"@type":"mtTask","id":"@1","name":"mt_stg_sap_main_service_2","description":"","runtimeEnvironmentId":"@cUgvxjP6z42j5o2aizvbUV","maxLogs":10,"verbose":false,"mappingId":"@a4vur5LaT1wfJHPLWTboqP","frsGuid":"bpvz9gBHHmcdTOXEye89Om","shortDescription":"","sessionPropertiesList":[{"name":"Allow Temporary Sequence for Pushdown","value":"NO","recommended":false},{"name":"Allow Temporary View for Pushdown","value":"NO","recommended":false},{"name":"Pushdown Optimization","value":"None","recommended":false},{"name":"Pushdown Optimization Context","value":"None","recommended":false},{"name":"Run Only In Pushdown Mode","value":"NO","recommended":false}],"enableCrossSchemaPushdown":true,"enableParallelRun":false,"autoTunedApplied":false,"autoTunedAppliedType":"NONE","paramFileType":"PARAM_FILE_LOCAL","schemaMode":"async","valid":true,"schemaValidationErrorCount":-1,"parameterFileEncoding":"UTF-8","serverlessProperties":{},"taskProperties":[{"@type":"taskProperty","name":"parameterFileDir","currentValue":"","type":"STRING","label":"label.parameterFileDir","required":false},{"@type":"taskProperty","name":"parameterFileName","currentValue":"","type":"STRING","label":"label.parameterFileName","required":false}],"parameters":[{"@type":"mtTaskParameter","id":1311680,"name":"$SAP$","type":"SOURCE","label":"SAP","uiProperties":{"connectionParameterized":"false","isSelectDistinct":"false","objectParameterized":"false","visible":"false","originalPath":"SAP"},"sourceConnectionId":"@0aa38HfbIjadqoKlbnU14y","sourceObject":"DUMMY_SAP","newFlatFile":false,"newObject":false,"showBusinessNames":false,"naturalOrder":true,"truncateTarget":false,"bulkApiDBTarget":false,"customFuncCfg":{"@type":"customFuncConfig","id":-1,"connections":[],"inputMap":[],"outputFields":[]},"targetRefsV2":{},"targetUpdateColumns":[],"runtimeAttrs":{},"isRESTModernSource":true,"customQuery":"WITH MSERV AS (select ms.*,\n\t\t\t\tCASE \n\t\t\t   \t\tWHEN ms.agreement_limit in ('1','12','24','36') THEN ms.agreement_limit\n\t\t\t\t\tELSE 'Others'\n\t\t\t\tEND as contract_terms\n\n\t\t\tfrom stg_ebs_main_service ms\n)\n\nselect\ncp.cspmb__product_definition_name__c \tAS product_definition_name\n,cp.cspmb__product_definition_id \t   \tAS Product_Definition_ID\n,cp.Id \t\t\t\t\t\t\t\t\tAS commercial_product_id\n,cp.Name \t\t\t\t\t\t\t\tAS commercial_product_name\n,cp.cspmb__master_price_item__c \t\tAS master_commercial_product_name\n,cp.product_category \t\t\t\t\tAS SERV_TYPE\n,cp.Plan__c \t\t\t\t\t\t\tAS Plan\n,MSERV.COMPLETED_DATE \t\t\t\t\tAS activation_date\n,MSERV.PROD_STATE\t\t\t\t\t\tAS status\n,MSERV.PROD_TYPE \t\t\t\t\t\tAS PROD_TYPE\n,MSERV.AGREEMENT_EFF_DATE \t\t\t\tAS Contract_start_date\n,MSERV.AGREEMENT_EXP_DATE \t\t\t\tAS Contract_end_date\n,MSERV.AGREEMENT_TIME_UNIT \t\t\t\tAS AGREEMENT_TIME_UNIT\n,CAST(MSERV.AGREEMENT_LIMIT\tAS INT)\t\tAS AGREEMENT_LIMIT\n,MSERV.CONTRACT_TERMS \t\t\t\t\tAS CONTRACT_TERMS\n,MSERV.DOMAIN_NAME\t\t\t\t\t\tAS DOMAIN\n,CAST(MSERV.QUANTITY AS INT)            AS QUANTITY\n,MSERV.TOTAL_QUANTITY \t\t\t\t\tAS TOTAL_QUANTITY\n,CAST(MSERV.OTC_LIST_PRICE AS DECIMAL)\tAS OTC_LIST_PRICE\n,CAST(MSERV.MRC_LIST_PRICE AS DECIMAL)\tAS MRC_LIST_PRICE\n,MSERV.PROD_ID \t\t\t\t\t\t\tAS prod_id\n,CAST(MSERV.OTC_LIST_PRICE AS DECIMAL)\tAS OTC_SALES_PRICE\n,CAST(MSERV.MRC_LIST_PRICE AS DECIMAL) \tAS MRC_SALES_PRICE\n,MSERV.OFFER_ID                         AS OFFER_ID\n\n,ACCT.ownerid\t\t\t\t\t\tAS Account_manager\n,ACCT.Id\t\t\t\t\t\t\t\tAS SF_CUST_ID\n,BILL_ACCOUNT.Id\t\t\t\t\t\tAS SF_ACCT_ID\n\nfrom MSERV\nleft join offer_cp_map cp on MSERV.subs_plan_offer_name = cp.plan__c\nand MSERV.contract_terms = cp.contract_term__c\nand cp.cspmb__billing_frequency__c = (CASE \n\t\t\t\t\t\t\t\t\t\t\t   \t\tWHEN MSERV.agreement_time_unit = 'M' THEN 'Monthly'\n\t\t\t\t\t\t\t\t\t\t\t   \t\tELSE 'Annual'\n\t\t\t\t\t\t\t\t\t\t\t    END)\nand cp.cspmb__billing_frequency__c <> 'POC'\n\nLEFT JOIN sf_account ACCT\n\tON ACCT.Legacy_Id__c = CAST(MSERV.cust_id  as varchar(100))\nLEFT JOIN sf_csconta__Billing_Account__c BILL_ACCOUNT\n\tON BILL_ACCOUNT.Legacy_Id__c = CAST(MSERV.acct_id  as varchar(100))\t\t\nwhere prod_type = 'M365'","isFileList":false,"handleSpecialChars":false,"handleDecimalRoundOff":false,"frsAsset":false,"dynamicFileName":false,"excludeDynamicFileNameField":false,"currentlyProcessedFileName":false,"retainFieldMetadata":false,"objectName":"DUMMY_SAP","useExactSrcNames":false,"tgtObjectAttributes":{},"runtimeParameterData":{"@type":"mtTaskRuntimeParameterData","isConnectionRuntimeParameter":false,"isObjectRuntimeParameter":false},"overridableProperties":[],"overriddenFields":[]},{"@type":"mtTaskParameter","id":1311681,"name":"$Target$","type":"TARGET","label":"Target","uiProperties":{"connectionParameterized":"false","objectParameterized":"false","visible":"false","defaultTargetUpdateColumns":"","supportApplyDDLChanges":"false","originalPath":"Target"},"targetConnectionId":"@0aa38HfbIjadqoKlbnU14y","targetObject":"p1_mit/TABLE/stg_sap_main_service_2","targetObjectLabel":"stg_sap_main_service_2","newFlatFile":false,"newObject":false,"showBusinessNames":false,"naturalOrder":true,"truncateTarget":false,"bulkApiDBTarget":false,"operationType":"Insert","customFuncCfg":{"@type":"customFuncConfig","id":-1,"connections":[],"inputMap":[],"outputFields":[]},"targetRefsV2":{},"targetUpdateColumns":[],"extendedObject":{"@type":"extendedObject","singleMode":true,"filters":[],"sortFields":[]},"runtimeAttrs":{},"isRESTModernSource":true,"isFileList":false,"handleSpecialChars":false,"handleDecimalRoundOff":false,"frsAsset":false,"dynamicFileName":false,"excludeDynamicFileNameField":false,"currentlyProcessedFileName":false,"retainFieldMetadata":false,"objectName":"p1_mit/TABLE/stg_sap_main_service_2","objectLabel":"stg_sap_main_service_2","useExactSrcNames":false,"tgtObjectAttributes":{},"runtimeParameterData":{"@type":"mtTaskRuntimeParameterData","isConnectionRuntimeParameter":false,"isObjectRuntimeParameter":false},"overridableProperties":[],"overriddenFields":[]}],"sequences":[],"inOutParameters":[],"connRuntimeAttrs":[]}]