[{"@type":"mtTask","id":"@1","name":"mt_stg_sap_main_service_2","description":"exprt tst","autoExpireObject":false,"runtimeEnvironmentId":"@cUgvxjP6z42j5o2aizvbUV","maxLogs":10,"verbose":false,"lastRunTime":1733218766000,"mappingId":"@a4vur5LaT1wfJHPLWTboqP","frsGuid":"bpvz9gBHHmcdTOXEye89Om","shortDescription":"exprt tst","sessionPropertiesList":[{"name":"Allow Temporary Sequence for Pushdown","value":"NO","recommended":false},{"name":"Allow Temporary View for Pushdown","value":"NO","recommended":false},{"name":"Pushdown Optimization","value":"None","recommended":false},{"name":"Pushdown Optimization Context","value":"None","recommended":false},{"name":"Run Only In Pushdown Mode","value":"NO","recommended":false}],"hidden":false,"enableCrossSchemaPushdown":true,"enableParallelRun":false,"autoTunedApplied":false,"autoTunedAppliedType":"NONE","paramFileType":"PARAM_FILE_LOCAL","schemaMode":"async","valid":true,"schemaValidationErrorCount":-1,"parameterFileEncoding":"UTF-8","serverlessProperties":{},"taskProperties":[{"@type":"taskProperty","name":"parameterFileDir","currentValue":"","type":"STRING","label":"label.parameterFileDir","required":false},{"@type":"taskProperty","name":"parameterFileName","currentValue":"","type":"STRING","label":"label.parameterFileName","required":false},{"@type":"taskProperty","name":"outboundMessageUrlQueueTime","currentValue":"","type":"NUMBER","label":"label.outboundMessageUrlQueueTime","required":false},{"@type":"taskProperty","name":"outboundMessageUrlToken","currentValue":"","type":"STRING","label":"label.outboundMessageUrlToken","required":false}],"optimizationPlan":"NONE","isMidstreamPreview":false,"parameters":[{"@type":"mtTaskParameter","id":3915357,"name":"$M365$","type":"SOURCE","label":"M365","uiProperties":{"connectionParameterized":"false","isSelectDistinct":"false","objectParameterized":"false","visible":"false","originalPath":"M365"},"sourceConnectionId":"@0aa38HfbIjadqoKlbnU14y","sourceObject":"DUMMY_M365","newFlatFile":false,"newObject":false,"showBusinessNames":false,"naturalOrder":true,"truncateTarget":false,"bulkApiDBTarget":false,"customFuncCfg":{"@type":"customFuncConfig","id":-1,"connections":[],"inputMap":[],"outputFields":[]},"targetRefsV2":{},"targetUpdateColumns":[],"runtimeAttrs":{},"isRESTModernSource":true,"customQuery":"WITH M365 AS (SELECT MS.*,\n\t\t\t\tCASE WHEN MS.AGREEMENT_LIMIT IN ('1','12','24','36') THEN MS.AGREEMENT_LIMIT ELSE 'Others' END \tAS CONTRACT_TERMS,\n\t\t\t\tCASE WHEN MS.AGREEMENT_TIME_UNIT ='M' THEN 'Monthly' ELSE 'Annual' END \t\t\t\t\t\t\tAS BILLING_FREQUENCY\n\t\t\tFROM STG_SAP_MAIN_SERVICE MS\n)\n\nSELECT DISTINCT\n\n--Product Mapping Filters\n M365.SUBS_PLAN_OFFER_NAME\t\t\t\tAS PLAN\n,M365.CONTRACT_TERMS \t\t\t\t\tAS CP_CONTRACT_TERM__C\n,M365.BILLING_FREQUENCY \t\t\t\tAS BILLING_FREQUENCY\n\n--\n,M365.COMPLETED_DATE \t\t\t\t\tAS ACTIVATION_DATE\n,M365.PROD_STATE\t\t\t\t\t\tAS STATUS\n,M365.PROD_TYPE \t\t\t\t\t\tAS PROD_TYPE\n,M365.AGREEMENT_EFF_DATE \t\t\t\tAS CONTRACT_START_DATE\n,M365.AGREEMENT_EXP_DATE \t\t\t\tAS CONTRACT_END_DATE\n,M365.CONTRACT_TERMS \t\t\t\t\tAS CONTRACT_TERMS\n,M365.AGREEMENT_TIME_UNIT \t\t\t\tAS AGREEMENT_TIME_UNIT\n,M365.AGREEMENT_LIMIT\t\t\t\t\tAS AGREEMENT_LIMIT\n\n,M365.DOMAIN_NAME\t\t\t\t\t\tAS DOMAIN\n,M365.QUANTITY \t\t\t\t\t\t\tAS QUANTITY\n,M365.TOTAL_QUANTITY \t\t\t\t\tAS TOTAL_QUANTITY\n,M365.MRC_LIST_PRICE \t\t\t\t\tAS MRC_LIST_PRICE\n,M365.MRC_LIST_PRICE  \t\t\t\t\tAS MRC_SALES_PRICE\n,M365.OTC_LIST_PRICE\t\t\t\t\tAS OTC_LIST_PRICE\n,M365.OTC_LIST_PRICE \t\t\t\t\tAS OTC_SALES_PRICE\n,M365.PROD_ID \t\t\t\t\t\t\tAS PROD_ID\n,M365.OFFER_ID                         \t                        AS OFFER_ID\n\n,CA.OWNERID\t\t\t\t\t\t\tAS ACCOUNT_MANAGER \n,BA.ACCOUNT__C\t\t\t\t\t\t\tAS SF_CUST_ID\n,BA.SF_ID\t\t\t\t\t\t\t\tAS SF_ACCT_ID\n,BA.NAME\t\t\t\t\t\t\t\tAS SF_ACCT_NAME\n\nFROM M365\nLEFT JOIN  STG_SF_BILLINGACCOUNT BA ON BA.LEGACY_ID = M365.ACCT_ID\nLEFT JOIN SF_ACCOUNT CA ON CA.ID = BA.account__c\nWHERE PROD_TYPE = 'M365'","isFileList":false,"handleSpecialChars":false,"handleDecimalRoundOff":false,"frsAsset":false,"dynamicFileName":false,"excludeDynamicFileNameField":false,"currentlyProcessedFileName":false,"retainFieldMetadata":false,"objectName":"DUMMY_M365","useExactSrcNames":false,"userUpdated":true,"fetchMode":"ORIGINAL","tgtObjectAttributes":{},"runtimeParameterData":{"@type":"mtTaskRuntimeParameterData","isConnectionRuntimeParameter":false,"isObjectRuntimeParameter":false},"overridableProperties":[],"overriddenFields":[]},{"@type":"mtTaskParameter","id":3915358,"name":"$Target$","type":"TARGET","label":"Target","uiProperties":{"connectionParameterized":"false","objectParameterized":"false","visible":"false","defaultTargetUpdateColumns":"","supportApplyDDLChanges":"false","originalPath":"Target"},"targetConnectionId":"@0aa38HfbIjadqoKlbnU14y","targetObject":"mit_b1/TABLE/stg_sap_main_service_2","targetObjectLabel":"stg_sap_main_service_2","newFlatFile":false,"newObject":false,"showBusinessNames":false,"naturalOrder":true,"truncateTarget":false,"bulkApiDBTarget":false,"operationType":"Insert","customFuncCfg":{"@type":"customFuncConfig","id":-1,"connections":[],"inputMap":[],"outputFields":[]},"targetRefsV2":{},"targetUpdateColumns":[],"extendedObject":{"@type":"extendedObject","singleMode":true,"filters":[],"sortFields":[]},"runtimeAttrs":{},"isRESTModernSource":true,"isFileList":false,"handleSpecialChars":false,"handleDecimalRoundOff":false,"frsAsset":false,"dynamicFileName":false,"excludeDynamicFileNameField":false,"currentlyProcessedFileName":false,"retainFieldMetadata":false,"objectName":"mit_b1/TABLE/stg_sap_main_service_2","objectLabel":"stg_sap_main_service_2","useExactSrcNames":false,"userUpdated":true,"fetchMode":"ORIGINAL","tgtObjectAttributes":{},"runtimeParameterData":{"@type":"mtTaskRuntimeParameterData","isConnectionRuntimeParameter":false,"isObjectRuntimeParameter":false},"overridableProperties":[],"overriddenFields":[]},{"@type":"mtTaskParameter","id":3915359,"name":"$Lookup_Product_Mapping$","type":"LOOKUP","label":"Lookup_Product_Mapping","uiProperties":{"connectionParameterized":"false","isCachedLookup":"true","multipleMatchPolicy":"Use First Value","objectParameterized":"false","visible":"false","originalPath":"Lookup_Product_Mapping"},"lookupConnectionId":"@0aa38HfbIjadqoKlbnU14y","lookupObject":"m365_mit/TABLE/product_mapping","lookupObjectLabel":"product_mapping","newFlatFile":false,"newObject":false,"showBusinessNames":false,"naturalOrder":true,"truncateTarget":false,"bulkApiDBTarget":false,"customFuncCfg":{"@type":"customFuncConfig","id":-1,"connections":[],"inputMap":[],"outputFields":[]},"targetRefsV2":{},"targetUpdateColumns":[],"runtimeAttrs":{"Cache File Name Prefix":"","Lookup Index Cache Size":"AUTO","Optional":"true","Lookup cache persistent":"false","Lookup source is static":"false","Case Sensitive String Comparison":"false","Re-cache from lookup source":"false","Insert Else Update":"false","Lookup caching enabled":"true","Lookup Data Cache Size":"AUTO","Tracing Level":"Normal","Sorted Input":"false","Lookup cache directory name":"$PMCacheDir","Output Old Value On Update":"false","Dynamic Lookup Cache":"false","Pre-build lookup cache":"AUTO","Null ordering":""},"isRESTModernSource":true,"isFileList":false,"handleSpecialChars":false,"handleDecimalRoundOff":false,"frsAsset":false,"dynamicFileName":false,"excludeDynamicFileNameField":false,"currentlyProcessedFileName":false,"retainFieldMetadata":false,"objectName":"m365_mit/TABLE/product_mapping","objectLabel":"product_mapping","useExactSrcNames":false,"userUpdated":true,"fetchMode":"ORIGINAL","tgtObjectAttributes":{},"runtimeParameterData":{"@type":"mtTaskRuntimeParameterData","isConnectionRuntimeParameter":false,"isObjectRuntimeParameter":false},"overridableProperties":[],"overriddenFields":[]}],"sequences":[],"inOutParameters":[],"connRuntimeAttrs":[]}]