[{"@type":"mtTask","id":"@1","name":"mt_stg_myr_product_configuration_sync_2","description":"","runtimeEnvironmentId":"@cUgvxjP6z42j5o2aizvbUV","maxLogs":10,"verbose":false,"lastRunTime":1693202125000,"mappingId":"@eYVlnMpgOgkdXOSKnqzjyb","frsGuid":"dHS46rubu0ejwJf6TvkZeo","shortDescription":"","sessionPropertiesList":[{"name":"Allow Temporary Sequence for Pushdown","value":"NO","recommended":false},{"name":"Allow Temporary View for Pushdown","value":"NO","recommended":false},{"name":"Pushdown Optimization","value":"None","recommended":false},{"name":"Pushdown Optimization Context","value":"None","recommended":false},{"name":"Pushdown Optimization Fallback Option","value":"Partial PDO","recommended":false}],"enableCrossSchemaPushdown":true,"enableParallelRun":false,"autoTunedApplied":false,"autoTunedAppliedType":"NONE","paramFileType":"PARAM_FILE_LOCAL","schemaMode":"async","valid":true,"schemaValidationErrorCount":-1,"parameterFileEncoding":"UTF-8","serverlessProperties":{},"taskProperties":[{"@type":"taskProperty","name":"parameterFileDir","currentValue":"","type":"STRING","label":"label.parameterFileDir","required":false},{"@type":"taskProperty","name":"parameterFileName","currentValue":"","type":"STRING","label":"label.parameterFileName","required":false}],"parameters":[{"@type":"mtTaskParameter","id":1403509,"name":"$tgt_sf_solution$","type":"SOURCE","label":"tgt_sf_solution","uiProperties":{"connectionParameterized":"false","isSelectDistinct":"false","objectParameterized":"false","visible":"false","originalPath":"tgt_sf_solution"},"sourceConnectionId":"@4QRSN7FLoYhbpr47H7jUO9","sourceObject":"DUMMY_tgt_sf_solution","newFlatFile":false,"newObject":false,"showBusinessNames":false,"naturalOrder":true,"truncateTarget":false,"bulkApiDBTarget":false,"customFuncCfg":{"@type":"customFuncConfig","id":-1,"connections":[],"inputMap":[],"outputFields":[]},"targetRefsV2":{},"targetUpdateColumns":[],"runtimeAttrs":{},"isRESTModernSource":true,"customQuery":"with PI AS (select '1' as row_id, Id  as PI_Id\nfrom sf_cspmb__Price_Item__c where name = 'Wholesale Broadband'\n)\n\n, PD AS (select  '1' as row_id\n    ,Id as PD_Id\n    , cscfga__iteration__c  as PD_Iteration\n\t,cscfga__description__c as pc_type\nfrom sf_cscfga__Product_Definition\nwhere cscfga__description__c = 'Wholesale Broadband'\nand cscfga__active__c = '0'\n\n)\n\n,CA_BA AS (select '1' as row_id\n\t , CA.Id \t\tAS CA_Id\n     , BA.Id \t\tAS BA_Id\n\t , CA.Ownerid \tAS CA_Ownerid\nfrom sf_account CA\njoin sf_csconta__Billing_Account__c BA\nON CA.Id = BA.csconta__account__c\nwhere CA.Name = 'MYREPUBLIC BROADBAND PTE. LTD.'\nand BA.Id ='a701y000000ayYmAAI'\n\t\t)\n\n\nSELECT\n\nconcat(A.Name,' - Solution')  \t\t\tAS Name\n,'Wholesale Domestic Access'\t\t\tAS\tCPQ_Product_Definition_Name__c\n\n\n,NULL\t\t\t\t\t\t\tAS\tCPQ_Billing_Account__c\n\n--***sf_cspmb__Price_Item__c\n,PI.PI_Id\t\t\t\t\t\t\t\tAS \tCommercial_Product__c\n\n--***cscfga__Product_Definition__c  PD\n,PD.PD_Id\t\t\t\t\t\t\t\tAS  cscfga__Product_Definition__c\n,PD.PD_Iteration\t\t\t\t\t\tAS  cscfga__product_definition_iteration__c\n\n--***Account \n,CA_BA.CA_Ownerid \t\t\t\t\t\t\tAS OwnerId\n,CA_BA.CA_Id \t\t\t\t\t\t\tAS CA_Id\n\n\n,'Monthly'\t\t\t\t\t\t\t\tAS\tBilling_Frequency__c\n,'12'\t\t\t\t\t\t\t\t\tAS\tContract_Term__c\n\n,'Valid'\t\t\t\t\t\t\t\tAS\tcscfga__Configuration_Status__c\n\n,'1'\t\t\t\t\t\t\t\t\tAS\tcscfga__Quantity__c\n,'12'\t\t\t\t\t\t\t\t\tAS\tcscfga__Recurrence_Frequency__c\n,'12'\t\t\t\t\t\t\t\t\tAS\tcscfga__Contract_Term__c\n,'12'\t\t\t\t\t\t\t\t\tAS\tcscfga__Contract_Term_Period__c\n\n,'Month'\t\t\t\t\t\t\t\tAS\tcscfga__Contract_Term_Period_Description__c\n,'SFDC Database only'\t\t\t\t\tAS\tcscfga__source_of_truth_location__c\n,'Replace'\t\t\t\t\t\t\t\tAS\tcscfga__parent_discount__c\n,'Current'\t\t\t\t\t\t\t\tAS\tcscfga__pricing_status__c\n,'Replace'\t\t\t\t\t\t\t\tAS\tcscfga__product_discount__c\n,'Wholesale Domestic Access'\t\t\tAS\tcscfga__Product_Family__c\n,'SGD'\t\t\t\t\t\t\t\t\tAS\tCurrencyIsoCode\n,A.Legacy_Id__c \t  \t\t\t\t\tAS Legacy_Id__c\n,A.Solution_id \t\t\t\t\t\tAS temp_solution_id\n\n,NULL\t\t\t\t\t\t\tAS\tCPQ_Applied_ML_Discount__c\n,'FALSE'\t\t\t\t\t\tAS\tcsordtelcoa__cancelled_by_change_process__c\n,'FALSE'\t\t\t\t\t\tAS\tcsordtelcoa__Ignore_For_Order_Decomposition__c\n,'FALSE'\t\t\t\t\t\tAS\tcsordtelcoa__is_quantity_based_selling__c\n,'FALSE'\t\t\t\t\t\tAS\tCPQ_Applied_Voucher__c\n,'FALSE'\t\t\t\t\t\tAS\tCPQ_Basket_Sync_Status__c\n,'FALSE'\t\t\t\t\t\tAS\tCPQ_Eligible_for_ML_Discount__c\n,'FALSE'\t\t\t\t\t\tAS\tCPQ_Included_in_Line_Count__c\n,'FALSE'\t\t\t\t\t\tAS\tCPQ_Is_Delivery_Required__c\n,'FALSE'\t\t\t\t\t\tAS\tCPQ_Is_Installation_Required__c\n,'FALSE'\t\t\t\t\t\tAS\tNew_Sim_Flag__c\n,'FALSE'\t\t\t\t\t\tAS\tPortIn_Indicator__c\n,'FALSE'\t\t\t\t\t\tAS\tIsDeleted\n,'FALSE'\t\t\t\t\t\tAS\tIsMainConfiguration__c\n,'FALSE'\t\t\t\t\t\tAS\tCPQ_Temp_Link__c\n,'FALSE'\t\t\t\t\t\tAS\tActivate_SIM__c\n\n,'0'\t\t\t\t\t\t\tAS\tcspl__Month_Term__c\n,'0'\t\t\t\t\t\t\tAS\tTotal_List_Price_Recurring__c\n,'0'\t\t\t\t\t\t\tAS\tWaiver_Amount__c\n,'0'\t\t\t\t\t\t\tAS\tcscfga__recurring_charge_line_discount_value__c\n,'0'\t\t\t\t\t\t\tAS\tcscfga__recurring_charge_product_discount_value__c\n,'0'\t\t\t\t\t\t\tAS\tcscfga__Last_Screen_Index__c\n,'0'\t\t\t\t\t\t\tAS\tcscfga__One_Off_Charge__c\n,'0'\t\t\t\t\t\t\tAS\tcscfga__one_off_charge_line_discount_value__c\n,'0'\t\t\t\t\t\t\tAS\tcscfga__one_off_charge_product_discount_value__c\n,'0'\t\t\t\t\t\t\tAS\tCPQ_Total_Basket_Value__c\n,'0'\t\t\t\t\t\t\tAS\tCPQ_Total_Contract_Value__c\n\n,NULL AS\tcscfga__Description__c\n,NULL AS   cssdm__solution_association__c\n,NULL AS   Original_Solution_Id__c\n,NULL AS\tcscfga__total_contract_value__c\n,NULL AS\tcscfga__total_one_off_charge__c\n,NULL AS\tcscfga__Total_Price__c\n,NULL AS\tcscfga__total_recurring_charge__c\n,NULL AS\tcscfga__unit_one_off_charge__c\n,NULL AS\tcscfga__Unit_Price__c\n,NULL AS\tcscfga__unit_recurring_charge__c\n,NULL AS\tcsdiscounts__One_off_non_discounted__c\n,NULL AS\tcscfga__Recurring_Charge__c\n,NULL AS\tcscfga__Product_Basket__c\n\n\n,PD.pc_type \t      AS pc_type\n,'Solution'       AS rec_type\n\n\nfrom tgt_sf_solution A\nJOIN PI PI ON '1'=PI.row_id\nJOIN PD PD ON '1'=PD.row_id\nJOIN CA_BA CA_BA ON '1'= CA_BA.row_id","isFileList":false,"handleSpecialChars":false,"handleDecimalRoundOff":false,"frsAsset":false,"dynamicFileName":false,"excludeDynamicFileNameField":false,"currentlyProcessedFileName":false,"retainFieldMetadata":false,"objectName":"DUMMY_tgt_sf_solution","useExactSrcNames":false,"tgtObjectAttributes":{},"runtimeParameterData":{"@type":"mtTaskRuntimeParameterData","isConnectionRuntimeParameter":false,"isObjectRuntimeParameter":false},"overridableProperties":[],"overriddenFields":[]},{"@type":"mtTaskParameter","id":1403510,"name":"$stg_myr_pc$","type":"TARGET","label":"stg_myr_pc","uiProperties":{"connectionParameterized":"false","objectParameterized":"false","visible":"false","defaultTargetUpdateColumns":"","supportApplyDDLChanges":"false","originalPath":"stg_myr_pc"},"targetConnectionId":"@4QRSN7FLoYhbpr47H7jUO9","targetObject":"myr/TABLE/stg_myr_pc","targetObjectLabel":"stg_myr_pc","newFlatFile":false,"newObject":false,"showBusinessNames":false,"naturalOrder":true,"truncateTarget":false,"bulkApiDBTarget":false,"operationType":"Insert","customFuncCfg":{"@type":"customFuncConfig","id":-1,"connections":[],"inputMap":[],"outputFields":[]},"targetRefsV2":{},"targetUpdateColumns":[],"extendedObject":{"@type":"extendedObject","singleMode":true,"filters":[],"sortFields":[]},"runtimeAttrs":{},"isRESTModernSource":true,"isFileList":false,"handleSpecialChars":false,"handleDecimalRoundOff":false,"frsAsset":false,"dynamicFileName":false,"excludeDynamicFileNameField":false,"currentlyProcessedFileName":false,"retainFieldMetadata":false,"objectName":"myr/TABLE/stg_myr_pc","objectLabel":"stg_myr_pc","useExactSrcNames":false,"tgtObjectAttributes":{},"runtimeParameterData":{"@type":"mtTaskRuntimeParameterData","isConnectionRuntimeParameter":false,"isObjectRuntimeParameter":false},"overridableProperties":[],"overriddenFields":[]}],"sequences":[],"inOutParameters":[],"connRuntimeAttrs":[]}]