[{"@type":"workflow","id":"@1","name":"tf_JSON_ServSpec","maxLogs":10,"references":[{"@type":"reference","refObjectId":"@bU8iFld9P4eiiWUZoK1tGU","refType":"mtTask"},{"@type":"reference","refObjectId":"@cJhmYFoYUiPiXnbpywS826","refType":"mtTask"},{"@type":"reference","refObjectId":"@kuWFDF0jdEqjCzIS1bcM8H","refType":"mtTask"},{"@type":"reference","refObjectId":"@8tm2J7HrvoWlSFJoHMZtIL","refType":"mtTask"},{"@type":"reference","refObjectId":"@8nslZLnsaAFb44wzBarj4u","refType":"mtTask"},{"@type":"reference","refObjectId":"@bALkRyrRqc2gkK7s8pxwOo","refType":"mtTask"}],"tasks":[{"@type":"workflowTask","taskId":"@bU8iFld9P4eiiWUZoK1tGU","type":"MTT","name":"mt_tgt_sf_json_serv_spec","stopOnError":false,"stopOnWarning":false},{"@type":"workflowTask","taskId":"@cJhmYFoYUiPiXnbpywS826","type":"MTT","name":"mt_tgt_sf_json_attrib_sp_NON_OE","stopOnError":false,"stopOnWarning":false},{"@type":"workflowTask","taskId":"@kuWFDF0jdEqjCzIS1bcM8H","type":"MTT","name":"mt_tgt_sf_json_attrib_sp_OE","stopOnError":false,"stopOnWarning":false},{"@type":"workflowTask","taskId":"@8tm2J7HrvoWlSFJoHMZtIL","type":"MTT","name":"mt_Json_Service_spec","stopOnError":false,"stopOnWarning":false},{"@type":"workflowTask","taskId":"@8nslZLnsaAFb44wzBarj4u","type":"MTT","name":"mt_Json_Service_spec_BWB","stopOnError":false,"stopOnWarning":false},{"@type":"workflowTask","taskId":"@bALkRyrRqc2gkK7s8pxwOo","type":"MTT","name":"mt_Json_Service_spec_M365","stopOnError":false,"stopOnWarning":false}]}]