[{"@type":"mappingTemplate","id":"@1","name":"m_sync_tgt_case_attachment_update","description":"","bundleVersion":"0","templateId":"@3","deployTime":1678105537000,"hasParameters":false,"valid":true,"fixedConnection":true,"hasParametersDeployed":false,"fixedConnectionDeployed":true,"isSchemaValidationEnabled":false,"tasks":0,"mappingPreviewFileRecordId":"@2","documentType":"MAPPING","references":[{"@type":"reference","refObjectId":"@irZpk2lcq2Lh5v2PiTa4Q2","refType":"connection"},{"@type":"reference","refObjectId":"@4SoE843RJabk2lY1RBHwqN","refType":"connection"}]}]