[{"@type":"mappingTemplate","id":"@1","name":"m_Json_Service_spec_part_1","description":"","bundleVersion":"0","templateId":"@3","deployTime":1695891619000,"hasParameters":false,"valid":true,"fixedConnection":true,"hasParametersDeployed":false,"fixedConnectionDeployed":true,"isSchemaValidationEnabled":false,"tasks":1,"mappingPreviewFileRecordId":"@2","documentType":"MAPPING","references":[{"@type":"reference","refObjectId":"@4QRSN7FLoYhbpr47H7jUO9","refType":"connection"},{"@type":"reference","refObjectId":"@2ZRmJvnOyOfiM57QMAzK6i","refType":"hschema"}]}]