[{"@type":"mappingTemplate","id":"@1","name":"m_sync_tgt_sf_account_contact_relation_c","description":"","bundleVersion":"0","assetFrsGuid":"2pBN3tlLTbCfAJYfQjnYE6","templateId":"@3","deployTime":1733608455000,"hasParameters":false,"valid":true,"fixedConnection":true,"hasParametersDeployed":false,"fixedConnectionDeployed":true,"isSchemaValidationEnabled":false,"tasks":1,"mappingPreviewFileRecordId":"@2","documentType":"MAPPING","references":[{"@type":"reference","refObjectId":"@0aa38HfbIjadqoKlbnU14y","refType":"connection"},{"@type":"reference","refObjectId":"@2pzkdnOGuGpiqnKtNRkpw3","refType":"connection"}]}]