[{"@type":"mtTask","id":"@1","name":"mt_stg_myr_tech_info","description":"","runtimeEnvironmentId":"@cUgvxjP6z42j5o2aizvbUV","maxLogs":10,"verbose":false,"lastRunTime":1694433621000,"mappingId":"@aws3KtkD1O7dHopRxP0o4R","frsGuid":"9wuz4khvaW3hrOSjS7SSsX","shortDescription":"","sessionPropertiesList":[{"name":"Allow Temporary Sequence for Pushdown","value":"NO","recommended":false},{"name":"Allow Temporary View for Pushdown","value":"NO","recommended":false},{"name":"Pushdown Optimization","value":"None","recommended":false},{"name":"Pushdown Optimization Context","value":"None","recommended":false},{"name":"Pushdown Optimization Fallback Option","value":"Partial PDO","recommended":false}],"enableCrossSchemaPushdown":true,"enableParallelRun":false,"autoTunedApplied":false,"autoTunedAppliedType":"NONE","paramFileType":"PARAM_FILE_LOCAL","schemaMode":"async","valid":true,"schemaValidationErrorCount":-1,"parameterFileEncoding":"UTF-8","serverlessProperties":{},"taskProperties":[{"@type":"taskProperty","name":"parameterFileDir","currentValue":"","type":"STRING","label":"label.parameterFileDir","required":false},{"@type":"taskProperty","name":"parameterFileName","currentValue":"","type":"STRING","label":"label.parameterFileName","required":false}],"parameters":[{"@type":"mtTaskParameter","id":1409314,"name":"$tgt_sf_service$","type":"SOURCE","label":"tgt_sf_service","uiProperties":{"connectionParameterized":"false","isSelectDistinct":"false","objectParameterized":"false","visible":"false","originalPath":"tgt_sf_service"},"sourceConnectionId":"@4QRSN7FLoYhbpr47H7jUO9","sourceObject":"DUMMY_tgt_sf_service","newFlatFile":false,"newObject":false,"showBusinessNames":false,"naturalOrder":true,"truncateTarget":false,"bulkApiDBTarget":false,"customFuncCfg":{"@type":"customFuncConfig","id":-1,"connections":[],"inputMap":[],"outputFields":[]},"targetRefsV2":{},"targetUpdateColumns":[],"runtimeAttrs":{},"isRESTModernSource":true,"customQuery":"SELECT\n\n'New'\t\t\t\t\tAS CPE_Status__c\n,'SGD'\t\t\t\t\tAS CurrencyIsoCode\n,'FALSE'\t \t\t\tAS IsDeleted\n,'Yes'\t\t\t\t\tAS NTE_Installation_Required__c\n\n\n,MS.DHCP_Opt \t\t\t\t\t\t\tAS DHCP_OPTION82_ID__c\n,MS.CO \t\t\t\t\t\t\t\t\tAS CO__c\n,MS.Registration_ID \t\t\t\t\tAS CPE_PASsword__c\n,MS.ORI \t\t\t\t\t\t\t\tAS ON_ORI__c\n,MS.ONU_Type_Model_D2_SH_TR69_OP \t\tAS ONT_Model__c\n,MS.Service_Profile \t\t\t\t\tAS Service_Profile_Name__c\n,MS.bandwidth\t\t\t\t\tAS Service_Type__c\n,MS.TP_Name \t\t\t\t\t\t\tAS TP_NAME__c\n,MS.Vlan_ID \t\t\t\t\t\t\tAS UNI_Port_VLAN__c\n,SV.owner__c \t\t\t\t\t\t\tAS OwnerId\n,SV.Legacy_id__c\t\t\t\t\t\tAS Legacy_id__c\n,SV.ID \t\t\t\t\t\t\t\t\tAS Service_ID__c\n\nfrom tgt_sf_service SV\njoin stg_myr_main_service MS \nON MS.RSPCUSTOMERREF = SV.Legacy_id__c","isFileList":false,"handleSpecialChars":false,"handleDecimalRoundOff":false,"frsAsset":false,"dynamicFileName":false,"excludeDynamicFileNameField":false,"currentlyProcessedFileName":false,"retainFieldMetadata":false,"objectName":"DUMMY_tgt_sf_service","useExactSrcNames":false,"tgtObjectAttributes":{},"runtimeParameterData":{"@type":"mtTaskRuntimeParameterData","isConnectionRuntimeParameter":false,"isObjectRuntimeParameter":false},"overridableProperties":[],"overriddenFields":[]},{"@type":"mtTaskParameter","id":1409315,"name":"$stg_myr_tech_info$","type":"TARGET","label":"stg_myr_tech_info","uiProperties":{"connectionParameterized":"false","objectParameterized":"false","visible":"false","defaultTargetUpdateColumns":"","supportApplyDDLChanges":"true","originalPath":"stg_myr_tech_info"},"targetConnectionId":"@4QRSN7FLoYhbpr47H7jUO9","targetObject":"myr/TABLE/stg_myr_tech_info","targetObjectLabel":"stg_myr_tech_info","newFlatFile":false,"newObject":false,"showBusinessNames":false,"naturalOrder":true,"truncateTarget":false,"bulkApiDBTarget":false,"operationType":"Insert","customFuncCfg":{"@type":"customFuncConfig","id":-1,"connections":[],"inputMap":[],"outputFields":[]},"targetRefsV2":{},"targetUpdateColumns":[],"extendedObject":{"@type":"extendedObject","singleMode":true,"filters":[],"sortFields":[]},"runtimeAttrs":{},"isRESTModernSource":true,"isFileList":false,"handleSpecialChars":false,"handleDecimalRoundOff":false,"frsAsset":false,"dynamicFileName":false,"excludeDynamicFileNameField":false,"currentlyProcessedFileName":false,"retainFieldMetadata":false,"objectName":"myr/TABLE/stg_myr_tech_info","objectLabel":"stg_myr_tech_info","useExactSrcNames":false,"tgtObjectAttributes":{},"runtimeParameterData":{"@type":"mtTaskRuntimeParameterData","isConnectionRuntimeParameter":false,"isObjectRuntimeParameter":false},"overridableProperties":[],"overriddenFields":[]}],"sequences":[],"inOutParameters":[],"connRuntimeAttrs":[]}]