[{"@type":"workflow","id":"@1","name":"tf_main_addon_service","description":"**Prerequisite**  After tf_main_service","maxLogs":10,"references":[{"@type":"reference","refObjectId":"@ixiDZnS3WK4lJyWbs1A9Yg","refType":"mtTask"},{"@type":"reference","refObjectId":"@50b5TpyJcaekJxIg1h194Q","refType":"mtTask"},{"@type":"reference","refObjectId":"@8ym34eZLMU5h3w7g0lsJGD","refType":"mtTask"}],"tasks":[{"@type":"workflowTask","taskId":"@ixiDZnS3WK4lJyWbs1A9Yg","type":"MTT","name":"mt_stg_ebs_main_service","stopOnError":true,"stopOnWarning":false},{"@type":"workflowTask","taskId":"@50b5TpyJcaekJxIg1h194Q","type":"MTT","name":"mt_stg_ebs_main_service_2","stopOnError":true,"stopOnWarning":false},{"@type":"workflowTask","taskId":"@8ym34eZLMU5h3w7g0lsJGD","type":"MTT","name":"mt_stg_ebs_addon_service","stopOnError":true,"stopOnWarning":false}]}]