[{"@type":"mtTask","id":"@1","name":"mt_rep_cscfga_Product_Definition","description":"et","runtimeEnvironmentId":"@cUgvxjP6z42j5o2aizvbUV","maxLogs":10,"verbose":false,"lastRunTime":1737447235000,"mappingId":"@32HxmQa8beCdTINW7yEo0o","frsGuid":"cDwnm8p1L8DfHFyAsfu7cS","shortDescription":"et","sessionPropertiesList":[{"name":"Allow Temporary Sequence for Pushdown","value":"NO","recommended":false},{"name":"Allow Temporary View for Pushdown","value":"NO","recommended":false},{"name":"Pushdown Optimization","value":"None","recommended":false},{"name":"Pushdown Optimization Context","value":"None","recommended":false},{"name":"Pushdown Optimization Fallback Option","value":"Partial PDO","recommended":false}],"hidden":false,"enableCrossSchemaPushdown":true,"enableParallelRun":false,"autoTunedApplied":false,"autoTunedAppliedType":"NONE","paramFileType":"PARAM_FILE_LOCAL","schemaMode":"async","valid":true,"schemaValidationErrorCount":-1,"parameterFileEncoding":"UTF-8","serverlessProperties":{},"taskProperties":[{"@type":"taskProperty","name":"parameterFileDir","currentValue":"","type":"STRING","label":"label.parameterFileDir","required":false},{"@type":"taskProperty","name":"parameterFileName","currentValue":"","type":"STRING","label":"label.parameterFileName","required":false},{"@type":"taskProperty","name":"outboundMessageUrlQueueTime","currentValue":"","type":"NUMBER","label":"label.outboundMessageUrlQueueTime","required":false},{"@type":"taskProperty","name":"outboundMessageUrlToken","currentValue":"","type":"STRING","label":"label.outboundMessageUrlToken","required":false}],"optimizationPlan":"NONE","isMidstreamPreview":false,"parameters":[{"@type":"mtTaskParameter","id":3613349,"name":"$src_cscfga_Product_Definition$","type":"SOURCE","label":"src_cscfga_Product_Definition","uiProperties":{"connectionParameterized":"false","isSelectDistinct":"false","objectParameterized":"false","visible":"false","originalPath":"src_cscfga_Product_Definition"},"sourceConnectionId":"@2pzkdnOGuGpiqnKtNRkpw3","sourceObject":"DUMMY_src_cscfga_Product_Definition","newFlatFile":false,"newObject":false,"showBusinessNames":false,"naturalOrder":true,"truncateTarget":false,"bulkApiDBTarget":false,"customFuncCfg":{"@type":"customFuncConfig","id":-1,"connections":[],"inputMap":[],"outputFields":[]},"targetRefsV2":{},"targetUpdateColumns":[],"runtimeAttrs":{},"isRESTModernSource":true,"customQuery":"select\nId\n,OwnerId\n,IsDeleted\n,Name\n,CurrencyIsoCode\n,RecordTypeId\n,CreatedDate\n,CreatedById\n,LastModifiedDate\n,LastModifiedById\n,SystemModstamp\n,LastViewedDate\n,LastReferencedDate\n,cscfga__Active__c\n,cscfga__Allow_progress_from_incomplete_screens__c\n,cscfga__Date_Range__c\n,cscfga__Default_Billing_Frequency__c\n,cscfga__Default_Contract_Term_Period__c\n,cscfga__Default_Contract_Term__c\n,cscfga__Default_Frequency__c\n,cscfga__Description__c\n,cscfga__Eligibility_Rule__c\n,cscfga__Import_Information__c\n,cscfga__IsArchived__c\n,cscfga__Is_Shared_Context_Definition__c\n,cscfga__Label__c\n,cscfga__Name_Is_Read_Only__c\n,cscfga__Opportunity_Mapping__c\n,cscfga__Product_Category__c\n,cscfga__Reprocess_Rules__c\n,cscfga__Restrict_Access__c\n,cscfga__Sequence__c\n,cscfga__Shared_Context_Definition__c\n,cscfga__XML__c\n,cscfga__configuration_customiser_class__c\n,cscfga__image_url__c\n,cscfga__iteration__c\n,cscfga__reference__c\n,cscfga__runtime_version__c\n,csbb__Product_Grouping__c\n,csexpimp1__guid__c\n,cpra1__Package_Details__c\n,csordtelcoa__Do_Not_Produce_Service_Line_Items__c\n,csordtelcoa__Is_Contextualized__c\n,csordtelcoa__Product_Type__c\n,csordtelcoa__Screen_Flow_For_Service_Changes__c\n,csordtelcoa__Subscription_Association__c\n,csordtelcoa__order_product_per_unit_of_a_quantity__c\n,Snapshot_Object__c\n,CPQ_Is_Delivery_Required__c\n,CPQ_Is_Installation_Required__c\n,Is_Delivery_Required__c\n,CPQ_API_Name__c\n,csb2c__B2C_compliant__c\nfrom\ncscfga__Product_Definition__c","isFileList":false,"handleSpecialChars":false,"handleDecimalRoundOff":false,"frsAsset":false,"dynamicFileName":false,"excludeDynamicFileNameField":false,"currentlyProcessedFileName":false,"retainFieldMetadata":false,"objectName":"DUMMY_src_cscfga_Product_Definition","useExactSrcNames":false,"userUpdated":true,"fetchMode":"ORIGINAL","tgtObjectAttributes":{},"runtimeParameterData":{"@type":"mtTaskRuntimeParameterData","isConnectionRuntimeParameter":false,"isObjectRuntimeParameter":false},"overridableProperties":[],"overriddenFields":[]},{"@type":"mtTaskParameter","id":3613350,"name":"$tgt_sf_cscfga_Product_Definition$","type":"TARGET","label":"tgt_sf_cscfga_Product_Definition","uiProperties":{"connectionParameterized":"false","objectParameterized":"false","visible":"false","defaultTargetUpdateColumns":"","supportApplyDDLChanges":"false","originalPath":"tgt_sf_cscfga_Product_Definition"},"targetConnectionId":"@0aa38HfbIjadqoKlbnU14y","targetObject":"p2_dev/TABLE/sf_cscfga__product_definition","targetObjectLabel":"sf_cscfga__product_definition","newFlatFile":false,"newObject":false,"showBusinessNames":false,"naturalOrder":true,"truncateTarget":false,"bulkApiDBTarget":false,"operationType":"Insert","customFuncCfg":{"@type":"customFuncConfig","id":-1,"connections":[],"inputMap":[],"outputFields":[]},"targetRefsV2":{},"targetUpdateColumns":[],"extendedObject":{"@type":"extendedObject","singleMode":true,"filters":[],"sortFields":[]},"runtimeAttrs":{},"isRESTModernSource":true,"isFileList":false,"handleSpecialChars":false,"handleDecimalRoundOff":false,"frsAsset":false,"dynamicFileName":false,"excludeDynamicFileNameField":false,"currentlyProcessedFileName":false,"retainFieldMetadata":false,"objectName":"p2_dev/TABLE/sf_cscfga__product_definition","objectLabel":"sf_cscfga__product_definition","useExactSrcNames":false,"userUpdated":true,"fetchMode":"ORIGINAL","tgtObjectAttributes":{},"runtimeParameterData":{"@type":"mtTaskRuntimeParameterData","isConnectionRuntimeParameter":false,"isObjectRuntimeParameter":false},"overridableProperties":[],"overriddenFields":[]}],"sequences":[],"inOutParameters":[],"connRuntimeAttrs":[]}]