[{"@type":"mtTask","id":"@1","name":"mt_stg_ebs_customer_access","description":"","runtimeEnvironmentId":"@cUgvxjP6z42j5o2aizvbUV","maxLogs":10,"verbose":false,"lastRunTime":1711025261000,"mappingId":"@06rHpXzvwXmfCT5Tfo1v2d","frsGuid":"1nAKraDeYGTlh76XCQl38X","shortDescription":"","sessionPropertiesList":[],"hidden":false,"enableCrossSchemaPushdown":true,"enableParallelRun":false,"autoTunedApplied":false,"autoTunedAppliedType":"NONE","schemaMode":"async","valid":true,"schemaValidationErrorCount":-1,"parameterFileEncoding":"UTF-8","serverlessProperties":{},"taskProperties":[{"@type":"taskProperty","name":"parameterFileDir","currentValue":"","type":"STRING","label":"label.parameterFileDir","required":false},{"@type":"taskProperty","name":"parameterFileName","currentValue":"","type":"STRING","label":"label.parameterFileName","required":false},{"@type":"taskProperty","name":"outboundMessageUrlQueueTime","currentValue":"","type":"NUMBER","label":"label.outboundMessageUrlQueueTime","required":false},{"@type":"taskProperty","name":"outboundMessageUrlToken","currentValue":"","type":"STRING","label":"label.outboundMessageUrlToken","required":false}],"optimizationPlan":"NONE","isMidstreamPreview":false,"parameters":[{"@type":"mtTaskParameter","id":2602578,"name":"$stg_sync_customer_access$","type":"SOURCE","label":"stg_sync_customer_access","uiProperties":{"connectionParameterized":"false","isSelectDistinct":"false","objectParameterized":"false","visible":"false","originalPath":"stg_sync_customer_access"},"sourceConnectionId":"@0aa38HfbIjadqoKlbnU14y","sourceObject":"DUMMY_stg_sync_customer_access","newFlatFile":false,"newObject":false,"showBusinessNames":false,"naturalOrder":true,"truncateTarget":false,"bulkApiDBTarget":false,"customFuncCfg":{"@type":"customFuncConfig","id":-1,"connections":[],"inputMap":[],"outputFields":[]},"targetRefsV2":{},"targetUpdateColumns":[],"runtimeAttrs":{},"isRESTModernSource":true,"customQuery":"WITH CUST_ACCESS AS(SELECT\n\t\t\t\t\tCA.CUST_ID,\n\t\t\t\t\tCA.EMAIL,\n\t\t\t\t\tCA.CONTACT_NUMBER,\n\t\t\t\t\tCA.REASON,\n\t\t\t\t\tCA.FUNCTION_ID,\n\t\t\t\t\tCA.OFFER_NAME,\n\t\t\t\t\tCA.USER_ID \t\t\t\t\t\t\t\t\t\tAS Legacy_Id_C,\n\t\t\t\t\tCA.ROLE_NAME AS User_Type__c,\n\t\t\t\t\t-- CASE WHEN CA.ROLE_NAME = 'User' THEN 'Corporate User' \n\t\t\t\t\t\t  -- WHEN CA.ROLE_NAME = 'Corporate Administrator' THEN 'Corporate Admin' \n\t\t\t\t\t\t  -- ELSE '' END  AS User_Type__c,\n\t\t\t\t\t\n\t\t\t\t\tCA.STATE_NAME \t\t\t\t\t\t\t\t\tAS Status__c,\n\t\t\t\t\tSTRING_AGG(CAST(RA.REPORT_ID AS varchar),',') \tAS Report_Access__c,\t\t\t\n\t\t\t\t\t--LV.target_value AS User_Type__c,\n\t\t\t\t\t--LV1.target_value AS Status__c,\n\t\t\t\t\t\n\t\t\t\t\tCASE WHEN CA.OPT_OUT_FLAG = 'Y' THEN '1' ELSE '0' END \t\tAS eBill_Notification__c,\n\t\t\t\t\tCASE WHEN CA.PARTY_TYPE='F' THEN CA.PARTY_CODE END \t\t\tAS PARTY_CODE,\n\t\t\t\t\tCASE\n\t\t\t\t\t\tWHEN LENGTH(CA.user_name) > 0 AND STRPOS(CA.user_name,' ') = 0 AND  STRPOS(CA.user_name,',')=0  THEN 'dummy'\n\t\t\t\t\t\tWHEN LENGTH(CA.user_name) > 0 AND STRPOS(CA.user_name,',') > 0 THEN SUBSTRING(CA.user_name,1,STRPOS(CA.user_name,',')-1)\n\t\t\t\t\t\tWHEN LENGTH(CA.user_name) > 0 AND STRPOS(CA.user_name,' ') > 0 THEN\n\t\t\t\t\t\tREGEXP_REPLACE(CA.user_name, '\\s+\\S+$', '')\n\t\t\t\t\t\tEND AS firstname,----------------------Functional Team has to confirm the default value when there is only one word in the name\n\t\t\t\t\tCASE\n\t\t\t\t\t\tWHEN LENGTH(CA.user_name) > 0 AND STRPOS(CA.user_name,' ') = 0 AND  STRPOS(CA.user_name,',')=0  THEN CA.user_name\n\t\t\t\t\t\tWHEN LENGTH(CA.user_name) > 0 AND STRPOS(CA.user_name,',') > 0 THEN\n\t\t\t\t\t\tSUBSTRING(CA.user_name,STRPOS(CA.user_name,',')+1,LENGTH(CA.user_name))\n\t\t\t\t\t\tWHEN LENGTH(CA.user_name) > 0 AND STRPOS(CA.user_name,' ') > 0 THEN\n\t\t\t\t\t\tREGEXP_REPLACE(CA.user_name, '^.*\\s+(\\S+)$', '\\1')\n\t\t\t\t\t\tEND AS lastname,\n\t\t\t\t\t\n\t\t\t\t\tCOALESCE(cast(CA.CREATE_DATE as timestamp),date_trunc('seconds',CURRENT_TIMESTAMP)) AS CreatedDate,\n\t\t\t\t\tCOALESCE(cast(CA.UPDATE_DATE as timestamp),date_trunc('seconds',CURRENT_TIMESTAMP)) AS LastModifiedDate\n\t\t\t\t\t\n\t\t\t\t\tFROM STG_EBS_CUST_ACCESS CA\n\t\t\t\t\tLEFT JOIN Stg_EBS_ESC_REPORT_ACCESS RA \n\t\t\t\t\t\tON CA.USER_ID = RA.OBJECT_ID AND RA.STATE = 'A'\n\t\t\t\t\tWHERE (UPPER(TRIM(CA.VAL_REJ_TYPE)) NOT LIKE '%HARD%' OR CA.VAL_REJ_TYPE is null OR CA.VAL_REJ_TYPE = '')\n\n\t\t\t\t\t\t \n\t\t\t\t\tGROUP BY CA.CUST_ID,\n\t\t\t\t\t         CA.USER_NAME,\n\t\t\t\t\t\t\t CA.EMAIL,\n\t\t\t\t\t\t\t CA.CONTACT_NUMBER,\n\t\t\t\t\t\t\t CA.REASON,\n\t\t\t\t\t\t\t CA.FUNCTION_ID,\n\t\t\t\t\t\t\t CA.OFFER_NAME,\n\t\t\t\t\t\t\t eBill_Notification__c,\n\t\t\t\t\t\t\t CA.PARTY_TYPE,\n\t\t\t\t\t\t\t CA.CREATE_DATE,\n\t\t\t\t\t\t\t CA.UPDATE_DATE,\n\t\t\t\t\t\t\t CA.USER_ID,\n\t\t\t\t\t\t\t CA.PARTY_CODE,\n\t\t\t\t\t\t\t RA.OBJECT_ID,\n\t\t\t\t\t\t\t CA.ROLE_NAME,\n\t\t\t\t\t\t\t CA.STATE_NAME\n\t\t\t\t\t)\n \n \nSELECT \nACC.SF_ID \t\t\t\t\t\t\tAS ACCOUNT,\nCUST_ACCESS.User_Type__c,\nCUST_ACCESS.firstname \t\t\t\tAS First_Name__c,\nCUST_ACCESS.lastname \t\t\t\tAS Last_Name__c,\nCUST_ACCESS.EMAIL \t\t\t\t\tAS Email__c,\nCUST_ACCESS.CONTACT_NUMBER \t\t\tAS Mobile__c,\nCUST_ACCESS.REASON \t\t\t\t\tAS Reason__c,\nCUST_ACCESS.Status__c,\nCUST_ACCESS.eBill_Notification__c,\nCUST_ACCESS.FUNCTION_ID \t\t\tAS Feature_Access__c,\nCUST_ACCESS.Report_Access__c,\nCUST_ACCESS.OFFER_NAME,\nCUST_ACCESS.PARTY_CODE \t\t\t\tAS CreatedById,\nCUST_ACCESS.CreatedDate,\nCUST_ACCESS.LastModifiedDate,\nCUST_ACCESS.PARTY_CODE \t\t\t\tAS LastModifiedById,\nCUST_ACCESS.Legacy_Id_C\nFROM CUST_ACCESS\nJOIN STG_SF_ACCOUNT ACC \nON CAST(CUST_ACCESS.CUST_ID AS Varchar) = ACC.LEGACY_ID","isFileList":false,"handleSpecialChars":false,"handleDecimalRoundOff":false,"frsAsset":false,"dynamicFileName":false,"excludeDynamicFileNameField":false,"currentlyProcessedFileName":false,"retainFieldMetadata":false,"objectName":"DUMMY_stg_sync_customer_access","useExactSrcNames":false,"fetchMode":"ORIGINAL","tgtObjectAttributes":{},"runtimeParameterData":{"@type":"mtTaskRuntimeParameterData","isConnectionRuntimeParameter":false,"isObjectRuntimeParameter":false},"overridableProperties":[],"overriddenFields":[]},{"@type":"mtTaskParameter","id":2602579,"name":"$tgt_sync_customer_access$","type":"TARGET","label":"tgt_sync_customer_access","uiProperties":{"connectionParameterized":"false","objectParameterized":"false","visible":"false","defaultTargetUpdateColumns":"","supportApplyDDLChanges":"false","originalPath":"tgt_sync_customer_access"},"targetConnectionId":"@0aa38HfbIjadqoKlbnU14y","targetObject":"mit_m2m/TABLE/sync_ebs_sap_customeraccess","targetObjectLabel":"sync_ebs_sap_customeraccess","newFlatFile":false,"newObject":false,"showBusinessNames":false,"naturalOrder":true,"truncateTarget":false,"bulkApiDBTarget":false,"operationType":"Insert","customFuncCfg":{"@type":"customFuncConfig","id":-1,"connections":[],"inputMap":[],"outputFields":[]},"targetRefsV2":{},"targetUpdateColumns":[],"extendedObject":{"@type":"extendedObject","singleMode":true,"filters":[],"sortFields":[]},"runtimeAttrs":{},"isRESTModernSource":true,"isFileList":false,"handleSpecialChars":false,"handleDecimalRoundOff":false,"frsAsset":false,"dynamicFileName":false,"excludeDynamicFileNameField":false,"currentlyProcessedFileName":false,"retainFieldMetadata":false,"objectName":"mit_m2m/TABLE/sync_ebs_sap_customeraccess","objectLabel":"sync_ebs_sap_customeraccess","useExactSrcNames":false,"fetchMode":"ORIGINAL","tgtObjectAttributes":{},"runtimeParameterData":{"@type":"mtTaskRuntimeParameterData","isConnectionRuntimeParameter":false,"isObjectRuntimeParameter":false},"overridableProperties":[],"overriddenFields":[]},{"@type":"mtTaskParameter","id":2602580,"name":"$Lkp_sf_user$","type":"LOOKUP","label":"Lkp_sf_user","uiProperties":{"connectionParameterized":"false","isCachedLookup":"true","multipleMatchPolicy":"Use Last Value","objectParameterized":"false","visible":"false","originalPath":"Lkp_sf_user"},"lookupConnectionId":"@0aa38HfbIjadqoKlbnU14y","lookupObject":"DUMMY_Lkp_sf_user","newFlatFile":false,"newObject":false,"showBusinessNames":false,"naturalOrder":true,"truncateTarget":false,"bulkApiDBTarget":false,"customFuncCfg":{"@type":"customFuncConfig","id":-1,"connections":[],"inputMap":[],"outputFields":[]},"targetRefsV2":{},"targetUpdateColumns":[],"runtimeAttrs":{"Cache File Name Prefix":"","Lookup Index Cache Size":"AUTO","Optional":"true","Lookup cache persistent":"false","Lookup source is static":"false","Case Sensitive String Comparison":"false","Re-cache from lookup source":"false","Insert Else Update":"false","Lookup caching enabled":"true","Lookup Data Cache Size":"AUTO","Tracing Level":"Normal","Sorted Input":"false","Lookup cache directory name":"$PMCacheDir","Output Old Value On Update":"false","Dynamic Lookup Cache":"false","Pre-build lookup cache":"AUTO","Null ordering":""},"isRESTModernSource":true,"customQuery":"WITH USER_1 \t\tAS (SELECT Id, UPPER(TRIM(Email)) AS Email, ROW_NUMBER() OVER (PARTITION BY UPPER(TRIM(Email)) ORDER BY IsActive DESC ) AS RNK FROM SF_USER)\n    ,UNIQUE_USER \tAS (SELECT Id AS ID, Email AS Email  FROM USER_1 WHERE RNK = 1)\n\t\nSELECT  A.ID \n       ,A.Email \n\t   ,B.STAFF_ID\nFROM UNIQUE_USER A\nJOIN STG_BFM_STAFF B \nON TRIM(UPPER(A.Email))=TRIM(UPPER(B.Email))\n\nUNION\n\nSELECT Id AS ID\n      ,Email AS Email\n\t  ,'MIGRATION USER' AS STAFF_ID \nFROM SF_USER \nWHERE UPPER(Name)= 'MIGRATION USER'","isFileList":false,"handleSpecialChars":false,"handleDecimalRoundOff":false,"frsAsset":false,"dynamicFileName":false,"excludeDynamicFileNameField":false,"currentlyProcessedFileName":false,"retainFieldMetadata":false,"objectName":"DUMMY_Lkp_sf_user","useExactSrcNames":false,"fetchMode":"ORIGINAL","tgtObjectAttributes":{},"runtimeParameterData":{"@type":"mtTaskRuntimeParameterData","isConnectionRuntimeParameter":false,"isObjectRuntimeParameter":false},"overridableProperties":[],"overriddenFields":[]},{"@type":"mtTaskParameter","id":2602581,"name":"$Master_Lookup$","type":"LOOKUP","label":"Master_Lookup","uiProperties":{"connectionParameterized":"false","isCachedLookup":"true","multipleMatchPolicy":"Use Last Value","objectParameterized":"false","visible":"false","originalPath":"Master_Lookup"},"lookupConnectionId":"@0aa38HfbIjadqoKlbnU14y","lookupObject":"DUMMY_Master_Lookup","newFlatFile":false,"newObject":false,"showBusinessNames":false,"naturalOrder":true,"truncateTarget":false,"bulkApiDBTarget":false,"customFuncCfg":{"@type":"customFuncConfig","id":-1,"connections":[],"inputMap":[],"outputFields":[]},"targetRefsV2":{},"targetUpdateColumns":[],"runtimeAttrs":{"Cache File Name Prefix":"","Lookup Index Cache Size":"AUTO","Optional":"true","Lookup cache persistent":"false","Lookup source is static":"false","Case Sensitive String Comparison":"false","Re-cache from lookup source":"false","Insert Else Update":"false","Lookup caching enabled":"true","Lookup Data Cache Size":"AUTO","Tracing Level":"Normal","Sorted Input":"false","Lookup cache directory name":"$PMCacheDir","Output Old Value On Update":"false","Dynamic Lookup Cache":"false","Pre-build lookup cache":"AUTO","Null ordering":""},"isRESTModernSource":true,"customQuery":"SELECT \nTRIM(UPPER(SYSTEM)) \t\t\tAS SYSTEM,\nTRIM(UPPER(SRC_LOV_TYPE))    \tAS SRC_LOV_TYPE,\nTRIM(UPPER(SRC_VALUE)) \tAS SRC_VALUE,\nTRIM(TGT_VALUE)  \t\tAS TGT_VALUE\nFROM STG_SH_MASTER_LOV\nWHERE IS_ACTIVE ='Y'","isFileList":false,"handleSpecialChars":false,"handleDecimalRoundOff":false,"frsAsset":false,"dynamicFileName":false,"excludeDynamicFileNameField":false,"currentlyProcessedFileName":false,"retainFieldMetadata":false,"objectName":"DUMMY_Master_Lookup","useExactSrcNames":false,"fetchMode":"ORIGINAL","tgtObjectAttributes":{},"runtimeParameterData":{"@type":"mtTaskRuntimeParameterData","isConnectionRuntimeParameter":false,"isObjectRuntimeParameter":false},"overridableProperties":[],"overriddenFields":[]}],"sequences":[],"inOutParameters":[],"connRuntimeAttrs":[]}]