[{"@type":"mtTask","id":"@1","name":"mt_sync_sap_csord__Service__c","description":"","runtimeEnvironmentId":"@cUgvxjP6z42j5o2aizvbUV","maxLogs":10,"verbose":false,"mappingId":"@glOkMLKFeWVf7CHk1sxV8r","frsGuid":"jKTpOE8u46jkAslo6Kafgg","shortDescription":"","sessionPropertiesList":[],"enableCrossSchemaPushdown":true,"enableParallelRun":false,"autoTunedApplied":false,"autoTunedAppliedType":"NONE","schemaMode":"async","valid":true,"schemaValidationErrorCount":-1,"parameterFileEncoding":"UTF-8","serverlessProperties":{},"taskProperties":[{"@type":"taskProperty","name":"parameterFileDir","currentValue":"","type":"STRING","label":"label.parameterFileDir","required":false},{"@type":"taskProperty","name":"parameterFileName","currentValue":"","type":"STRING","label":"label.parameterFileName","required":false}],"parameters":[{"@type":"mtTaskParameter","id":1317629,"name":"$stg_ebs_main_service_3$","type":"SOURCE","label":"stg_ebs_main_service_3","uiProperties":{"connectionParameterized":"false","isSelectDistinct":"false","objectParameterized":"false","visible":"false","originalPath":"stg_ebs_main_service_3"},"sourceConnectionId":"@0aa38HfbIjadqoKlbnU14y","sourceObject":"DUMMY_stg_ebs_main_service_3","newFlatFile":false,"newObject":false,"showBusinessNames":false,"naturalOrder":true,"truncateTarget":false,"bulkApiDBTarget":false,"customFuncCfg":{"@type":"customFuncConfig","id":-1,"connections":[],"inputMap":[],"outputFields":[]},"targetRefsV2":{},"targetUpdateColumns":[],"runtimeAttrs":{},"isRESTModernSource":true,"customQuery":"SELECT\na.pc_type \t\t\t\t\t\t\t\tAS PC_TYPE,\na.Id\t\t\t\t\t\t\t\t\tAS csordtelcoa__Product_Configuration__c,\na.cscfga__Product_Basket__c \t\t\tAS csordtelcoa__Product_Basket__c,\na.cssdm__solution_association__c \t\tAS cssdm__solution_association__c,\na.legacy_id__c \t\t\t\t\t\t\tAS Legacy_Id__c,\na.CPQ_Billing_Account__c \t\t\t\tAS csconta_Billing_Account__c,\na.indep_prod_id           \t\t\t\tAS legacy_indep_prod_id__c,\na.sf_pooling_subs_id                    AS sf_pooling_subs_id,\n\nb.commercial_product_name \t\t\t\tAS Name,\nb.SERV_TYPE \t\t\t\t\t\t\tAS Product_Category__c,\nb.service_ID \t\t\t\t\t\t\tAS Service_ID__c,\nb.IP_ADDRESS \t\t\t\t\t\t\tAS IP_Address__c,\nb.status \t\t\t\t\t\t\t\tAS csord__Status__c,\nb.activation_date \t\t\t\t\t\tAS RFS_Date__c,\nb.activation_date \t\t\t\t\t\tAS Service_Start_Date__c,\nb.ORDER_SUSPENSION_REASON \t\t\t\tAS Suspension_Reason__c,\nb.BAR_TYPE \t\t\t\t\t\t\t    AS Bar_Type__c,\nb.ETC_TYPE \t\t\t\t\t\t\t    AS ETC_Type__c,\nb.ENTITLEMENTS_DATA \t\t\t\t\tAS Data_Entitlement__c,\nb.ENTITLEMENTS_VOICE \t\t\t\t\tAS Voice_Entitlement__c,\nb.ENTITLEMENTS_SMS \t\t\t\t\t    AS SMS_Entitlement__c,\nb.Contract_start_date \t\t\t\t\tAS Contract_Start_Date__c,\nb.Contract_end_date \t\t\t\t\tAS Contract_End_Date__c,\nb.AGREEMENT_LIMIT \t\t\t\t\t\tAS Contract_Term_Months__c,\nb.APN \t\t\t\t\t\t\t\t\tAS APN_Type__c,\nb.IP_ADDRESS_TYPE \t\t\t\t\t\tAS IP_Address_Type__c,\nb.Employee_Name \t\t\t\t\t\tAS Employee__c,\nb.Employee_Email \t\t\t\t\t\tAS Employee_Email__c,\nb.Service_address \t\t\t\t\t\tAS csord__Service_Address__c,\nb.CreatedById \t\t\t\t\t\t\tAS CreatedById,\nb.LastModifiedById \t\t\t\t\t    AS LastModifiedById,\nb.Account_manager \t\t\t\t\t\tAS OwnerId,\n\n\t\t\t\t\t\t\t\t\n\nCASE\n\tWHEN b.SERV_TYPE = 'Mobile' THEN b.service_ID\n\tELSE NULL \nEND AS Mobile_Number__c,\nCASE\n\tWHEN b.public_apn_name is not null then b.public_apn_name\n\tELSE b.private_apn_name\nEND AS APN__c,\n\nb.activation_date \t\t\t\t\t\tAS Installation_Date__c,\nb.line_type\t\t\t\t\t\t\t\tAS Line_Type__c,\nb.installation_contact_1 \t\t\t\tAS Installation_Contact_Primary__c,\nb.installation_contact_2 \t\t\t\tAS Installation_Contact_Secondary__c,\nb.maint_contact_1 \t\t\t\t\t\tAS Fault_Maintenance_Contact_Primary__c,\nb.maint_contact_2 \t\t\t\t\t\tAS  Fault_Maintenance_Contact_Secondary__c,\nb.domain \t\t\t\t\t\t\t\tAS Domain__c,\nb.quantity \t\t\t\t\t\t\t\tAS Total_License_Quantity__c,\nb.ORDER_TERMINATION_REASON \t\t\t\tAS Termination_Reason__c,\n\nc.csord__Order__c \t\t\t\t\t\tAS csord__Order__c,\nc.csord__Account__c \t\t\t\t\tAS csord__Account__c,\n\nd.ICCID \t\t\t\t\t\t\t\tAS SIM_ICCID__c,\nd.SIM_TYPE \t\t\t\t\t\t\t\tAS SIM_Card_Type__c,\nd.IMSI \t\t\t\t\t\t\t\t\tAS IMSI_Number__c,\n\ne.Id  \t\t\t\t\t\t\t\t\tAS csord__Subscription__c,\n\n'Rate Plan' \t\t\t\t\t\t\tAS Configuration_Type__c,\n'SGD - Singapore Dollar' \t\t\t\tAS CurrencyIsoCode,\nCURRENT_DATE \t\t\t\t\t\t\tAS CreatedDate,\nCURRENT_DATE \t\t\t\t\t\t\tAS LastModifiedDate,\nf.DEVICE_SERIAL_NO \t\t\t\t\t\tAS IMEI_Number__c,\n'' \t\t\t\t\t\t\t\t\t    AS Sharing_Service__c,\na.Billing_Frequency__c                  AS Billing_Frequency__c\n\n\nFROM tgt_sf_pc a\njoin STG_SAP_MAIN_SERVICE_2 b\n\ton a.legacy_id__c = b.prod_id\njoin tgt_sf_solution c \n\ton a.cssdm__solution_association__c = c.Id\nLEFT JOIN stg_ebs_sim_card d\n\tON a.legacy_id__c = d.SUBS_ID\nLEFT JOIN tgt_sf_subscription e\n\tON a.legacy_id__c = e.legacy_id__c\nLEFT JOIN stg_ebs_device_service f\n on a.Legacy_Id__c = f.PROD_ID\t\n\t\nWHERE\na.pc_type in ('Microsoft License')\nand a.Id is not null","isFileList":false,"handleSpecialChars":false,"handleDecimalRoundOff":false,"frsAsset":false,"dynamicFileName":false,"excludeDynamicFileNameField":false,"currentlyProcessedFileName":false,"retainFieldMetadata":false,"objectName":"DUMMY_stg_ebs_main_service_3","useExactSrcNames":false,"tgtObjectAttributes":{},"runtimeParameterData":{"@type":"mtTaskRuntimeParameterData","isConnectionRuntimeParameter":false,"isObjectRuntimeParameter":false},"overridableProperties":[],"overriddenFields":[]},{"@type":"mtTaskParameter","id":1317630,"name":"$tgt_sf_service_main1$","type":"TARGET","label":"tgt_sf_service_main1","uiProperties":{"connectionParameterized":"false","objectParameterized":"false","visible":"false","defaultTargetUpdateColumns":"","supportApplyDDLChanges":"false","originalPath":"tgt_sf_service_main1"},"targetConnectionId":"@0aa38HfbIjadqoKlbnU14y","targetObject":"p1_mit/TABLE/stg_sap_service","targetObjectLabel":"stg_sap_service","newFlatFile":false,"newObject":false,"showBusinessNames":false,"naturalOrder":true,"truncateTarget":false,"bulkApiDBTarget":false,"operationType":"Insert","customFuncCfg":{"@type":"customFuncConfig","id":-1,"connections":[],"inputMap":[],"outputFields":[]},"targetRefsV2":{},"targetUpdateColumns":[],"extendedObject":{"@type":"extendedObject","singleMode":true,"filters":[],"sortFields":[]},"runtimeAttrs":{},"isRESTModernSource":true,"isFileList":false,"handleSpecialChars":false,"handleDecimalRoundOff":false,"frsAsset":false,"dynamicFileName":false,"excludeDynamicFileNameField":false,"currentlyProcessedFileName":false,"retainFieldMetadata":false,"objectName":"p1_mit/TABLE/stg_sap_service","objectLabel":"stg_sap_service","useExactSrcNames":false,"tgtObjectAttributes":{},"runtimeParameterData":{"@type":"mtTaskRuntimeParameterData","isConnectionRuntimeParameter":false,"isObjectRuntimeParameter":false},"overridableProperties":[],"overriddenFields":[]},{"@type":"mtTaskParameter","id":1317631,"name":"$Master_Lookup$","type":"LOOKUP","label":"Master_Lookup","uiProperties":{"connectionParameterized":"false","isCachedLookup":"true","multipleMatchPolicy":"Use Any Value","objectParameterized":"false","visible":"false","originalPath":"Master_Lookup"},"lookupConnectionId":"@0aa38HfbIjadqoKlbnU14y","lookupObject":"DUMMY_Master_Lookup","newFlatFile":false,"newObject":false,"showBusinessNames":false,"naturalOrder":true,"truncateTarget":false,"bulkApiDBTarget":false,"customFuncCfg":{"@type":"customFuncConfig","id":-1,"connections":[],"inputMap":[],"outputFields":[]},"targetRefsV2":{},"targetUpdateColumns":[],"runtimeAttrs":{},"isRESTModernSource":true,"customQuery":"SELECT \nTRIM(target_object) as target_object,\nTRIM(target_api)    as target_api,\nTRIM(target_value)  as target_value,\nTRIM(UPPER(source_value)) as source_value\nfrom STG_SH_MASTER_LOV\n--WHERE is_active='Y'","isFileList":false,"handleSpecialChars":false,"handleDecimalRoundOff":false,"frsAsset":false,"dynamicFileName":false,"excludeDynamicFileNameField":false,"currentlyProcessedFileName":false,"retainFieldMetadata":false,"objectName":"DUMMY_Master_Lookup","useExactSrcNames":false,"tgtObjectAttributes":{},"runtimeParameterData":{"@type":"mtTaskRuntimeParameterData","isConnectionRuntimeParameter":false,"isObjectRuntimeParameter":false},"overridableProperties":[],"overriddenFields":[]}],"sequences":[],"inOutParameters":[],"connRuntimeAttrs":[]}]