[{"@type":"mappingTemplate","id":"@1","name":"m_merge_sf_contact","description":"","bundleVersion":"0","assetFrsGuid":"lGTGC7ehZW1kZ3Ym3pkpEL","templateId":"@3","deployTime":1737517486000,"hasParameters":false,"valid":true,"fixedConnection":true,"hasParametersDeployed":false,"fixedConnectionDeployed":true,"isSchemaValidationEnabled":false,"tasks":1,"mappingPreviewFileRecordId":"@2","documentType":"MAPPING","references":[{"@type":"reference","refObjectId":"@0aa38HfbIjadqoKlbnU14y","refType":"connection"}]}]