[{"@type":"mappingTemplate","id":"@1","name":"m_Json_PC_OE_Mobile_Sharing","description":"","bundleVersion":"0","templateId":"@3","deployTime":1706692394000,"hasParameters":false,"valid":true,"fixedConnection":true,"hasParametersDeployed":false,"fixedConnectionDeployed":true,"isSchemaValidationEnabled":false,"tasks":1,"mappingPreviewFileRecordId":"@2","documentType":"MAPPING","references":[{"@type":"reference","refObjectId":"@0aa38HfbIjadqoKlbnU14y","refType":"connection"},{"@type":"reference","refObjectId":"@0aYJzNBUd2JijoaYx0V4gh","refType":"hschema"}]}]