[{"@type":"mappingTemplate","id":"@1","name":"m_sync_tgt_sf_billing_account_contact_c","description":"","bundleVersion":"0","assetFrsGuid":"aRhhkfabJwtlFAksMnrpkT","templateId":"@3","deployTime":1733611492000,"hasParameters":false,"valid":true,"fixedConnection":true,"hasParametersDeployed":false,"fixedConnectionDeployed":true,"isSchemaValidationEnabled":false,"tasks":2,"mappingPreviewFileRecordId":"@2","documentType":"MAPPING","references":[{"@type":"reference","refObjectId":"@0aa38HfbIjadqoKlbnU14y","refType":"connection"},{"@type":"reference","refObjectId":"@2pzkdnOGuGpiqnKtNRkpw3","refType":"connection"}]}]