[{"@type":"mtTask","id":"@1","name":"mt_stg_sync_sap_billing_account","description":"","runtimeEnvironmentId":"@cUgvxjP6z42j5o2aizvbUV","maxLogs":10,"verbose":false,"mappingId":"@6dj9Nz1W0Xhl6t05UXSPk5","frsGuid":"jtDaUzsDWmrdEmUKMADzu0","shortDescription":"","sessionPropertiesList":[],"enableCrossSchemaPushdown":true,"enableParallelRun":false,"autoTunedApplied":false,"autoTunedAppliedType":"NONE","schemaMode":"async","valid":true,"schemaValidationErrorCount":-1,"parameterFileEncoding":"UTF-8","serverlessProperties":{},"taskProperties":[{"@type":"taskProperty","name":"parameterFileDir","currentValue":"","type":"STRING","label":"label.parameterFileDir","required":false},{"@type":"taskProperty","name":"parameterFileName","currentValue":"","type":"STRING","label":"label.parameterFileName","required":false}],"parameters":[{"@type":"mtTaskParameter","id":1334001,"name":"$src_stg_sync_sap_billing_account$","type":"SOURCE","label":"src_stg_sync_sap_billing_account","uiProperties":{"connectionParameterized":"false","isSelectDistinct":"false","objectParameterized":"false","visible":"false","originalPath":"src_stg_sync_sap_billing_account"},"sourceConnectionId":"@0aa38HfbIjadqoKlbnU14y","sourceObject":"DUMMY_src_stg_sync_sap_billing_account","newFlatFile":false,"newObject":false,"showBusinessNames":false,"naturalOrder":true,"truncateTarget":false,"bulkApiDBTarget":false,"customFuncCfg":{"@type":"customFuncConfig","id":-1,"connections":[],"inputMap":[],"outputFields":[]},"targetRefsV2":{},"targetUpdateColumns":[],"runtimeAttrs":{},"isRESTModernSource":true,"customQuery":"WITH SAP_BA AS (\t\n\t\t\t\t\t\t\tSELECT DISTINCT\n\t\t\t\t\t\t\tBA.company_name\n\t\t\t\t\t\t\t,BA.CUSTOMER_ID\n\t\t\t\t\t\t\t,BA.brn\n\t\t\t\t\t\t\t,BA.Billing_Account_Status \t\t\t\t\t\t\t\tAS Billing_Account_Status__c\n\t\t\t\t\t\t\t,RIGHT(BA.PAYMENT_TERMS, LENGTH(BA.PAYMENT_TERMS) - 2) \tAS Credit_Term_Days__c\n\t\t\t\t\t\t\t\n\t\t\t\t\t\t    ,CONCAT_WS('|',BA.UNIT_NO_1,BA.FLOOR_NO_1,BA.BUILDING_1,BA.BLOCK_NO_1,BA.STREET_NAME_1,BA.POSTAL_CODE_1,BA.CITY_1,BA.STATE_1,CASE WHEN BA.COUNTRY_1='SG' THEN 'Singapore' ELSE BA.COUNTRY_1 END) AS ADDR_UNIQUE_KEY\n\t\t\t\t\t\t\t,CONCAT_WS('-',CONCAT_WS(' ',BA.BLOCK_NO,BA.STREET_NAME,BA.FLOOR_NO),BA.UNIT_NO) AS CPQ_BILL_ADDRESS\n\n\n\t\t\t\t\t\t\t,CASE\n\t\t\t\t\t\t\t\t\t\t  WHEN LENGTH(BA.ATTENTION_TO) > 120 AND STRPOS(BA.ATTENTION_TO,' ') > 0  --Attention to needs to be verified with Getsmani\n\t\t\t\t\t\t\t\t\t\t  THEN SUBSTRING(BA.ATTENTION_TO,1,STRPOS(BA.ATTENTION_TO,' ')-1)\n\t\t\t\t\t\t\t\t\t\t  ELSE SUBSTRING(BA.ATTENTION_TO,1,120)\n\t\t\t\t\t\t\tEND ATTENTION_TO_First_Name__c\n\t\t\t\t\t\t\t\n\t\t\t\t\t\t\t,CASE \n\t\t\t\t\t\t\t\t\t\t  WHEN  LENGTH(BA.ATTENTION_TO) < 120 THEN NULL\n\t\t\t\t\t\t\t\t\t\t  WHEN LENGTH(BA.ATTENTION_TO) > 120 AND STRPOS(BA.ATTENTION_TO,' ') > 0 \n\t\t\t\t\t\t\t\t\t\t  THEN SUBSTRING(BA.ATTENTION_TO,STRPOS(BA.ATTENTION_TO,' ')+1, LENGTH(BA.ATTENTION_TO))\n\t\t\t\t\t\t\t\t\t\t  ELSE SUBSTRING(BA.ATTENTION_TO,121,LENGTH(BA.ATTENTION_TO))\n\t\t\t\t\t\t\tEND AS ATTENTION_TO_Last_Name__c\n\n\t\t\t\t\t\t\t,0 AS Dunning__c\n\t\t\t\t\t\t\t\n\t\t\t\t\t\t\t,to_timestamp(BA.CREATE_DATE,'DD/MM/YYYY') AS CreatedDate\n\t\t\t\t\t\t\t,DATE_TRUNC('seconds',CURRENT_TIMESTAMP) AS LastModifiedDate\n\t\t\t\t\t\t\t,BA.Account_Manager\n\t\t\t\t\t\t\t\n\t\t\t\t\t\t\t--NULL AS Bill_Cycle__c  --awaits update from Arijit. As per confirmation, For now 'EB01' has be populated. Once 'BC60' is added at SF, this needs to be updated\n\n\t\t\t\t\t\t\tFROM MASTER_SAP_CUSTOMER_DETAILS BA\n)\n\nSELECT  \nACCT.ID \t\t\t\t\t\t\tAS Account__c\n,ADDR.ID\t\t\t\t\t\t\tAS CPQ_Billing_Address__c\n,BILL.CUSTOMER_ID \t\t\t\t\tAS CPQ_BA_Number__c\n,BILL.CUSTOMER_ID \t\t\t\t\tAS Legacy_id__c\n,BILL.Billing_Account_Status__c\n,BILL.Credit_Term_Days__c\n,BILL.Attention_To_First_Name__c\n,BILL.Attention_To_Last_Name__c\n,BILL.Dunning__c\n,BILL.CreatedDate\n,BILL.Account_Manager\n,BILL.LastModifiedDate\n\nFROM SAP_BA BILL \nLEFT JOIN SF_ACCOUNT ACCT \n\tON UPPER(BILL.Company_Name) = UPPER(ACCT.Name) AND UPPER(BILL.BRN)=UPPER(ACCT.Business_Registration_Number_BRN__c)\nLEFT JOIN sf_cscrm__address__c ADDR\n    ON BILL.ADDR_UNIQUE_KEY =  ADDR.UNIQUE_KEY","isFileList":false,"handleSpecialChars":false,"handleDecimalRoundOff":false,"frsAsset":false,"dynamicFileName":false,"excludeDynamicFileNameField":false,"currentlyProcessedFileName":false,"retainFieldMetadata":false,"objectName":"DUMMY_src_stg_sync_sap_billing_account","useExactSrcNames":false,"tgtObjectAttributes":{},"runtimeParameterData":{"@type":"mtTaskRuntimeParameterData","isConnectionRuntimeParameter":false,"isObjectRuntimeParameter":false},"overridableProperties":[],"overriddenFields":[]},{"@type":"mtTaskParameter","id":1334002,"name":"$tgt_sync_sap_billing_account$","type":"TARGET","label":"tgt_sync_sap_billing_account","uiProperties":{"connectionParameterized":"false","objectParameterized":"false","visible":"false","defaultTargetUpdateColumns":"","supportApplyDDLChanges":"false","originalPath":"tgt_sync_sap_billing_account"},"targetConnectionId":"@0aa38HfbIjadqoKlbnU14y","targetObject":"p1_mit/TABLE/sync_sap_billingaccount","targetObjectLabel":"sync_sap_billingaccount","newFlatFile":false,"newObject":false,"showBusinessNames":false,"naturalOrder":true,"truncateTarget":false,"bulkApiDBTarget":false,"operationType":"Insert","customFuncCfg":{"@type":"customFuncConfig","id":-1,"connections":[],"inputMap":[],"outputFields":[]},"targetRefsV2":{},"targetUpdateColumns":[],"extendedObject":{"@type":"extendedObject","singleMode":true,"filters":[],"sortFields":[]},"runtimeAttrs":{},"isRESTModernSource":true,"isFileList":false,"handleSpecialChars":false,"handleDecimalRoundOff":false,"frsAsset":false,"dynamicFileName":false,"excludeDynamicFileNameField":false,"currentlyProcessedFileName":false,"retainFieldMetadata":false,"objectName":"p1_mit/TABLE/sync_sap_billingaccount","objectLabel":"sync_sap_billingaccount","useExactSrcNames":false,"tgtObjectAttributes":{},"runtimeParameterData":{"@type":"mtTaskRuntimeParameterData","isConnectionRuntimeParameter":false,"isObjectRuntimeParameter":false},"overridableProperties":[],"overriddenFields":[]},{"@type":"mtTaskParameter","id":1334003,"name":"$Master_Lookup$","type":"LOOKUP","label":"Master_Lookup","uiProperties":{"connectionParameterized":"false","isCachedLookup":"true","multipleMatchPolicy":"Use Last Value","objectParameterized":"false","visible":"false","originalPath":"Master_Lookup"},"lookupConnectionId":"@0aa38HfbIjadqoKlbnU14y","lookupObject":"DUMMY_Master_Lookup","newFlatFile":false,"newObject":false,"showBusinessNames":false,"naturalOrder":true,"truncateTarget":false,"bulkApiDBTarget":false,"customFuncCfg":{"@type":"customFuncConfig","id":-1,"connections":[],"inputMap":[],"outputFields":[]},"targetRefsV2":{},"targetUpdateColumns":[],"runtimeAttrs":{"Cache File Name Prefix":"","Lookup Index Cache Size":"AUTO","Optional":"true","Lookup cache persistent":"false","Lookup source is static":"false","Case Sensitive String Comparison":"false","Re-cache from lookup source":"false","Insert Else Update":"false","Lookup caching enabled":"true","Lookup Data Cache Size":"AUTO","Tracing Level":"Normal","Sorted Input":"false","Lookup cache directory name":"$PMCacheDir","Output Old Value On Update":"false","Dynamic Lookup Cache":"false","Pre-build lookup cache":"AUTO","Null ordering":""},"isRESTModernSource":true,"customQuery":"SELECT \nTRIM(target_object) as target_object,\nTRIM(target_api)    as target_api,\nTRIM(target_value)  as target_value,\nTRIM(UPPER(source_value)) as source_value\nfrom STG_SH_MASTER_LOV\nWHERE is_active='Y'","isFileList":false,"handleSpecialChars":false,"handleDecimalRoundOff":false,"frsAsset":false,"dynamicFileName":false,"excludeDynamicFileNameField":false,"currentlyProcessedFileName":false,"retainFieldMetadata":false,"objectName":"DUMMY_Master_Lookup","useExactSrcNames":false,"tgtObjectAttributes":{},"runtimeParameterData":{"@type":"mtTaskRuntimeParameterData","isConnectionRuntimeParameter":false,"isObjectRuntimeParameter":false},"overridableProperties":[],"overriddenFields":[]},{"@type":"mtTaskParameter","id":1334004,"name":"$U_lkp_sf_user_ebs$","type":"LOOKUP","label":"U_lkp_sf_user_ebs","uiProperties":{"connectionParameterized":"false","isCachedLookup":"true","multipleMatchPolicy":"Use Last Value","objectParameterized":"false","visible":"false","originalPath":"U_lkp_sf_user_ebs"},"lookupConnectionId":"@0aa38HfbIjadqoKlbnU14y","lookupObject":"DUMMY_U_lkp_sf_user_ebs","newFlatFile":false,"newObject":false,"showBusinessNames":false,"naturalOrder":true,"truncateTarget":false,"bulkApiDBTarget":false,"customFuncCfg":{"@type":"customFuncConfig","id":-1,"connections":[],"inputMap":[],"outputFields":[]},"targetRefsV2":{},"targetUpdateColumns":[],"runtimeAttrs":{"Cache File Name Prefix":"","Lookup Index Cache Size":"AUTO","Optional":"true","Lookup cache persistent":"false","Lookup source is static":"false","Case Sensitive String Comparison":"false","Re-cache from lookup source":"false","Insert Else Update":"false","Lookup caching enabled":"true","Lookup Data Cache Size":"AUTO","Tracing Level":"Normal","Sorted Input":"false","Lookup cache directory name":"$PMCacheDir","Output Old Value On Update":"false","Dynamic Lookup Cache":"false","Pre-build lookup cache":"AUTO","Null ordering":""},"isRESTModernSource":true,"customQuery":"WITH USER_1 \t\tAS (SELECT Id, UPPER(TRIM(Email)) AS Email, ROW_NUMBER() OVER (PARTITION BY UPPER(TRIM(Email)) ORDER BY IsActive DESC ) AS RNK FROM SF_USER)\n    ,UNIQUE_USER \tAS (SELECT Id AS ID, Email AS Email  FROM USER_1 WHERE RNK = 1)\n\t\nSELECT  A.ID \n       ,A.Email \n\t   ,B.STAFF_ID\nFROM UNIQUE_USER A\nJOIN STG_BFM_STAFF B \nON TRIM(UPPER(A.Email))=TRIM(UPPER(B.Email))\n\nUNION\n\nSELECT Id AS ID\n      ,Email AS Email\n\t  ,NULL AS STAFF_ID \nFROM SF_USER \nWHERE UPPER(Name)= UPPER('Data Migration User')","isFileList":false,"handleSpecialChars":false,"handleDecimalRoundOff":false,"frsAsset":false,"dynamicFileName":false,"excludeDynamicFileNameField":false,"currentlyProcessedFileName":false,"retainFieldMetadata":false,"objectName":"DUMMY_U_lkp_sf_user_ebs","useExactSrcNames":false,"tgtObjectAttributes":{},"runtimeParameterData":{"@type":"mtTaskRuntimeParameterData","isConnectionRuntimeParameter":false,"isObjectRuntimeParameter":false},"overridableProperties":[],"overriddenFields":[]},{"@type":"mtTaskParameter","id":1334005,"name":"$U_lkp_sf_user_sap$","type":"LOOKUP","label":"U_lkp_sf_user_sap","uiProperties":{"connectionParameterized":"false","isCachedLookup":"true","multipleMatchPolicy":"Use Last Value","objectParameterized":"false","visible":"false","originalPath":"U_lkp_sf_user_sap"},"lookupConnectionId":"@0aa38HfbIjadqoKlbnU14y","lookupObject":"DUMMY_U_lkp_sf_user_sap","newFlatFile":false,"newObject":false,"showBusinessNames":false,"naturalOrder":true,"truncateTarget":false,"bulkApiDBTarget":false,"customFuncCfg":{"@type":"customFuncConfig","id":-1,"connections":[],"inputMap":[],"outputFields":[]},"targetRefsV2":{},"targetUpdateColumns":[],"runtimeAttrs":{"Cache File Name Prefix":"","Lookup Index Cache Size":"AUTO","Optional":"true","Lookup cache persistent":"false","Lookup source is static":"false","Case Sensitive String Comparison":"false","Re-cache from lookup source":"false","Insert Else Update":"false","Lookup caching enabled":"true","Lookup Data Cache Size":"AUTO","Tracing Level":"Normal","Sorted Input":"false","Lookup cache directory name":"$PMCacheDir","Output Old Value On Update":"false","Dynamic Lookup Cache":"false","Pre-build lookup cache":"AUTO","Null ordering":""},"isRESTModernSource":true,"customQuery":"SELECT \nID,\nNAME \nFROM (\nSELECT \nId AS ID,\nNAME \nFROM \n(\nSELECT Id, \nUPPER(TRIM(Name)) AS NAME,\nROW_NUMBER() OVER (PARTITION BY UPPER(TRIM(Name)) ORDER BY IsActive DESC ) AS RNK\nFROM SF_USER) A \nWHERE RNK=1\n) B","isFileList":false,"handleSpecialChars":false,"handleDecimalRoundOff":false,"frsAsset":false,"dynamicFileName":false,"excludeDynamicFileNameField":false,"currentlyProcessedFileName":false,"retainFieldMetadata":false,"objectName":"DUMMY_U_lkp_sf_user_sap","useExactSrcNames":false,"tgtObjectAttributes":{},"runtimeParameterData":{"@type":"mtTaskRuntimeParameterData","isConnectionRuntimeParameter":false,"isObjectRuntimeParameter":false},"overridableProperties":[],"overriddenFields":[]},{"@type":"mtTaskParameter","id":1334006,"name":"$U_lkp_stg_acct_attr_value$","type":"LOOKUP","label":"U_lkp_stg_acct_attr_value","uiProperties":{"connectionParameterized":"false","isCachedLookup":"true","multipleMatchPolicy":"Use Last Value","objectParameterized":"false","visible":"false","originalPath":"U_lkp_stg_acct_attr_value"},"lookupConnectionId":"@0aa38HfbIjadqoKlbnU14y","lookupObject":"DUMMY_U_lkp_stg_acct_attr_value","newFlatFile":false,"newObject":false,"showBusinessNames":false,"naturalOrder":true,"truncateTarget":false,"bulkApiDBTarget":false,"customFuncCfg":{"@type":"customFuncConfig","id":-1,"connections":[],"inputMap":[],"outputFields":[]},"targetRefsV2":{},"targetUpdateColumns":[],"runtimeAttrs":{"Cache File Name Prefix":"","Lookup Index Cache Size":"AUTO","Optional":"true","Lookup cache persistent":"false","Lookup source is static":"false","Case Sensitive String Comparison":"false","Re-cache from lookup source":"false","Insert Else Update":"false","Lookup caching enabled":"true","Lookup Data Cache Size":"AUTO","Tracing Level":"Normal","Sorted Input":"false","Lookup cache directory name":"$PMCacheDir","Output Old Value On Update":"false","Dynamic Lookup Cache":"false","Pre-build lookup cache":"AUTO","Null ordering":""},"isRESTModernSource":true,"customQuery":"SELECT \nATTR_ID,\nACCT_ID,\nTRIM(ATTR_VALUE) AS ATTR_VALUE\nFROM \nSTG_ACCT_ATTR_VALUE WHERE ATTR_ID IN ('4558','545','4239','547','544','2050','542','605','543','548')","isFileList":false,"handleSpecialChars":false,"handleDecimalRoundOff":false,"frsAsset":false,"dynamicFileName":false,"excludeDynamicFileNameField":false,"currentlyProcessedFileName":false,"retainFieldMetadata":false,"objectName":"DUMMY_U_lkp_stg_acct_attr_value","useExactSrcNames":false,"tgtObjectAttributes":{},"runtimeParameterData":{"@type":"mtTaskRuntimeParameterData","isConnectionRuntimeParameter":false,"isObjectRuntimeParameter":false},"overridableProperties":[],"overriddenFields":[]}],"sequences":[],"inOutParameters":[],"connRuntimeAttrs":[]}]