[{"@type":"mtTask","id":"@1","name":"mt_m_dummy_preSQL","description":"","runtimeEnvironmentId":"@cUgvxjP6z42j5o2aizvbUV","postProcessingCmd":"env > /home/acc-supp/swagger/env.txt","maxLogs":10,"verbose":false,"lastRunTime":1674046661000,"mappingId":"@184FL7nNsNYehIuygpM0Ok","frsGuid":"3bufXnV56YZgCQHWsS9nS9","shortDescription":"","sessionPropertiesList":[{"name":"Allow Temporary Sequence for Pushdown","value":"NO","recommended":false},{"name":"Allow Temporary View for Pushdown","value":"NO","recommended":false},{"name":"Pushdown Optimization","value":"None","recommended":false},{"name":"Pushdown Optimization Context","value":"None","recommended":false},{"name":"Run Only In Pushdown Mode","value":"NO","recommended":false}],"enableCrossSchemaPushdown":true,"enableParallelRun":false,"autoTunedApplied":false,"autoTunedAppliedType":"NONE","paramFileType":"PARAM_FILE_LOCAL","schemaMode":"async","valid":true,"schemaValidationErrorCount":-1,"parameterFileEncoding":"UTF-8","serverlessProperties":{},"taskProperties":[{"@type":"taskProperty","name":"parameterFileDir","currentValue":"","type":"STRING","label":"label.parameterFileDir","required":false},{"@type":"taskProperty","name":"parameterFileName","currentValue":"","type":"STRING","label":"label.parameterFileName","required":false}],"parameters":[{"@type":"mtTaskParameter","id":720734,"name":"$Source_Dummy$","type":"SOURCE","label":"Source_Dummy","uiProperties":{"connectionParameterized":"false","isSelectDistinct":"false","objectParameterized":"false","visible":"false","originalPath":"Source_Dummy"},"sourceConnectionId":"@irZpk2lcq2Lh5v2PiTa4Q2","sourceObject":"DUMMY_Source_Dummy","newFlatFile":false,"newObject":false,"showBusinessNames":false,"naturalOrder":true,"truncateTarget":false,"bulkApiDBTarget":false,"customFuncCfg":{"@type":"customFuncConfig","id":-1,"connections":[],"inputMap":[],"outputFields":[]},"targetRefsV2":{},"targetUpdateColumns":[],"runtimeAttrs":{},"oprRuntimeAttrs":{"postSQL":"","sourceTableName":"","fetchSize":"100000","sqloverride":"","schemaName":"","preSQL":"select * into mig_ods_dev.stg_ebs_cust_LstFile from mig_ods_dev.stg_ebs_cust where 1=2;"},"isRESTModernSource":true,"customQuery":"SELECT '1' AS DUMMY","isFileList":false,"handleSpecialChars":false,"handleDecimalRoundOff":false,"frsAsset":false,"dynamicFileName":false,"excludeDynamicFileNameField":false,"currentlyProcessedFileName":false,"retainFieldMetadata":false,"objectName":"DUMMY_Source_Dummy","useExactSrcNames":false,"tgtObjectAttributes":{},"runtimeParameterData":{"@type":"mtTaskRuntimeParameterData","isConnectionRuntimeParameter":false,"isObjectRuntimeParameter":false},"overridableProperties":[],"overriddenFields":[]},{"@type":"mtTaskParameter","id":720735,"name":"$Target_Dummy$","type":"TARGET","label":"Target_Dummy","uiProperties":{"connectionParameterized":"false","objectParameterized":"false","visible":"false","defaultTargetUpdateColumns":"","supportApplyDDLChanges":"false","originalPath":"Target_Dummy"},"targetConnectionId":"@irZpk2lcq2Lh5v2PiTa4Q2","targetObject":"mig_ods_dev/TABLE/dummy","targetObjectLabel":"dummy","newFlatFile":false,"newObject":false,"showBusinessNames":false,"naturalOrder":true,"truncateTarget":false,"bulkApiDBTarget":false,"operationType":"Insert","customFuncCfg":{"@type":"customFuncConfig","id":-1,"connections":[],"inputMap":[],"outputFields":[]},"targetRefsV2":{},"targetUpdateColumns":[],"extendedObject":{"@type":"extendedObject","singleMode":true,"filters":[],"sortFields":[]},"runtimeAttrs":{},"isRESTModernSource":true,"isFileList":false,"handleSpecialChars":false,"handleDecimalRoundOff":false,"frsAsset":false,"dynamicFileName":false,"excludeDynamicFileNameField":false,"currentlyProcessedFileName":false,"retainFieldMetadata":false,"objectName":"mig_ods_dev/TABLE/dummy","objectLabel":"dummy","useExactSrcNames":false,"tgtObjectAttributes":{},"runtimeParameterData":{"@type":"mtTaskRuntimeParameterData","isConnectionRuntimeParameter":false,"isObjectRuntimeParameter":false},"overridableProperties":[],"overriddenFields":[]}],"sequences":[],"inOutParameters":[],"connRuntimeAttrs":[]}]