[{"@type":"mtTask","id":"@1","name":"mt_sp_solution_grouping","description":"","runtimeEnvironmentId":"@cUgvxjP6z42j5o2aizvbUV","maxLogs":10,"verbose":false,"lastRunTime":1677489073000,"mappingId":"@57IdyCqEF8ydI887hRQhoi","frsGuid":"caAWGpCeYwCdYLEEagdFao","shortDescription":"","sessionPropertiesList":[],"enableCrossSchemaPushdown":true,"enableParallelRun":false,"autoTunedApplied":false,"autoTunedAppliedType":"NONE","schemaMode":"async","valid":true,"schemaValidationErrorCount":-1,"parameterFileEncoding":"UTF-8","serverlessProperties":{},"taskProperties":[{"@type":"taskProperty","name":"parameterFileDir","currentValue":"","type":"STRING","label":"label.parameterFileDir","required":false},{"@type":"taskProperty","name":"parameterFileName","currentValue":"","type":"STRING","label":"label.parameterFileName","required":false}],"parameters":[{"@type":"mtTaskParameter","id":662772,"name":"$Source_Dummy$","type":"SOURCE","label":"Source_Dummy","uiProperties":{"connectionParameterized":"false","isSelectDistinct":"false","objectParameterized":"false","visible":"false","originalPath":"Source_Dummy"},"sourceConnectionId":"@irZpk2lcq2Lh5v2PiTa4Q2","sourceObject":"DUMMY_Source_Dummy","newFlatFile":false,"newObject":false,"showBusinessNames":false,"naturalOrder":true,"truncateTarget":false,"bulkApiDBTarget":false,"customFuncCfg":{"@type":"customFuncConfig","id":-1,"connections":[],"inputMap":[],"outputFields":[]},"targetRefsV2":{},"targetUpdateColumns":[],"runtimeAttrs":{},"oprRuntimeAttrs":{"postSQL":"","sourceTableName":"","fetchSize":"100000","sqloverride":"","schemaName":"","preSQL":"update ods_stage_source.temp_PROD_Grp b set sol_no = a.sol_no, solution_id =  concat(a.uniquekey,'_', a.sol_no) from ods_stage_source.temp_Solution a where a.uniquekey = b.uniquekey and  a.sort_key = b.sort_key"},"isRESTModernSource":true,"customQuery":"SELECT '1' AS DUMMY","isFileList":false,"handleSpecialChars":false,"handleDecimalRoundOff":false,"frsAsset":false,"dynamicFileName":false,"excludeDynamicFileNameField":false,"currentlyProcessedFileName":false,"retainFieldMetadata":false,"objectName":"DUMMY_Source_Dummy","useExactSrcNames":false,"tgtObjectAttributes":{},"runtimeParameterData":{"@type":"mtTaskRuntimeParameterData","isConnectionRuntimeParameter":false,"isObjectRuntimeParameter":false},"overridableProperties":[],"overriddenFields":[]},{"@type":"mtTaskParameter","id":662773,"name":"$tgt_dummy$","type":"TARGET","label":"tgt_dummy","uiProperties":{"connectionParameterized":"false","objectParameterized":"false","visible":"false","defaultTargetUpdateColumns":"","supportApplyDDLChanges":"false","originalPath":"tgt_dummy"},"targetConnectionId":"@irZpk2lcq2Lh5v2PiTa4Q2","targetObject":"mig_ods_dev/TABLE/dummy","targetObjectLabel":"dummy","newFlatFile":false,"newObject":false,"showBusinessNames":false,"naturalOrder":true,"truncateTarget":false,"bulkApiDBTarget":false,"operationType":"Insert","customFuncCfg":{"@type":"customFuncConfig","id":-1,"connections":[],"inputMap":[],"outputFields":[]},"targetRefsV2":{},"targetUpdateColumns":[],"extendedObject":{"@type":"extendedObject","singleMode":true,"filters":[],"sortFields":[]},"runtimeAttrs":{},"isRESTModernSource":true,"isFileList":false,"handleSpecialChars":false,"handleDecimalRoundOff":false,"frsAsset":false,"dynamicFileName":false,"excludeDynamicFileNameField":false,"currentlyProcessedFileName":false,"retainFieldMetadata":false,"objectName":"mig_ods_dev/TABLE/dummy","objectLabel":"dummy","useExactSrcNames":false,"tgtObjectAttributes":{"parent":""},"runtimeParameterData":{"@type":"mtTaskRuntimeParameterData","isConnectionRuntimeParameter":false,"isObjectRuntimeParameter":false},"overridableProperties":[],"overriddenFields":[]}],"sequences":[],"inOutParameters":[],"connRuntimeAttrs":[]}]