[{"@type":"mappingTemplate","id":"@1","name":"m_stg_ebs_addon_service","description":"Joins PROD,SUBS,OFFER,ACCOUNT_MANAGER_CUST, BFM_STAFF,Promotion,quotation,entitlement\n\nJoins on PROD.INDEP_PROD_ID -- Addon service record","bundleVersion":"0","templateId":"@3","deployTime":1707829863000,"hasParameters":false,"valid":true,"fixedConnection":true,"hasParametersDeployed":false,"fixedConnectionDeployed":true,"isSchemaValidationEnabled":false,"tasks":1,"mappingPreviewFileRecordId":"@2","documentType":"MAPPING","references":[{"@type":"reference","refObjectId":"@0aa38HfbIjadqoKlbnU14y","refType":"connection"}]}]