[{"@type":"mappingTemplate","id":"@1","name":"m_sync_tgt_cscfga__Product_Configuration__c","description":"","bundleVersion":"0","assetFrsGuid":"7ts3XpJ3doxd5yl2X0UgOM","templateId":"@3","deployTime":1732180886000,"hasParameters":false,"valid":true,"fixedConnection":true,"hasParametersDeployed":false,"fixedConnectionDeployed":true,"isSchemaValidationEnabled":false,"tasks":0,"mappingPreviewFileRecordId":"@2","documentType":"MAPPING","references":[{"@type":"reference","refObjectId":"@0aa38HfbIjadqoKlbnU14y","refType":"connection"},{"@type":"reference","refObjectId":"@2pzkdnOGuGpiqnKtNRkpw3","refType":"connection"}]}]