[{"@type":"mtTask","id":"@1","name":"mt_tgt_sf_json_attrib_sp_NON_OE","description":"","runtimeEnvironmentId":"@cUgvxjP6z42j5o2aizvbUV","maxLogs":10,"verbose":false,"lastRunTime":1692754419000,"mappingId":"@5dAaduxkofclx1Zx42vt0a","frsGuid":"4cLgA9iYcmLbYlZwCmxQsw","shortDescription":"","sessionPropertiesList":[{"name":"Allow Temporary Sequence for Pushdown","value":"NO","recommended":false},{"name":"Allow Temporary View for Pushdown","value":"NO","recommended":false},{"name":"Pushdown Optimization","value":"None","recommended":false},{"name":"Pushdown Optimization Context","value":"None","recommended":false},{"name":"Run Only In Pushdown Mode","value":"NO","recommended":false}],"enableCrossSchemaPushdown":true,"enableParallelRun":false,"autoTunedApplied":false,"autoTunedAppliedType":"NONE","paramFileType":"PARAM_FILE_LOCAL","schemaMode":"async","valid":true,"schemaValidationErrorCount":-1,"parameterFileEncoding":"UTF-8","serverlessProperties":{},"taskProperties":[{"@type":"taskProperty","name":"parameterFileDir","currentValue":"","type":"STRING","label":"label.parameterFileDir","required":false},{"@type":"taskProperty","name":"parameterFileName","currentValue":"","type":"STRING","label":"label.parameterFileName","required":false}],"parameters":[{"@type":"mtTaskParameter","id":1385787,"name":"$src_sf_json_attrib_sp_NON_OE$","type":"SOURCE","label":"src_sf_json_attrib_sp_NON_OE","uiProperties":{"connectionParameterized":"false","isSelectDistinct":"false","objectParameterized":"false","visible":"false","originalPath":"src_sf_json_attrib_sp_NON_OE"},"sourceConnectionId":"@4QRSN7FLoYhbpr47H7jUO9","sourceObject":"DUMMY_src_sf_json_attrib_sp_NON_OE","newFlatFile":false,"newObject":false,"showBusinessNames":false,"naturalOrder":true,"truncateTarget":false,"bulkApiDBTarget":false,"customFuncCfg":{"@type":"customFuncConfig","id":-1,"connections":[],"inputMap":[],"outputFields":[]},"targetRefsV2":{},"targetUpdateColumns":[],"runtimeAttrs":{},"isRESTModernSource":true,"customQuery":"-- drop table if exists tgt_sf_json_attrib_sp_non_oe\nselect\n'1'  \t\t\t\t\t\t\t\tAS  version\n,'Created'  \t\t\t\t\t\tAS  status\n,pc.Id  \t\t\t\t\t\t\tAS  productConfigurationId\n,pc.pc_type  \t\t\t\t\t\tAS  name\n,PC.pc_type                       \tAS  type\n,sv.Id\t\t\t\t\t\t\t\tAS  service_id \n,'FALSE'  \t\t\t\t\t\t\t\tAS  includeBilling\n,''  \t\t\t\t\t\t\t\t\tAS  startDate\n,''  \t\t\t\t\t\t\t\t\tAS  endDate\n,'NewProvide'  \t\t\t\t\t\t\tAS  newprovide\n,''  \t\t\t\t\t\t\t\t\tAS  instanceId\n,'' \t\t\t\t\t                AS  additionalattributes\t\t\n,'Wholesale Domestic Access'   \t\t\tAS  description\n,'Wholesale_Domestic_Access'   \t\t\tAS  code\n\n--Attribute\n\n,PI.cspmb__Price_Item_Code__c \t\t\tAS productGroupId\n,PI.Part_Number__c \t\t\t\t\t\tAS partNumber\n,PI.cspmb__Price_Item_Code__c \t\t\tAS productId \n,PI.TM_Code__c \t\t\t\t\t\t\tAS tmCode\n,PI.BSCS_SPCODE__c\t\t\t\t\t\tAS spCode\n,PI.BSCS_SNCODE__c\t\t\t\t\t\tAS snCode\n,PI.Market__c \t\t\t\t\t\t\tAS market\n,PI.HLR_Code__c\t\t\t\t\t\t\tAS hlrCode\n,PI.Sub_Market__c \t\t\t\t\t\tAS subMarket\n,PI.BSCS_Event_Code__c\t\t\t\t\tAS eventCode\n,PI.Bill_Display_Name__c \t\t\t\tAS planDescription\n,PI.Network_Code__c\t\t\t\t\t\tAS networkCode\n,PI.Plan_Type__c\t\t\t\t\t\tAS planType\n\n\n,MS.plan_type\t\t\t\t\t\t\tAS plan\n,MS.contract_term \t\t\t\t\t\tAS contractTerm\n,MS.Service_Profile\t\t\t\t\t\tAS serviceProfile\n,MS.service_port_type\t\t\t\t\tAS bandwidth\n,MS.bandwidth_type\t \t\t\t\t\tAS bandwidthType\n,MS.ONU_TYPE_MODEL_D2_SH_TR69_OP\t \tAS ontModel\n,MS.NO_SERVICE_PORT \t\t\t\t\tAS numberofServicePort\n,MS.plan_name\t\t\t\t\t\t\tAS planName\n,MS.Bandwidth\t \t\t\t\t\t\tAS portType\n\n,'New'\t\t\t\t\t\t\t\tAS orderType\n\n,PC.runTimeGUID__c  AS  GUID\n,''  AS  remarks\n,''  AS  siteAddressPostalCode\n,''  AS  siteAddressBuildingName\n,''  AS  siteAddressBlockNumber\n,''  AS  siteAddressStreetName\n,''  AS  siteAddressFloorUnit\n,''  AS  siteAddressBuildingType\n,''  AS  endUserContactSalutation\n,''  AS  endUserContactFirstName\n,''  AS  endUserContactLastName\n,''  AS  endUserContactNumber1\n,''  AS  endUserContactNumber2\n,''  AS  endUserContactEmail\n,''  AS  installationContactSalutation\n,''  AS  installationContactFirstName\n,''  AS  installationContactLastName\n,''  AS  installationContactNumber1\n,''  AS  installationContactNumber2\n,''  AS  installationContactEmail\n,''  AS  relocationType\n,''  AS  actionType\n\n\n\n--into tgt_sf_json_attrib_sp_non_oe\nFROM tgt_sf_service sv \nJOIN stg_myr_main_service MS\n\tON sv.Legacy_id__c = MS.RSPCUSTOMERREF\nJOIN tgt_sf_pc pc\n\tON sv.csordtelcoa__Product_Configuration__c = pc.Id\nJOIN sf_cspmb__price_item__c PI\n\t\ton PI.Id  = PC.Commercial_Product__c\nwhere sv.Id is not null and pc.pc_type in ('Wholesale Domestic Access')\n\n\n\n-- alter table tgt_sf_json_attrib_sp_non_oe owner to sh_mig_users;\n\n-- select * from tgt_sf_json_attrib_sp_non_oe","isFileList":false,"handleSpecialChars":false,"handleDecimalRoundOff":false,"frsAsset":false,"dynamicFileName":false,"excludeDynamicFileNameField":false,"currentlyProcessedFileName":false,"retainFieldMetadata":false,"objectName":"DUMMY_src_sf_json_attrib_sp_NON_OE","useExactSrcNames":false,"tgtObjectAttributes":{},"runtimeParameterData":{"@type":"mtTaskRuntimeParameterData","isConnectionRuntimeParameter":false,"isObjectRuntimeParameter":false},"overridableProperties":[],"overriddenFields":[]},{"@type":"mtTaskParameter","id":1385788,"name":"$tgt_sf_json_attrib_sp_NON_OE$","type":"TARGET","label":"tgt_sf_json_attrib_sp_NON_OE","uiProperties":{"connectionParameterized":"false","objectParameterized":"false","visible":"false","defaultTargetUpdateColumns":"","supportApplyDDLChanges":"false","originalPath":"tgt_sf_json_attrib_sp_NON_OE"},"targetConnectionId":"@4QRSN7FLoYhbpr47H7jUO9","targetObject":"myr/TABLE/tgt_sf_json_attrib_sp_non_oe","targetObjectLabel":"tgt_sf_json_attrib_sp_non_oe","newFlatFile":false,"newObject":false,"showBusinessNames":false,"naturalOrder":true,"truncateTarget":false,"bulkApiDBTarget":false,"operationType":"Insert","customFuncCfg":{"@type":"customFuncConfig","id":-1,"connections":[],"inputMap":[],"outputFields":[]},"targetRefsV2":{},"targetUpdateColumns":[],"extendedObject":{"@type":"extendedObject","singleMode":true,"filters":[],"sortFields":[]},"runtimeAttrs":{},"isRESTModernSource":true,"isFileList":false,"handleSpecialChars":false,"handleDecimalRoundOff":false,"frsAsset":false,"dynamicFileName":false,"excludeDynamicFileNameField":false,"currentlyProcessedFileName":false,"retainFieldMetadata":false,"objectName":"myr/TABLE/tgt_sf_json_attrib_sp_non_oe","objectLabel":"tgt_sf_json_attrib_sp_non_oe","useExactSrcNames":false,"tgtObjectAttributes":{},"runtimeParameterData":{"@type":"mtTaskRuntimeParameterData","isConnectionRuntimeParameter":false,"isObjectRuntimeParameter":false},"overridableProperties":[],"overriddenFields":[]}],"sequences":[],"inOutParameters":[],"connRuntimeAttrs":[]}]