[{"@type":"mappingTemplate","id":"@1","name":"m_restV2_api_webservice_req_res_json","description":"","bundleVersion":"0","templateId":"@3","deployTime":1673546924000,"hasParameters":false,"valid":true,"fixedConnection":true,"hasParametersDeployed":false,"fixedConnectionDeployed":true,"isSchemaValidationEnabled":false,"tasks":0,"mappingPreviewFileRecordId":"@2","documentType":"MAPPING","references":[{"@type":"reference","refObjectId":"@irZpk2lcq2Lh5v2PiTa4Q2","refType":"connection"},{"@type":"reference","refObjectId":"@3OwPOQF8tKqex8yO3I2yEe","refType":"businessService"},{"@type":"reference","refObjectId":"@3OwPOQF8tKqex8yO3I2yEe@create_reqres","refType":"businessOperation"}]}]