[{"@type":"mtTask","id":"@1","name":"mt_stg_sync_ebs_billing_account","description":"","runtimeEnvironmentId":"@cUgvxjP6z42j5o2aizvbUV","maxLogs":10,"verbose":false,"mappingId":"@1PEAMHz8jPtd6H7NynnE2L","frsGuid":"3VaekzrvNUTdCfHYTHqjGc","shortDescription":"","sessionPropertiesList":[],"enableCrossSchemaPushdown":true,"enableParallelRun":false,"autoTunedApplied":false,"autoTunedAppliedType":"NONE","schemaMode":"async","valid":true,"schemaValidationErrorCount":-1,"parameterFileEncoding":"UTF-8","serverlessProperties":{},"taskProperties":[{"@type":"taskProperty","name":"parameterFileDir","currentValue":"","type":"STRING","label":"label.parameterFileDir","required":false},{"@type":"taskProperty","name":"parameterFileName","currentValue":"","type":"STRING","label":"label.parameterFileName","required":false}],"parameters":[{"@type":"mtTaskParameter","id":1333632,"name":"$src_stg_sync_ebs_billing_account$","type":"SOURCE","label":"src_stg_sync_ebs_billing_account","uiProperties":{"connectionParameterized":"false","isSelectDistinct":"false","objectParameterized":"false","visible":"false","originalPath":"src_stg_sync_ebs_billing_account"},"sourceConnectionId":"@0aa38HfbIjadqoKlbnU14y","sourceObject":"DUMMY_src_stg_sync_ebs_billing_account","newFlatFile":false,"newObject":false,"showBusinessNames":false,"naturalOrder":true,"truncateTarget":false,"bulkApiDBTarget":false,"customFuncCfg":{"@type":"customFuncConfig","id":-1,"connections":[],"inputMap":[],"outputFields":[]},"targetRefsV2":{},"targetUpdateColumns":[],"runtimeAttrs":{},"isRESTModernSource":true,"customQuery":"WITH ACCT_MGR AS (SELECT DISTINCT A.CUST_ID\n\t\t\t\t\t\t\t\t  ,AM.PARTY_CODE\n\t\t\t\t\t\t\t\t  ,AM.ACCOUNT_MANAGER_CUST_ID\n\t\t\t\t\tFROM STG_EBS_CUST A\n\t\t\t\t\tJOIN STG_ACCOUNT_MANAGER_CUST  AM \tON A.CUST_ID = AM.CUST_ID\n\t\t\t\t\tWHERE AM.PARTY_TYPE ='F'\n\t\t\t\t\t)\t\t\n\n,BILL_ACCT AS (\n\t\t\t\t\t\tSELECT \n\t\t\t\t\t\tACCT.ACCT_ID,\n\t\t\t\t\t\tACCT.PARENT_ACCT_ID,\n\t\t\t\t\t\tACCT.ACCT_NBR AS CPQ_Billing_Account_Number__c,\n\t\t\t\t\t\tCASE \n\t\t\t\t\t\t\t\t\t  WHEN ACCT.STATE = 'A' THEN 'Active' \n\t\t\t\t\t\t\t\t\t  WHEN ACCT.STATE = 'X' THEN 'Inactive'\n\t\t\t\t\t\tEND AS Billing_Account_Status__c,\n\t\t\t\t\t\tACCT.BILL_ADDRESS,\n\t\t\t\t\t\t'BC60' AS Bill_Cycle__c,  --Currently EB01 is populated. Once Business confirmed and BC60 is added at SF, this needs to be updated\n\t\t\t\t\t\tPAYMENT.PAYMENT_METHOD_NAME AS Payment_Mode__c,\n\t\t\t\t\t\tACCT.DELIVER_METHOD_NAME AS csconta_Bill_Delivery_Method__c,\n\t\t\t\t\t\tACCT.EMAIL AS Bill_Delivery_Email__c,\n\t\t\t\t\t\tACCT.DETAIL_INFO AS Bill_Delivery_Address__c,\n\t\t\t\t\t\tCASE \n\t\t\t\t\t\t\t\t\t  WHEN ACCT.BILL_FLAG = 'Y' THEN '1'\n\t\t\t\t\t\t\t\t\t  ELSE '0'\n\t\t\t\t\t\tEND AS Payment_Responsible__c,\n\t\t\t\t\t\tACCT.BILL_FLAG,\n\t\t\t\t\t\tCASE \n\t\t\t\t\t\t\t\t\t  WHEN ACCT.BLACKLIST_STATE = 'A' THEN 'Blacklisted'\n\t\t\t\t\t\t\t\t\t  WHEN ACCT.BLACKLIST_STATE = 'X' THEN 'Cleared'\n\t\t\t\t\t\tEND AS Blacklist_Status__c,\n\t\t\t\t\t\tACCT.ACCT_BLACKLIST_TYPE_NAME AS Blacklist_Reason__c,\n\t\t\t\t\t\t(SELECT MAX(CAST(acc.STATE_DATE AS DATE)) FROM stg_ebs_acct acc WHERE acc.ACCT_ID = ACCT.ACCT_ID) AS Current_Status_Start_Date__c,\n\t\t\t\t\t\tCASE \n\t\t\t\t\t\t\t\t\t  WHEN ACCT.PAYMENT_METHOD_ID = '12' THEN ACCT.BANK_ACCT_NAME \n\t\t\t\t\t\tEND AS Cardholder_Name__c,\n\t\t\t\t\t\tCASE \n\t\t\t\t\t\t\t\t\t  WHEN ACCT.PAYMENT_METHOD_ID = '12' THEN TO_CHAR(CAST(BANK_ACCT_EXP_DATE AS DATE),'MM')\n\t\t\t\t\t\tEND AS Credit_Card_Expiry_Month__c,\n\t\t\t\t\t\tCASE \n\t\t\t\t\t\t\t\t\t  WHEN ACCT.PAYMENT_METHOD_ID = '12' THEN TO_CHAR(CAST(BANK_ACCT_EXP_DATE AS DATE),'YYYY')\n\t\t\t\t\t\tEND AS Credit_Card_Expiry_Year__c,\n\t\t\t\t\t\tCASE \n\t\t\t\t\t\t\t\t\t  WHEN ACCT.PAYMENT_METHOD_ID = '12' THEN ACCT.BANK_CARD_CODE \n\t\t\t\t\t\tEND AS Credit_Card_Type__c, --SH to confirm if need to be added to SFDC for DinersClub\n\t\t\t\t\t\tACCT.TOKEN_NO AS Token_Number__c,\n\t\t\t\t\t\tACCT.BANK_ACCT_NBR AS Bank_Account_Number__c,\n\t\t\t\t\t\tACCT.BANK_NAME AS Bank_Name__c,\n\t\t\t\t\t\tCASE \n\t\t\t\t\t\t\t\t\t  WHEN ACCT.PAYMENT_METHOD_ID='11' THEN ACCT.BANK_ACCT_NAME \n\t\t\t\t\t\tEND AS Bank_Account_Holder_Name__c,\n\t\t\t\t\t\tCASE \n\t\t\t\t\t\t\t\t\t  WHEN CAST(ACCT.KIV_EXP_DATE aS DATE) > CURRENT_DATE THEN 1\n\t\t\t\t\t\t\t\t\t  ELSE 0\n\t\t\t\t\t\tEND AS Dunning__c,\n\t\t\t\t\t\tCASE \n\t\t\t\t\t\t\t\t\t  WHEN CAST(ACCT.KIV_EXP_DATE aS DATE) > CURRENT_DATE \n\t\t\t\t\t\t\t\t\t  THEN ACCT.DUNNING_STAGE_NAME \n\t\t\t\t\t\tEND AS Dunning_Stage__c,\n\t\t\t\t\t\tCASE \n\t\t\t\t\t\t\t\t\t  WHEN CAST(ACCT.KIV_EXP_DATE AS DATE) > CURRENT_DATE \n\t\t\t\t\t\t\t\t\t  THEN ACCT.DUNNING_STRATEGY_NAME \n\t\t\t\t\t\tEND AS Dunning_Strategy__c,\n\t\t\t\t\t\tCASE \n\t\t\t\t\t\t\t\t\t  WHEN CAST(ACCT.KIV_EXP_DATE AS DATE) > CURRENT_DATE THEN 'KIV'\n\t\t\t\t\t\t\t\t\t  WHEN CAST(ACCT.EXCLUSION_EXP_DATE AS DATE) > CURRENT_DATE THEN 'Exclusion'\n\t\t\t\t\t\tEND AS KIV_Exclusion__c,\n\t\t\t\t\t\tCASE \n\t\t\t\t\t\t\t\t\t  WHEN CAST(ACCT.KIV_EXP_DATE AS DATE) > CURRENT_DATE THEN ACCT.KIV_REASON_NAME\n\t\t\t\t\t\t\t\t\t  WHEN CAST(ACCT.EXCLUSION_EXP_DATE AS DATE) > CURRENT_DATE THEN ACCT.EXCLUSION_REASON_NAME\n\t\t\t\t\t\tEND AS KIV_Exclusion_Reason__c,\n\t\t\t\t\t\tCASE \n\t\t\t\t\t\t\t\t\t  WHEN CAST(ACCT.KIV_EXP_DATE AS DATE) > CURRENT_DATE THEN CAST(ACCT.KIV_EFF_DATE AS DATE)\n\t\t\t\t\t\t\t\t\t  WHEN CAST(ACCT.EXCLUSION_EXP_DATE AS DATE) > CURRENT_DATE THEN CAST(ACCT.EXCLUSION_EFF_DATE AS DATE)\n\t\t\t\t\t\tEND AS KIV_Exclusion_Effective_Date__c,\n\t\t\t\t\t\tCASE \n\t\t\t\t\t\t\t\t\t  WHEN CAST(ACCT.KIV_EXP_DATE AS DATE) > CURRENT_DATE THEN CAST(ACCT.KIV_EXP_DATE AS DATE)\n\t\t\t\t\t\t\t\t\t  WHEN CAST(ACCT.EXCLUSION_EXP_DATE AS DATE) > CURRENT_DATE THEN CAST(ACCT.EXCLUSION_EXP_DATE AS DATE)\n\t\t\t\t\t\tEND AS KIV_Exclusion_Expire_Date__c,\n\t\t\t\t\t\tCASE \n\t\t\t\t\t\t\t\t\t  WHEN ACCT.PARTY_TYPE = 'F' THEN ACCT.PARTY_CODE\n\t\t\t\t\t\tEND AS CREATE_STAFF_NAME,\n\t\t\t\t\t\tAM.PARTY_CODE AS OWNER_STAFF_NAME,\n\t\t\t\t\t\tCOALESCE(CAST(ACCT.CREATED_DATE AS TIMESTAMP),DATE_TRUNC('seconds',CURRENT_TIMESTAMP)) AS CREATED_DATE,\n\t\t\t\t\t\tCOALESCE(CAST(ACCT.UPDATE_DATE AS TIMESTAMP), DATE_TRUNC('seconds',CURRENT_TIMESTAMP)) AS UPDATE_DATE,\n\t\t\t\t\t\tACCT.CUST_ID\n\t\t\t\t\t\tFROM stg_ebs_acct ACCT \t\t\t\t\n\t\t\t\t\t\tLEFT JOIN ACCT_MGR AM \t\t\tON AM.CUST_ID = ACCT.CUST_ID\n\t\t\t\t\t\tLEFT JOIN STG_PAYMENT_METHOD PAYMENT ON ACCT.PAYMENT_METHOD_ID=PAYMENT.PAYMENT_METHOD_ID\n\t\t\t\t\t\tWHERE UPPER(COALESCE(ACCT.VAL_REJ_TYPE,'Y')) !='HARD'\n\t\t\t\t\t\t)\n\t\t\t\t\t\t\n\nSELECT \nB.ID \t\t\t\t\t\t\t\t\tAS Account__c\n,C.ID \t\t\t\t\t\t\t\t\tAS CPQ_Billing_Address__c\n\n,A.ACCT_ID \t\t\t\t\t\t\t\tAS Payment_Code__c\n,A.CREATE_STAFF_NAME \t\t\t\t\tAS CreatedById\n,A.CREATE_STAFF_NAME \t\t\t\t\tAS LastModifiedById\n,A.CREATED_DATE \t\t\t\t\t\tAS CreatedDate\n,A.UPDATE_DATE \t\t\t\t\t\t\tAS LastModifiedDate\n,A.OWNER_STAFF_NAME \t\t\t\t\tAS OwnerId \n,A.ACCT_ID \t\t\t\t\t\t\t\tAS Legacyid\n\n,A.csconta_Bill_Delivery_Method__c\n,A.Bill_Delivery_Email__c\n,A.Bill_Delivery_Address__c\n,A.Payment_Responsible__c\n,A.Blacklist_Status__c\n,A.Blacklist_Reason__c\n,A.Current_Status_Start_Date__c\n,A.Cardholder_Name__c\n,A.Credit_Card_Expiry_Month__c\n,A.Credit_Card_Expiry_Year__c\n,A.Credit_Card_Type__c\n,A.Token_Number__c\n,A.Bank_Account_Number__c\n,A.Bank_Name__c\n,A.Bank_Account_Holder_Name__c\n,A.Dunning__c\n,A.Dunning_Stage__c\n,A.Dunning_Strategy__c\n,A.KIV_Exclusion__c\n,A.KIV_Exclusion_Reason__c\n,A.KIV_Exclusion_Effective_Date__c\n,A.KIV_Exclusion_Expire_Date__c\n,A.CPQ_Billing_Account_Number__c\n,A.Billing_Account_Status__c\n,A.Bill_Cycle__c\n,A.Payment_Mode__c\n,A.PARENT_ACCT_ID\n,A.BILL_FLAG\n\n,CUST_ID\n,BILL_ADDRESS\n\nFROM BILL_ACCT \t\t \t\tA\nJOIN SF_ACCOUNT \t\t\tB\tON A.CUST_ID = B.LEGACY_ID__C\nJOIN SF_CSCRM__ADDRESS__c  \tC\tON A.BILL_ADDRESS = C.LEGACY_ID__C","isFileList":false,"handleSpecialChars":false,"handleDecimalRoundOff":false,"frsAsset":false,"dynamicFileName":false,"excludeDynamicFileNameField":false,"currentlyProcessedFileName":false,"retainFieldMetadata":false,"objectName":"DUMMY_src_stg_sync_ebs_billing_account","useExactSrcNames":false,"tgtObjectAttributes":{},"runtimeParameterData":{"@type":"mtTaskRuntimeParameterData","isConnectionRuntimeParameter":false,"isObjectRuntimeParameter":false},"overridableProperties":[],"overriddenFields":[]},{"@type":"mtTaskParameter","id":1333633,"name":"$tgt_sync_ebs_billing_account$","type":"TARGET","label":"tgt_sync_ebs_billing_account","uiProperties":{"connectionParameterized":"false","objectParameterized":"false","visible":"false","defaultTargetUpdateColumns":"","supportApplyDDLChanges":"false","originalPath":"tgt_sync_ebs_billing_account"},"targetConnectionId":"@0aa38HfbIjadqoKlbnU14y","targetObject":"p1_mit/TABLE/sync_ebs_billingaccount","targetObjectLabel":"sync_ebs_billingaccount","newFlatFile":false,"newObject":false,"showBusinessNames":false,"naturalOrder":true,"truncateTarget":false,"bulkApiDBTarget":false,"operationType":"Insert","customFuncCfg":{"@type":"customFuncConfig","id":-1,"connections":[],"inputMap":[],"outputFields":[]},"targetRefsV2":{},"targetUpdateColumns":[],"extendedObject":{"@type":"extendedObject","singleMode":true,"filters":[],"sortFields":[]},"runtimeAttrs":{},"isRESTModernSource":true,"isFileList":false,"handleSpecialChars":false,"handleDecimalRoundOff":false,"frsAsset":false,"dynamicFileName":false,"excludeDynamicFileNameField":false,"currentlyProcessedFileName":false,"retainFieldMetadata":false,"objectName":"p1_mit/TABLE/sync_ebs_billingaccount","objectLabel":"sync_ebs_billingaccount","useExactSrcNames":false,"tgtObjectAttributes":{},"runtimeParameterData":{"@type":"mtTaskRuntimeParameterData","isConnectionRuntimeParameter":false,"isObjectRuntimeParameter":false},"overridableProperties":[],"overriddenFields":[]},{"@type":"mtTaskParameter","id":1333634,"name":"$Master_Lookup$","type":"LOOKUP","label":"Master_Lookup","uiProperties":{"connectionParameterized":"false","isCachedLookup":"true","multipleMatchPolicy":"Use Last Value","objectParameterized":"false","visible":"false","originalPath":"Master_Lookup"},"lookupConnectionId":"@0aa38HfbIjadqoKlbnU14y","lookupObject":"DUMMY_Master_Lookup","newFlatFile":false,"newObject":false,"showBusinessNames":false,"naturalOrder":true,"truncateTarget":false,"bulkApiDBTarget":false,"customFuncCfg":{"@type":"customFuncConfig","id":-1,"connections":[],"inputMap":[],"outputFields":[]},"targetRefsV2":{},"targetUpdateColumns":[],"runtimeAttrs":{"Cache File Name Prefix":"","Lookup Index Cache Size":"AUTO","Optional":"true","Lookup cache persistent":"false","Lookup source is static":"false","Case Sensitive String Comparison":"false","Re-cache from lookup source":"false","Insert Else Update":"false","Lookup caching enabled":"true","Lookup Data Cache Size":"AUTO","Tracing Level":"Normal","Sorted Input":"false","Lookup cache directory name":"$PMCacheDir","Output Old Value On Update":"false","Dynamic Lookup Cache":"false","Pre-build lookup cache":"AUTO","Null ordering":""},"isRESTModernSource":true,"customQuery":"SELECT \nTRIM(target_object) as target_object,\nTRIM(target_api)    as target_api,\nTRIM(target_value)  as target_value,\nTRIM(UPPER(source_value)) as source_value\nfrom STG_SH_MASTER_LOV\nWHERE is_active='Y'","isFileList":false,"handleSpecialChars":false,"handleDecimalRoundOff":false,"frsAsset":false,"dynamicFileName":false,"excludeDynamicFileNameField":false,"currentlyProcessedFileName":false,"retainFieldMetadata":false,"objectName":"DUMMY_Master_Lookup","useExactSrcNames":false,"tgtObjectAttributes":{},"runtimeParameterData":{"@type":"mtTaskRuntimeParameterData","isConnectionRuntimeParameter":false,"isObjectRuntimeParameter":false},"overridableProperties":[],"overriddenFields":[]},{"@type":"mtTaskParameter","id":1333635,"name":"$U_lkp_sf_user_ebs$","type":"LOOKUP","label":"U_lkp_sf_user_ebs","uiProperties":{"connectionParameterized":"false","isCachedLookup":"true","multipleMatchPolicy":"Use Last Value","objectParameterized":"false","visible":"false","originalPath":"U_lkp_sf_user_ebs"},"lookupConnectionId":"@0aa38HfbIjadqoKlbnU14y","lookupObject":"DUMMY_U_lkp_sf_user_ebs","newFlatFile":false,"newObject":false,"showBusinessNames":false,"naturalOrder":true,"truncateTarget":false,"bulkApiDBTarget":false,"customFuncCfg":{"@type":"customFuncConfig","id":-1,"connections":[],"inputMap":[],"outputFields":[]},"targetRefsV2":{},"targetUpdateColumns":[],"runtimeAttrs":{"Cache File Name Prefix":"","Lookup Index Cache Size":"AUTO","Optional":"true","Lookup cache persistent":"false","Lookup source is static":"false","Case Sensitive String Comparison":"false","Re-cache from lookup source":"false","Insert Else Update":"false","Lookup caching enabled":"true","Lookup Data Cache Size":"AUTO","Tracing Level":"Normal","Sorted Input":"false","Lookup cache directory name":"$PMCacheDir","Output Old Value On Update":"false","Dynamic Lookup Cache":"false","Pre-build lookup cache":"AUTO","Null ordering":""},"isRESTModernSource":true,"customQuery":"WITH USER_1 \t\tAS (SELECT Id, UPPER(TRIM(Email)) AS Email, ROW_NUMBER() OVER (PARTITION BY UPPER(TRIM(Email)) ORDER BY IsActive DESC ) AS RNK FROM SF_USER)\n    ,UNIQUE_USER \tAS (SELECT Id AS ID, Email AS Email  FROM USER_1 WHERE RNK = 1)\n\t\nSELECT  A.ID \n       ,A.Email \n\t   ,B.STAFF_ID\nFROM UNIQUE_USER A\nJOIN STG_BFM_STAFF B \nON TRIM(UPPER(A.Email))=TRIM(UPPER(B.Email))\n\nUNION\n\nSELECT Id AS ID\n      ,Email AS Email\n\t  ,NULL AS STAFF_ID \nFROM SF_USER \nWHERE UPPER(Name)= UPPER('Data Migration User')","isFileList":false,"handleSpecialChars":false,"handleDecimalRoundOff":false,"frsAsset":false,"dynamicFileName":false,"excludeDynamicFileNameField":false,"currentlyProcessedFileName":false,"retainFieldMetadata":false,"objectName":"DUMMY_U_lkp_sf_user_ebs","useExactSrcNames":false,"tgtObjectAttributes":{},"runtimeParameterData":{"@type":"mtTaskRuntimeParameterData","isConnectionRuntimeParameter":false,"isObjectRuntimeParameter":false},"overridableProperties":[],"overriddenFields":[]},{"@type":"mtTaskParameter","id":1333636,"name":"$U_lkp_sf_user_sap$","type":"LOOKUP","label":"U_lkp_sf_user_sap","uiProperties":{"connectionParameterized":"false","isCachedLookup":"true","multipleMatchPolicy":"Use Last Value","objectParameterized":"false","visible":"false","originalPath":"U_lkp_sf_user_sap"},"lookupConnectionId":"@0aa38HfbIjadqoKlbnU14y","lookupObject":"DUMMY_U_lkp_sf_user_sap","newFlatFile":false,"newObject":false,"showBusinessNames":false,"naturalOrder":true,"truncateTarget":false,"bulkApiDBTarget":false,"customFuncCfg":{"@type":"customFuncConfig","id":-1,"connections":[],"inputMap":[],"outputFields":[]},"targetRefsV2":{},"targetUpdateColumns":[],"runtimeAttrs":{"Cache File Name Prefix":"","Lookup Index Cache Size":"AUTO","Optional":"true","Lookup cache persistent":"false","Lookup source is static":"false","Case Sensitive String Comparison":"false","Re-cache from lookup source":"false","Insert Else Update":"false","Lookup caching enabled":"true","Lookup Data Cache Size":"AUTO","Tracing Level":"Normal","Sorted Input":"false","Lookup cache directory name":"$PMCacheDir","Output Old Value On Update":"false","Dynamic Lookup Cache":"false","Pre-build lookup cache":"AUTO","Null ordering":""},"isRESTModernSource":true,"customQuery":"SELECT \nID,\nNAME \nFROM (\nSELECT \nId AS ID,\nNAME \nFROM \n(\nSELECT Id, \nUPPER(TRIM(Name)) AS NAME,\nROW_NUMBER() OVER (PARTITION BY UPPER(TRIM(Name)) ORDER BY IsActive DESC ) AS RNK\nFROM SF_USER) A \nWHERE RNK=1\n) B","isFileList":false,"handleSpecialChars":false,"handleDecimalRoundOff":false,"frsAsset":false,"dynamicFileName":false,"excludeDynamicFileNameField":false,"currentlyProcessedFileName":false,"retainFieldMetadata":false,"objectName":"DUMMY_U_lkp_sf_user_sap","useExactSrcNames":false,"tgtObjectAttributes":{},"runtimeParameterData":{"@type":"mtTaskRuntimeParameterData","isConnectionRuntimeParameter":false,"isObjectRuntimeParameter":false},"overridableProperties":[],"overriddenFields":[]},{"@type":"mtTaskParameter","id":1333637,"name":"$U_lkp_stg_acct_attr_value$","type":"LOOKUP","label":"U_lkp_stg_acct_attr_value","uiProperties":{"connectionParameterized":"false","isCachedLookup":"true","multipleMatchPolicy":"Use Last Value","objectParameterized":"false","visible":"false","originalPath":"U_lkp_stg_acct_attr_value"},"lookupConnectionId":"@0aa38HfbIjadqoKlbnU14y","lookupObject":"DUMMY_U_lkp_stg_acct_attr_value","newFlatFile":false,"newObject":false,"showBusinessNames":false,"naturalOrder":true,"truncateTarget":false,"bulkApiDBTarget":false,"customFuncCfg":{"@type":"customFuncConfig","id":-1,"connections":[],"inputMap":[],"outputFields":[]},"targetRefsV2":{},"targetUpdateColumns":[],"runtimeAttrs":{"Cache File Name Prefix":"","Lookup Index Cache Size":"AUTO","Optional":"true","Lookup cache persistent":"false","Lookup source is static":"false","Case Sensitive String Comparison":"false","Re-cache from lookup source":"false","Insert Else Update":"false","Lookup caching enabled":"true","Lookup Data Cache Size":"AUTO","Tracing Level":"Normal","Sorted Input":"false","Lookup cache directory name":"$PMCacheDir","Output Old Value On Update":"false","Dynamic Lookup Cache":"false","Pre-build lookup cache":"AUTO","Null ordering":""},"isRESTModernSource":true,"customQuery":"SELECT \nATTR_ID,\nACCT_ID,\nTRIM(ATTR_VALUE) AS ATTR_VALUE\nFROM \nSTG_ACCT_ATTR_VALUE WHERE ATTR_ID IN ('4558','545','4239','547','544','2050','542','605','543','548')","isFileList":false,"handleSpecialChars":false,"handleDecimalRoundOff":false,"frsAsset":false,"dynamicFileName":false,"excludeDynamicFileNameField":false,"currentlyProcessedFileName":false,"retainFieldMetadata":false,"objectName":"DUMMY_U_lkp_stg_acct_attr_value","useExactSrcNames":false,"tgtObjectAttributes":{},"runtimeParameterData":{"@type":"mtTaskRuntimeParameterData","isConnectionRuntimeParameter":false,"isObjectRuntimeParameter":false},"overridableProperties":[],"overriddenFields":[]}],"sequences":[],"inOutParameters":[],"connRuntimeAttrs":[]}]