[{"@type":"workflow","id":"@1","name":"tf_solution_grouping","description":"**Prerequisite**  After tf_Product_Configuration_1  2","maxLogs":10,"references":[{"@type":"reference","refObjectId":"@bFkMmLvxSMIefnKeIK6acs","refType":"mtTask"},{"@type":"reference","refObjectId":"@3HAGTvcKmXqgnMcvx2C9kD","refType":"mtTask"},{"@type":"reference","refObjectId":"@1bE3nen4hBjbesR0BxoKmL","refType":"mtTask"},{"@type":"reference","refObjectId":"@90302gnmFPbceicCu6RO6H","refType":"mtTask"},{"@type":"reference","refObjectId":"@jXN9qgC6KcLfgzwp70FLkP","refType":"mtTask"}],"tasks":[{"@type":"workflowTask","taskId":"@bFkMmLvxSMIefnKeIK6acs","type":"MTT","name":"mt_temp_table_solution_grouping","stopOnError":true,"stopOnWarning":false},{"@type":"workflowTask","taskId":"@3HAGTvcKmXqgnMcvx2C9kD","type":"MTT","name":"mt_temp_solution_grouping_load","stopOnError":true,"stopOnWarning":false},{"@type":"workflowTask","taskId":"@1bE3nen4hBjbesR0BxoKmL","type":"MTT","name":"mt_sp_solution_grouping","stopOnError":true,"stopOnWarning":false},{"@type":"workflowTask","taskId":"@90302gnmFPbceicCu6RO6H","type":"MTT","name":"mt_solution_table_insert","stopOnError":true,"stopOnWarning":false},{"@type":"workflowTask","taskId":"@jXN9qgC6KcLfgzwp70FLkP","type":"MTT","name":"mt_sync_sf_solution","stopOnError":true,"stopOnWarning":false}]}]