[{"@type":"mappingTemplate","id":"@1","name":"m_file_to_sh_reconciliation_summary_file_vs_Stage_Insert","description":"","bundleVersion":"0","templateId":"@3","deployTime":1675769223000,"hasParameters":false,"valid":true,"fixedConnection":true,"hasParametersDeployed":false,"fixedConnectionDeployed":true,"isSchemaValidationEnabled":false,"tasks":1,"mappingPreviewFileRecordId":"@2","documentType":"MAPPING","references":[{"@type":"reference","refObjectId":"@irZpk2lcq2Lh5v2PiTa4Q2","refType":"connection"},{"@type":"reference","refObjectId":"@3csH4YxekGHeU5yftkP9eO","refType":"connection"}]}]