[{"@type":"mtTask","id":"@1","name":"mt_tgt_sf_json_pc_oe","description":"","runtimeEnvironmentId":"@cUgvxjP6z42j5o2aizvbUV","maxLogs":10,"verbose":false,"lastRunTime":1679624259000,"mappingId":"@8rmWwnUbjZWkmBB96pKTWx","frsGuid":"jjnZ67olui0hsgLRldBp4m","shortDescription":"","sessionPropertiesList":[{"name":"Allow Temporary Sequence for Pushdown","value":"NO","recommended":false},{"name":"Allow Temporary View for Pushdown","value":"NO","recommended":false},{"name":"Pushdown Optimization","value":"None","recommended":false},{"name":"Pushdown Optimization Context","value":"None","recommended":false},{"name":"Run Only In Pushdown Mode","value":"NO","recommended":false}],"enableCrossSchemaPushdown":true,"enableParallelRun":false,"autoTunedApplied":false,"autoTunedAppliedType":"NONE","paramFileType":"PARAM_FILE_LOCAL","schemaMode":"async","valid":true,"schemaValidationErrorCount":-1,"parameterFileEncoding":"UTF-8","serverlessProperties":{},"taskProperties":[{"@type":"taskProperty","name":"parameterFileDir","currentValue":"","type":"STRING","label":"label.parameterFileDir","required":false},{"@type":"taskProperty","name":"parameterFileName","currentValue":"","type":"STRING","label":"label.parameterFileName","required":false}],"parameters":[{"@type":"mtTaskParameter","id":737402,"name":"$src_sf_json_pc_oe$","type":"SOURCE","label":"src_sf_json_pc_oe","uiProperties":{"connectionParameterized":"false","isSelectDistinct":"false","objectParameterized":"false","visible":"false","originalPath":"src_sf_json_pc_oe"},"sourceConnectionId":"@0aa38HfbIjadqoKlbnU14y","sourceObject":"DUMMY_src_sf_json_pc_oe","newFlatFile":false,"newObject":false,"showBusinessNames":false,"naturalOrder":true,"truncateTarget":false,"bulkApiDBTarget":false,"customFuncCfg":{"@type":"customFuncConfig","id":-1,"connections":[],"inputMap":[],"outputFields":[]},"targetRefsV2":{},"targetUpdateColumns":[],"runtimeAttrs":{},"isRESTModernSource":true,"customQuery":"select\nPC.\"Id\" \t\t\t\t\t\t\tAS pc_id \n,PC.\"pc_type\" \t\t\t\t\t\tAS pc_type \n,PC.\"CPQ_Billing_Account__c\" \t\tAS billingaccount\t\t\n,SV.\"Contract_End_Date__c\" \t\t\tAS contractenddate\t\t\n,SV.\"Contract_Start_Date__c\" \t\tAS contractstartdate\t\t\n,SOL.\"csord__Account__c\"  \t\t\tAS \taccountId\t\t\t\n,COALESCE(PI.\"Color__c\",'')  \t\t\t\t\tAS \tcolor\t\t\n,PC.\"cust_id\"  \t\t\t\t\t\tAS \tsourceCustomerAccount \n,COALESCE(PI.\"Stock_Code__c\",'')   \t\t\t\tAS \tstockCode\n\t\t\t\t\t\t\n,''  \t\t\t\t\t\t\t\tAS \tdeliveryMode\t\t\n,''  \t\t\t\t\t\t\t\tAS \tDNOAccountNumber  \t\n,''  \t\t\t\t\t\t\t\tAS \tDNODocNo \t\t  \t\n,''  \t\t\t\t\t\t\t\tAS \tDNODocType \t\t  \t\n,''  \t\t\t\t\t\t\t\tAS \tDNORegisteredOwner \t\n,''  \t\t\t\t\t\t\t\tAS \troamingDataCap \t\t\n,''  \t\t\t\t\t\t\t\tAS \tportInNumber       \t\n,''  \t\t\t\t\t\t\t\tAS \tqrText \t\t\t\t\n,''  \t\t\t\t\t\t\t\tAS \tportInDonorNetwork \t\n,''  \t\t\t\t\t\t\t\tAS \tstatus\t\t\t\t \n,''  \t\t\t\t\t\t\t    AS \temailAddress\t\t \n,''  \t\t\t\t\t\t\t\tAS \temployeeCostCentre  \n,''  \t\t\t\t\t\t\t\tAS \temployeeDepartment  \n,''  \t\t\t\t\t\t\t\tAS \temployeeEmail       \n,''  \t\t\t\t\t\t\t\tAS \temployeeID\t\t\t\n,''  \t\t\t\t\t\t\t\tAS \temployeeName\t\t\n,''  \t\t\t\t\t\t\t\tAS \tmanagerEmail\t\t\n,''  \t\t\t\t\t\t\t\tAS \tmsisdn\t\t\t\t\n,''  \t\t\t\t\t\t\t\tAS \tportInLineType  \t\n,''  \t\t\t\t\t\t\t\tAS \tterminatedService   \n,''  \t\t\t\t\t\t\t\tAS \ttransferredService  \t\n,'' \t\t\t\t\t\t\t\tAS \tcustomerDocNo\n,'' \t\t\t\t\t\t\t\tAS \tcustomerDocType\n\n,PC.\"cscfga__Product_Basket__c\" \tAS \tbasketid  \t\t    -- for Chandra\n,PC.\"activation_date\"   \t\t\tAS \trfsDate         \t-- Service Activation Date\n,PC.\"iccid\"  \t\t\t\t\t\tAS \tICCID\t\t\t\t-- Missing tranformation from Main Service (Darrell)\n--INTO tgt_sf_json_pc_oe\nFROM tgt_sf_pc PC\nJOIN tgt_sf_solution SOL\n\t\tON SOL.\"Id\" = PC.\"cssdm__solution_association__c\"\nLEFT JOIN tgt_sf_service SV \n\t\tON SV.\"csordtelcoa__Product_Configuration__c\" = PC.\"Id\"\nLEFT JOIN sf_cspmb__Price_Item_c PI\n\t\ton PI.\"Name\"  = PC.\"Name\"\t\t\nwhere PC.\"Id\" is not null\nand PC.\"pc_type\" in ('Mobile Device','Mobile Service','Sharing Service')\n\n--ALTER TABLE tgt_sf_json_pc_oe OWNER to sh_mig_users;\n\n--select * from tgt_sf_json_pc_oe","isFileList":false,"handleSpecialChars":false,"handleDecimalRoundOff":false,"frsAsset":false,"dynamicFileName":false,"excludeDynamicFileNameField":false,"currentlyProcessedFileName":false,"retainFieldMetadata":false,"objectName":"DUMMY_src_sf_json_pc_oe","useExactSrcNames":false,"tgtObjectAttributes":{},"runtimeParameterData":{"@type":"mtTaskRuntimeParameterData","isConnectionRuntimeParameter":false,"isObjectRuntimeParameter":false},"overridableProperties":[],"overriddenFields":[]},{"@type":"mtTaskParameter","id":737403,"name":"$src_sf_json_pc_oe_M365$","type":"SOURCE","label":"src_sf_json_pc_oe_M365","uiProperties":{"connectionParameterized":"false","isSelectDistinct":"false","objectParameterized":"false","visible":"false","originalPath":"src_sf_json_pc_oe_M365"},"sourceConnectionId":"@0aa38HfbIjadqoKlbnU14y","sourceObject":"DUMMY_src_sf_json_pc_oe_M365","newFlatFile":false,"newObject":false,"showBusinessNames":false,"naturalOrder":true,"truncateTarget":false,"bulkApiDBTarget":false,"customFuncCfg":{"@type":"customFuncConfig","id":-1,"connections":[],"inputMap":[],"outputFields":[]},"targetRefsV2":{},"targetUpdateColumns":[],"runtimeAttrs":{},"isRESTModernSource":true,"customQuery":"--drop table if exists tgt_sf_json_pc_oe_m365;\n\nselect\nPC.\"Id\" \t\t\t\t\t\t\tAS pc_id \n,PC.\"pc_type\" \t\t\t\t\t\tAS pc_type \n,PC.\"CPQ_Billing_Account__c\" \t\tAS billingaccount\t\n,PC.\"activation_date\"   \t\t\tAS rfsDate         \t-- Service Activation Date\t\n,SV.\"Contract_End_Date__c\" \t\t\tAS contractenddate\t\t\n,SV.\"Contract_Start_Date__c\" \t\tAS contractstartdate\t\t\n,SOL.\"csord__Account__c\"  \t\t\tAS accountId\n,SOL.\"csord__Account__c\"  \t\t\tAS companyName\n,SV.\"Domain__c\"\t\t\t\t\t\tAS selectedDomain\t\t\n,SV.\"Domain__c\"\t\t\t\t\t\tAS domainPreference1\n,'' \t\t\t\t\t\t\t\tAS domainPreference2\n,'' \t\t\t\t\t\t\t\tAS domainPreference3\n\n--INTO tgt_sf_json_pc_oe_m365\nFROM tgt_sf_pc PC\nJOIN tgt_sf_solution SOL\n\t\tON SOL.\"Id\" = PC.\"cssdm__solution_association__c\"\nLEFT JOIN tgt_sf_service SV \n\t\tON SV.\"csordtelcoa__Product_Configuration__c\" = PC.\"Id\"\nLEFT JOIN sf_cspmb__Price_Item_c PI\n\t\ton PI.\"Name\"  = PC.\"Name\"\t\t\nwhere PC.\"Id\" is not null\nand PC.\"pc_type\" = 'Microsoft License'\n\n--ALTER TABLE tgt_sf_json_pc_oe_m365 OWNER to sh_mig_users;\n\n--select * from tgt_sf_json_pc_oe_m365","isFileList":false,"handleSpecialChars":false,"handleDecimalRoundOff":false,"frsAsset":false,"dynamicFileName":false,"excludeDynamicFileNameField":false,"currentlyProcessedFileName":false,"retainFieldMetadata":false,"objectName":"DUMMY_src_sf_json_pc_oe_M365","useExactSrcNames":false,"tgtObjectAttributes":{},"runtimeParameterData":{"@type":"mtTaskRuntimeParameterData","isConnectionRuntimeParameter":false,"isObjectRuntimeParameter":false},"overridableProperties":[],"overriddenFields":[]},{"@type":"mtTaskParameter","id":737404,"name":"$src_sf_json_pc_oe_bwb$","type":"SOURCE","label":"src_sf_json_pc_oe_bwb","uiProperties":{"connectionParameterized":"false","isSelectDistinct":"false","objectParameterized":"false","visible":"false","originalPath":"src_sf_json_pc_oe_bwb"},"sourceConnectionId":"@0aa38HfbIjadqoKlbnU14y","sourceObject":"DUMMY_src_sf_json_pc_oe_bwb","newFlatFile":false,"newObject":false,"showBusinessNames":false,"naturalOrder":true,"truncateTarget":false,"bulkApiDBTarget":false,"customFuncCfg":{"@type":"customFuncConfig","id":-1,"connections":[],"inputMap":[],"outputFields":[]},"targetRefsV2":{},"targetUpdateColumns":[],"runtimeAttrs":{},"isRESTModernSource":true,"customQuery":"--DROP TABLE IF EXISTS tgt_sf_json_pc_oe_bwb\n\nselect\nPC.\"Id\" \t\t\t\t\t\t\tAS pc_id \n,PC.\"pc_type\" \t\t\t\t\t\tAS pc_type \n,PC.\"CPQ_Billing_Account__c\" \t\tAS billingaccount\t\t\n,SV.\"Contract_End_Date__c\" \t\t\tAS contractenddate\t\t\n,SV.\"Contract_Start_Date__c\" \t\tAS contractstartdate\t\t\n,SOL.\"csord__Account__c\"  \t\t\tAS accountId\t\t\t\t\t\n,PC.\"cust_id\"  \t\t\t\t\t\tAS sourceCustomerAccount \n,PC.Equipment_serial_number__c\tAS serialNumber\n,PC.\"cscfga__Product_Basket__c\"  \tAS basketid\t\n\n,'Reserved' \t\t\t\t\t\tAS status\n\t\n,'' AS terminatedService\n,'' AS deliveryMode\n,'' AS activationDate\n,'' AS transferredService\n\n,'' AS faultAndMaintainenacePrimary\n,'' AS deliverySlot\n,'' AS postalCode\n,'' AS installationContactSecondary\n,'' AS buildingName\n,'' AS ProposedTerminationDate\n,'' AS rfsDate\n,'' AS address\n,'' AS deliveryAddress\n,'' AS installingContactPrimary\n,'' AS faultAndMaintenanceSecondary\n,'' AS Domain_Preference_1\n,'' AS Domain_Preference_2\n,'' AS Domain_Preference_3\n,COALESCE(PC.\"iccid\",'') \t\t\t\t\t\tAS ICCID\n,COALESCE(PC.\"ip_address__c\",'') \t\t\t\tAS ipAddress\n,COALESCE(PC.\"Mobile_Number__c\",'') \t\t\t\tAS MSISDN\n\n\n\n--INTO tgt_sf_json_pc_oe_bwb\nFROM tgt_sf_pc PC\nJOIN tgt_sf_solution SOL\n\t\tON SOL.\"Id\" = PC.\"cssdm__solution_association__c\"\nLEFT JOIN tgt_sf_service SV \n\t\tON SV.\"csordtelcoa__Product_Configuration__c\" = PC.\"Id\"\nLEFT JOIN sf_cspmb__Price_Item_c PI\n\t\ton PI.\"Name\"  = PC.\"Name\"\t\t\nwhere PC.\"Id\" is not null\nand PC.\"pc_type\" in ('ITX Broadband','ITX Wireless Broadband','VAS Wireless Broadband','Wholesale Broadband','Broadband','VAS Broadband')\n\n--ALTER TABLE tgt_sf_json_pc_oe_bwb OWNER to sh_mig_users;","isFileList":false,"handleSpecialChars":false,"handleDecimalRoundOff":false,"frsAsset":false,"dynamicFileName":false,"excludeDynamicFileNameField":false,"currentlyProcessedFileName":false,"retainFieldMetadata":false,"objectName":"DUMMY_src_sf_json_pc_oe_bwb","useExactSrcNames":false,"tgtObjectAttributes":{},"runtimeParameterData":{"@type":"mtTaskRuntimeParameterData","isConnectionRuntimeParameter":false,"isObjectRuntimeParameter":false},"overridableProperties":[],"overriddenFields":[]},{"@type":"mtTaskParameter","id":737405,"name":"$tgt_sf_json_pc_oe$","type":"TARGET","label":"tgt_sf_json_pc_oe","uiProperties":{"connectionParameterized":"false","objectParameterized":"false","visible":"false","defaultTargetUpdateColumns":"","supportApplyDDLChanges":"false","originalPath":"tgt_sf_json_pc_oe"},"targetConnectionId":"@0aa38HfbIjadqoKlbnU14y","targetObject":"p1_dev/TABLE/tgt_sf_json_pc_oe","targetObjectLabel":"tgt_sf_json_pc_oe","newFlatFile":false,"newObject":false,"showBusinessNames":false,"naturalOrder":true,"truncateTarget":false,"bulkApiDBTarget":false,"operationType":"Insert","customFuncCfg":{"@type":"customFuncConfig","id":-1,"connections":[],"inputMap":[],"outputFields":[]},"targetRefsV2":{},"targetUpdateColumns":[],"extendedObject":{"@type":"extendedObject","singleMode":true,"filters":[],"sortFields":[]},"runtimeAttrs":{},"isRESTModernSource":true,"isFileList":false,"handleSpecialChars":false,"handleDecimalRoundOff":false,"frsAsset":false,"dynamicFileName":false,"excludeDynamicFileNameField":false,"currentlyProcessedFileName":false,"retainFieldMetadata":false,"objectName":"p1_dev/TABLE/tgt_sf_json_pc_oe","objectLabel":"tgt_sf_json_pc_oe","useExactSrcNames":false,"tgtObjectAttributes":{},"runtimeParameterData":{"@type":"mtTaskRuntimeParameterData","isConnectionRuntimeParameter":false,"isObjectRuntimeParameter":false},"overridableProperties":[],"overriddenFields":[]},{"@type":"mtTaskParameter","id":737406,"name":"$tgt_sf_pc_oe_M365$","type":"TARGET","label":"tgt_sf_pc_oe_M365","uiProperties":{"connectionParameterized":"false","objectParameterized":"false","visible":"false","defaultTargetUpdateColumns":"","supportApplyDDLChanges":"false","originalPath":"tgt_sf_pc_oe_M365"},"targetConnectionId":"@0aa38HfbIjadqoKlbnU14y","targetObject":"p1_dev/TABLE/tgt_sf_json_pc_oe_m365","targetObjectLabel":"tgt_sf_json_pc_oe_m365","newFlatFile":false,"newObject":false,"showBusinessNames":false,"naturalOrder":true,"truncateTarget":false,"bulkApiDBTarget":false,"operationType":"Insert","customFuncCfg":{"@type":"customFuncConfig","id":-1,"connections":[],"inputMap":[],"outputFields":[]},"targetRefsV2":{},"targetUpdateColumns":[],"extendedObject":{"@type":"extendedObject","singleMode":true,"filters":[],"sortFields":[]},"runtimeAttrs":{},"isRESTModernSource":true,"isFileList":false,"handleSpecialChars":false,"handleDecimalRoundOff":false,"frsAsset":false,"dynamicFileName":false,"excludeDynamicFileNameField":false,"currentlyProcessedFileName":false,"retainFieldMetadata":false,"objectName":"p1_dev/TABLE/tgt_sf_json_pc_oe_m365","objectLabel":"tgt_sf_json_pc_oe_m365","useExactSrcNames":false,"tgtObjectAttributes":{},"runtimeParameterData":{"@type":"mtTaskRuntimeParameterData","isConnectionRuntimeParameter":false,"isObjectRuntimeParameter":false},"overridableProperties":[],"overriddenFields":[]},{"@type":"mtTaskParameter","id":737407,"name":"$tgt_sf_pc_oe_bwb$","type":"TARGET","label":"tgt_sf_pc_oe_bwb","uiProperties":{"connectionParameterized":"false","objectParameterized":"false","visible":"false","defaultTargetUpdateColumns":"","supportApplyDDLChanges":"false","originalPath":"tgt_sf_pc_oe_bwb"},"targetConnectionId":"@0aa38HfbIjadqoKlbnU14y","targetObject":"p1_dev/TABLE/tgt_sf_json_pc_oe_bwb","targetObjectLabel":"tgt_sf_json_pc_oe_bwb","newFlatFile":false,"newObject":false,"showBusinessNames":false,"naturalOrder":true,"truncateTarget":false,"bulkApiDBTarget":false,"operationType":"Insert","customFuncCfg":{"@type":"customFuncConfig","id":-1,"connections":[],"inputMap":[],"outputFields":[]},"targetRefsV2":{},"targetUpdateColumns":[],"extendedObject":{"@type":"extendedObject","singleMode":true,"filters":[],"sortFields":[]},"runtimeAttrs":{},"isRESTModernSource":true,"isFileList":false,"handleSpecialChars":false,"handleDecimalRoundOff":false,"frsAsset":false,"dynamicFileName":false,"excludeDynamicFileNameField":false,"currentlyProcessedFileName":false,"retainFieldMetadata":false,"objectName":"p1_dev/TABLE/tgt_sf_json_pc_oe_bwb","objectLabel":"tgt_sf_json_pc_oe_bwb","useExactSrcNames":false,"tgtObjectAttributes":{},"runtimeParameterData":{"@type":"mtTaskRuntimeParameterData","isConnectionRuntimeParameter":false,"isObjectRuntimeParameter":false},"overridableProperties":[],"overriddenFields":[]}],"sequences":[],"inOutParameters":[],"connRuntimeAttrs":[]}]