[{"@type":"mtTask","id":"@1","name":"mt_stg_ebs_addon_service_old","description":"PROD,OFFER  SUBS table join for add on table","runtimeEnvironmentId":"@cUgvxjP6z42j5o2aizvbUV","maxLogs":10,"verbose":false,"lastRunTime":1670306717000,"mappingId":"@9GKJm8QDs4ueUd1Drh4xwr","frsGuid":"9WALBe5gLBnfLccxzv5VMC","shortDescription":"PROD,OFFER  SUBS table join for add on table","sessionPropertiesList":[{"name":"Allow Temporary Sequence for Pushdown","value":"NO","recommended":false},{"name":"Allow Temporary View for Pushdown","value":"NO","recommended":false},{"name":"Pushdown Optimization","value":"None","recommended":false},{"name":"Pushdown Optimization Context","value":"None","recommended":false},{"name":"Run Only In Pushdown Mode","value":"NO","recommended":false}],"enableCrossSchemaPushdown":true,"enableParallelRun":false,"autoTunedApplied":false,"autoTunedAppliedType":"NONE","paramFileType":"PARAM_FILE_LOCAL","schemaMode":"async","valid":true,"schemaValidationErrorCount":-1,"parameterFileEncoding":"UTF-8","serverlessProperties":{},"taskProperties":[{"@type":"taskProperty","name":"parameterFileDir","currentValue":"","type":"STRING","label":"label.parameterFileDir","required":false},{"@type":"taskProperty","name":"parameterFileName","currentValue":"","type":"STRING","label":"label.parameterFileName","required":false}],"parameters":[{"@type":"mtTaskParameter","id":394564,"name":"$Src_Prod_sub_offer_addon$","type":"SOURCE","label":"Src_Prod_sub_offer_addon","uiProperties":{"connectionParameterized":"false","isSelectDistinct":"false","objectParameterized":"false","visible":"false","originalPath":"Src_Prod_sub_offer_addon"},"sourceConnectionId":"@1h3v5gym6bTbjKYFjWauap","sourceObject":"DUMMY_Src_Prod_sub_offer_addon","newFlatFile":false,"newObject":false,"showBusinessNames":false,"naturalOrder":true,"truncateTarget":false,"bulkApiDBTarget":false,"customFuncCfg":{"@type":"customFuncConfig","id":-1,"connections":[],"inputMap":[],"outputFields":[]},"targetRefsV2":{},"targetUpdateColumns":[],"runtimeAttrs":{},"isRESTModernSource":true,"customQuery":"select prod_id,\np.completed_date,\np.prod_state,\nALL_SERV_TYPE.SERV_TYPE_NAME as prod_type,\np.offer_id as p_offer_id,\np.indep_prod_id,\np.prod_exp_date,\np.prod_state_date,\np.update_date as P_update_date,\np.created_date as p_created_date,\noffer_type,\noffer_name,\noffer_code,\nacc_nbr,\nacct_id,\ncust_id\nFROM ods_stage_source.prod P \nleft outer join ods_stage_source.subs S\non P.INDEP_PROD_ID=S.subs_id\nleft outer join ods_stage_source.offer O\nON P.offer_id=O.offer_id\nleft join ods_stage_source.SUBS_PLAN \nON P.SUBS_PLAN_ID = SUBS_PLAN.SUBS_PLAN_ID\nleft JOIN ods_stage_source.INDEP_PROD_SPEC\nON SUBS_PLAN.INDEP_PROD_SPEC_ID = INDEP_PROD_SPEC.INDEP_PROD_SPEC_ID\nleft join ods_stage_source.ALL_SERV_TYPE\nON INDEP_PROD_SPEC.SERV_TYPE = ALL_SERV_TYPE.SERV_TYPE\nWHERE P.subs_plan_id is null","isFileList":false,"handleSpecialChars":false,"handleDecimalRoundOff":false,"frsAsset":false,"dynamicFileName":false,"excludeDynamicFileNameField":false,"currentlyProcessedFileName":false,"retainFieldMetadata":false,"objectName":"DUMMY_Src_Prod_sub_offer_addon","useExactSrcNames":false,"fetchMode":"ORIGINAL","tgtObjectAttributes":{},"runtimeParameterData":{"@type":"mtTaskRuntimeParameterData","isConnectionRuntimeParameter":false,"isObjectRuntimeParameter":false},"overridableProperties":[],"overriddenFields":[]},{"@type":"mtTaskParameter","id":394565,"name":"$Tgt_addon_service$","type":"TARGET","label":"Tgt_addon_service","uiProperties":{"connectionParameterized":"false","objectParameterized":"false","visible":"false","defaultTargetUpdateColumns":"","supportApplyDDLChanges":"false","originalPath":"Tgt_addon_service"},"targetConnectionId":"@1h3v5gym6bTbjKYFjWauap","targetObject":"ods_stage_source/TABLE/stg_ebs_addon_service","targetObjectLabel":"stg_ebs_addon_service","newFlatFile":false,"newObject":false,"showBusinessNames":false,"naturalOrder":true,"truncateTarget":false,"bulkApiDBTarget":false,"operationType":"Insert","customFuncCfg":{"@type":"customFuncConfig","id":-1,"connections":[],"inputMap":[],"outputFields":[]},"targetRefsV2":{},"targetUpdateColumns":[],"extendedObject":{"@type":"extendedObject","singleMode":true,"filters":[],"sortFields":[]},"runtimeAttrs":{},"isRESTModernSource":true,"isFileList":false,"handleSpecialChars":false,"handleDecimalRoundOff":false,"frsAsset":false,"dynamicFileName":false,"excludeDynamicFileNameField":false,"currentlyProcessedFileName":false,"retainFieldMetadata":false,"objectName":"ods_stage_source/TABLE/stg_ebs_addon_service","objectLabel":"stg_ebs_addon_service","useExactSrcNames":false,"fetchMode":"ORIGINAL","tgtObjectAttributes":{},"runtimeParameterData":{"@type":"mtTaskRuntimeParameterData","isConnectionRuntimeParameter":false,"isObjectRuntimeParameter":false},"overridableProperties":[],"overriddenFields":[]}],"sequences":[],"inOutParameters":[],"connRuntimeAttrs":[]}]