[{"@type":"mtTask","id":"@1","name":"mt_rep_cssdm__Solution_Definition__c_OLD","description":"","runtimeEnvironmentId":"@cUgvxjP6z42j5o2aizvbUV","maxLogs":10,"verbose":false,"lastRunTime":1689299727000,"mappingId":"@84zZw2iXD5hkdxsWyuUskU","frsGuid":"cSN6Xs6e92pjra0W5zZwya","shortDescription":"","sessionPropertiesList":[],"enableCrossSchemaPushdown":true,"enableParallelRun":false,"autoTunedApplied":false,"autoTunedAppliedType":"NONE","schemaMode":"async","valid":true,"schemaValidationErrorCount":-1,"parameterFileEncoding":"UTF-8","serverlessProperties":{},"taskProperties":[{"@type":"taskProperty","name":"parameterFileDir","currentValue":"","type":"STRING","label":"label.parameterFileDir","required":false},{"@type":"taskProperty","name":"parameterFileName","currentValue":"","type":"STRING","label":"label.parameterFileName","required":false}],"parameters":[{"@type":"mtTaskParameter","id":1721741,"name":"$src_cssdm__Solution_Definition__c$","type":"SOURCE","label":"src_cssdm__Solution_Definition__c","uiProperties":{"connectionParameterized":"false","isSelectDistinct":"false","objectParameterized":"false","visible":"false","originalPath":"src_cssdm__Solution_Definition__c"},"sourceConnectionId":"@9BbRLvdO9WclfHAtYXCK2C","sourceObject":"DUMMY_src_cssdm__Solution_Definition__c","newFlatFile":false,"newObject":false,"showBusinessNames":false,"naturalOrder":true,"truncateTarget":false,"bulkApiDBTarget":false,"customFuncCfg":{"@type":"customFuncConfig","id":-1,"connections":[],"inputMap":[],"outputFields":[]},"targetRefsV2":{},"targetUpdateColumns":[],"runtimeAttrs":{},"isRESTModernSource":true,"customQuery":"select\nId\n,OwnerId\n,IsDeleted\n,Name\n,CurrencyIsoCode\n,CreatedDate\n,CreatedById\n,LastModifiedDate\n,LastModifiedById\n,SystemModstamp\n,LastViewedDate\n,LastReferencedDate\n,cssdm__categories__c\n,cssdm__component_type__c\n,cssdm__create_pcr__c\n,cssdm__current_version__c\n,cssdm__description__c\n,cssdm__effective_end_date__c\n,cssdm__effective_start_date__c\n,cssdm__guid__c\n,cssdm__image_url__c\n,cssdm__label__c\n,cssdm__main_component__c\n,cssdm__max__c\n,cssdm__min__c\n,cssdm__parent_component__c\n,cssdm__product_definition__c\n,cssdm__related_product_name__c\n,cssdm__schema__c\n,cssdm__sequence__c\n,cssdm__show_add_ons__c\n,cssdm__show_offers__c\n,cssdm__show_site_products__c\n,cssdm__type__c\n,cssdm__use_pricing_service__c\n,cssdm__version_number__c\nfrom\ncssdm__Solution_Definition__c","isFileList":false,"handleSpecialChars":false,"handleDecimalRoundOff":false,"frsAsset":false,"dynamicFileName":false,"excludeDynamicFileNameField":false,"currentlyProcessedFileName":false,"retainFieldMetadata":false,"objectName":"DUMMY_src_cssdm__Solution_Definition__c","useExactSrcNames":false,"tgtObjectAttributes":{},"runtimeParameterData":{"@type":"mtTaskRuntimeParameterData","isConnectionRuntimeParameter":false,"isObjectRuntimeParameter":false},"overridableProperties":[],"overriddenFields":[]},{"@type":"mtTaskParameter","id":1721742,"name":"$tgt_sf_cssdm__Solution_Definition__c$","type":"TARGET","label":"tgt_sf_cssdm__Solution_Definition__c","uiProperties":{"connectionParameterized":"false","objectParameterized":"false","visible":"false","defaultTargetUpdateColumns":"","supportApplyDDLChanges":"false","originalPath":"tgt_sf_cssdm__Solution_Definition__c"},"targetConnectionId":"@0aa38HfbIjadqoKlbnU14y","targetObject":"p1_mit/TABLE/sf_cssdm__solution_definition__c","targetObjectLabel":"sf_cssdm__solution_definition__c","newFlatFile":false,"newObject":false,"showBusinessNames":false,"naturalOrder":true,"truncateTarget":false,"bulkApiDBTarget":false,"operationType":"Insert","customFuncCfg":{"@type":"customFuncConfig","id":-1,"connections":[],"inputMap":[],"outputFields":[]},"targetRefsV2":{},"targetUpdateColumns":[],"extendedObject":{"@type":"extendedObject","singleMode":true,"filters":[],"sortFields":[]},"runtimeAttrs":{},"isRESTModernSource":true,"isFileList":false,"handleSpecialChars":false,"handleDecimalRoundOff":false,"frsAsset":false,"dynamicFileName":false,"excludeDynamicFileNameField":false,"currentlyProcessedFileName":false,"retainFieldMetadata":false,"objectName":"p1_mit/TABLE/sf_cssdm__solution_definition__c","objectLabel":"sf_cssdm__solution_definition__c","useExactSrcNames":false,"tgtObjectAttributes":{},"runtimeParameterData":{"@type":"mtTaskRuntimeParameterData","isConnectionRuntimeParameter":false,"isObjectRuntimeParameter":false},"overridableProperties":[],"overriddenFields":[]}],"sequences":[],"inOutParameters":[],"connRuntimeAttrs":[]}]