[{"@type":"mtTask","id":"@1","name":"mt_stg_ebs_pc_sharing_sync_1","description":"","runtimeEnvironmentId":"@cUgvxjP6z42j5o2aizvbUV","maxLogs":10,"verbose":false,"mappingId":"@0pljOBC39A1fUBp4c5moo4","frsGuid":"1lrNkwN9WYyewDzTonIZ0u","shortDescription":"","sessionPropertiesList":[],"enableCrossSchemaPushdown":true,"enableParallelRun":false,"autoTunedApplied":false,"autoTunedAppliedType":"NONE","schemaMode":"async","valid":true,"schemaValidationErrorCount":-1,"parameterFileEncoding":"UTF-8","serverlessProperties":{},"taskProperties":[{"@type":"taskProperty","name":"parameterFileDir","currentValue":"","type":"STRING","label":"label.parameterFileDir","required":false},{"@type":"taskProperty","name":"parameterFileName","currentValue":"","type":"STRING","label":"label.parameterFileName","required":false}],"parameters":[{"@type":"mtTaskParameter","id":732824,"name":"$src_ebs_sharing_service$","type":"SOURCE","label":"src_ebs_sharing_service","uiProperties":{"connectionParameterized":"false","isSelectDistinct":"false","objectParameterized":"false","visible":"false","originalPath":"src_ebs_sharing_service"},"sourceConnectionId":"@gbEqHgig3UYgrJMzU4lVau","sourceObject":"DUMMY_src_ebs_sharing_service","newFlatFile":false,"newObject":false,"showBusinessNames":false,"naturalOrder":true,"truncateTarget":false,"bulkApiDBTarget":false,"customFuncCfg":{"@type":"customFuncConfig","id":-1,"connections":[],"inputMap":[],"outputFields":[]},"targetRefsV2":{},"targetUpdateColumns":[],"runtimeAttrs":{},"isRESTModernSource":true,"customQuery":"SELECT\n\t\t\n\t\t\n\tstg_ebs_main_service.CUST_ID,\n\tstg_ebs_main_service.ACCT_ID,\t\n\n\tCOALESCE(STG_EBS_MAIN_SERVICE_2.commercial_product_name, NULL) \t\t\tAS Name,\n\tCOALESCE(STG_EBS_MAIN_SERVICE_2.AGREEMENT_LIMIT, NULL) \t\t\t\t\tAS cscfga__Contract_Term_Period__c,\n\tCOALESCE(STG_EBS_MAIN_SERVICE_2.commercial_product_name, NULL) \t\t\tAS cscfga__Description__c,\n\tCOALESCE(STG_EBS_MAIN_SERVICE_2.OTC_SALES_PRICE, '0') \t\t\t\t\tAS cscfga__total_one_off_charge__c,\n\n\tSTG_EBS_MAIN_SERVICE_2.SF_PRODUCT_BASKET_ID \t\t\t\t\t\t\tAS cscfga__Product_Basket__c,\n\tSTG_EBS_MAIN_SERVICE_2.Product_Definition_ID \t\t\t\t\t\t\tAS cscfga__Product_Definition__c,\n\tSTG_EBS_MAIN_SERVICE_2.Product_Definition_Name \t\t\t\t\t\t\tAS cscfga__Product_Family__c,\n\tSTG_EBS_MAIN_SERVICE_2.AGREEMENT_LIMIT \t\t\t\t\t\t\t\t\tAS cscfga__Recurrence_Frequency__c,\n\tSTG_EBS_MAIN_SERVICE_2.MRC_SALES_PRICE \t\t\t\t\t\t\t\t\tAS cscfga__total_recurring_charge__c,\n\tSTG_EBS_MAIN_SERVICE_2.SF_SOLUTION_ID \t\t\t\t\t\t\t\t\tAS csordtelcoa__Solution__c,\n\tSTG_EBS_MAIN_SERVICE_2.OTC_SALES_PRICE \t\t\t\t\t\t\t\t\tAS cscfga__unit_one_off_charge__c,\n\tSTG_EBS_MAIN_SERVICE_2.MRC_SALES_PRICE \t\t\t\t\t\t\t\t\tAS cscfga__unit_recurring_charge__c,\n\tSTG_EBS_MAIN_SERVICE_2.OTC_SALES_PRICE \t\t\t\t\t\t\t\t\tAS cscfga__One_Off_Charge__c,\n\tSTG_EBS_MAIN_SERVICE_2.MRC_SALES_PRICE \t\t\t\t\t\t\t\t\tAS cscfga__Recurring_Charge__c,\n\tSTG_EBS_MAIN_SERVICE_2.OTC_LIST_PRICE \t\t\t\t\t\t\t\t\tAS csdiscounts__One_off_non_discounted__c,\n\tSTG_EBS_MAIN_SERVICE_2.SF_SOLUTION_ID \t\t\t\t\t\t\t\t\tAS cssdm__solution_association__c, \n\tSTG_EBS_MAIN_SERVICE_2.SF_SOLUTION_ID \t\t\t\t\t\t\t\t\tAS Original_Solution_Id__c,\n\tSTG_EBS_MAIN_SERVICE_2.AGREEMENT_LIMIT \t\t\t\t\t\t\t\t\tAS Contract_Term__c,\n\tSTG_EBS_MAIN_SERVICE_2.ORDER_REASON_NAME \t\t\t\t\t\t\t\tAS Termination_Reason__c,\n\tSTG_EBS_MAIN_SERVICE_2.PROD_ID \t\t\t\t\t\t\t\t\t\t\tAS Legacy_Id__c,\n\tSTG_EBS_MAIN_SERVICE_2.service_id \t\t\t\t\t\t\t\t\t\tAS Service_ID__c,\n\tSTG_EBS_MAIN_SERVICE_2.activation_date \t\t\t\t\t\t\t\t\tAS RFS_Date__c,\n\tSTG_EBS_MAIN_SERVICE_2.commercial_product_id \t\t\t\t\t\t\tAS Commercial_Product__c,\n\tSTG_EBS_MAIN_SERVICE_2.OTC_SALES_PRICE,\n\tSTG_EBS_MAIN_SERVICE_2.MRC_SALES_PRICE,\n\tSTG_EBS_MAIN_SERVICE_2.AGREEMENT_LIMIT,\n\tSTG_EBS_MAIN_SERVICE_2.product_definition_name,\n\tSTG_EBS_MAIN_SERVICE_2.value,\n\tSTG_EBS_MAIN_SERVICE_2.offer_type,\n\tSTG_EBS_MAIN_SERVICE_2.offer_id,\n\tSTG_EBS_MAIN_SERVICE_2.sf_pooling_subs_id,\n\tSTG_EBS_MAIN_SERVICE_2.Contract_start_date,\n\tSTG_EBS_MAIN_SERVICE_2.Contract_end_date,\n\tSTG_EBS_MAIN_SERVICE_2.activation_date,\n\tSTG_EBS_MAIN_SERVICE_2.ICCID,\n\n\t0 \t\t\t\t\t\t\t\t\t\t\t\t\t\t\t\t\t\tAS cscfga__one_off_charge_line_discount_value__c,\n\t0 \t\t\t\t\t\t\t\t\t\t\t\t\t\t\t\t\t\tAS cscfga__one_off_charge_product_discount_value__c,\n\t0 \t\t\t\t\t\t\t\t\t\t\t\t\t\t\t\t\t\tAS cscfga__recurring_charge_line_discount_value__c,\n\t0 \t\t\t\t\t\t\t\t\t\t\t\t\t\t\t\t\t\tAS cscfga__recurring_charge_product_discount_value__c, \n\t0 \t\t\t\t\t\t\t\t\t\t\t\t\t\t\t\t\t\tAS Total_List_Price_Recurring__c,\n\t0 \t\t\t\t\t\t\t\t\t\t\t\t\t\t\t\t\t\tAS cspl__Month_Term__c, \n\t1 \t\t\t\t\t\t\t\t\t\t\t\t\t\t\t\t\t\tAS cscfga__Quantity__c,\n\t'Replace' \t\t\t\t\t\t\t\t\t\t\t\t\t\t\t\tAS cscfga__parent_discount__c,\n\t'Valid' \t\t\t\t\t\t\t\t\t\t\t\t\t\t\t\tAS cscfga__Configuration_Status__c,\n\t'Current' \t\t\t\t\t\t\t\t\t\t\t\t\t\t\t\tAS cscfga__pricing_status__c,\n\t'SFDC Database only' \t\t\t\t\t\t\t\t\t\t\t\t\tAS cscfga__source_of_truth_location__c,\n\t'Replace' \t\t\t\t\t\t\t\t\t\t\t\t\t\t\t\tAS cscfga__product_discount__c,\n\t'Monthly' \t\t\t\t\t\t\t\t\t\t\t\t\t\t\t\tAS Bill_Frequency__c,\n\t'Delivery' \t\t\t\t\t\t\t\t\t\t\t\t\t\t\t\tAS Delivery_Mode__c,\n\t\n\tFALSE \t\t\t\t\t\t\t\t\t\t\t\t\t\t\t\t\tAS csordtelcoa__cancelled_by_change_process__c,\n\tFALSE \t\t\t\t\t\t\t\t\t\t\t\t\t\t\t\t\tAS csordtelcoa__is_quantity_based_selling__c, \n\tFALSE \t\t\t\t\t\t\t\t\t\t\t\t\t\t\t\t\tAS Activate_SIM__c,\n\tFALSE \t\t\t\t\t\t\t\t\t\t\t\t\t\t\t\t\tAS New_Sim_Flag__c,\n\tFALSE \t\t\t\t\t\t\t\t\t\t\t\t\t\t\t\t\tAS IsMainConfiguration__c, \n\tTRUE    \t\t\t\t\t\t\t\t\t\t\t\t\t\t\t\tAS CPQ_Applied_ML_Discount__c, -- Mobile only\n\tFALSE   \t\t\t\t\t\t\t\t\t\t\t\t\t\t\t\tAS csordtelcoa__Ignore_For_Order_Decomposition__c,\n\tNULL \t\t\t\t\t\t\t\t\t\t\t\t\t\t\t\t\tAS Category__c,\n\n\tCASE WHEN STG_EBS_MAIN_SERVICE_2.Status = 'Terminated' THEN 'Terminate' ELSE 'New' END AS CPQ_Order_Type__c,\n\t\n\tSTG_EBS_MAIN_SERVICE_2.cscfga__total_contract_value__c \t\t\t\tAS cscfga__total_contract_value__c,\n\tSTG_EBS_MAIN_SERVICE_2.line_type \t\t\t\t\t\t\t\t\tAS Line_Type__c,\n\tSTG_EBS_MAIN_SERVICE_2.promocode \t\t\t\t\t\t\t\t\tAS Promo_Code__c,\n\tCASE WHEN STG_EBS_MAIN_SERVICE_2.PROD_TYPE = 'Mobile' \tTHEN STG_EBS_MAIN_SERVICE_2.SERVICE_ID ELSE NULL END \t\tAS Mobile_Number__c,\t\n\tstg_ebs_sim_card.SIM_TYPE \t\t\t\tAS SIM_Card_Type__c,\n\tFALSE \t\t\t\t\t\t\t\t\tAS PortIn_Indicator__c\n\n\n\t\n--AS cscfga__Parent_Configuration__c,\n--AS cscfga__Root_Configuration__c, \n--STG_EBS_MAIN_SERVICE_2.OTC_SALES_PRICE AS cscfga__total_one_off_charge__c,\n--TBC AS cscfga__Total_Price__c \n--TBC AS cscfga__total_contract_value__c\n--TBC AS csoe__Clone_Identifier__c,\n--AS CPQ_INV_DONumber__c, -- Mobile only\n--AS CPQ_INV_Reserve_Code__c, -- Mobile only\n--AS CPQ_INV_Serial_Number__c, -- Mobile only\n--TBC AS runTimeGUID__c,\n--TBC AS cscfga__Key__c,  -- WBB only\n--AS Number_Type__c, \n--AS Technical_Details__c, -- Mobile only\n--AS runTimeParentGUID__c, -- Mobile only\n--AS Equipment_Owned_By__c, --only for BWB device\n--AS Active_License_Qty__c, --only for M365\n--AS Collect_Equipment__c,\n--AS Promo_Code__c,\n--AS Total_License_Quantity__c,--only for M365\n--AS Line_Type__c,\n--AS New_Licenses_Qty__c,\n--STG_EBS_MAIN_SERVICE_2.ip_address_type AS IP_Address_Type__c,\n--AS Mobile_Number__c,\n--STG_EBS_MAIN_SERVICE_2.APN AS APN_Type__c,\n\nFROM ODS_STAGE_SOURCE.STG_EBS_MAIN_SERVICE_2\nINNER JOIN ODS_STAGE_SOURCE.stg_ebs_main_service ON CAST(STG_EBS_MAIN_SERVICE_2.PROD_ID as bigint) = CAST(stg_ebs_main_service.prod_id as bigint)\nLEFT OUTER JOIN ods_stage_source.stg_ebs_sim_card ON CAST(STG_EBS_MAIN_SERVICE_2.prod_id as bigint) = stg_ebs_sim_card.SUBS_ID\nwhere STG_EBS_MAIN_SERVICE_2.offer_id in ('4246','5499') -- sharing service","isFileList":false,"handleSpecialChars":false,"handleDecimalRoundOff":false,"frsAsset":false,"dynamicFileName":false,"excludeDynamicFileNameField":false,"currentlyProcessedFileName":false,"retainFieldMetadata":false,"objectName":"DUMMY_src_ebs_sharing_service","useExactSrcNames":false,"tgtObjectAttributes":{},"runtimeParameterData":{"@type":"mtTaskRuntimeParameterData","isConnectionRuntimeParameter":false,"isObjectRuntimeParameter":false},"overridableProperties":[],"overriddenFields":[]},{"@type":"mtTaskParameter","id":732825,"name":"$tgt_sf_pc_sharing$","type":"TARGET","label":"tgt_sf_pc_sharing","uiProperties":{"connectionParameterized":"false","objectParameterized":"false","visible":"false","defaultTargetUpdateColumns":"","supportApplyDDLChanges":"false","originalPath":"tgt_sf_pc_sharing"},"targetConnectionId":"@gbEqHgig3UYgrJMzU4lVau","targetObject":"ods_stage_source/TABLE/tgt_sf_pc","targetObjectLabel":"tgt_sf_pc","newFlatFile":false,"newObject":false,"showBusinessNames":false,"naturalOrder":true,"truncateTarget":false,"bulkApiDBTarget":false,"operationType":"Insert","customFuncCfg":{"@type":"customFuncConfig","id":-1,"connections":[],"inputMap":[],"outputFields":[]},"targetRefsV2":{},"targetUpdateColumns":[],"extendedObject":{"@type":"extendedObject","singleMode":true,"filters":[],"sortFields":[]},"runtimeAttrs":{},"isRESTModernSource":true,"isFileList":false,"handleSpecialChars":false,"handleDecimalRoundOff":false,"frsAsset":false,"dynamicFileName":false,"excludeDynamicFileNameField":false,"currentlyProcessedFileName":false,"retainFieldMetadata":false,"objectName":"ods_stage_source/TABLE/tgt_sf_pc","objectLabel":"tgt_sf_pc","useExactSrcNames":false,"tgtObjectAttributes":{},"runtimeParameterData":{"@type":"mtTaskRuntimeParameterData","isConnectionRuntimeParameter":false,"isObjectRuntimeParameter":false},"overridableProperties":[],"overriddenFields":[]}],"sequences":[],"inOutParameters":[],"connRuntimeAttrs":[]}]