[{"@type":"mappingTemplate","id":"@1","name":"Mapping15","description":"","bundleVersion":"0","templateId":"@3","deployTime":1673427750000,"hasParameters":false,"valid":true,"fixedConnection":true,"hasParametersDeployed":false,"fixedConnectionDeployed":true,"isSchemaValidationEnabled":false,"tasks":0,"mappingPreviewFileRecordId":"@2","documentType":"MAPPING","references":[{"@type":"reference","refObjectId":"@1h3v5gym6bTbjKYFjWauap","refType":"connection"},{"@type":"reference","refObjectId":"@4oKksIQNwmndUPmrVHgqS5","refType":"connection"}]}]