[{"@type":"mtTask","id":"@1","name":"mt_temp_table_solution_grouping - Copy 1","description":"","runtimeEnvironmentId":"@cUgvxjP6z42j5o2aizvbUV","maxLogs":10,"verbose":false,"mappingId":"@72FcIsQkC4vfpRmQ9ACCos","frsGuid":"76tQCMw3nRUg5VwzgKsi40","shortDescription":"","sessionPropertiesList":[],"enableCrossSchemaPushdown":true,"enableParallelRun":false,"autoTunedApplied":false,"autoTunedAppliedType":"NONE","schemaMode":"async","valid":true,"schemaValidationErrorCount":-1,"parameterFileEncoding":"UTF-8","serverlessProperties":{},"taskProperties":[{"@type":"taskProperty","name":"parameterFileDir","currentValue":"","type":"STRING","label":"label.parameterFileDir","required":false},{"@type":"taskProperty","name":"parameterFileName","currentValue":"","type":"STRING","label":"label.parameterFileName","required":false}],"parameters":[{"@type":"mtTaskParameter","id":676572,"name":"$src_temp_prod$","type":"SOURCE","label":"src_temp_prod","uiProperties":{"connectionParameterized":"false","isSelectDistinct":"false","objectParameterized":"false","visible":"false","originalPath":"src_temp_prod"},"sourceConnectionId":"@gbEqHgig3UYgrJMzU4lVau","sourceObject":"DUMMY_src_temp_prod","newFlatFile":false,"newObject":false,"showBusinessNames":false,"naturalOrder":true,"truncateTarget":false,"bulkApiDBTarget":false,"customFuncCfg":{"@type":"customFuncConfig","id":-1,"connections":[],"inputMap":[],"outputFields":[]},"targetRefsV2":{},"targetUpdateColumns":[],"runtimeAttrs":{},"isRESTModernSource":true,"customQuery":"select acct_id, cust_id, pc_type, concat(ACCT_ID , '|' , CUST_ID , '|', pc_type) UniqueKey,\n\t\tprod_id, indep_prod_id, sort_key,  ismainservice,\n\t\t\"CreatedById\", \"LastModifiedById\", \"OwnerId\"\nfrom (\nselect distinct a.acct_id, a.cust_id, a.pc_type, --concat(a.ACCT_ID , '|' , a.CUST_ID , '|', a.pc_type) UniqueKey,\n\t\ta.legacy_id__c prod_id, a.indep_prod_id, a.legacy_id__c sort_key, 1 ismainservice,\n\t\ta.\"CreatedById\", a.\"LastModifiedById\", a.\"OwnerId\"\nfrom ods_stage_source.tgt_sf_pc a\nwhere a.indep_prod_id is null\nUNION\nselect distinct a.acct_id, a.cust_id, a.pc_type, --concat(a.ACCT_ID , '|' , a.CUST_ID , '|', a.pc_type) UniqueKey,\n\t\tb.legacy_id__c prod_id,b.indep_prod_id, a.legacy_id__c sort_key, 0 ismainservice,\n\t\ta.\"CreatedById\", a.\"LastModifiedById\", a.\"OwnerId\"\nfrom ods_stage_source.tgt_sf_pc a\n\t\tleft join ods_stage_source.tgt_sf_pc b on a.legacy_id__c = b.indep_prod_id\nwhere a.indep_prod_id is null) aaa","isFileList":false,"handleSpecialChars":false,"handleDecimalRoundOff":false,"frsAsset":false,"dynamicFileName":false,"excludeDynamicFileNameField":false,"currentlyProcessedFileName":false,"retainFieldMetadata":false,"objectName":"DUMMY_src_temp_prod","useExactSrcNames":false,"tgtObjectAttributes":{},"runtimeParameterData":{"@type":"mtTaskRuntimeParameterData","isConnectionRuntimeParameter":false,"isObjectRuntimeParameter":false},"overridableProperties":[],"overriddenFields":[]},{"@type":"mtTaskParameter","id":676573,"name":"$src_temp_prod_Grp$","type":"SOURCE","label":"src_temp_prod_Grp","uiProperties":{"connectionParameterized":"false","isSelectDistinct":"false","objectParameterized":"false","visible":"false","originalPath":"src_temp_prod_Grp"},"sourceConnectionId":"@gbEqHgig3UYgrJMzU4lVau","sourceObject":"DUMMY_src_temp_prod_Grp","newFlatFile":false,"newObject":false,"showBusinessNames":false,"naturalOrder":true,"truncateTarget":false,"bulkApiDBTarget":false,"customFuncCfg":{"@type":"customFuncConfig","id":-1,"connections":[],"inputMap":[],"outputFields":[]},"targetRefsV2":{},"targetUpdateColumns":[],"runtimeAttrs":{},"isRESTModernSource":true,"customQuery":"SELECT\n  ROW_NUMBER() OVER (PARTITION BY uniquekey ORDER BY sort_key DESC) row_number,\n  ACCT_ID,\n  CUST_ID,\n  pc_type,\n  uniquekey,\n  sort_key,\n  (COUNT(prod_id) - 1) AS_Count,\n  0 sol_no,\n  '' solution_id,\n  0 MainServ_Sum,\n  0 Addon_Sum,\n  \"CreatedById\",\n  \"LastModifiedById\",\n  \"OwnerId\" \nFROM ods_stage_source.temp_PROD\nGROUP BY ACCT_ID,\n         CUST_ID,\n         pc_type,\n         uniquekey,\n         sort_key,\n         \"CreatedById\",\n         \"LastModifiedById\",\n         \"OwnerId\"","isFileList":false,"handleSpecialChars":false,"handleDecimalRoundOff":false,"frsAsset":false,"dynamicFileName":false,"excludeDynamicFileNameField":false,"currentlyProcessedFileName":false,"retainFieldMetadata":false,"objectName":"DUMMY_src_temp_prod_Grp","useExactSrcNames":false,"tgtObjectAttributes":{},"runtimeParameterData":{"@type":"mtTaskRuntimeParameterData","isConnectionRuntimeParameter":false,"isObjectRuntimeParameter":false},"overridableProperties":[],"overriddenFields":[]},{"@type":"mtTaskParameter","id":676574,"name":"$tgt_temp_prod$","type":"TARGET","label":"tgt_temp_prod","uiProperties":{"connectionParameterized":"false","objectParameterized":"false","visible":"false","defaultTargetUpdateColumns":"","supportApplyDDLChanges":"false","originalPath":"tgt_temp_prod"},"targetConnectionId":"@gbEqHgig3UYgrJMzU4lVau","targetObject":"ods_stage_source/TABLE/temp_prod","targetObjectLabel":"temp_prod","newFlatFile":false,"newObject":false,"showBusinessNames":false,"naturalOrder":true,"truncateTarget":false,"bulkApiDBTarget":false,"operationType":"Insert","customFuncCfg":{"@type":"customFuncConfig","id":-1,"connections":[],"inputMap":[],"outputFields":[]},"targetRefsV2":{},"targetUpdateColumns":[],"extendedObject":{"@type":"extendedObject","singleMode":true,"filters":[],"sortFields":[]},"runtimeAttrs":{},"isRESTModernSource":true,"isFileList":false,"handleSpecialChars":false,"handleDecimalRoundOff":false,"frsAsset":false,"dynamicFileName":false,"excludeDynamicFileNameField":false,"currentlyProcessedFileName":false,"retainFieldMetadata":false,"objectName":"ods_stage_source/TABLE/temp_prod","objectLabel":"temp_prod","useExactSrcNames":false,"tgtObjectAttributes":{"parent":""},"runtimeParameterData":{"@type":"mtTaskRuntimeParameterData","isConnectionRuntimeParameter":false,"isObjectRuntimeParameter":false},"overridableProperties":[],"overriddenFields":[]},{"@type":"mtTaskParameter","id":676575,"name":"$tgt_temp_prod_grp$","type":"TARGET","label":"tgt_temp_prod_grp","uiProperties":{"connectionParameterized":"false","objectParameterized":"false","visible":"false","defaultTargetUpdateColumns":"","supportApplyDDLChanges":"true","originalPath":"tgt_temp_prod_grp"},"targetConnectionId":"@gbEqHgig3UYgrJMzU4lVau","targetObject":"ods_stage_source/TABLE/temp_prod_grp","targetObjectLabel":"temp_prod_grp","newFlatFile":false,"newObject":false,"showBusinessNames":false,"naturalOrder":true,"truncateTarget":false,"bulkApiDBTarget":false,"operationType":"Insert","customFuncCfg":{"@type":"customFuncConfig","id":-1,"connections":[],"inputMap":[],"outputFields":[]},"targetRefsV2":{},"targetUpdateColumns":[],"extendedObject":{"@type":"extendedObject","singleMode":true,"filters":[],"sortFields":[]},"runtimeAttrs":{},"isRESTModernSource":true,"isFileList":false,"handleSpecialChars":false,"handleDecimalRoundOff":false,"frsAsset":false,"dynamicFileName":false,"excludeDynamicFileNameField":false,"currentlyProcessedFileName":false,"retainFieldMetadata":false,"objectName":"ods_stage_source/TABLE/temp_prod_grp","objectLabel":"temp_prod_grp","useExactSrcNames":false,"tgtObjectAttributes":{},"runtimeParameterData":{"@type":"mtTaskRuntimeParameterData","isConnectionRuntimeParameter":false,"isObjectRuntimeParameter":false},"overridableProperties":[],"overriddenFields":[]}],"sequences":[],"inOutParameters":[],"connRuntimeAttrs":[]}]