[{"@type":"workflow","id":"@1","name":"tf_solution_grouping","description":"**Prerequisite**  After tf_Product_Configuration_1  2","maxLogs":10,"references":[{"@type":"reference","refObjectId":"@4jRhh2e5TNzkS9MxFkxHy2","refType":"mtTask"},{"@type":"reference","refObjectId":"@8mQDe8dhuWSlJXN9201lIf","refType":"mtTask"},{"@type":"reference","refObjectId":"@caAWGpCeYwCdYLEEagdFao","refType":"mtTask"},{"@type":"reference","refObjectId":"@3i50uC3rNe7d66u444476N","refType":"mtTask"},{"@type":"reference","refObjectId":"@5fYRAQ8IROFdRvUsoimMUj","refType":"mtTask"}],"tasks":[{"@type":"workflowTask","taskId":"@4jRhh2e5TNzkS9MxFkxHy2","type":"MTT","name":"mt_temp_table_solution_grouping","stopOnError":true,"stopOnWarning":false},{"@type":"workflowTask","taskId":"@8mQDe8dhuWSlJXN9201lIf","type":"MTT","name":"mt_temp_solution_grouping_load","stopOnError":true,"stopOnWarning":false},{"@type":"workflowTask","taskId":"@caAWGpCeYwCdYLEEagdFao","type":"MTT","name":"mt_sp_solution_grouping","stopOnError":true,"stopOnWarning":false},{"@type":"workflowTask","taskId":"@3i50uC3rNe7d66u444476N","type":"MTT","name":"mt_solution_table_insert","stopOnError":true,"stopOnWarning":false},{"@type":"workflowTask","taskId":"@5fYRAQ8IROFdRvUsoimMUj","type":"MTT","name":"mt_sync_sf_solution","stopOnError":true,"stopOnWarning":false}]}]