[{"@type":"workflow","id":"@1","name":"LT_cust_account","maxLogs":10,"references":[{"@type":"reference","refObjectId":"@dBFqHzFP6iHh8ha2e3TtuZ","refType":"mtTask"},{"@type":"reference","refObjectId":"@jSIdPgNq06PfVSaRToCfsq","refType":"mtTask"},{"@type":"reference","refObjectId":"@aW8K8CxQOAplFABYN3zv2J","refType":"mtTask"},{"@type":"reference","refObjectId":"@cpSfrbqJe0OguKoxipRe6M","refType":"mtTask"}],"tasks":[{"@type":"workflowTask","taskId":"@dBFqHzFP6iHh8ha2e3TtuZ","type":"MTT","name":"mt_file_stg_sap_cust","stopOnError":true,"stopOnWarning":true},{"@type":"workflowTask","taskId":"@jSIdPgNq06PfVSaRToCfsq","type":"MTT","name":"mt_stg_sync_cust_account","stopOnError":true,"stopOnWarning":true},{"@type":"workflowTask","taskId":"@aW8K8CxQOAplFABYN3zv2J","type":"MTT","name":"mt_m_sync_tgt_cust_account","stopOnError":true,"stopOnWarning":true},{"@type":"workflowTask","taskId":"@cpSfrbqJe0OguKoxipRe6M","type":"MTT","name":"mt_m_rp_sf_customer_account","stopOnError":true,"stopOnWarning":true}]}]