[{"@type":"mtTask","id":"@1","name":"mt_stg_sync_account_contact_realtionship","description":"","runtimeEnvironmentId":"@cUgvxjP6z42j5o2aizvbUV","maxLogs":10,"verbose":false,"lastRunTime":1674473614000,"mappingId":"@6fQfVktITXxbX06A3zeJmB","frsGuid":"hqsWvAmwvaKgTVHXxhT4sa","shortDescription":"","sessionPropertiesList":[],"enableCrossSchemaPushdown":true,"enableParallelRun":false,"autoTunedApplied":false,"autoTunedAppliedType":"NONE","schemaMode":"async","valid":true,"schemaValidationErrorCount":-1,"parameterFileEncoding":"UTF-8","serverlessProperties":{},"taskProperties":[{"@type":"taskProperty","name":"parameterFileDir","currentValue":"","type":"STRING","label":"label.parameterFileDir","required":false},{"@type":"taskProperty","name":"parameterFileName","currentValue":"","type":"STRING","label":"label.parameterFileName","required":false}],"parameters":[{"@type":"mtTaskParameter","id":587496,"name":"$stg_sync_account$","type":"SOURCE","label":"stg_sync_account","uiProperties":{"connectionParameterized":"false","isSelectDistinct":"false","objectParameterized":"false","visible":"false","originalPath":"stg_sync_account"},"sourceConnectionId":"@irZpk2lcq2Lh5v2PiTa4Q2","sourceObject":"DUMMY_stg_sync_account","newFlatFile":false,"newObject":false,"showBusinessNames":false,"naturalOrder":true,"truncateTarget":false,"bulkApiDBTarget":false,"customFuncCfg":{"@type":"customFuncConfig","id":-1,"connections":[],"inputMap":[],"outputFields":[]},"targetRefsV2":{},"targetUpdateColumns":[],"runtimeAttrs":{},"isRESTModernSource":true,"customQuery":"WITH ACCOUNT_CONTACT AS\n(SELECT \nCT.BASE_CONTACT_MAN_ID,\nCT.CUST_ID,\nCASE WHEN CT.STATE='A' THEN 1\n     ELSE 0\nEND AS cscrm__Active__C,\nC.contact_man_type_name AS Relation__c,\nCASE \nWHEN C.PRIMARY_FLAG = 'Y' THEN 1\nELSE 0\nEND AS cscrm__Is_Primary_Contact__c,\nCT.DESIGNATION,                                                 ---SH Business: To Confirm LOV values for Designation\nCASE \nWHEN C.CONTACT_MAN_TYPE_NAME = 'Authorized Officer' THEN 0\nELSE 1\nEND AS Verified__c,\nCASE WHEN CT.CREATE_PARTY_TYPE='F' THEN CT.CREATE_PARTY_CODE\nEND AS CREATE_PARTY_CODE,\nCOALESCE(cast(CT.CREATED_DATE as timestamp),date_trunc('seconds',CURRENT_TIMESTAMP)) AS CreatedDate,\nCOALESCE(cast(CT.UPDATE_DATE as timestamp),date_trunc('seconds',CURRENT_TIMESTAMP)) AS LastModifiedDate,\nCT.base_contact_man_id as Legacy_Id__c\nFROM MIG_ODS_DEV.STG_EBS_CONTACT CT\nINNER JOIN MIG_ODS_DEV.STG_EBS_CONTACT_MAN C\nON TRIM(C.base_contact_man_id)=TRIM(CT.base_contact_man_id)\n--LEFT JOIN MIG_ODS_DEV.STG_sh_master_lov lv \n--ON C.contact_man_type_name=lv.source_value and lv.source_column='CONTACT_MAN_TYPE_NAME' and TARGET_OBJECT='Account Contact Relationship'\nWHERE UPPER(TRIM(COALESCE(C.VAL_REJ_TYPE,'Y'))) !='HARD'),\nSYNC_ACCOUNT AS\t\t\n(\nSELECT \n \"Id\" AS ID,\n \"Name\" aS NAME,\n CASE \n\tWHEN ACC.\"Legacy_Id__c\" IS NOT NULL THEN ACC.\"Legacy_Id__c\" \n \tELSE  SYNC_ACCOUNT.Legacy_Id \nEND AS LEGACY_ID__C \n FROM MIG_ODS_DEV.SF_ACCOUNT ACC\n LEFT JOIN MIG_ODS_DEV.SYNC_EBS_SAP_ACCOUNT SYNC_ACCOUNT\nON SYNC_ACCOUNT.NAME=ACC.\"Name\" \nAND SYNC_ACCOUNT.Business_Registration_Number=ACC.\"Business_Registration_Number_BRN__c\"\n),\nSYNC_CONTACT AS (SELECT \n\"Id\" AS ID,\nCASE \nWHEN CAC.\"Legacy_Id__c\" IS NOT NULL \nTHEN CAC.\"Legacy_Id__c\" \nELSE  SYNC_CONTACT.Legacy_Id \nEND AS LEGACY_ID__C \nFROM MIG_ODS_DEV.SF_CONTACT CAC\nLEFT JOIN MIG_ODS_DEV.sync_ebs_sap_contact SYNC_CONTACT\nON SYNC_CONTACT.firstname_c=CAC.\"FirstName\" \nAND SYNC_CONTACT.lastname_c=CAC.\"LastName\"\nAND (SYNC_CONTACT.email=CAC.\"Email\" OR SYNC_CONTACT.phone=CAC.\"Phone\" OR SYNC_CONTACT.mobilephone=CAC.\"MobilePhone\" ))\nSELECT\nCAC.Id AS cscrm__Contact__c,\nACC.Id AS cscrm__Account__c,\nACCOUNT_CONTACT.cscrm__Active__C,\nACCOUNT_CONTACT.Relation__C,\nACCOUNT_CONTACT.cscrm__Is_Primary_Contact__c,\nACCOUNT_CONTACT.DESIGNATION AS Designation__c,\nACCOUNT_CONTACT.Verified__c,\nACCOUNT_CONTACT.CREATE_PARTY_CODE AS CreatedById,\nACCOUNT_CONTACT.CREATE_PARTY_CODE AS LastModifiedById,\nACCOUNT_CONTACT.CreatedDate,\nACCOUNT_CONTACT.LastModifiedDate,\nACCOUNT_CONTACT.Legacy_Id__c\nFROM ACCOUNT_CONTACT\nINNER JOIN SYNC_ACCOUNT ACC\nON cast(ACCOUNT_CONTACT.CUST_ID as varchar)=ACC.Legacy_Id__c\nINNER JOIN SYNC_CONTACT CAC\nON cast(ACCOUNT_CONTACT.BASE_CONTACT_MAN_ID as varchar)=CAC.Legacy_Id__c","isFileList":false,"handleSpecialChars":false,"handleDecimalRoundOff":false,"frsAsset":false,"dynamicFileName":false,"excludeDynamicFileNameField":false,"currentlyProcessedFileName":false,"retainFieldMetadata":false,"objectName":"DUMMY_stg_sync_account","useExactSrcNames":false,"tgtObjectAttributes":{},"runtimeParameterData":{"@type":"mtTaskRuntimeParameterData","isConnectionRuntimeParameter":false,"isObjectRuntimeParameter":false},"overridableProperties":[],"overriddenFields":[]},{"@type":"mtTaskParameter","id":587497,"name":"$sync_account_contact$","type":"TARGET","label":"sync_account_contact","uiProperties":{"connectionParameterized":"false","objectParameterized":"false","visible":"false","defaultTargetUpdateColumns":"","supportApplyDDLChanges":"false","originalPath":"sync_account_contact"},"targetConnectionId":"@irZpk2lcq2Lh5v2PiTa4Q2","targetObject":"mig_ods_dev/TABLE/sync_ebs_sap_accountcontactrelationship","targetObjectLabel":"sync_ebs_sap_accountcontactrelationship","newFlatFile":false,"newObject":false,"showBusinessNames":false,"naturalOrder":true,"truncateTarget":false,"bulkApiDBTarget":false,"operationType":"Insert","customFuncCfg":{"@type":"customFuncConfig","id":-1,"connections":[],"inputMap":[],"outputFields":[]},"targetRefsV2":{},"targetUpdateColumns":[],"extendedObject":{"@type":"extendedObject","singleMode":true,"filters":[],"sortFields":[]},"runtimeAttrs":{},"isRESTModernSource":true,"isFileList":false,"handleSpecialChars":false,"handleDecimalRoundOff":false,"frsAsset":false,"dynamicFileName":false,"excludeDynamicFileNameField":false,"currentlyProcessedFileName":false,"retainFieldMetadata":false,"objectName":"mig_ods_dev/TABLE/sync_ebs_sap_accountcontactrelationship","objectLabel":"sync_ebs_sap_accountcontactrelationship","useExactSrcNames":false,"tgtObjectAttributes":{},"runtimeParameterData":{"@type":"mtTaskRuntimeParameterData","isConnectionRuntimeParameter":false,"isObjectRuntimeParameter":false},"overridableProperties":[],"overriddenFields":[]},{"@type":"mtTaskParameter","id":587498,"name":"$Lkp_sf_user$","type":"LOOKUP","label":"Lkp_sf_user","uiProperties":{"connectionParameterized":"false","isCachedLookup":"true","multipleMatchPolicy":"Use Last Value","objectParameterized":"false","visible":"false","originalPath":"Lkp_sf_user"},"lookupConnectionId":"@irZpk2lcq2Lh5v2PiTa4Q2","lookupObject":"DUMMY_Lkp_sf_user","newFlatFile":false,"newObject":false,"showBusinessNames":false,"naturalOrder":true,"truncateTarget":false,"bulkApiDBTarget":false,"customFuncCfg":{"@type":"customFuncConfig","id":-1,"connections":[],"inputMap":[],"outputFields":[]},"targetRefsV2":{},"targetUpdateColumns":[],"runtimeAttrs":{"Cache File Name Prefix":"","Lookup Index Cache Size":"AUTO","Optional":"true","Lookup cache persistent":"false","Lookup source is static":"false","Case Sensitive String Comparison":"false","Re-cache from lookup source":"false","Insert Else Update":"false","Lookup caching enabled":"true","Lookup Data Cache Size":"AUTO","Tracing Level":"Normal","Sorted Input":"false","Lookup cache directory name":"$PMCacheDir","Output Old Value On Update":"false","Dynamic Lookup Cache":"false","Pre-build lookup cache":"AUTO","Null ordering":""},"isRESTModernSource":true,"customQuery":"SELECT \nB.ID,\nB.Email,\nS.STAFF_ID FROM  \n(\nSELECT \n\"Id\" AS ID,\n\"Email\" AS Email \nFROM \n(\nSELECT \"Id\", \nUPPER(TRIM(\"Email\")) AS \"Email\",\nROW_NUMBER() OVER (PARTITION BY UPPER(TRIM(\"Email\")) ORDER BY \"IsActive\" DESC ) AS RNK\nFROM MIG_ODS_DEV.SF_USER) A \nWHERE RNK=1\n) B \nINNER  JOIN MIG_ODS_DEV.STG_BFM_STAFF S ON\nTRIM(UPPER(S.Email))=TRIM(UPPER(B.Email))\nUNION \nSELECT \"Id\" AS ID,\"Email\" AS Email,NULL AS STAFF_ID FROM MIG_ODS_DEV.SF_USER WHERE UPPER(\"Name\")=UPPER('Data Migration User')","isFileList":false,"handleSpecialChars":false,"handleDecimalRoundOff":false,"frsAsset":false,"dynamicFileName":false,"excludeDynamicFileNameField":false,"currentlyProcessedFileName":false,"retainFieldMetadata":false,"objectName":"DUMMY_Lkp_sf_user","useExactSrcNames":false,"tgtObjectAttributes":{},"runtimeParameterData":{"@type":"mtTaskRuntimeParameterData","isConnectionRuntimeParameter":false,"isObjectRuntimeParameter":false},"overridableProperties":[],"overriddenFields":[]},{"@type":"mtTaskParameter","id":587499,"name":"$Lkp_sh_master_lov_acr$","type":"LOOKUP","label":"Lkp_sh_master_lov_acr","uiProperties":{"connectionParameterized":"false","isCachedLookup":"true","multipleMatchPolicy":"Use Last Value","objectParameterized":"false","visible":"false","originalPath":"Lkp_sh_master_lov_acr"},"lookupConnectionId":"@irZpk2lcq2Lh5v2PiTa4Q2","lookupObject":"DUMMY_Lkp_sh_master_lov_acr","newFlatFile":false,"newObject":false,"showBusinessNames":false,"naturalOrder":true,"truncateTarget":false,"bulkApiDBTarget":false,"customFuncCfg":{"@type":"customFuncConfig","id":-1,"connections":[],"inputMap":[],"outputFields":[]},"targetRefsV2":{},"targetUpdateColumns":[],"runtimeAttrs":{"Cache File Name Prefix":"","Lookup Index Cache Size":"AUTO","Optional":"true","Lookup cache persistent":"false","Lookup source is static":"false","Case Sensitive String Comparison":"false","Re-cache from lookup source":"false","Insert Else Update":"false","Lookup caching enabled":"true","Lookup Data Cache Size":"AUTO","Tracing Level":"Normal","Sorted Input":"false","Lookup cache directory name":"$PMCacheDir","Output Old Value On Update":"false","Dynamic Lookup Cache":"false","Pre-build lookup cache":"AUTO","Null ordering":""},"isRESTModernSource":true,"customQuery":"select \nUPPER(TRIM(target_object)) as source_object,\nUPPER(TRIM(source_column)) as source_column,\nUPPER(TRIM(source_value)) as source_value,\ntarget_value\nfrom  MIG_ODS_DEV.STG_SH_MASTER_LOV where UPPER(TRIM(is_active))='Y'","isFileList":false,"handleSpecialChars":false,"handleDecimalRoundOff":false,"frsAsset":false,"dynamicFileName":false,"excludeDynamicFileNameField":false,"currentlyProcessedFileName":false,"retainFieldMetadata":false,"objectName":"DUMMY_Lkp_sh_master_lov_acr","useExactSrcNames":false,"tgtObjectAttributes":{},"runtimeParameterData":{"@type":"mtTaskRuntimeParameterData","isConnectionRuntimeParameter":false,"isObjectRuntimeParameter":false},"overridableProperties":[],"overriddenFields":[]}],"sequences":[],"inOutParameters":[],"connRuntimeAttrs":[]}]