[{"@type":"dssTask","id":"@1","name":"delete_csord_solution_c","description":"Delete job","runtimeEnvironmentId":"@cUgvxjP6z42j5o2aizvbUV","maxLogs":10,"sourceConnectionId":"@5yRVwmNzNZRbaTvVhnITId","targetConnectionId":"@5yRVwmNzNZRbaTvVhnITId","targetObject":"csord__Solution__c","targetObjectLabel":"Solution","operation":"Delete","maxRows":0,"truncateTarget":false,"bulkApiDBTarget":false,"verbose":false,"targetMetadataUpdated":false,"modelVersion":"V3-R600","queryAll":false,"srcSettings":{"@type":"taskDataSourceSetting","isShowLabels":false,"isNaturalOrder":true},"tgtSettings":{"@type":"taskDataSourceSetting","isShowLabels":false,"isNaturalOrder":true},"cfSettings":{"@type":"taskDataSourceSetting","isShowLabels":false,"isNaturalOrder":false},"bulkApi":false,"bulkApiSerialMode":false,"bulkApiMonitor":false,"isTargetObjectSfCustom":true,"allowNullUpdates":false,"targetBatchSize":200,"assignmentRuleId":"-1","assignmentRuleType":"None","createSuccessFile":false,"bulkApiHardDelete":false,"srcRuntimeAttrs":{"@type":"taskRuntimeAttrs","attrs":{"Maximum Rows Per Request":"0","PK Chunking size":"100000","Enable PK Chunking":"0","PK Chunking startRow ID":""}},"tgtRuntimeAttrs":{"@type":"taskRuntimeAttrs","attrs":{}},"parameterFileEncoding":"UTF-8","serverlessProperties":{},"sourceObjects":[{"@type":"mObject","name":"csord__Solution__c","label":"Solution","metadataUpdated":false,"relations":[],"children":[]}],"advancedFilters":[{"@type":"advancedFilter","id":"44","objectName":"csord__Solution__c","objectLabel":"Solution","expression":"CreatedDate >= 2023-02-20T07:05:00Z and CreatedById='0051e000002pyAYAAY'"}],"filters":[],"fieldMaps":[{"@type":"fieldMap","id":"409357","targetField":{"@type":"field","id":964636,"name":"Id","type":"id","uniqueName":"Id","label":"Record ID","parentObject":"csord__Solution__c","pcType":"STRING","precision":18,"scale":0,"columnIndex":0,"isKey":true,"isWaterMarkKey":false,"isExternalId":false,"isSfIdLookup":true,"isNullable":false,"isUnique":false,"isCreateable":false,"isUpdateable":false,"isFilterable":true,"isCalculated":false,"showLabel":false,"naturalOrder":0,"typeConfigFields":[],"linkedFields":["Id"],"relatedInfos":[],"references":[]},"expression":"Id"},{"@type":"fieldMap","id":"409358","targetField":{"@type":"field","id":964637,"name":"OwnerId","type":"reference","uniqueName":"OwnerId","label":"Owner ID","parentObject":"csord__Solution__c","pcType":"STRING","precision":18,"scale":0,"columnIndex":1,"isKey":false,"isWaterMarkKey":false,"isExternalId":false,"isSfIdLookup":false,"isNullable":false,"isUnique":false,"isCreateable":true,"isUpdateable":true,"isFilterable":true,"isCalculated":false,"showLabel":false,"naturalOrder":1,"typeConfigFields":[],"linkedFields":["OwnerId"],"relatedInfos":[{"@type":"fieldRelatedInfo","id":2402,"referenceObject":"Group","relationshipName":"Owner","referenceField":{"@type":"field","id":-1,"precision":0,"scale":0,"columnIndex":-1,"isKey":false,"isWaterMarkKey":false,"isExternalId":false,"isSfIdLookup":false,"isNullable":true,"isUnique":false,"isCreateable":false,"isUpdateable":true,"isFilterable":true,"isCalculated":false,"showLabel":true,"naturalOrder":0,"typeConfigFields":[],"linkedFields":[],"relatedInfos":[],"references":[]}},{"@type":"fieldRelatedInfo","id":2403,"referenceObject":"User","relationshipName":"Owner","referenceField":{"@type":"field","id":-1,"precision":0,"scale":0,"columnIndex":-1,"isKey":false,"isWaterMarkKey":false,"isExternalId":false,"isSfIdLookup":false,"isNullable":true,"isUnique":false,"isCreateable":false,"isUpdateable":true,"isFilterable":true,"isCalculated":false,"showLabel":true,"naturalOrder":0,"typeConfigFields":[],"linkedFields":[],"relatedInfos":[],"references":[]}}],"references":[]},"expression":"OwnerId"},{"@type":"fieldMap","id":"409359","targetField":{"@type":"field","id":964638,"name":"IsDeleted","type":"boolean","uniqueName":"IsDeleted","label":"Deleted","parentObject":"csord__Solution__c","pcType":"INT","precision":10,"scale":0,"columnIndex":2,"isKey":false,"isWaterMarkKey":false,"isExternalId":false,"isSfIdLookup":false,"isNullable":false,"isUnique":false,"isCreateable":false,"isUpdateable":false,"isFilterable":true,"isCalculated":false,"showLabel":false,"naturalOrder":2,"typeConfigFields":[],"linkedFields":["IsDeleted"],"relatedInfos":[],"references":[]},"expression":"IsDeleted"},{"@type":"fieldMap","id":"409360","targetField":{"@type":"field","id":964639,"name":"Name","type":"string","uniqueName":"Name","label":"Solution Name","parentObject":"csord__Solution__c","pcType":"STRING","precision":80,"scale":0,"columnIndex":3,"isKey":false,"isWaterMarkKey":false,"isExternalId":false,"isSfIdLookup":true,"isNullable":true,"isUnique":false,"isCreateable":true,"isUpdateable":true,"isFilterable":true,"isCalculated":false,"showLabel":false,"naturalOrder":3,"typeConfigFields":[],"linkedFields":["Name"],"relatedInfos":[],"references":[]},"expression":"Name"},{"@type":"fieldMap","id":"409361","targetField":{"@type":"field","id":964640,"name":"CurrencyIsoCode","type":"picklist","uniqueName":"CurrencyIsoCode","label":"Currency ISO Code","parentObject":"csord__Solution__c","pcType":"STRING","precision":3,"scale":0,"columnIndex":4,"isKey":false,"isWaterMarkKey":false,"isExternalId":false,"isSfIdLookup":false,"isNullable":true,"isUnique":false,"isCreateable":true,"isUpdateable":true,"isFilterable":true,"isCalculated":false,"showLabel":false,"naturalOrder":4,"typeConfigFields":[],"linkedFields":["CurrencyIsoCode"],"relatedInfos":[],"references":[]},"expression":"CurrencyIsoCode"},{"@type":"fieldMap","id":"409362","targetField":{"@type":"field","id":964641,"name":"CreatedDate","type":"datetime","uniqueName":"CreatedDate","label":"Created Date","parentObject":"csord__Solution__c","pcType":"DATE","precision":24,"scale":0,"columnIndex":5,"isKey":false,"isWaterMarkKey":false,"isExternalId":false,"isSfIdLookup":false,"isNullable":false,"isUnique":false,"isCreateable":true,"isUpdateable":false,"isFilterable":true,"isCalculated":false,"showLabel":false,"naturalOrder":5,"typeConfigFields":[],"linkedFields":["CreatedDate"],"relatedInfos":[],"references":[]},"expression":"CreatedDate"},{"@type":"fieldMap","id":"409363","targetField":{"@type":"field","id":964642,"name":"CreatedById","type":"reference","uniqueName":"CreatedById","label":"Created By ID","parentObject":"csord__Solution__c","pcType":"STRING","precision":18,"scale":0,"columnIndex":6,"isKey":false,"isWaterMarkKey":false,"isExternalId":false,"isSfIdLookup":false,"isNullable":false,"isUnique":false,"isCreateable":true,"isUpdateable":false,"isFilterable":true,"isCalculated":false,"showLabel":false,"naturalOrder":6,"typeConfigFields":[],"linkedFields":["CreatedById"],"relatedInfos":[{"@type":"fieldRelatedInfo","id":2404,"referenceObject":"User","relationshipName":"CreatedBy","referenceField":{"@type":"field","id":-1,"precision":0,"scale":0,"columnIndex":-1,"isKey":false,"isWaterMarkKey":false,"isExternalId":false,"isSfIdLookup":false,"isNullable":true,"isUnique":false,"isCreateable":false,"isUpdateable":true,"isFilterable":true,"isCalculated":false,"showLabel":true,"naturalOrder":0,"typeConfigFields":[],"linkedFields":[],"relatedInfos":[],"references":[]}}],"references":[]},"expression":"CreatedById"},{"@type":"fieldMap","id":"409364","targetField":{"@type":"field","id":964643,"name":"LastModifiedDate","type":"datetime","uniqueName":"LastModifiedDate","label":"Last Modified Date","parentObject":"csord__Solution__c","pcType":"DATE","precision":24,"scale":0,"columnIndex":7,"isKey":false,"isWaterMarkKey":false,"isExternalId":false,"isSfIdLookup":false,"isNullable":false,"isUnique":false,"isCreateable":true,"isUpdateable":false,"isFilterable":true,"isCalculated":false,"showLabel":false,"naturalOrder":7,"typeConfigFields":[],"linkedFields":["LastModifiedDate"],"relatedInfos":[],"references":[]},"expression":"LastModifiedDate"},{"@type":"fieldMap","id":"409365","targetField":{"@type":"field","id":964644,"name":"LastModifiedById","type":"reference","uniqueName":"LastModifiedById","label":"Last Modified By ID","parentObject":"csord__Solution__c","pcType":"STRING","precision":18,"scale":0,"columnIndex":8,"isKey":false,"isWaterMarkKey":false,"isExternalId":false,"isSfIdLookup":false,"isNullable":false,"isUnique":false,"isCreateable":true,"isUpdateable":false,"isFilterable":true,"isCalculated":false,"showLabel":false,"naturalOrder":8,"typeConfigFields":[],"linkedFields":["LastModifiedById"],"relatedInfos":[{"@type":"fieldRelatedInfo","id":2405,"referenceObject":"User","relationshipName":"LastModifiedBy","referenceField":{"@type":"field","id":-1,"precision":0,"scale":0,"columnIndex":-1,"isKey":false,"isWaterMarkKey":false,"isExternalId":false,"isSfIdLookup":false,"isNullable":true,"isUnique":false,"isCreateable":false,"isUpdateable":true,"isFilterable":true,"isCalculated":false,"showLabel":true,"naturalOrder":0,"typeConfigFields":[],"linkedFields":[],"relatedInfos":[],"references":[]}}],"references":[]},"expression":"LastModifiedById"},{"@type":"fieldMap","id":"409366","targetField":{"@type":"field","id":964645,"name":"SystemModstamp","type":"datetime","uniqueName":"SystemModstamp","label":"System Modstamp","parentObject":"csord__Solution__c","pcType":"DATE","precision":24,"scale":0,"columnIndex":9,"isKey":false,"isWaterMarkKey":false,"isExternalId":false,"isSfIdLookup":false,"isNullable":false,"isUnique":false,"isCreateable":false,"isUpdateable":false,"isFilterable":true,"isCalculated":false,"showLabel":false,"naturalOrder":9,"typeConfigFields":[],"linkedFields":["SystemModstamp"],"relatedInfos":[],"references":[]},"expression":"SystemModstamp"},{"@type":"fieldMap","id":"409367","targetField":{"@type":"field","id":964646,"name":"LastViewedDate","type":"datetime","uniqueName":"LastViewedDate","label":"Last Viewed Date","parentObject":"csord__Solution__c","pcType":"DATE","precision":24,"scale":0,"columnIndex":10,"isKey":false,"isWaterMarkKey":false,"isExternalId":false,"isSfIdLookup":false,"isNullable":true,"isUnique":false,"isCreateable":false,"isUpdateable":false,"isFilterable":true,"isCalculated":false,"showLabel":false,"naturalOrder":10,"typeConfigFields":[],"linkedFields":["LastViewedDate"],"relatedInfos":[],"references":[]},"expression":"LastViewedDate"},{"@type":"fieldMap","id":"409368","targetField":{"@type":"field","id":964647,"name":"LastReferencedDate","type":"datetime","uniqueName":"LastReferencedDate","label":"Last Referenced Date","parentObject":"csord__Solution__c","pcType":"DATE","precision":24,"scale":0,"columnIndex":11,"isKey":false,"isWaterMarkKey":false,"isExternalId":false,"isSfIdLookup":false,"isNullable":true,"isUnique":false,"isCreateable":false,"isUpdateable":false,"isFilterable":true,"isCalculated":false,"showLabel":false,"naturalOrder":11,"typeConfigFields":[],"linkedFields":["LastReferencedDate"],"relatedInfos":[],"references":[]},"expression":"LastReferencedDate"},{"@type":"fieldMap","id":"409369","targetField":{"@type":"field","id":964648,"name":"csord__Account__c","type":"reference","uniqueName":"csord__Account__c","label":"Account","parentObject":"csord__Solution__c","pcType":"STRING","precision":18,"scale":0,"columnIndex":12,"isKey":false,"isWaterMarkKey":false,"isExternalId":false,"isSfIdLookup":false,"isNullable":true,"isUnique":false,"isCreateable":true,"isUpdateable":true,"isFilterable":true,"isCalculated":false,"showLabel":false,"naturalOrder":12,"typeConfigFields":[],"linkedFields":["csord__Account__c"],"relatedInfos":[{"@type":"fieldRelatedInfo","id":2406,"referenceObject":"Account","relationshipName":"csord__Account__r","referenceField":{"@type":"field","id":-1,"precision":0,"scale":0,"columnIndex":-1,"isKey":false,"isWaterMarkKey":false,"isExternalId":false,"isSfIdLookup":false,"isNullable":true,"isUnique":false,"isCreateable":false,"isUpdateable":true,"isFilterable":true,"isCalculated":false,"showLabel":true,"naturalOrder":0,"typeConfigFields":[],"linkedFields":[],"relatedInfos":[],"references":[]}}],"references":[]},"expression":"csord__Account__c"},{"@type":"fieldMap","id":"409370","targetField":{"@type":"field","id":964649,"name":"csord__External_Identifier2__c","type":"string","uniqueName":"csord__External_Identifier2__c","label":"External Identifier","parentObject":"csord__Solution__c","pcType":"STRING","precision":255,"scale":0,"columnIndex":13,"isKey":false,"isWaterMarkKey":false,"isExternalId":true,"isSfIdLookup":true,"isNullable":true,"isUnique":false,"isCreateable":true,"isUpdateable":true,"isFilterable":true,"isCalculated":false,"showLabel":false,"naturalOrder":13,"typeConfigFields":[],"linkedFields":["csord__External_Identifier2__c"],"relatedInfos":[],"references":[]},"expression":"csord__External_Identifier2__c"},{"@type":"fieldMap","id":"409371","targetField":{"@type":"field","id":964650,"name":"csord__External_Identifier__c","type":"string","uniqueName":"csord__External_Identifier__c","label":"DEPRECATED External Identifier","parentObject":"csord__Solution__c","pcType":"STRING","precision":255,"scale":0,"columnIndex":14,"isKey":false,"isWaterMarkKey":false,"isExternalId":true,"isSfIdLookup":true,"isNullable":true,"isUnique":false,"isCreateable":true,"isUpdateable":true,"isFilterable":true,"isCalculated":false,"showLabel":false,"naturalOrder":14,"typeConfigFields":[],"linkedFields":["csord__External_Identifier__c"],"relatedInfos":[],"references":[]},"expression":"csord__External_Identifier__c"},{"@type":"fieldMap","id":"409372","targetField":{"@type":"field","id":964651,"name":"csord__Identification__c","type":"string","uniqueName":"csord__Identification__c","label":"Identification","parentObject":"csord__Solution__c","pcType":"STRING","precision":255,"scale":0,"columnIndex":15,"isKey":false,"isWaterMarkKey":false,"isExternalId":false,"isSfIdLookup":false,"isNullable":false,"isUnique":false,"isCreateable":true,"isUpdateable":true,"isFilterable":true,"isCalculated":false,"showLabel":false,"naturalOrder":15,"typeConfigFields":[],"linkedFields":["csord__Identification__c"],"relatedInfos":[],"references":[]},"expression":"csord__Identification__c"},{"@type":"fieldMap","id":"409373","targetField":{"@type":"field","id":964652,"name":"csord__Order_Request__c","type":"reference","uniqueName":"csord__Order_Request__c","label":"Order Request","parentObject":"csord__Solution__c","pcType":"STRING","precision":18,"scale":0,"columnIndex":16,"isKey":false,"isWaterMarkKey":false,"isExternalId":false,"isSfIdLookup":false,"isNullable":true,"isUnique":false,"isCreateable":true,"isUpdateable":true,"isFilterable":true,"isCalculated":false,"showLabel":false,"naturalOrder":16,"typeConfigFields":[],"linkedFields":["csord__Order_Request__c"],"relatedInfos":[{"@type":"fieldRelatedInfo","id":2407,"referenceObject":"csord__Order_Request__c","relationshipName":"csord__Order_Request__r","referenceField":{"@type":"field","id":-1,"precision":0,"scale":0,"columnIndex":-1,"isKey":false,"isWaterMarkKey":false,"isExternalId":false,"isSfIdLookup":false,"isNullable":true,"isUnique":false,"isCreateable":false,"isUpdateable":true,"isFilterable":true,"isCalculated":false,"showLabel":true,"naturalOrder":0,"typeConfigFields":[],"linkedFields":[],"relatedInfos":[],"references":[]}}],"references":[]},"expression":"csord__Order_Request__c"},{"@type":"fieldMap","id":"409374","targetField":{"@type":"field","id":964653,"name":"csord__Order__c","type":"reference","uniqueName":"csord__Order__c","label":"Order","parentObject":"csord__Solution__c","pcType":"STRING","precision":18,"scale":0,"columnIndex":17,"isKey":false,"isWaterMarkKey":false,"isExternalId":false,"isSfIdLookup":false,"isNullable":true,"isUnique":false,"isCreateable":true,"isUpdateable":true,"isFilterable":true,"isCalculated":false,"showLabel":false,"naturalOrder":17,"typeConfigFields":[],"linkedFields":["csord__Order__c"],"relatedInfos":[{"@type":"fieldRelatedInfo","id":2408,"referenceObject":"csord__Order__c","relationshipName":"csord__Order__r","referenceField":{"@type":"field","id":-1,"precision":0,"scale":0,"columnIndex":-1,"isKey":false,"isWaterMarkKey":false,"isExternalId":false,"isSfIdLookup":false,"isNullable":true,"isUnique":false,"isCreateable":false,"isUpdateable":true,"isFilterable":true,"isCalculated":false,"showLabel":true,"naturalOrder":0,"typeConfigFields":[],"linkedFields":[],"relatedInfos":[],"references":[]}}],"references":[]},"expression":"csord__Order__c"},{"@type":"fieldMap","id":"409375","targetField":{"@type":"field","id":964654,"name":"csord__Status__c","type":"string","uniqueName":"csord__Status__c","label":"Status","parentObject":"csord__Solution__c","pcType":"STRING","precision":255,"scale":0,"columnIndex":18,"isKey":false,"isWaterMarkKey":false,"isExternalId":false,"isSfIdLookup":false,"isNullable":true,"isUnique":false,"isCreateable":true,"isUpdateable":true,"isFilterable":true,"isCalculated":false,"showLabel":false,"naturalOrder":18,"typeConfigFields":[],"linkedFields":["csord__Status__c"],"relatedInfos":[],"references":[]},"expression":"csord__Status__c"},{"@type":"fieldMap","id":"409376","targetField":{"@type":"field","id":964655,"name":"csord__Type__c","type":"string","uniqueName":"csord__Type__c","label":"Type","parentObject":"csord__Solution__c","pcType":"STRING","precision":255,"scale":0,"columnIndex":19,"isKey":false,"isWaterMarkKey":false,"isExternalId":false,"isSfIdLookup":false,"isNullable":true,"isUnique":false,"isCreateable":true,"isUpdateable":true,"isFilterable":true,"isCalculated":false,"showLabel":false,"naturalOrder":19,"typeConfigFields":[],"linkedFields":["csord__Type__c"],"relatedInfos":[],"references":[]},"expression":"csord__Type__c"},{"@type":"fieldMap","id":"409377","targetField":{"@type":"field","id":964656,"name":"csordtelcoa__Product_Configuration__c","type":"reference","uniqueName":"csordtelcoa__Product_Configuration__c","label":"Product Configuration","parentObject":"csord__Solution__c","pcType":"STRING","precision":18,"scale":0,"columnIndex":20,"isKey":false,"isWaterMarkKey":false,"isExternalId":false,"isSfIdLookup":false,"isNullable":true,"isUnique":false,"isCreateable":true,"isUpdateable":true,"isFilterable":true,"isCalculated":false,"showLabel":false,"naturalOrder":20,"typeConfigFields":[],"linkedFields":["csordtelcoa__Product_Configuration__c"],"relatedInfos":[{"@type":"fieldRelatedInfo","id":2409,"referenceObject":"cscfga__Product_Configuration__c","relationshipName":"csordtelcoa__Product_Configuration__r","referenceField":{"@type":"field","id":-1,"precision":0,"scale":0,"columnIndex":-1,"isKey":false,"isWaterMarkKey":false,"isExternalId":false,"isSfIdLookup":false,"isNullable":true,"isUnique":false,"isCreateable":false,"isUpdateable":true,"isFilterable":true,"isCalculated":false,"showLabel":true,"naturalOrder":0,"typeConfigFields":[],"linkedFields":[],"relatedInfos":[],"references":[]}}],"references":[]},"expression":"csordtelcoa__Product_Configuration__c"},{"@type":"fieldMap","id":"409378","targetField":{"@type":"field","id":964657,"name":"cssdm__main_product__c","type":"string","uniqueName":"cssdm__main_product__c","label":"Main Product","parentObject":"csord__Solution__c","pcType":"STRING","precision":255,"scale":0,"columnIndex":21,"isKey":false,"isWaterMarkKey":false,"isExternalId":false,"isSfIdLookup":false,"isNullable":true,"isUnique":false,"isCreateable":true,"isUpdateable":true,"isFilterable":true,"isCalculated":false,"showLabel":false,"naturalOrder":21,"typeConfigFields":[],"linkedFields":["cssdm__main_product__c"],"relatedInfos":[],"references":[]},"expression":"cssdm__main_product__c"},{"@type":"fieldMap","id":"409379","targetField":{"@type":"field","id":964658,"name":"cssdm__product_basket__c","type":"reference","uniqueName":"cssdm__product_basket__c","label":"Product Basket","parentObject":"csord__Solution__c","pcType":"STRING","precision":18,"scale":0,"columnIndex":22,"isKey":false,"isWaterMarkKey":false,"isExternalId":false,"isSfIdLookup":false,"isNullable":true,"isUnique":false,"isCreateable":true,"isUpdateable":true,"isFilterable":true,"isCalculated":false,"showLabel":false,"naturalOrder":22,"typeConfigFields":[],"linkedFields":["cssdm__product_basket__c"],"relatedInfos":[{"@type":"fieldRelatedInfo","id":2410,"referenceObject":"cscfga__Product_Basket__c","relationshipName":"cssdm__product_basket__r","referenceField":{"@type":"field","id":-1,"precision":0,"scale":0,"columnIndex":-1,"isKey":false,"isWaterMarkKey":false,"isExternalId":false,"isSfIdLookup":false,"isNullable":true,"isUnique":false,"isCreateable":false,"isUpdateable":true,"isFilterable":true,"isCalculated":false,"showLabel":true,"naturalOrder":0,"typeConfigFields":[],"linkedFields":[],"relatedInfos":[],"references":[]}}],"references":[]},"expression":"cssdm__product_basket__c"},{"@type":"fieldMap","id":"409380","targetField":{"@type":"field","id":964659,"name":"cssdm__replaced_solution__c","type":"reference","uniqueName":"cssdm__replaced_solution__c","label":"Replaced Solution","parentObject":"csord__Solution__c","pcType":"STRING","precision":18,"scale":0,"columnIndex":23,"isKey":false,"isWaterMarkKey":false,"isExternalId":false,"isSfIdLookup":false,"isNullable":true,"isUnique":false,"isCreateable":true,"isUpdateable":true,"isFilterable":true,"isCalculated":false,"showLabel":false,"naturalOrder":23,"typeConfigFields":[],"linkedFields":["cssdm__replaced_solution__c"],"relatedInfos":[{"@type":"fieldRelatedInfo","id":2411,"referenceObject":"csord__Solution__c","relationshipName":"cssdm__replaced_solution__r","referenceField":{"@type":"field","id":-1,"precision":0,"scale":0,"columnIndex":-1,"isKey":false,"isWaterMarkKey":false,"isExternalId":false,"isSfIdLookup":false,"isNullable":true,"isUnique":false,"isCreateable":false,"isUpdateable":true,"isFilterable":true,"isCalculated":false,"showLabel":true,"naturalOrder":0,"typeConfigFields":[],"linkedFields":[],"relatedInfos":[],"references":[]}}],"references":[]},"expression":"cssdm__replaced_solution__c"},{"@type":"fieldMap","id":"409381","targetField":{"@type":"field","id":964660,"name":"cssdm__solution_definition__c","type":"reference","uniqueName":"cssdm__solution_definition__c","label":"Solution Definition","parentObject":"csord__Solution__c","pcType":"STRING","precision":18,"scale":0,"columnIndex":24,"isKey":false,"isWaterMarkKey":false,"isExternalId":false,"isSfIdLookup":false,"isNullable":true,"isUnique":false,"isCreateable":true,"isUpdateable":true,"isFilterable":true,"isCalculated":false,"showLabel":false,"naturalOrder":24,"typeConfigFields":[],"linkedFields":["cssdm__solution_definition__c"],"relatedInfos":[{"@type":"fieldRelatedInfo","id":2412,"referenceObject":"cssdm__Solution_Definition__c","relationshipName":"cssdm__solution_definition__r","referenceField":{"@type":"field","id":-1,"precision":0,"scale":0,"columnIndex":-1,"isKey":false,"isWaterMarkKey":false,"isExternalId":false,"isSfIdLookup":false,"isNullable":true,"isUnique":false,"isCreateable":false,"isUpdateable":true,"isFilterable":true,"isCalculated":false,"showLabel":true,"naturalOrder":0,"typeConfigFields":[],"linkedFields":[],"relatedInfos":[],"references":[]}}],"references":[]},"expression":"cssdm__solution_definition__c"},{"@type":"fieldMap","id":"409382","targetField":{"@type":"field","id":964661,"name":"cssdm__total_contract_value__c","type":"double","uniqueName":"cssdm__total_contract_value__c","label":"Total Contract Value","parentObject":"csord__Solution__c","pcType":"HIPRECDECIMAL","precision":18,"scale":2,"columnIndex":25,"isKey":false,"isWaterMarkKey":false,"isExternalId":false,"isSfIdLookup":false,"isNullable":true,"isUnique":false,"isCreateable":true,"isUpdateable":true,"isFilterable":true,"isCalculated":false,"showLabel":false,"naturalOrder":25,"typeConfigFields":[],"linkedFields":["cssdm__total_contract_value__c"],"relatedInfos":[],"references":[]},"expression":"cssdm__total_contract_value__c"},{"@type":"fieldMap","id":"409383","targetField":{"@type":"field","id":964662,"name":"cssdm__total_one_off_charge__c","type":"double","uniqueName":"cssdm__total_one_off_charge__c","label":"Total One Off Charge","parentObject":"csord__Solution__c","pcType":"HIPRECDECIMAL","precision":18,"scale":2,"columnIndex":26,"isKey":false,"isWaterMarkKey":false,"isExternalId":false,"isSfIdLookup":false,"isNullable":true,"isUnique":false,"isCreateable":true,"isUpdateable":true,"isFilterable":true,"isCalculated":false,"showLabel":false,"naturalOrder":26,"typeConfigFields":[],"linkedFields":["cssdm__total_one_off_charge__c"],"relatedInfos":[],"references":[]},"expression":"cssdm__total_one_off_charge__c"},{"@type":"fieldMap","id":"409384","targetField":{"@type":"field","id":964663,"name":"cssdm__total_recurring_charge__c","type":"double","uniqueName":"cssdm__total_recurring_charge__c","label":"Total Recurring Charge","parentObject":"csord__Solution__c","pcType":"HIPRECDECIMAL","precision":18,"scale":2,"columnIndex":27,"isKey":false,"isWaterMarkKey":false,"isExternalId":false,"isSfIdLookup":false,"isNullable":true,"isUnique":false,"isCreateable":true,"isUpdateable":true,"isFilterable":true,"isCalculated":false,"showLabel":false,"naturalOrder":27,"typeConfigFields":[],"linkedFields":["cssdm__total_recurring_charge__c"],"relatedInfos":[],"references":[]},"expression":"cssdm__total_recurring_charge__c"},{"@type":"fieldMap","id":"409385","targetField":{"@type":"field","id":964664,"name":"Contract_Start_Date__c","type":"date","uniqueName":"Contract_Start_Date__c","label":"Contract Start Date","parentObject":"csord__Solution__c","pcType":"DATE","precision":10,"scale":0,"columnIndex":28,"isKey":false,"isWaterMarkKey":false,"isExternalId":false,"isSfIdLookup":false,"isNullable":true,"isUnique":false,"isCreateable":true,"isUpdateable":true,"isFilterable":true,"isCalculated":false,"showLabel":false,"naturalOrder":28,"typeConfigFields":[],"linkedFields":["Contract_Start_Date__c"],"relatedInfos":[],"references":[]},"expression":"Contract_Start_Date__c"},{"@type":"fieldMap","id":"409386","targetField":{"@type":"field","id":964665,"name":"Milestone__c","type":"string","uniqueName":"Milestone__c","label":"Milestone","parentObject":"csord__Solution__c","pcType":"STRING","precision":255,"scale":0,"columnIndex":29,"isKey":false,"isWaterMarkKey":false,"isExternalId":false,"isSfIdLookup":false,"isNullable":true,"isUnique":false,"isCreateable":true,"isUpdateable":true,"isFilterable":true,"isCalculated":false,"showLabel":false,"naturalOrder":29,"typeConfigFields":[],"linkedFields":["Milestone__c"],"relatedInfos":[],"references":[]},"expression":"Milestone__c"},{"@type":"fieldMap","id":"409387","targetField":{"@type":"field","id":964666,"name":"Parent_Order__c","type":"reference","uniqueName":"Parent_Order__c","label":"Parent Order","parentObject":"csord__Solution__c","pcType":"STRING","precision":18,"scale":0,"columnIndex":30,"isKey":false,"isWaterMarkKey":false,"isExternalId":false,"isSfIdLookup":false,"isNullable":true,"isUnique":false,"isCreateable":true,"isUpdateable":true,"isFilterable":true,"isCalculated":false,"showLabel":false,"naturalOrder":30,"typeConfigFields":[],"linkedFields":["Parent_Order__c"],"relatedInfos":[{"@type":"fieldRelatedInfo","id":2413,"referenceObject":"csord__Order__c","relationshipName":"Parent_Order__r","referenceField":{"@type":"field","id":-1,"precision":0,"scale":0,"columnIndex":-1,"isKey":false,"isWaterMarkKey":false,"isExternalId":false,"isSfIdLookup":false,"isNullable":true,"isUnique":false,"isCreateable":false,"isUpdateable":true,"isFilterable":true,"isCalculated":false,"showLabel":true,"naturalOrder":0,"typeConfigFields":[],"linkedFields":[],"relatedInfos":[],"references":[]}}],"references":[]},"expression":"Parent_Order__c"},{"@type":"fieldMap","id":"409388","targetField":{"@type":"field","id":964667,"name":"Delivery_Applicable__c","type":"boolean","uniqueName":"Delivery_Applicable__c","label":"Delivery Applicable","parentObject":"csord__Solution__c","pcType":"INT","precision":10,"scale":0,"columnIndex":31,"isKey":false,"isWaterMarkKey":false,"isExternalId":false,"isSfIdLookup":false,"isNullable":false,"isUnique":false,"isCreateable":true,"isUpdateable":true,"isFilterable":true,"isCalculated":false,"showLabel":false,"naturalOrder":31,"typeConfigFields":[],"linkedFields":["Delivery_Applicable__c"],"relatedInfos":[],"references":[]},"expression":"Delivery_Applicable__c"},{"@type":"fieldMap","id":"409389","targetField":{"@type":"field","id":964668,"name":"Legacy_Id__c","type":"string","uniqueName":"Legacy_Id__c","label":"Legacy Id","parentObject":"csord__Solution__c","pcType":"STRING","precision":25,"scale":0,"columnIndex":32,"isKey":false,"isWaterMarkKey":false,"isExternalId":true,"isSfIdLookup":true,"isNullable":true,"isUnique":false,"isCreateable":true,"isUpdateable":true,"isFilterable":true,"isCalculated":false,"showLabel":false,"naturalOrder":32,"typeConfigFields":[],"linkedFields":["Legacy_Id__c"],"relatedInfos":[],"references":[]},"expression":"Legacy_Id__c"}],"sourceFields":[{"@type":"field","id":964669,"name":"Id","type":"id","uniqueName":"Id","label":"Record ID","parentObject":"csord__Solution__c","pcType":"STRING","precision":18,"scale":0,"columnIndex":0,"isKey":true,"isWaterMarkKey":false,"isExternalId":false,"isSfIdLookup":true,"isNullable":false,"isUnique":false,"isCreateable":false,"isUpdateable":false,"isFilterable":true,"isCalculated":false,"showLabel":false,"naturalOrder":0,"typeConfigFields":[],"linkedFields":["Id"],"relatedInfos":[],"references":[]},{"@type":"field","id":964670,"name":"OwnerId","type":"reference","uniqueName":"OwnerId","label":"Owner ID","parentObject":"csord__Solution__c","pcType":"STRING","precision":18,"scale":0,"columnIndex":1,"isKey":false,"isWaterMarkKey":false,"isExternalId":false,"isSfIdLookup":false,"isNullable":false,"isUnique":false,"isCreateable":true,"isUpdateable":true,"isFilterable":true,"isCalculated":false,"showLabel":false,"naturalOrder":1,"typeConfigFields":[],"linkedFields":["OwnerId"],"relatedInfos":[{"@type":"fieldRelatedInfo","id":2414,"referenceObject":"Group","relationshipName":"Owner","referenceField":{"@type":"field","id":-1,"precision":0,"scale":0,"columnIndex":-1,"isKey":false,"isWaterMarkKey":false,"isExternalId":false,"isSfIdLookup":false,"isNullable":true,"isUnique":false,"isCreateable":false,"isUpdateable":true,"isFilterable":true,"isCalculated":false,"showLabel":true,"naturalOrder":0,"typeConfigFields":[],"linkedFields":[],"relatedInfos":[],"references":[]}},{"@type":"fieldRelatedInfo","id":2415,"referenceObject":"User","relationshipName":"Owner","referenceField":{"@type":"field","id":-1,"precision":0,"scale":0,"columnIndex":-1,"isKey":false,"isWaterMarkKey":false,"isExternalId":false,"isSfIdLookup":false,"isNullable":true,"isUnique":false,"isCreateable":false,"isUpdateable":true,"isFilterable":true,"isCalculated":false,"showLabel":true,"naturalOrder":0,"typeConfigFields":[],"linkedFields":[],"relatedInfos":[],"references":[]}}],"references":[]},{"@type":"field","id":964671,"name":"IsDeleted","type":"boolean","uniqueName":"IsDeleted","label":"Deleted","parentObject":"csord__Solution__c","pcType":"INT","precision":10,"scale":0,"columnIndex":2,"isKey":false,"isWaterMarkKey":false,"isExternalId":false,"isSfIdLookup":false,"isNullable":false,"isUnique":false,"isCreateable":false,"isUpdateable":false,"isFilterable":true,"isCalculated":false,"showLabel":false,"naturalOrder":2,"typeConfigFields":[],"linkedFields":["IsDeleted"],"relatedInfos":[],"references":[]},{"@type":"field","id":964672,"name":"Name","type":"string","uniqueName":"Name","label":"Solution Name","parentObject":"csord__Solution__c","pcType":"STRING","precision":80,"scale":0,"columnIndex":3,"isKey":false,"isWaterMarkKey":false,"isExternalId":false,"isSfIdLookup":true,"isNullable":true,"isUnique":false,"isCreateable":true,"isUpdateable":true,"isFilterable":true,"isCalculated":false,"showLabel":false,"naturalOrder":3,"typeConfigFields":[],"linkedFields":["Name"],"relatedInfos":[],"references":[]},{"@type":"field","id":964673,"name":"CurrencyIsoCode","type":"picklist","uniqueName":"CurrencyIsoCode","label":"Currency ISO Code","parentObject":"csord__Solution__c","pcType":"STRING","precision":3,"scale":0,"columnIndex":4,"isKey":false,"isWaterMarkKey":false,"isExternalId":false,"isSfIdLookup":false,"isNullable":true,"isUnique":false,"isCreateable":true,"isUpdateable":true,"isFilterable":true,"isCalculated":false,"showLabel":false,"naturalOrder":4,"typeConfigFields":[],"linkedFields":["CurrencyIsoCode"],"relatedInfos":[],"references":[]},{"@type":"field","id":964674,"name":"CreatedDate","type":"datetime","uniqueName":"CreatedDate","label":"Created Date","parentObject":"csord__Solution__c","pcType":"DATE","precision":24,"scale":0,"columnIndex":5,"isKey":false,"isWaterMarkKey":false,"isExternalId":false,"isSfIdLookup":false,"isNullable":false,"isUnique":false,"isCreateable":true,"isUpdateable":false,"isFilterable":true,"isCalculated":false,"showLabel":false,"naturalOrder":5,"typeConfigFields":[],"linkedFields":["CreatedDate"],"relatedInfos":[],"references":[]},{"@type":"field","id":964675,"name":"CreatedById","type":"reference","uniqueName":"CreatedById","label":"Created By ID","parentObject":"csord__Solution__c","pcType":"STRING","precision":18,"scale":0,"columnIndex":6,"isKey":false,"isWaterMarkKey":false,"isExternalId":false,"isSfIdLookup":false,"isNullable":false,"isUnique":false,"isCreateable":true,"isUpdateable":false,"isFilterable":true,"isCalculated":false,"showLabel":false,"naturalOrder":6,"typeConfigFields":[],"linkedFields":["CreatedById"],"relatedInfos":[{"@type":"fieldRelatedInfo","id":2416,"referenceObject":"User","relationshipName":"CreatedBy","referenceField":{"@type":"field","id":-1,"precision":0,"scale":0,"columnIndex":-1,"isKey":false,"isWaterMarkKey":false,"isExternalId":false,"isSfIdLookup":false,"isNullable":true,"isUnique":false,"isCreateable":false,"isUpdateable":true,"isFilterable":true,"isCalculated":false,"showLabel":true,"naturalOrder":0,"typeConfigFields":[],"linkedFields":[],"relatedInfos":[],"references":[]}}],"references":[]},{"@type":"field","id":964676,"name":"LastModifiedDate","type":"datetime","uniqueName":"LastModifiedDate","label":"Last Modified Date","parentObject":"csord__Solution__c","pcType":"DATE","precision":24,"scale":0,"columnIndex":7,"isKey":false,"isWaterMarkKey":false,"isExternalId":false,"isSfIdLookup":false,"isNullable":false,"isUnique":false,"isCreateable":true,"isUpdateable":false,"isFilterable":true,"isCalculated":false,"showLabel":false,"naturalOrder":7,"typeConfigFields":[],"linkedFields":["LastModifiedDate"],"relatedInfos":[],"references":[]},{"@type":"field","id":964677,"name":"LastModifiedById","type":"reference","uniqueName":"LastModifiedById","label":"Last Modified By ID","parentObject":"csord__Solution__c","pcType":"STRING","precision":18,"scale":0,"columnIndex":8,"isKey":false,"isWaterMarkKey":false,"isExternalId":false,"isSfIdLookup":false,"isNullable":false,"isUnique":false,"isCreateable":true,"isUpdateable":false,"isFilterable":true,"isCalculated":false,"showLabel":false,"naturalOrder":8,"typeConfigFields":[],"linkedFields":["LastModifiedById"],"relatedInfos":[{"@type":"fieldRelatedInfo","id":2417,"referenceObject":"User","relationshipName":"LastModifiedBy","referenceField":{"@type":"field","id":-1,"precision":0,"scale":0,"columnIndex":-1,"isKey":false,"isWaterMarkKey":false,"isExternalId":false,"isSfIdLookup":false,"isNullable":true,"isUnique":false,"isCreateable":false,"isUpdateable":true,"isFilterable":true,"isCalculated":false,"showLabel":true,"naturalOrder":0,"typeConfigFields":[],"linkedFields":[],"relatedInfos":[],"references":[]}}],"references":[]},{"@type":"field","id":964678,"name":"SystemModstamp","type":"datetime","uniqueName":"SystemModstamp","label":"System Modstamp","parentObject":"csord__Solution__c","pcType":"DATE","precision":24,"scale":0,"columnIndex":9,"isKey":false,"isWaterMarkKey":false,"isExternalId":false,"isSfIdLookup":false,"isNullable":false,"isUnique":false,"isCreateable":false,"isUpdateable":false,"isFilterable":true,"isCalculated":false,"showLabel":false,"naturalOrder":9,"typeConfigFields":[],"linkedFields":["SystemModstamp"],"relatedInfos":[],"references":[]},{"@type":"field","id":964679,"name":"LastViewedDate","type":"datetime","uniqueName":"LastViewedDate","label":"Last Viewed Date","parentObject":"csord__Solution__c","pcType":"DATE","precision":24,"scale":0,"columnIndex":10,"isKey":false,"isWaterMarkKey":false,"isExternalId":false,"isSfIdLookup":false,"isNullable":true,"isUnique":false,"isCreateable":false,"isUpdateable":false,"isFilterable":true,"isCalculated":false,"showLabel":false,"naturalOrder":10,"typeConfigFields":[],"linkedFields":["LastViewedDate"],"relatedInfos":[],"references":[]},{"@type":"field","id":964680,"name":"LastReferencedDate","type":"datetime","uniqueName":"LastReferencedDate","label":"Last Referenced Date","parentObject":"csord__Solution__c","pcType":"DATE","precision":24,"scale":0,"columnIndex":11,"isKey":false,"isWaterMarkKey":false,"isExternalId":false,"isSfIdLookup":false,"isNullable":true,"isUnique":false,"isCreateable":false,"isUpdateable":false,"isFilterable":true,"isCalculated":false,"showLabel":false,"naturalOrder":11,"typeConfigFields":[],"linkedFields":["LastReferencedDate"],"relatedInfos":[],"references":[]},{"@type":"field","id":964681,"name":"csord__Account__c","type":"reference","uniqueName":"csord__Account__c","label":"Account","parentObject":"csord__Solution__c","pcType":"STRING","precision":18,"scale":0,"columnIndex":12,"isKey":false,"isWaterMarkKey":false,"isExternalId":false,"isSfIdLookup":false,"isNullable":true,"isUnique":false,"isCreateable":true,"isUpdateable":true,"isFilterable":true,"isCalculated":false,"showLabel":false,"naturalOrder":12,"typeConfigFields":[],"linkedFields":["csord__Account__c"],"relatedInfos":[{"@type":"fieldRelatedInfo","id":2418,"referenceObject":"Account","relationshipName":"csord__Account__r","referenceField":{"@type":"field","id":-1,"precision":0,"scale":0,"columnIndex":-1,"isKey":false,"isWaterMarkKey":false,"isExternalId":false,"isSfIdLookup":false,"isNullable":true,"isUnique":false,"isCreateable":false,"isUpdateable":true,"isFilterable":true,"isCalculated":false,"showLabel":true,"naturalOrder":0,"typeConfigFields":[],"linkedFields":[],"relatedInfos":[],"references":[]}}],"references":[]},{"@type":"field","id":964682,"name":"csord__External_Identifier2__c","type":"string","uniqueName":"csord__External_Identifier2__c","label":"External Identifier","parentObject":"csord__Solution__c","pcType":"STRING","precision":255,"scale":0,"columnIndex":13,"isKey":false,"isWaterMarkKey":false,"isExternalId":true,"isSfIdLookup":true,"isNullable":true,"isUnique":false,"isCreateable":true,"isUpdateable":true,"isFilterable":true,"isCalculated":false,"showLabel":false,"naturalOrder":13,"typeConfigFields":[],"linkedFields":["csord__External_Identifier2__c"],"relatedInfos":[],"references":[]},{"@type":"field","id":964683,"name":"csord__External_Identifier__c","type":"string","uniqueName":"csord__External_Identifier__c","label":"DEPRECATED External Identifier","parentObject":"csord__Solution__c","pcType":"STRING","precision":255,"scale":0,"columnIndex":14,"isKey":false,"isWaterMarkKey":false,"isExternalId":true,"isSfIdLookup":true,"isNullable":true,"isUnique":false,"isCreateable":true,"isUpdateable":true,"isFilterable":true,"isCalculated":false,"showLabel":false,"naturalOrder":14,"typeConfigFields":[],"linkedFields":["csord__External_Identifier__c"],"relatedInfos":[],"references":[]},{"@type":"field","id":964684,"name":"csord__Identification__c","type":"string","uniqueName":"csord__Identification__c","label":"Identification","parentObject":"csord__Solution__c","pcType":"STRING","precision":255,"scale":0,"columnIndex":15,"isKey":false,"isWaterMarkKey":false,"isExternalId":false,"isSfIdLookup":false,"isNullable":false,"isUnique":false,"isCreateable":true,"isUpdateable":true,"isFilterable":true,"isCalculated":false,"showLabel":false,"naturalOrder":15,"typeConfigFields":[],"linkedFields":["csord__Identification__c"],"relatedInfos":[],"references":[]},{"@type":"field","id":964685,"name":"csord__Order_Request__c","type":"reference","uniqueName":"csord__Order_Request__c","label":"Order Request","parentObject":"csord__Solution__c","pcType":"STRING","precision":18,"scale":0,"columnIndex":16,"isKey":false,"isWaterMarkKey":false,"isExternalId":false,"isSfIdLookup":false,"isNullable":true,"isUnique":false,"isCreateable":true,"isUpdateable":true,"isFilterable":true,"isCalculated":false,"showLabel":false,"naturalOrder":16,"typeConfigFields":[],"linkedFields":["csord__Order_Request__c"],"relatedInfos":[{"@type":"fieldRelatedInfo","id":2419,"referenceObject":"csord__Order_Request__c","relationshipName":"csord__Order_Request__r","referenceField":{"@type":"field","id":-1,"precision":0,"scale":0,"columnIndex":-1,"isKey":false,"isWaterMarkKey":false,"isExternalId":false,"isSfIdLookup":false,"isNullable":true,"isUnique":false,"isCreateable":false,"isUpdateable":true,"isFilterable":true,"isCalculated":false,"showLabel":true,"naturalOrder":0,"typeConfigFields":[],"linkedFields":[],"relatedInfos":[],"references":[]}}],"references":[]},{"@type":"field","id":964686,"name":"csord__Order__c","type":"reference","uniqueName":"csord__Order__c","label":"Order","parentObject":"csord__Solution__c","pcType":"STRING","precision":18,"scale":0,"columnIndex":17,"isKey":false,"isWaterMarkKey":false,"isExternalId":false,"isSfIdLookup":false,"isNullable":true,"isUnique":false,"isCreateable":true,"isUpdateable":true,"isFilterable":true,"isCalculated":false,"showLabel":false,"naturalOrder":17,"typeConfigFields":[],"linkedFields":["csord__Order__c"],"relatedInfos":[{"@type":"fieldRelatedInfo","id":2420,"referenceObject":"csord__Order__c","relationshipName":"csord__Order__r","referenceField":{"@type":"field","id":-1,"precision":0,"scale":0,"columnIndex":-1,"isKey":false,"isWaterMarkKey":false,"isExternalId":false,"isSfIdLookup":false,"isNullable":true,"isUnique":false,"isCreateable":false,"isUpdateable":true,"isFilterable":true,"isCalculated":false,"showLabel":true,"naturalOrder":0,"typeConfigFields":[],"linkedFields":[],"relatedInfos":[],"references":[]}}],"references":[]},{"@type":"field","id":964687,"name":"csord__Status__c","type":"string","uniqueName":"csord__Status__c","label":"Status","parentObject":"csord__Solution__c","pcType":"STRING","precision":255,"scale":0,"columnIndex":18,"isKey":false,"isWaterMarkKey":false,"isExternalId":false,"isSfIdLookup":false,"isNullable":true,"isUnique":false,"isCreateable":true,"isUpdateable":true,"isFilterable":true,"isCalculated":false,"showLabel":false,"naturalOrder":18,"typeConfigFields":[],"linkedFields":["csord__Status__c"],"relatedInfos":[],"references":[]},{"@type":"field","id":964688,"name":"csord__Type__c","type":"string","uniqueName":"csord__Type__c","label":"Type","parentObject":"csord__Solution__c","pcType":"STRING","precision":255,"scale":0,"columnIndex":19,"isKey":false,"isWaterMarkKey":false,"isExternalId":false,"isSfIdLookup":false,"isNullable":true,"isUnique":false,"isCreateable":true,"isUpdateable":true,"isFilterable":true,"isCalculated":false,"showLabel":false,"naturalOrder":19,"typeConfigFields":[],"linkedFields":["csord__Type__c"],"relatedInfos":[],"references":[]},{"@type":"field","id":964689,"name":"csordtelcoa__Product_Configuration__c","type":"reference","uniqueName":"csordtelcoa__Product_Configuration__c","label":"Product Configuration","parentObject":"csord__Solution__c","pcType":"STRING","precision":18,"scale":0,"columnIndex":20,"isKey":false,"isWaterMarkKey":false,"isExternalId":false,"isSfIdLookup":false,"isNullable":true,"isUnique":false,"isCreateable":true,"isUpdateable":true,"isFilterable":true,"isCalculated":false,"showLabel":false,"naturalOrder":20,"typeConfigFields":[],"linkedFields":["csordtelcoa__Product_Configuration__c"],"relatedInfos":[{"@type":"fieldRelatedInfo","id":2421,"referenceObject":"cscfga__Product_Configuration__c","relationshipName":"csordtelcoa__Product_Configuration__r","referenceField":{"@type":"field","id":-1,"precision":0,"scale":0,"columnIndex":-1,"isKey":false,"isWaterMarkKey":false,"isExternalId":false,"isSfIdLookup":false,"isNullable":true,"isUnique":false,"isCreateable":false,"isUpdateable":true,"isFilterable":true,"isCalculated":false,"showLabel":true,"naturalOrder":0,"typeConfigFields":[],"linkedFields":[],"relatedInfos":[],"references":[]}}],"references":[]},{"@type":"field","id":964690,"name":"cssdm__main_product__c","type":"string","uniqueName":"cssdm__main_product__c","label":"Main Product","parentObject":"csord__Solution__c","pcType":"STRING","precision":255,"scale":0,"columnIndex":21,"isKey":false,"isWaterMarkKey":false,"isExternalId":false,"isSfIdLookup":false,"isNullable":true,"isUnique":false,"isCreateable":true,"isUpdateable":true,"isFilterable":true,"isCalculated":false,"showLabel":false,"naturalOrder":21,"typeConfigFields":[],"linkedFields":["cssdm__main_product__c"],"relatedInfos":[],"references":[]},{"@type":"field","id":964691,"name":"cssdm__product_basket__c","type":"reference","uniqueName":"cssdm__product_basket__c","label":"Product Basket","parentObject":"csord__Solution__c","pcType":"STRING","precision":18,"scale":0,"columnIndex":22,"isKey":false,"isWaterMarkKey":false,"isExternalId":false,"isSfIdLookup":false,"isNullable":true,"isUnique":false,"isCreateable":true,"isUpdateable":true,"isFilterable":true,"isCalculated":false,"showLabel":false,"naturalOrder":22,"typeConfigFields":[],"linkedFields":["cssdm__product_basket__c"],"relatedInfos":[{"@type":"fieldRelatedInfo","id":2422,"referenceObject":"cscfga__Product_Basket__c","relationshipName":"cssdm__product_basket__r","referenceField":{"@type":"field","id":-1,"precision":0,"scale":0,"columnIndex":-1,"isKey":false,"isWaterMarkKey":false,"isExternalId":false,"isSfIdLookup":false,"isNullable":true,"isUnique":false,"isCreateable":false,"isUpdateable":true,"isFilterable":true,"isCalculated":false,"showLabel":true,"naturalOrder":0,"typeConfigFields":[],"linkedFields":[],"relatedInfos":[],"references":[]}}],"references":[]},{"@type":"field","id":964692,"name":"cssdm__replaced_solution__c","type":"reference","uniqueName":"cssdm__replaced_solution__c","label":"Replaced Solution","parentObject":"csord__Solution__c","pcType":"STRING","precision":18,"scale":0,"columnIndex":23,"isKey":false,"isWaterMarkKey":false,"isExternalId":false,"isSfIdLookup":false,"isNullable":true,"isUnique":false,"isCreateable":true,"isUpdateable":true,"isFilterable":true,"isCalculated":false,"showLabel":false,"naturalOrder":23,"typeConfigFields":[],"linkedFields":["cssdm__replaced_solution__c"],"relatedInfos":[{"@type":"fieldRelatedInfo","id":2423,"referenceObject":"csord__Solution__c","relationshipName":"cssdm__replaced_solution__r","referenceField":{"@type":"field","id":-1,"precision":0,"scale":0,"columnIndex":-1,"isKey":false,"isWaterMarkKey":false,"isExternalId":false,"isSfIdLookup":false,"isNullable":true,"isUnique":false,"isCreateable":false,"isUpdateable":true,"isFilterable":true,"isCalculated":false,"showLabel":true,"naturalOrder":0,"typeConfigFields":[],"linkedFields":[],"relatedInfos":[],"references":[]}}],"references":[]},{"@type":"field","id":964693,"name":"cssdm__solution_definition__c","type":"reference","uniqueName":"cssdm__solution_definition__c","label":"Solution Definition","parentObject":"csord__Solution__c","pcType":"STRING","precision":18,"scale":0,"columnIndex":24,"isKey":false,"isWaterMarkKey":false,"isExternalId":false,"isSfIdLookup":false,"isNullable":true,"isUnique":false,"isCreateable":true,"isUpdateable":true,"isFilterable":true,"isCalculated":false,"showLabel":false,"naturalOrder":24,"typeConfigFields":[],"linkedFields":["cssdm__solution_definition__c"],"relatedInfos":[{"@type":"fieldRelatedInfo","id":2424,"referenceObject":"cssdm__Solution_Definition__c","relationshipName":"cssdm__solution_definition__r","referenceField":{"@type":"field","id":-1,"precision":0,"scale":0,"columnIndex":-1,"isKey":false,"isWaterMarkKey":false,"isExternalId":false,"isSfIdLookup":false,"isNullable":true,"isUnique":false,"isCreateable":false,"isUpdateable":true,"isFilterable":true,"isCalculated":false,"showLabel":true,"naturalOrder":0,"typeConfigFields":[],"linkedFields":[],"relatedInfos":[],"references":[]}}],"references":[]},{"@type":"field","id":964694,"name":"cssdm__total_contract_value__c","type":"double","uniqueName":"cssdm__total_contract_value__c","label":"Total Contract Value","parentObject":"csord__Solution__c","pcType":"HIPRECDECIMAL","precision":18,"scale":2,"columnIndex":25,"isKey":false,"isWaterMarkKey":false,"isExternalId":false,"isSfIdLookup":false,"isNullable":true,"isUnique":false,"isCreateable":true,"isUpdateable":true,"isFilterable":true,"isCalculated":false,"showLabel":false,"naturalOrder":25,"typeConfigFields":[],"linkedFields":["cssdm__total_contract_value__c"],"relatedInfos":[],"references":[]},{"@type":"field","id":964695,"name":"cssdm__total_one_off_charge__c","type":"double","uniqueName":"cssdm__total_one_off_charge__c","label":"Total One Off Charge","parentObject":"csord__Solution__c","pcType":"HIPRECDECIMAL","precision":18,"scale":2,"columnIndex":26,"isKey":false,"isWaterMarkKey":false,"isExternalId":false,"isSfIdLookup":false,"isNullable":true,"isUnique":false,"isCreateable":true,"isUpdateable":true,"isFilterable":true,"isCalculated":false,"showLabel":false,"naturalOrder":26,"typeConfigFields":[],"linkedFields":["cssdm__total_one_off_charge__c"],"relatedInfos":[],"references":[]},{"@type":"field","id":964696,"name":"cssdm__total_recurring_charge__c","type":"double","uniqueName":"cssdm__total_recurring_charge__c","label":"Total Recurring Charge","parentObject":"csord__Solution__c","pcType":"HIPRECDECIMAL","precision":18,"scale":2,"columnIndex":27,"isKey":false,"isWaterMarkKey":false,"isExternalId":false,"isSfIdLookup":false,"isNullable":true,"isUnique":false,"isCreateable":true,"isUpdateable":true,"isFilterable":true,"isCalculated":false,"showLabel":false,"naturalOrder":27,"typeConfigFields":[],"linkedFields":["cssdm__total_recurring_charge__c"],"relatedInfos":[],"references":[]},{"@type":"field","id":964697,"name":"Contract_Start_Date__c","type":"date","uniqueName":"Contract_Start_Date__c","label":"Contract Start Date","parentObject":"csord__Solution__c","pcType":"DATE","precision":10,"scale":0,"columnIndex":28,"isKey":false,"isWaterMarkKey":false,"isExternalId":false,"isSfIdLookup":false,"isNullable":true,"isUnique":false,"isCreateable":true,"isUpdateable":true,"isFilterable":true,"isCalculated":false,"showLabel":false,"naturalOrder":28,"typeConfigFields":[],"linkedFields":["Contract_Start_Date__c"],"relatedInfos":[],"references":[]},{"@type":"field","id":964698,"name":"Milestone__c","type":"string","uniqueName":"Milestone__c","label":"Milestone","parentObject":"csord__Solution__c","pcType":"STRING","precision":255,"scale":0,"columnIndex":29,"isKey":false,"isWaterMarkKey":false,"isExternalId":false,"isSfIdLookup":false,"isNullable":true,"isUnique":false,"isCreateable":true,"isUpdateable":true,"isFilterable":true,"isCalculated":false,"showLabel":false,"naturalOrder":29,"typeConfigFields":[],"linkedFields":["Milestone__c"],"relatedInfos":[],"references":[]},{"@type":"field","id":964699,"name":"Parent_Order__c","type":"reference","uniqueName":"Parent_Order__c","label":"Parent Order","parentObject":"csord__Solution__c","pcType":"STRING","precision":18,"scale":0,"columnIndex":30,"isKey":false,"isWaterMarkKey":false,"isExternalId":false,"isSfIdLookup":false,"isNullable":true,"isUnique":false,"isCreateable":true,"isUpdateable":true,"isFilterable":true,"isCalculated":false,"showLabel":false,"naturalOrder":30,"typeConfigFields":[],"linkedFields":["Parent_Order__c"],"relatedInfos":[{"@type":"fieldRelatedInfo","id":2425,"referenceObject":"csord__Order__c","relationshipName":"Parent_Order__r","referenceField":{"@type":"field","id":-1,"precision":0,"scale":0,"columnIndex":-1,"isKey":false,"isWaterMarkKey":false,"isExternalId":false,"isSfIdLookup":false,"isNullable":true,"isUnique":false,"isCreateable":false,"isUpdateable":true,"isFilterable":true,"isCalculated":false,"showLabel":true,"naturalOrder":0,"typeConfigFields":[],"linkedFields":[],"relatedInfos":[],"references":[]}}],"references":[]},{"@type":"field","id":964700,"name":"Delivery_Applicable__c","type":"boolean","uniqueName":"Delivery_Applicable__c","label":"Delivery Applicable","parentObject":"csord__Solution__c","pcType":"INT","precision":10,"scale":0,"columnIndex":31,"isKey":false,"isWaterMarkKey":false,"isExternalId":false,"isSfIdLookup":false,"isNullable":false,"isUnique":false,"isCreateable":true,"isUpdateable":true,"isFilterable":true,"isCalculated":false,"showLabel":false,"naturalOrder":31,"typeConfigFields":[],"linkedFields":["Delivery_Applicable__c"],"relatedInfos":[],"references":[]},{"@type":"field","id":964701,"name":"Legacy_Id__c","type":"string","uniqueName":"Legacy_Id__c","label":"Legacy Id","parentObject":"csord__Solution__c","pcType":"STRING","precision":25,"scale":0,"columnIndex":32,"isKey":false,"isWaterMarkKey":false,"isExternalId":true,"isSfIdLookup":true,"isNullable":true,"isUnique":false,"isCreateable":true,"isUpdateable":true,"isFilterable":true,"isCalculated":false,"showLabel":false,"naturalOrder":32,"typeConfigFields":[],"linkedFields":["Legacy_Id__c"],"relatedInfos":[],"references":[]}],"sortFields":[],"groupFields":[]}]