[{"@type":"workflow","id":"@1","name":"tf_sfdc_reverse_pull_myr","maxLogs":10,"references":[{"@type":"reference","refObjectId":"@imh1Dm31LMpfLqZiDl5MSa","refType":"mtTask"},{"@type":"reference","refObjectId":"@8Pt1Us7C109fXjJMuhqk8S","refType":"mtTask"},{"@type":"reference","refObjectId":"@0mtqhVl6qJ8ltEm5P7Q1GP","refType":"mtTask"},{"@type":"reference","refObjectId":"@39DvPyl4wrTbC64pKY0PW9","refType":"mtTask"},{"@type":"reference","refObjectId":"@1GcOixsWPnxgVtCfwcehIg","refType":"mtTask"},{"@type":"reference","refObjectId":"@6vsFzobozOVkKW6ZYz8dss","refType":"mtTask"}],"tasks":[{"@type":"workflowTask","taskId":"@imh1Dm31LMpfLqZiDl5MSa","type":"MTT","name":"mt_rp_sf_user","stopOnError":false,"stopOnWarning":false},{"@type":"workflowTask","taskId":"@8Pt1Us7C109fXjJMuhqk8S","type":"MTT","name":"mt_rp_sf_recordtype","stopOnError":false,"stopOnWarning":false},{"@type":"workflowTask","taskId":"@0mtqhVl6qJ8ltEm5P7Q1GP","type":"MTT","name":"mt_rp_sf_address","stopOnError":false,"stopOnWarning":false},{"@type":"workflowTask","taskId":"@39DvPyl4wrTbC64pKY0PW9","type":"MTT","name":"mt_rp_sf_billing_account","stopOnError":false,"stopOnWarning":false},{"@type":"workflowTask","taskId":"@1GcOixsWPnxgVtCfwcehIg","type":"MTT","name":"mt_rp_sf_contact","stopOnError":false,"stopOnWarning":false},{"@type":"workflowTask","taskId":"@6vsFzobozOVkKW6ZYz8dss","type":"MTT","name":"mt_m_rp_sf_customer_account","stopOnError":false,"stopOnWarning":false}]}]