[{"@type":"mappingTemplate","id":"@1","name":"m_Json_Service_spec_BWB","description":"","bundleVersion":"0","templateId":"@3","deployTime":1676357291000,"hasParameters":false,"valid":true,"fixedConnection":true,"hasParametersDeployed":false,"fixedConnectionDeployed":true,"isSchemaValidationEnabled":false,"tasks":1,"mappingPreviewFileRecordId":"@2","documentType":"MAPPING","references":[{"@type":"reference","refObjectId":"@gbEqHgig3UYgrJMzU4lVau","refType":"connection"},{"@type":"reference","refObjectId":"@6f9kZTvtfw1gzzZnc4Z6Kh","refType":"hschema"},{"@type":"reference","refObjectId":"@4Am9KZo9DIHllPS3CgPBY7","refType":"hschema"}]}]