[{"@type":"mappingTemplate","id":"@1","name":"m_stg_ebs_main_service","description":"","bundleVersion":"0","templateId":"@3","deployTime":1709303979000,"hasParameters":false,"valid":true,"fixedConnection":true,"hasParametersDeployed":false,"fixedConnectionDeployed":true,"isSchemaValidationEnabled":false,"tasks":1,"mappingPreviewFileRecordId":"@2","documentType":"MAPPING","references":[{"@type":"reference","refObjectId":"@gbEqHgig3UYgrJMzU4lVau","refType":"connection"},{"@type":"reference","refObjectId":"@1h3v5gym6bTbjKYFjWauap","refType":"connection"}]}]