[{"@type":"mtTask","id":"@1","name":"mt_sync_ebs_csord__Service__c","description":"","runtimeEnvironmentId":"@cUgvxjP6z42j5o2aizvbUV","maxLogs":10,"verbose":false,"lastRunTime":1682410666000,"mappingId":"@100xMxR4w21bYydPCJ1yKD","frsGuid":"7lklAqGdHXTgQhBzarog0j","shortDescription":"","sessionPropertiesList":[{"name":"Allow Temporary Sequence for Pushdown","value":"NO","recommended":false},{"name":"Allow Temporary View for Pushdown","value":"NO","recommended":false},{"name":"Pushdown Optimization","value":"None","recommended":false},{"name":"Pushdown Optimization Context","value":"None","recommended":false},{"name":"Run Only In Pushdown Mode","value":"NO","recommended":false}],"enableCrossSchemaPushdown":true,"enableParallelRun":false,"autoTunedApplied":false,"autoTunedAppliedType":"NONE","paramFileType":"PARAM_FILE_LOCAL","schemaMode":"async","valid":true,"schemaValidationErrorCount":-1,"parameterFileEncoding":"UTF-8","serverlessProperties":{},"taskProperties":[{"@type":"taskProperty","name":"parameterFileDir","currentValue":"","type":"STRING","label":"label.parameterFileDir","required":false},{"@type":"taskProperty","name":"parameterFileName","currentValue":"","type":"STRING","label":"label.parameterFileName","required":false}],"parameters":[{"@type":"mtTaskParameter","id":1317567,"name":"$stg_ebs_addon_service1$","type":"SOURCE","label":"stg_ebs_addon_service1","uiProperties":{"connectionParameterized":"false","isSelectDistinct":"false","objectParameterized":"false","visible":"false","originalPath":"stg_ebs_addon_service1"},"sourceConnectionId":"@0aa38HfbIjadqoKlbnU14y","sourceObject":"DUMMY_stg_ebs_addon_service1","newFlatFile":false,"newObject":false,"showBusinessNames":false,"naturalOrder":true,"truncateTarget":false,"bulkApiDBTarget":false,"customFuncCfg":{"@type":"customFuncConfig","id":-1,"connections":[],"inputMap":[],"outputFields":[]},"targetRefsV2":{},"targetUpdateColumns":[],"runtimeAttrs":{},"isRESTModernSource":true,"customQuery":"SELECT\na.pc_type \t\t\t\t\t\t\t\tAS PC_TYPE\n,a.Id \t\t\t\t\t\t\t\t\tAS csordtelcoa__Product_Configuration__c\n,a.cscfga__Product_Basket__c \t\t\tAS csordtelcoa__Product_Basket__c\n,a.cssdm__solution_association__c \t\tAS cssdm__solution_association__c\n,a.legacy_id__c \t\t\t\t\t\tAS Legacy_Id__c\n,a.CPQ_Billing_Account__c \t\t\t\tAS csconta_Billing_Account__c\n,a.indep_prod_id     \t\t\t\t\tAS legacy_indep_prod_id__c\n,a.Billing_Frequency__c                 AS Billing_Frequency__c\n\n,b.account_manager \t\t\t\t\t\tAS OwnerId\n,b.BAR_TYPE \t\t\t\t\t\t\tAS Bar_Type__c\n,b.ETC_TYPE \t\t\t\t\t\t\tAS ETC_Type__c\n,b.ENTITLEMENTS_DATA \t\t\t\t\tAS Data__c\n,b.ENTITLEMENTS_VOICE \t\t\t\t\tAS Voice__c\n,b.ENTITLEMENTS_SMS \t\t\t\t\tAS SMS__c\n,b.activation_date \t\t\t\t\t\tAS Installation_Date__c\n\n,c.csord__Order__c \t\t\t\t\t\tAS csord__Order__c\n,c.csord__Account__c \t\t\t\t\tAS csord__Account__c\n\n,d.name \t\t\t\t\t\t\t\tAS Name\n,d.Product_Category \t\t\t\t\tAS Product_Category__c\n\n,e.Id  \t\t\t\t\t\t\t\t\tAS csord__Subscription__c\n\n,f.ACC_NBR \t\t\t\t\t\t\t\tAS Service_ID__c\n,f.AGREEMENT_EFF_DATE \t\t\t\t\tAS RFS_Date__c\n,f.AGREEMENT_EFF_DATE \t\t\t\t\tAS Contract_Start_Date__c\n,f.AGREEMENT_EXP_DATE \t\t\t\t\tAS Contract_End_Date__c\n,f.AGREEMENT_LIMIT \t\t\t\t\t\tAS Contract_Term_Months__c\n--f.INDEP_PROD_ID \t\t\t\t\t\tAS indep_Legacy_Id__c\n\n,CASE\n\tWHEN f.PLAN_PROD_STATE = 'Active' THEN f.PROD_STATE\n\tWHEN f.PLAN_PROD_STATE = 'Suspended' THEN f.PROD_STATE\n\tWHEN f.PLAN_PROD_STATE = 'Inactive' THEN 'Terminated'\n\tELSE 'Terminated'\nEND AS csord__Status__c\n\n\n,'SGD - Singapore Dollar' \t\t\t\tAS CurrencyIsoCode\n,CURRENT_DATE \t\t\t\t\t\t\tAS CreatedDate\n,CURRENT_DATE \t\t\t\t\t\t\tAS LastModifiedDate\n,'Add On' \t\t\t\t\t\t\t\tAS Configuration_Type__c\n,''\t\t\t\t\t\t\t\t\t\tAS IMEI_Number__c\n,'' \t\t\t\t\t\t\t\t\tAS Sharing_Service__c\n,'' \t\t\t\t\t\t\t\t\tAS Line_Type__c\n\n\nFROM tgt_sf_pc a\nLEFT join STG_EBS_MAIN_SERVICE_2 b\n\ton a.legacy_id__c = b.prod_id\nJOIN tgt_sf_solution c \n\ton a.cssdm__solution_association__c = c.Id\nLEFT JOIN offer_cp_map d\n\ton CAST(a.offer_id as VARCHAR) = CAST(d.ebs_offer_id as VARCHAR)\nLEFT JOIN tgt_sf_subscription e\n\tON a.legacy_id__c = e.legacy_id__c\nLEFT JOIN stg_ebs_addon_service f\n on CAST(a.Legacy_Id__c as VARCHAR) = CAST(f.PROD_ID as VARCHAR)\n \nWHERE\na.pc_type in ('Mobile Device Addon','Mobile Service Addon')\nand a.Id is not null","isFileList":false,"handleSpecialChars":false,"handleDecimalRoundOff":false,"frsAsset":false,"dynamicFileName":false,"excludeDynamicFileNameField":false,"currentlyProcessedFileName":false,"retainFieldMetadata":false,"objectName":"DUMMY_stg_ebs_addon_service1","useExactSrcNames":false,"tgtObjectAttributes":{},"runtimeParameterData":{"@type":"mtTaskRuntimeParameterData","isConnectionRuntimeParameter":false,"isObjectRuntimeParameter":false},"overridableProperties":[],"overriddenFields":[]},{"@type":"mtTaskParameter","id":1317568,"name":"$stg_ebs_device_service1$","type":"SOURCE","label":"stg_ebs_device_service1","uiProperties":{"connectionParameterized":"false","isSelectDistinct":"false","objectParameterized":"false","visible":"false","originalPath":"stg_ebs_device_service1"},"sourceConnectionId":"@0aa38HfbIjadqoKlbnU14y","sourceObject":"DUMMY_stg_ebs_device_service1","newFlatFile":false,"newObject":false,"showBusinessNames":false,"naturalOrder":true,"truncateTarget":false,"bulkApiDBTarget":false,"customFuncCfg":{"@type":"customFuncConfig","id":-1,"connections":[],"inputMap":[],"outputFields":[]},"targetRefsV2":{},"targetUpdateColumns":[],"runtimeAttrs":{},"isRESTModernSource":true,"customQuery":"SELECT\na.pc_type \t\t\t\t\t\t\t\tAS PC_TYPE\n,a.Id \t\t\t\t\t\t\t\t\tAS csordtelcoa__Product_Configuration__c\n,a.cscfga__Product_Basket__c \t\t\tAS csordtelcoa__Product_Basket__c\n,a.cssdm__solution_association__c \t\tAS cssdm__solution_association__c\n,a.legacy_id__c \t\t\t\t\t\tAS Legacy_Id__c\n,a.CPQ_Billing_Account__c \t\t\t\tAS csconta_Billing_Account__c\n,a.indep_prod_id                        AS legacy_indep_prod_id__c\n,a.equipment_owned_by__c \t\t\t\tAS Equipment_Owned_By__c\n,a.password_managed_by__c \t\t\t\tAS Password_Managed_By__c\n,a.Billing_Frequency__c                 AS Billing_Frequency__c\n\n\n,b.account_manager \t\t\t\t\t\tAS OwnerId\n,b.activation_date \t\t\t\t\t\tAS RFS_Date__c\n,b.SERV_TYPE \t\t\t\t\t\t\tAS Product_Category__c\n,b.status \t\t\t\t\t\t\t\tAS csord__Status__c\n,b.Contract_start_date \t\t\t\t\tAS Contract_Start_Date__c\n,b.Contract_end_date \t\t\t\t\tAS Contract_End_Date__c\n,b.BAR_TYPE \t\t\t\t\t\t\tAS Bar_Type__c\n,b.ETC_TYPE \t\t\t\t\t\t\tAS ETC_Type__c\n,b.ENTITLEMENTS_DATA \t\t\t\t\tAS Data__c\n,b.ENTITLEMENTS_VOICE \t\t\t\t\tAS Voice__c\n,b.ENTITLEMENTS_SMS \t\t\t\t\tAS SMS__c\n,b.AGREEMENT_LIMIT \t\t\t\t\t\tAS Contract_Term_Months__c\n,b.activation_date \t\t\t\t\t\tAS Installation_Date__c\n\n,c.csord__Order__c \t\t\t\t\t\tAS csord__Order__c\n,c.csord__Account__c \t\t\t\t\tAS csord__Account__c\n\n,d.ICCID \t\t\t\t\t\t\t\tAS SIM_ICCID__c\n,d.SIM_TYPE \t\t\t\t\t\t\tAS SIM_Card_Type__c\n,d.IMSI \t\t\t\t\t\t\t\tAS IMSI_Number__c\n\n,e.Id  \t\t\t\t\t\t\t\t\tAS csord__Subscription__c\n\n\n\n,f.DEVICE_MODEL \t\t\t\t\t\tAS Name\n,f.DEVICE_SERIAL_NO \t\t\t\t\tAS IMEI_Number__c\n,f.DEVICE_SERIAL_NO \t\t\t\t\tAS CPQ_INV_Serial_Number__c\n,f.DEVICE_SERIAL_NO \t\t\t\t\tAS Equipment_Serial_Number__c\n\n\n,'SGD - Singapore Dollar' \t\t\t\tAS CurrencyIsoCode\n,CURRENT_DATE \t\t\t\t\t\t\tAS CreatedDate\n,CURRENT_DATE \t\t\t\t\t\t\tAS LastModifiedDate\n,'Device' \t\t\t\t\t\t\t\tAS Configuration_Type__c\n\n\nFROM tgt_sf_pc a\nLEFT join STG_EBS_MAIN_SERVICE_2 b\n\ton a.legacy_id__c = b.prod_id\njoin tgt_sf_solution c \n\ton a.cssdm__solution_association__c = c.Id\nLEFT JOIN stg_ebs_sim_card d\n\tON a.legacy_id__c = d.SUBS_ID\nLEFT JOIN tgt_sf_subscription e\n\tON a.legacy_id__c = e.legacy_id__c\nLEFT JOIN stg_ebs_device_service f\n on a.Legacy_Id__c = f.PROD_ID\n\t\nWHERE\na.pc_type in ('Mobile Device','ITX Equipment')\nand a.Id is not null","isFileList":false,"handleSpecialChars":false,"handleDecimalRoundOff":false,"frsAsset":false,"dynamicFileName":false,"excludeDynamicFileNameField":false,"currentlyProcessedFileName":false,"retainFieldMetadata":false,"objectName":"DUMMY_stg_ebs_device_service1","useExactSrcNames":false,"tgtObjectAttributes":{},"runtimeParameterData":{"@type":"mtTaskRuntimeParameterData","isConnectionRuntimeParameter":false,"isObjectRuntimeParameter":false},"overridableProperties":[],"overriddenFields":[]},{"@type":"mtTaskParameter","id":1317569,"name":"$stg_ebs_main_service_3$","type":"SOURCE","label":"stg_ebs_main_service_3","uiProperties":{"connectionParameterized":"false","isSelectDistinct":"false","objectParameterized":"false","visible":"false","originalPath":"stg_ebs_main_service_3"},"sourceConnectionId":"@0aa38HfbIjadqoKlbnU14y","sourceObject":"DUMMY_stg_ebs_main_service_3","newFlatFile":false,"newObject":false,"showBusinessNames":false,"naturalOrder":true,"truncateTarget":false,"bulkApiDBTarget":false,"customFuncCfg":{"@type":"customFuncConfig","id":-1,"connections":[],"inputMap":[],"outputFields":[]},"targetRefsV2":{},"targetUpdateColumns":[],"runtimeAttrs":{},"isRESTModernSource":true,"customQuery":"SELECT\na.pc_type \t\t\t\t\t\t\t\tAS PC_TYPE\n,a.Id \t\t\t\t\t\t\t\t\tAS csordtelcoa__Product_Configuration__c\n,a.cscfga__Product_Basket__c \t\t\tAS csordtelcoa__Product_Basket__c\n,a.cssdm__solution_association__c \t\tAS cssdm__solution_association__c\n,a.legacy_id__c \t\t\t\t\t\tAS Legacy_Id__c\n,a.CPQ_Billing_Account__c \t\t\t\tAS csconta_Billing_Account__c\n,a.indep_prod_id           \t\t\t\tAS legacy_indep_prod_id__c\n,a.sf_pooling_subs_id                   AS sf_pooling_subs_id\n,a.Billing_Frequency__c                 AS Billing_Frequency__c\n\n\n,b.commercial_product_name \t\t\t\tAS Name\n,b.SERV_TYPE \t\t\t\t\t\t\tAS Product_Category__c\n,b.service_ID \t\t\t\t\t\t\tAS Service_ID__c\n,b.IP_ADDRESS \t\t\t\t\t\t\tAS IP_Address__c\n,b.status \t\t\t\t\t\t\t\tAS csord__Status__c\n,b.activation_date \t\t\t\t\t\tAS RFS_Date__c\n,b.activation_date \t\t\t\t\t\tAS Service_Start_Date__c\n,b.ORDER_SUSPENSION_REASON \t\t\t\tAS Suspension_Reason__c\n,b.BAR_TYPE \t\t\t\t\t\t\tAS Bar_Type__c\n,b.ETC_TYPE \t\t\t\t\t\t\tAS ETC_Type__c\n,b.ENTITLEMENTS_DATA \t\t\t\t\tAS Data_Entitlement__c\n,b.ENTITLEMENTS_VOICE \t\t\t\t\tAS Voice_Entitlement__c\n,b.ENTITLEMENTS_SMS \t\t\t\t\tAS SMS_Entitlement__c\n,b.Contract_start_date \t\t\t\t\tAS Contract_Start_Date__c\n,b.Contract_end_date \t\t\t\t\tAS Contract_End_Date__c\n,b.AGREEMENT_LIMIT \t\t\t\t\t\tAS Contract_Term_Months__c\n,b.APN \t\t\t\t\t\t\t\t\tAS APN_Type__c\n,b.IP_ADDRESS_TYPE \t\t\t\t\t\tAS IP_Address_Type__c\n,b.Employee_Name \t\t\t\t\t\tAS Employee__c\n,b.Employee_Email \t\t\t\t\t\tAS Employee_Email__c\n,b.Service_address \t\t\t\t\t\tAS csord__Service_Address__c\n,b.CreatedById \t\t\t\t\t\t\tAS CreatedById\n,b.LastModifiedById \t\t\t\t\tAS LastModifiedById\n,b.Account_manager \t\t\t\t\t\tAS OwnerId\n\n\t\t\t\t\t\t\t\t\n\n,CASE\n\tWHEN b.SERV_TYPE = 'Mobile' THEN b.service_ID\n\tELSE NULL \nEND AS Mobile_Number__c\n,CASE\n\tWHEN b.public_apn_name is not null then b.public_apn_name\n\tELSE b.private_apn_name\nEND AS APN__c\n\n,b.activation_date \t\t\t\t\t\tAS Installation_Date__c\n,b.line_type\t\t\t\t\t\t\t\tAS Line_Type__c\n,b.installation_contact_1 \t\t\t\tAS Installation_Contact_Primary__c\n,b.installation_contact_2 \t\t\t\tAS Installation_Contact_Secondary__c\n,b.maint_contact_1 \t\t\t\t\t\tAS Fault_Maintenance_Contact_Primary__c\n,b.maint_contact_2 \t\t\t\t\t\tAS  Fault_Maintenance_Contact_Secondary__c\n,b.domain \t\t\t\t\t\t\t\tAS Domain__c\n,b.quantity \t\t\t\t\t\t\t\tAS Total_License_Quantity__c\n,b.ORDER_TERMINATION_REASON \t\t\t\tAS Termination_Reason__c\n\n\n,c.csord__Order__c \t\t\t\t\tAS csord__Order__c\n,c.csord__Account__c \t\t\t\t\tAS csord__Account__c\n\n,d.ICCID \t\t\t\t\t\t\t\tAS SIM_ICCID__c\n,d.SIM_TYPE \t\t\t\t\t\t\t\tAS SIM_Card_Type__c\n,d.IMSI \t\t\t\t\t\t\t\t\tAS IMSI_Number__c\n\n\n,e.Id  \t\t\t\t\t\t\t\tAS csord__Subscription__c\n,f.DEVICE_SERIAL_NO \t\t\t\t\t\tAS IMEI_Number__c\n\n,'Rate Plan' \t\t\t\t\t\t\tAS Configuration_Type__c\n,'SGD - Singapore Dollar' \t\t\t\tAS CurrencyIsoCode\n,CURRENT_DATE \t\t\t\t\t\t\tAS CreatedDate\n,CURRENT_DATE \t\t\t\t\t\t\tAS LastModifiedDate\n,'' \t\t\t\t\t\t\t\t\t    AS Sharing_Service__c\n\n\n\n\n\n\nFROM tgt_sf_pc a\njoin STG_EBS_MAIN_SERVICE_2 b\n\ton a.legacy_id__c = b.prod_id\n\t\njoin tgt_sf_solution c \n\ton a.cssdm__solution_association__c = c.Id\n\nLEFT JOIN stg_ebs_sim_card d\n\tON a.legacy_id__c  = d.SUBS_ID\n\nLEFT JOIN tgt_sf_subscription e\n\tON a.legacy_id__c = e.legacy_id__c\n\nLEFT JOIN stg_ebs_device_service f\n on a.Legacy_Id__c = f.PROD_ID\t\n\n\t\nWHERE\na.pc_type in ('Mobile Service','Sharing Service','ITX Wireless Broadband')\nand a.Id is not null","isFileList":false,"handleSpecialChars":false,"handleDecimalRoundOff":false,"frsAsset":false,"dynamicFileName":false,"excludeDynamicFileNameField":false,"currentlyProcessedFileName":false,"retainFieldMetadata":false,"objectName":"DUMMY_stg_ebs_main_service_3","useExactSrcNames":false,"tgtObjectAttributes":{},"runtimeParameterData":{"@type":"mtTaskRuntimeParameterData","isConnectionRuntimeParameter":false,"isObjectRuntimeParameter":false},"overridableProperties":[],"overriddenFields":[]},{"@type":"mtTaskParameter","id":1317570,"name":"$tgt_sf_service_addon1$","type":"TARGET","label":"tgt_sf_service_addon1","uiProperties":{"connectionParameterized":"false","objectParameterized":"false","visible":"false","defaultTargetUpdateColumns":"","supportApplyDDLChanges":"false","originalPath":"tgt_sf_service_addon1"},"targetConnectionId":"@0aa38HfbIjadqoKlbnU14y","targetObject":"p1_dev/TABLE/tgt_sf_service","targetObjectLabel":"tgt_sf_service","newFlatFile":false,"newObject":false,"showBusinessNames":false,"naturalOrder":true,"truncateTarget":false,"bulkApiDBTarget":false,"operationType":"Insert","customFuncCfg":{"@type":"customFuncConfig","id":-1,"connections":[],"inputMap":[],"outputFields":[]},"targetRefsV2":{},"targetUpdateColumns":[],"extendedObject":{"@type":"extendedObject","singleMode":true,"filters":[],"sortFields":[]},"runtimeAttrs":{},"isRESTModernSource":true,"isFileList":false,"handleSpecialChars":false,"handleDecimalRoundOff":false,"frsAsset":false,"dynamicFileName":false,"excludeDynamicFileNameField":false,"currentlyProcessedFileName":false,"retainFieldMetadata":false,"objectName":"p1_dev/TABLE/tgt_sf_service","objectLabel":"tgt_sf_service","useExactSrcNames":false,"tgtObjectAttributes":{},"runtimeParameterData":{"@type":"mtTaskRuntimeParameterData","isConnectionRuntimeParameter":false,"isObjectRuntimeParameter":false},"overridableProperties":[],"overriddenFields":[]},{"@type":"mtTaskParameter","id":1317571,"name":"$tgt_sf_service_device1$","type":"TARGET","label":"tgt_sf_service_device1","uiProperties":{"connectionParameterized":"false","objectParameterized":"false","visible":"false","defaultTargetUpdateColumns":"","supportApplyDDLChanges":"false","originalPath":"tgt_sf_service_device1"},"targetConnectionId":"@0aa38HfbIjadqoKlbnU14y","targetObject":"p1_dev/TABLE/tgt_sf_service","targetObjectLabel":"tgt_sf_service","newFlatFile":false,"newObject":false,"showBusinessNames":false,"naturalOrder":true,"truncateTarget":false,"bulkApiDBTarget":false,"operationType":"Insert","customFuncCfg":{"@type":"customFuncConfig","id":-1,"connections":[],"inputMap":[],"outputFields":[]},"targetRefsV2":{},"targetUpdateColumns":[],"extendedObject":{"@type":"extendedObject","singleMode":true,"filters":[],"sortFields":[]},"runtimeAttrs":{},"isRESTModernSource":true,"isFileList":false,"handleSpecialChars":false,"handleDecimalRoundOff":false,"frsAsset":false,"dynamicFileName":false,"excludeDynamicFileNameField":false,"currentlyProcessedFileName":false,"retainFieldMetadata":false,"objectName":"p1_dev/TABLE/tgt_sf_service","objectLabel":"tgt_sf_service","useExactSrcNames":false,"tgtObjectAttributes":{},"runtimeParameterData":{"@type":"mtTaskRuntimeParameterData","isConnectionRuntimeParameter":false,"isObjectRuntimeParameter":false},"overridableProperties":[],"overriddenFields":[]},{"@type":"mtTaskParameter","id":1317572,"name":"$tgt_sf_service_main1$","type":"TARGET","label":"tgt_sf_service_main1","uiProperties":{"connectionParameterized":"false","objectParameterized":"false","visible":"false","defaultTargetUpdateColumns":"","supportApplyDDLChanges":"false","originalPath":"tgt_sf_service_main1"},"targetConnectionId":"@0aa38HfbIjadqoKlbnU14y","targetObject":"p1_dev/TABLE/tgt_sf_service","targetObjectLabel":"tgt_sf_service","newFlatFile":false,"newObject":false,"showBusinessNames":false,"naturalOrder":true,"truncateTarget":false,"bulkApiDBTarget":false,"operationType":"Insert","customFuncCfg":{"@type":"customFuncConfig","id":-1,"connections":[],"inputMap":[],"outputFields":[]},"targetRefsV2":{},"targetUpdateColumns":[],"extendedObject":{"@type":"extendedObject","singleMode":true,"filters":[],"sortFields":[]},"runtimeAttrs":{},"isRESTModernSource":true,"isFileList":false,"handleSpecialChars":false,"handleDecimalRoundOff":false,"frsAsset":false,"dynamicFileName":false,"excludeDynamicFileNameField":false,"currentlyProcessedFileName":false,"retainFieldMetadata":false,"objectName":"p1_dev/TABLE/tgt_sf_service","objectLabel":"tgt_sf_service","useExactSrcNames":false,"tgtObjectAttributes":{},"runtimeParameterData":{"@type":"mtTaskRuntimeParameterData","isConnectionRuntimeParameter":false,"isObjectRuntimeParameter":false},"overridableProperties":[],"overriddenFields":[]},{"@type":"mtTaskParameter","id":1317573,"name":"$Master_Lookup$","type":"LOOKUP","label":"Master_Lookup","uiProperties":{"connectionParameterized":"false","isCachedLookup":"true","multipleMatchPolicy":"Use Any Value","objectParameterized":"false","visible":"false","originalPath":"Master_Lookup"},"lookupConnectionId":"@0aa38HfbIjadqoKlbnU14y","lookupObject":"DUMMY_Master_Lookup","newFlatFile":false,"newObject":false,"showBusinessNames":false,"naturalOrder":true,"truncateTarget":false,"bulkApiDBTarget":false,"customFuncCfg":{"@type":"customFuncConfig","id":-1,"connections":[],"inputMap":[],"outputFields":[]},"targetRefsV2":{},"targetUpdateColumns":[],"runtimeAttrs":{},"isRESTModernSource":true,"customQuery":"SELECT \nTRIM(target_object) as target_object,\nTRIM(target_api)    as target_api,\nTRIM(target_value)  as target_value,\nTRIM(UPPER(source_value)) as source_value\nfrom STG_SH_MASTER_LOV\n--WHERE is_active='Y'","isFileList":false,"handleSpecialChars":false,"handleDecimalRoundOff":false,"frsAsset":false,"dynamicFileName":false,"excludeDynamicFileNameField":false,"currentlyProcessedFileName":false,"retainFieldMetadata":false,"objectName":"DUMMY_Master_Lookup","useExactSrcNames":false,"tgtObjectAttributes":{},"runtimeParameterData":{"@type":"mtTaskRuntimeParameterData","isConnectionRuntimeParameter":false,"isObjectRuntimeParameter":false},"overridableProperties":[],"overriddenFields":[]}],"sequences":[],"inOutParameters":[],"connRuntimeAttrs":[]}]