[{"@type":"mtTask","id":"@1","name":"mt_stg_sync_ebs_refund_wavier_request","description":"","runtimeEnvironmentId":"@cUgvxjP6z42j5o2aizvbUV","maxLogs":10,"verbose":false,"lastRunTime":1674473776000,"mappingId":"@5Kz1WEQgZXJgMvDopFlKIz","frsGuid":"8YnF70543arhCkeAuRuOM9","shortDescription":"","sessionPropertiesList":[{"name":"Allow Temporary Sequence for Pushdown","value":"NO","recommended":false},{"name":"Allow Temporary View for Pushdown","value":"NO","recommended":false},{"name":"Pushdown Optimization","value":"None","recommended":false},{"name":"Pushdown Optimization Context","value":"None","recommended":false},{"name":"Run Only In Pushdown Mode","value":"NO","recommended":false}],"enableCrossSchemaPushdown":true,"enableParallelRun":false,"autoTunedApplied":false,"autoTunedAppliedType":"NONE","paramFileType":"PARAM_FILE_LOCAL","schemaMode":"async","valid":true,"schemaValidationErrorCount":-1,"parameterFileEncoding":"UTF-8","serverlessProperties":{},"taskProperties":[{"@type":"taskProperty","name":"parameterFileDir","currentValue":"","type":"STRING","label":"label.parameterFileDir","required":false},{"@type":"taskProperty","name":"parameterFileName","currentValue":"","type":"STRING","label":"label.parameterFileName","required":false}],"parameters":[{"@type":"mtTaskParameter","id":630691,"name":"$src_refund_request$","type":"SOURCE","label":"src_refund_request","uiProperties":{"connectionParameterized":"false","isSelectDistinct":"false","objectParameterized":"false","visible":"false","originalPath":"src_refund_request"},"sourceConnectionId":"@irZpk2lcq2Lh5v2PiTa4Q2","sourceObject":"DUMMY_src_refund_request","newFlatFile":false,"newObject":false,"showBusinessNames":false,"naturalOrder":true,"truncateTarget":false,"bulkApiDBTarget":false,"customFuncCfg":{"@type":"customFuncConfig","id":-1,"connections":[],"inputMap":[],"outputFields":[]},"targetRefsV2":{},"targetUpdateColumns":[],"runtimeAttrs":{},"isRESTModernSource":true,"customQuery":"WITH Bill_adjustment AS(\nSELECT\nSR.SR_REQUEST_ID,\nSR.SR_TYPE_ID,\nCASE \n               WHEN SR.SUBS_ID IS NOT NULL THEN 'Service Level' \n               ELSE 'Billng Account Level'\n               END AS BILL_ADJSUTMENT_TYPE,           \nCASE\nwhen acct_item_type_name like '%Monthly%' Then 'Monthly'\nwhen acct_item_type_name like '%Usage%' Then 'Usage'\nwhen acct_item_type_name like '%One Time Charge%' Then 'One Time Charge'\nend as Bill_Adjustment_Charge_Type__c,\nBILL.BILL_NBR AS BILL_NBR,\nSR.SERVICE_ID AS SERVICE_ID\nFROM MIG_ODS_DEV.STG_EBS_SR SR\nINNER JOIN MIG_ODS_DEV.STG_EBS_SR_TYPE SR_TYPE ON SR.SR_TYPE_ID=CAST(SR_TYPE.SR_TYPE_ID AS VARCHAR)\nLEFT JOIN MIG_ODS_DEV.STG_EBS_SR_BILL BILL ON SR.BILL_ID=CAST(BILL.BILL_ID AS VARCHAR)\nINNER JOIN MIG_ODS_DEV.STG_SR_CAT_SUB_CAT_REFERENCE SRC_CAT ON \nTRIM(SR_TYPE.FULL_NAME)=CONCAT_WS('->',TRIM(SRC_CAT.source_category),TRIM(SRC_CAT.source_subcat1),TRIM(SRC_CAT.source_subcat2))\nWHERE SRC_CAT.source_subcat1='Bill Adjustment'),\nREFUND AS(\nSELECT\nSR.SR_REQUEST_ID,\nSR.PAYEE_NAME AS BENEF_NAME,\nSR.sr_cust_id,\nCASE\t\n      WHEN SR.CHEQUE_DELIVERY_MODE is not null \n                THEN SR.MAIL_ADDRESS\nEND AS MAIL_ADDRESS,\nSR.CHEQUE_DELIVERY_MODE AS DELIVERYMODE,\nCASE \n       WHEN SR.GIRO_SOURCE is not null THEN EXT.SWIFT_Code\nEND AS SWIFT_Code__c,\nCASE \n     WHEN SR.GIRO_SOURCE is not null THEN SR.ACCOUNT_HOLD_NAME\n     END AS ACCOUNT_HOLD_NAME,\nCASE \n      WHEN SR.GIRO_SOURCE is not null THEN B.BANK_NAME\n      END AS Bank_Name__c,\nCASE \n      WHEN SR.GIRO_SOURCE is not null THEN EXT.BANK_DESC\nEND AS Bank_Branch__c,\nSR.BANK_ADDRESS AS BANK_ADDRESS,\nCASE \n       WHEN SR.GIRO_SOURCE is not null THEN SR.ACCOUNT_NUMBER\nEND AS ACCOUNT_NUMBER,\n\nCASE \n     WHEN SR.BANK_CHARGE is not null THEN 1\n              ELSE 0\nEND AS BANK_CHARGE,\nSR.STD_ADDR_ID AS STD_ADDR_ID,\nSR.SR_REF_CHEQUE_NUMBER AS CHEQUE_NUMBER,\ncast(SR.CHEQUE_DATE as date) AS CHEQUE_DATE,\nSR.CHEQUE_STATUS AS CHEQUE_STATUS,\nCASE \n        WHEN SR.CREDIT_CARD_SOURCE is not null THEN SR.BANK_CARD_CODE\nEND AS Credit_Card_Type__c,\nCASE \n     WHEN SR.CREDIT_CARD_SOURCE is not null THEN SR.ACCOUNT_HOLD_NAME\nEND AS Credit_Card_Holder_Name,\n              \nCASE \n      WHEN SR.CREDIT_CARD_SOURCE is not null THEN SR.ACCOUNT_NUMBER\nEND AS Credit_Card_Number__c,\nCASE \n     WHEN SR.CREDIT_CARD_SOURCE is not null THEN TO_CHAR(CAST(SR.EXPIRY_DATE AS TIMESTAMP),'MM')\nEND AS Credit_Card_Expiry_Month__c,\n\nCASE \n       WHEN SR.CREDIT_CARD_SOURCE is not null THEN TO_CHAR(CAST(SR.EXPIRY_DATE AS TIMESTAMP),'YYYY')\nEND AS Credit_Card_Expiry_Year__c,\nCASE \n      WHEN SR.CREDIT_CARD_SOURCE is not null THEN SR.TOKEN_NO\nEND AS Token_No__c,\nSR.CERT_TYPE_NAME AS Document_Type__c,\nSR.CERT_NBR AS PayNow_Doc_No__c,\n                \nCASE\n      WHEN SR.DEPOSIT_TYPE_ID IS NOT NULL THEN 1 \n                ELSE 0\nEND AS DEPOSIT_REFUND,\n'EBS to Siebel' as Transfer_Type__c,\nSR.sr_ref_acct_id AS ACCT_ID,\nSR_TYPE.SR_TYPE_NAME AS Offset_Type__c,\nSR.REFUND_MODE_NAME AS REFUND_MODE_NAME,\nSR.PAYEE_NAME AS PAYEE_NAME_ACC,              \nSR.sr_ref_acct_id AS sr_ref_acct_id,\nSR.REF_ID AS REF_ID,     \n                \nCASE \n      WHEN  SR.REF_ID IS NOT NULL THEN SR.REFUND_DATE\nEND AS REFUND_DATE,\nCASE \n     WHEN SR.REF_ID IS NOT NULL THEN SR.PAYMENT_AMOUNT\nEND AS PAYMENT_AMOUNT\nFROM MIG_ODS_DEV.STG_EBS_SR SR\nINNER JOIN MIG_ODS_DEV.STG_EBS_SR_TYPE SR_TYPE ON cast(SR.SR_TYPE_ID as varchar)=SR_TYPE.SR_TYPE_ID\nINNER JOIN MIG_ODS_DEV.STG_BANK  B ON CAST(SR.SR_PAY_BANK_ID as VARCHAR)=B.BANK_ID\nLEFT JOIN MIG_ODS_DEV.STG_EBS_BANK_EXT EXT ON SR.SR_PAY_BANK_ID=EXT.BANK_ID\nINNER JOIN MIG_ODS_DEV.STG_SR_CAT_SUB_CAT_REFERENCE SRC_CAT ON \nTRIM(SR_TYPE.FULL_NAME)=CONCAT_WS('->',TRIM(SRC_CAT.source_category),TRIM(SRC_CAT.source_subcat1),TRIM(SRC_CAT.source_subcat2))\nWHERE SRC_CAT.source_subcat1='Refund Request'),\nRefund_Bill AS(\nSELECT\nSR.SR_REQUEST_ID,\nSR.sr_acct_id AS SR_ACCT_ID,\nSR.ACTUAL_AMOUNT AS ACTUAL_AMOUNT,\n'SGD - Singapore Dollar' AS CURRENCY,\nSR.RELA_REQUEST_ID AS RELA_REQUEST_ID,\nN.NOTES AS COMMENTS,\nCASE \nWHEN  SRC_CAT.source_subcat1='Bill Adjustment' THEN 'Bill Adjustment Request'\nELSE SRC_CAT.source_subcat1\nEND AS RECORDTYPENAME,\nSR.CREATE_BY AS CreatebyId,\nSR.LAST_UPDATED_BY AS LastupdatebyId,\n'Processed' AS STATUS,\nCOALESCE(cast(SR.create_date as timestamp),date_trunc('seconds',CURRENT_TIMESTAMP)) as create_date,\nCOALESCE(cast(SR.last_updated_date as timestamp),date_trunc('seconds',CURRENT_TIMESTAMP)) as last_updated_date,\nSR.VAL_REJ_TYPE\nFROM MIG_ODS_DEV.STG_EBS_SR SR\nLEFT JOIN MIG_ODS_DEV.stg_ebs_case_comment N ON SR.SR_REQUEST_ID=N.REQUEST_ID\nINNER JOIN MIG_ODS_DEV.STG_EBS_SR_TYPE SR_TYPE ON SR.SR_TYPE_ID=SR_TYPE.SR_TYPE_ID\nINNER JOIN MIG_ODS_DEV.STG_SR_CAT_SUB_CAT_REFERENCE SRC_CAT ON \nTRIM(SR_TYPE.FULL_NAME)=CONCAT_WS('->',TRIM(SRC_CAT.source_category),TRIM(SRC_CAT.source_subcat1),TRIM(SRC_CAT.source_subcat2))\nWHERE SRC_CAT.RECORDTYPE='Refund or Bill Adjustment Application'\n),\nSYNC_CASE AS(SELECT\n\"Id\" AS Id,\n\"RecordTypeId\" AS RecordTypeId,\nCASE WHEN CA.\"Legacy_Id__c\" IS NOT NULL THEN CA.\"Legacy_Id__c\"\nELSE SYNC_CASE.Legacy_Id__c END AS LEGACY_ID__C\nFROM MIG_ODS_DEV.SF_CASE CA\nLEFT JOIN mig_ods_dev.sync_ebs_case SYNC_CASE\nON SYNC_CASE.recordtypeid=CA.\"RecordTypeId\" \nAND SYNC_CASE.category__c=CA.\"Category__c\"\nAND SYNC_CASE.category_sub_type_1__c=CA.\"Category_Sub_Type_1__c\"\nAND SYNC_CASE.status=CA.\"Status\"\nAND SYNC_CASE.subject=CA.\"Subject\"\nAND SYNC_CASE.accountid=CA.\"AccountId\"\nAND SYNC_CASE.category_sub_type_2__c=CA.\"Category_Sub_Type_2__c\")\nSELECT\nadjustment.BILL_ADJSUTMENT_TYPE AS BILL_ADJSUTMENT_TYPE_c,\nadjustment.Bill_Adjustment_Charge_Type__c,\nadjustment.BILL_NBR AS Invoice_Number__c,\n--S.\"Id\" AS SERVICE, --LKP field,\nre_bill.SR_ACCT_ID  AS Billing_Account__c,--lkp\n---OCC_Description__c,--Need to check with on Zhangtao for source field information\nC.\"Id\" AS Payee_or_Beneficiary_Name__c,\nRF.MAIL_ADDRESS AS Cheque_Delivery_Address__c,\nRF.DELIVERYMODE AS Delivery_Mode__c,\nRF.SWIFT_Code__c,\nRF.ACCOUNT_HOLD_NAME AS BANK_ACCOUNT_HOLD_NAME,\nRF.Bank_Name__c AS Bank_Name__c,\nRF.Bank_Branch__c,\nRF.BANK_ADDRESS AS Bank_Address__c,\nRF.ACCOUNT_NUMBER AS Bank_Account_Number__c,\nRF.BANK_CHARGE AS Bank_Charges__c,\nRF.STD_ADDR_ID AS Beneficiary_Address__c,\nRF.CHEQUE_NUMBER AS Cheque_Number__c,\nRF.CHEQUE_DATE AS Cheque_Date,\nRF.CHEQUE_STATUS AS CHEQUE_STATUS_C,\nRF.Credit_Card_Type__c,\nRF.Credit_Card_Holder_Name,-----This field is not available in SF UI\nRF.Credit_Card_Number__c,\nRF.Credit_Card_Expiry_Month__c,\nRF.Credit_Card_Expiry_Year__c,\nRF.Token_No__c,\nRF.Document_Type__c,\nRF.PayNow_Doc_No__c,\nRF.DEPOSIT_REFUND AS Deposit_Refund__c,\nRF.Transfer_Type__c,\nRF.ACCT_ID AS External_Billing_Account_Identifier__c,\nRF.Offset_Type__c,\nRF.REFUND_MODE_NAME AS Refund_Mode__c,\nA.\"Id\" AS Recipient_Customer_Account__c,\nRF.sr_ref_acct_id AS Recipient_Billing_Account__c,\nCA.Id AS Related_Case__c,\nre_bill.ACTUAL_AMOUNT AS Amount__c,\nre_bill.CURRENCY AS CurrencyIsoCode,\nRF.REF_ID AS SAP_Transaction_ID__c,\nre_bill.COMMENTS AS Comments__c,\nRF.sr_cust_id,\nA.\"Legacy_Id__c\" as ac_legacy_id,\nR.\"Id\" AS RecordTypeId,\nre_bill.CreatebyId,\nre_bill.LastupdatebyId,\nre_bill.create_date as Createddate,\nre_bill.last_updated_date as lastmodifieddate,\nre_bill.STATUS,\n--cast(SR.create_date as timestamp)\ncast(RF.REFUND_DATE as timestamp) AS SAP_Payment_Date__c,\nRF.PAYMENT_AMOUNT AS SAP_Refunded_Amount__c,\nre_bill.SR_REQUEST_ID AS Legacy_id_c\nFROM \n Refund_Bill re_bill LEFT JOIN REFUND RF ON re_bill.SR_REQUEST_ID=RF.SR_REQUEST_ID\nLEFT JOIN Bill_adjustment adjustment ON re_bill.SR_REQUEST_ID=adjustment.SR_REQUEST_ID\nINNER JOIN mig_ods_dev.SF_RECORDTYPE R ON re_bill.RECORDTYPENAME =R.\"Name\"  AND R.\"SobjectType\"='Refund_or_Waiver_Request__c'\nLEFT JOIN mig_ods_dev.sf_account A ON RF.PAYEE_NAME_ACC=A.\"Name\"\nLEFT JOIN MIG_ODS_DEV.sf_contact C ON RF.BENEF_NAME=C.\"Name\"\n--left join mig_ods_dev.sf_service S ON cast(adjustment.SERVICE_ID as varchar)=S.legacy_id__c---from ebs we dont have associated with service id information for SR\nINNER JOIN SYNC_CASE CA ON cast(re_bill.SR_REQUEST_ID AS VARCHAR)=CA.Legacy_Id__c AND CA.RecordTypeId='0121e000000jygTAAQ'\nWHERE UPPER(TRIM(COALESCE(re_bill.VAL_REJ_TYPE,'Y'))) !='HARD'","isFileList":false,"handleSpecialChars":false,"handleDecimalRoundOff":false,"frsAsset":false,"dynamicFileName":false,"excludeDynamicFileNameField":false,"currentlyProcessedFileName":false,"retainFieldMetadata":false,"objectName":"DUMMY_src_refund_request","useExactSrcNames":false,"tgtObjectAttributes":{},"runtimeParameterData":{"@type":"mtTaskRuntimeParameterData","isConnectionRuntimeParameter":false,"isObjectRuntimeParameter":false},"overridableProperties":[],"overriddenFields":[]},{"@type":"mtTaskParameter","id":630692,"name":"$tgt_refund_request$","type":"TARGET","label":"tgt_refund_request","uiProperties":{"connectionParameterized":"false","objectParameterized":"false","visible":"false","defaultTargetUpdateColumns":"","supportApplyDDLChanges":"false","originalPath":"tgt_refund_request"},"targetConnectionId":"@irZpk2lcq2Lh5v2PiTa4Q2","targetObject":"mig_ods_dev/TABLE/sync_ebs_refund_waiver_requ","targetObjectLabel":"sync_ebs_refund_waiver_requ","newFlatFile":false,"newObject":false,"showBusinessNames":false,"naturalOrder":true,"truncateTarget":false,"bulkApiDBTarget":false,"operationType":"Insert","customFuncCfg":{"@type":"customFuncConfig","id":-1,"connections":[],"inputMap":[],"outputFields":[]},"targetRefsV2":{},"targetUpdateColumns":[],"extendedObject":{"@type":"extendedObject","singleMode":true,"filters":[],"sortFields":[]},"runtimeAttrs":{},"isRESTModernSource":true,"isFileList":false,"handleSpecialChars":false,"handleDecimalRoundOff":false,"frsAsset":false,"dynamicFileName":false,"excludeDynamicFileNameField":false,"currentlyProcessedFileName":false,"retainFieldMetadata":false,"objectName":"mig_ods_dev/TABLE/sync_ebs_refund_waiver_requ","objectLabel":"sync_ebs_refund_waiver_requ","useExactSrcNames":false,"tgtObjectAttributes":{},"runtimeParameterData":{"@type":"mtTaskRuntimeParameterData","isConnectionRuntimeParameter":false,"isObjectRuntimeParameter":false},"overridableProperties":[],"overriddenFields":[]},{"@type":"mtTaskParameter","id":630693,"name":"$Lkp_sf_user$","type":"LOOKUP","label":"Lkp_sf_user","uiProperties":{"connectionParameterized":"false","isCachedLookup":"true","multipleMatchPolicy":"Use Last Value","objectParameterized":"false","visible":"false","originalPath":"Lkp_sf_user"},"lookupConnectionId":"@irZpk2lcq2Lh5v2PiTa4Q2","lookupObject":"DUMMY_Lkp_sf_user","newFlatFile":false,"newObject":false,"showBusinessNames":false,"naturalOrder":true,"truncateTarget":false,"bulkApiDBTarget":false,"customFuncCfg":{"@type":"customFuncConfig","id":-1,"connections":[],"inputMap":[],"outputFields":[]},"targetRefsV2":{},"targetUpdateColumns":[],"runtimeAttrs":{"Cache File Name Prefix":"","Lookup Index Cache Size":"AUTO","Optional":"true","Lookup cache persistent":"false","Lookup source is static":"false","Case Sensitive String Comparison":"false","Re-cache from lookup source":"false","Insert Else Update":"false","Lookup caching enabled":"true","Lookup Data Cache Size":"AUTO","Tracing Level":"Normal","Sorted Input":"false","Lookup cache directory name":"$PMCacheDir","Output Old Value On Update":"false","Dynamic Lookup Cache":"false","Pre-build lookup cache":"AUTO","Null ordering":""},"isRESTModernSource":true,"customQuery":"SELECT \nB.ID,\nB.Email,\nS.STAFF_ID FROM  \n(\nSELECT \n\"Id\" AS ID,\n\"Email\" AS Email \nFROM \n(\nSELECT \"Id\", \nUPPER(TRIM(\"Email\")) AS \"Email\",\nROW_NUMBER() OVER (PARTITION BY UPPER(TRIM(\"Email\")) ORDER BY \"IsActive\" DESC ) AS RNK\nFROM MIG_ODS_DEV.SF_USER) A \nWHERE RNK=1\n) B \nINNER  JOIN MIG_ODS_DEV.STG_BFM_STAFF S ON\nTRIM(UPPER(S.Email))=TRIM(UPPER(B.Email))\nUNION \nSELECT \"Id\" AS ID,\"Email\" AS Email,NULL AS STAFF_ID FROM MIG_ODS_DEV.SF_USER WHERE UPPER(\"Name\")=UPPER('Data Migration User')","isFileList":false,"handleSpecialChars":false,"handleDecimalRoundOff":false,"frsAsset":false,"dynamicFileName":false,"excludeDynamicFileNameField":false,"currentlyProcessedFileName":false,"retainFieldMetadata":false,"objectName":"DUMMY_Lkp_sf_user","useExactSrcNames":false,"tgtObjectAttributes":{},"runtimeParameterData":{"@type":"mtTaskRuntimeParameterData","isConnectionRuntimeParameter":false,"isObjectRuntimeParameter":false},"overridableProperties":[],"overriddenFields":[]},{"@type":"mtTaskParameter","id":630694,"name":"$Lkp_sh_master_lov_refund$","type":"LOOKUP","label":"Lkp_sh_master_lov_refund","uiProperties":{"connectionParameterized":"false","isCachedLookup":"true","multipleMatchPolicy":"Use Last Value","objectParameterized":"false","visible":"false","originalPath":"Lkp_sh_master_lov_refund"},"lookupConnectionId":"@irZpk2lcq2Lh5v2PiTa4Q2","lookupObject":"DUMMY_Lkp_sh_master_lov_refund","newFlatFile":false,"newObject":false,"showBusinessNames":false,"naturalOrder":true,"truncateTarget":false,"bulkApiDBTarget":false,"customFuncCfg":{"@type":"customFuncConfig","id":-1,"connections":[],"inputMap":[],"outputFields":[]},"targetRefsV2":{},"targetUpdateColumns":[],"runtimeAttrs":{"Cache File Name Prefix":"","Lookup Index Cache Size":"AUTO","Optional":"true","Lookup cache persistent":"false","Lookup source is static":"false","Case Sensitive String Comparison":"false","Re-cache from lookup source":"false","Insert Else Update":"false","Lookup caching enabled":"true","Lookup Data Cache Size":"AUTO","Tracing Level":"Normal","Sorted Input":"false","Lookup cache directory name":"$PMCacheDir","Output Old Value On Update":"false","Dynamic Lookup Cache":"false","Pre-build lookup cache":"AUTO","Null ordering":""},"isRESTModernSource":true,"customQuery":"select \nUPPER(TRIM(source_object)) as source_object,\nUPPER(TRIM(source_column)) as source_column,\nUPPER(TRIM(source_value)) as source_value,\nTRIM(target_value) as target_value\nfrom  MIG_ODS_DEV.STG_SH_MASTER_LOV where UPPER(TRIM(is_active))='Y'","isFileList":false,"handleSpecialChars":false,"handleDecimalRoundOff":false,"frsAsset":false,"dynamicFileName":false,"excludeDynamicFileNameField":false,"currentlyProcessedFileName":false,"retainFieldMetadata":false,"objectName":"DUMMY_Lkp_sh_master_lov_refund","useExactSrcNames":false,"tgtObjectAttributes":{},"runtimeParameterData":{"@type":"mtTaskRuntimeParameterData","isConnectionRuntimeParameter":false,"isObjectRuntimeParameter":false},"overridableProperties":[],"overriddenFields":[]},{"@type":"mtTaskParameter","id":630695,"name":"$U_Lookup_Address$","type":"LOOKUP","label":"U_Lookup_Address","uiProperties":{"connectionParameterized":"false","isCachedLookup":"true","multipleMatchPolicy":"Use Last Value","objectParameterized":"false","visible":"false","originalPath":"U_Lookup_Address"},"lookupConnectionId":"@irZpk2lcq2Lh5v2PiTa4Q2","lookupObject":"DUMMY_U_Lookup_Address","newFlatFile":false,"newObject":false,"showBusinessNames":false,"naturalOrder":true,"truncateTarget":false,"bulkApiDBTarget":false,"customFuncCfg":{"@type":"customFuncConfig","id":-1,"connections":[],"inputMap":[],"outputFields":[]},"targetRefsV2":{},"targetUpdateColumns":[],"runtimeAttrs":{"Cache File Name Prefix":"","Lookup Index Cache Size":"AUTO","Optional":"true","Lookup cache persistent":"false","Lookup source is static":"false","Case Sensitive String Comparison":"false","Re-cache from lookup source":"false","Insert Else Update":"false","Lookup caching enabled":"true","Lookup Data Cache Size":"AUTO","Tracing Level":"Normal","Sorted Input":"false","Lookup cache directory name":"$PMCacheDir","Output Old Value On Update":"false","Dynamic Lookup Cache":"false","Pre-build lookup cache":"AUTO","Null ordering":""},"isRESTModernSource":true,"customQuery":"SELECT \n \"Id\",\n CASE \n WHEN ADD2.\"Legacy_Id__c\" IS NOT NULL \n THEN ADD2.\"Legacy_Id__c\" \n ELSE  SYNC_ADDRESS.Legacy_Id \n END AS LEGACY_ID__C \n FROM MIG_ODS_DEV.sf_cscrm__address__c ADD2\n LEFT JOIN mig_ods_dev.sync_ebs_sap_address SYNC_ADDRESS\nON SYNC_ADDRESS.NAME=ADD2.\"Name\" \nAND SYNC_ADDRESS.account=ADD2.\"cscrm__Account__c\"","isFileList":false,"handleSpecialChars":false,"handleDecimalRoundOff":false,"frsAsset":false,"dynamicFileName":false,"excludeDynamicFileNameField":false,"currentlyProcessedFileName":false,"retainFieldMetadata":false,"objectName":"DUMMY_U_Lookup_Address","useExactSrcNames":false,"tgtObjectAttributes":{},"runtimeParameterData":{"@type":"mtTaskRuntimeParameterData","isConnectionRuntimeParameter":false,"isObjectRuntimeParameter":false},"overridableProperties":[],"overriddenFields":[]},{"@type":"mtTaskParameter","id":630696,"name":"$U_Lookup_Billingacct$","type":"LOOKUP","label":"U_Lookup_Billingacct","uiProperties":{"connectionParameterized":"false","isCachedLookup":"true","multipleMatchPolicy":"Use Any Value","objectParameterized":"false","visible":"false","originalPath":"U_Lookup_Billingacct"},"lookupConnectionId":"@irZpk2lcq2Lh5v2PiTa4Q2","lookupObject":"DUMMY_U_Lookup_Billingacct","newFlatFile":false,"newObject":false,"showBusinessNames":false,"naturalOrder":true,"truncateTarget":false,"bulkApiDBTarget":false,"customFuncCfg":{"@type":"customFuncConfig","id":-1,"connections":[],"inputMap":[],"outputFields":[]},"targetRefsV2":{},"targetUpdateColumns":[],"runtimeAttrs":{"Cache File Name Prefix":"","Lookup Index Cache Size":"AUTO","Optional":"true","Lookup cache persistent":"false","Lookup source is static":"false","Case Sensitive String Comparison":"false","Re-cache from lookup source":"false","Insert Else Update":"false","Lookup caching enabled":"true","Lookup Data Cache Size":"AUTO","Tracing Level":"Normal","Sorted Input":"false","Lookup cache directory name":"$PMCacheDir","Output Old Value On Update":"false","Dynamic Lookup Cache":"false","Pre-build lookup cache":"AUTO","Null ordering":""},"isRESTModernSource":true,"customQuery":"SELECT \n\"Id\",\nCASE \n\tWHEN SF_BA.\"Legacy_Id__c\" IS NOT NULL \n\tTHEN SF_BA.\"Legacy_Id__c\" \n\tELSE  SYNC_BILLING.Legacy_Id \nEND AS LEGACY_ID__C \nFROM  mig_ods_dev.\"sf_csconta__Billing_Account__c\" SF_BA\nLEFT JOIN MIG_ODS_DEV.SYNC_EBS_SAP_BILLINGACCOUNT SYNC_BILLING\nON SYNC_BILLING.cpq_billing_account_number_=SF_BA.\"Billing_Account_Number__c\"\nAND SYNC_BILLING.account__c=SF_BA.\"csconta__Account__c\"","isFileList":false,"handleSpecialChars":false,"handleDecimalRoundOff":false,"frsAsset":false,"dynamicFileName":false,"excludeDynamicFileNameField":false,"currentlyProcessedFileName":false,"retainFieldMetadata":false,"objectName":"DUMMY_U_Lookup_Billingacct","useExactSrcNames":false,"tgtObjectAttributes":{},"runtimeParameterData":{"@type":"mtTaskRuntimeParameterData","isConnectionRuntimeParameter":false,"isObjectRuntimeParameter":false},"overridableProperties":[],"overriddenFields":[]}],"sequences":[],"inOutParameters":[],"connRuntimeAttrs":[]}]