[{"@type":"mtTask","id":"@1","name":"mt_rep_cscfga__PC_Attribute__c","description":"","runtimeEnvironmentId":"@cUgvxjP6z42j5o2aizvbUV","maxLogs":10,"verbose":false,"lastRunTime":1680055662000,"mappingId":"@30zxOCux0l8kcM0VrpeSGG","frsGuid":"1gmBe5cZwVadn1EyycOKmH","shortDescription":"","sessionPropertiesList":[{"name":"Allow Temporary Sequence for Pushdown","value":"NO","recommended":false},{"name":"Allow Temporary View for Pushdown","value":"NO","recommended":false},{"name":"Pushdown Optimization","value":"None","recommended":false},{"name":"Pushdown Optimization Context","value":"None","recommended":false},{"name":"Run Only In Pushdown Mode","value":"NO","recommended":false}],"enableCrossSchemaPushdown":true,"enableParallelRun":false,"autoTunedApplied":false,"autoTunedAppliedType":"NONE","paramFileType":"PARAM_FILE_LOCAL","schemaMode":"async","valid":true,"schemaValidationErrorCount":-1,"parameterFileEncoding":"UTF-8","serverlessProperties":{},"taskProperties":[{"@type":"taskProperty","name":"parameterFileDir","currentValue":"","type":"STRING","label":"label.parameterFileDir","required":false},{"@type":"taskProperty","name":"parameterFileName","currentValue":"","type":"STRING","label":"label.parameterFileName","required":false}],"parameters":[{"@type":"mtTaskParameter","id":1728776,"name":"$src_cscfga__Attribute__c$","type":"SOURCE","label":"src_cscfga__Attribute__c","uiProperties":{"connectionParameterized":"false","isSelectDistinct":"false","objectParameterized":"false","visible":"false","originalPath":"src_cscfga__Attribute__c"},"sourceConnectionId":"@2pzkdnOGuGpiqnKtNRkpw3","sourceObject":"DUMMY_src_cscfga__Attribute__c","newFlatFile":false,"newObject":false,"showBusinessNames":false,"naturalOrder":true,"truncateTarget":false,"bulkApiDBTarget":false,"customFuncCfg":{"@type":"customFuncConfig","id":-1,"connections":[],"inputMap":[],"outputFields":[]},"targetRefsV2":{},"targetUpdateColumns":[],"runtimeAttrs":{},"isRESTModernSource":true,"customQuery":"select \nLegacy_id__c\n,Id\n,cscfga__Is_Required__c\n,cscfga__Price__c\n,cscfga__Recurring__c\n,cscfga__Is_Line_Item__c\n,cscfga__Is_Read_Only__c\n,cscfga__is_active__c\n,cscfga__List_Price__c\n,cscfga__Line_Item_Sequence__c\n\nfrom cscfga__Attribute__c \nwhere Legacy_Id__c != ''","isFileList":false,"handleSpecialChars":false,"handleDecimalRoundOff":false,"frsAsset":false,"dynamicFileName":false,"excludeDynamicFileNameField":false,"currentlyProcessedFileName":false,"retainFieldMetadata":false,"objectName":"DUMMY_src_cscfga__Attribute__c","useExactSrcNames":false,"tgtObjectAttributes":{},"runtimeParameterData":{"@type":"mtTaskRuntimeParameterData","isConnectionRuntimeParameter":false,"isObjectRuntimeParameter":false},"overridableProperties":[],"overriddenFields":[]},{"@type":"mtTaskParameter","id":1728777,"name":"$tgt_sf_pc_attrib_rep_1$","type":"SOURCE","label":"tgt_sf_pc_attrib_rep_1","uiProperties":{"connectionParameterized":"false","isSelectDistinct":"false","objectParameterized":"false","visible":"false","originalPath":"tgt_sf_pc_attrib_rep_1"},"sourceConnectionId":"@0aa38HfbIjadqoKlbnU14y","sourceObject":"DUMMY_tgt_sf_pc_attrib_rep_1","newFlatFile":false,"newObject":false,"showBusinessNames":false,"naturalOrder":true,"truncateTarget":false,"bulkApiDBTarget":false,"customFuncCfg":{"@type":"customFuncConfig","id":-1,"connections":[],"inputMap":[],"outputFields":[]},"targetRefsV2":{},"targetUpdateColumns":[],"runtimeAttrs":{},"oprRuntimeAttrs":{"postSQL":"","sourceTableName":"","fetchSize":"100000","sqloverride":"","schemaName":"","preSQL":"update tgt_sf_pc_attrib A   set Id = B.Id,  cscfga__Is_Required__c = B.cscfga__Is_Required__c , cscfga__Price__c = B.cscfga__Price__c ,  cscfga__Recurring__c=B.cscfga__Recurring__c,  cscfga__Is_Line_Item__c = B.cscfga__Is_Line_Item__c ,  cscfga__Is_Read_Only__c = B.cscfga__Is_Read_Only__c ,  cscfga__is_active__c = B.cscfga__is_active__c ,  cscfga__List_Price__c = B.cscfga__List_Price__c ,  cscfga__Line_Item_Sequence__c = B.cscfga__Line_Item_Sequence__c , mig_status = 'LOADED'   from tgt_sf_pc_attrib_rep B  where A.Legacy_id__c=B.Legacy_id__c"},"isRESTModernSource":true,"customQuery":"select * from dummy","isFileList":false,"handleSpecialChars":false,"handleDecimalRoundOff":false,"frsAsset":false,"dynamicFileName":false,"excludeDynamicFileNameField":false,"currentlyProcessedFileName":false,"retainFieldMetadata":false,"objectName":"DUMMY_tgt_sf_pc_attrib_rep_1","useExactSrcNames":false,"tgtObjectAttributes":{},"runtimeParameterData":{"@type":"mtTaskRuntimeParameterData","isConnectionRuntimeParameter":false,"isObjectRuntimeParameter":false},"overridableProperties":[],"overriddenFields":[]},{"@type":"mtTaskParameter","id":1728778,"name":"$tgt_sf_pc_attrib$","type":"TARGET","label":"tgt_sf_pc_attrib","uiProperties":{"connectionParameterized":"false","objectParameterized":"false","visible":"false","defaultTargetUpdateColumns":"","supportApplyDDLChanges":"false","originalPath":"tgt_sf_pc_attrib"},"targetConnectionId":"@0aa38HfbIjadqoKlbnU14y","targetObject":"myr_mat/TABLE/dummy","targetObjectLabel":"dummy","newFlatFile":false,"newObject":false,"showBusinessNames":false,"naturalOrder":true,"truncateTarget":false,"bulkApiDBTarget":false,"operationType":"Insert","customFuncCfg":{"@type":"customFuncConfig","id":-1,"connections":[],"inputMap":[],"outputFields":[]},"targetRefsV2":{},"targetUpdateColumns":[],"extendedObject":{"@type":"extendedObject","singleMode":true,"filters":[],"sortFields":[]},"runtimeAttrs":{},"isRESTModernSource":true,"isFileList":false,"handleSpecialChars":false,"handleDecimalRoundOff":false,"frsAsset":false,"dynamicFileName":false,"excludeDynamicFileNameField":false,"currentlyProcessedFileName":false,"retainFieldMetadata":false,"objectName":"myr_mat/TABLE/dummy","objectLabel":"dummy","useExactSrcNames":false,"tgtObjectAttributes":{},"runtimeParameterData":{"@type":"mtTaskRuntimeParameterData","isConnectionRuntimeParameter":false,"isObjectRuntimeParameter":false},"overridableProperties":[],"overriddenFields":[]},{"@type":"mtTaskParameter","id":1728779,"name":"$tgt_sf_pc_attrib_rep$","type":"TARGET","label":"tgt_sf_pc_attrib_rep","uiProperties":{"connectionParameterized":"false","objectParameterized":"false","visible":"false","defaultTargetUpdateColumns":"","supportApplyDDLChanges":"false","originalPath":"tgt_sf_pc_attrib_rep"},"targetConnectionId":"@0aa38HfbIjadqoKlbnU14y","targetObject":"m365_mit/TABLE/tgt_sf_pc_attrib_rep","targetObjectLabel":"tgt_sf_pc_attrib_rep","newFlatFile":false,"newObject":false,"showBusinessNames":false,"naturalOrder":true,"truncateTarget":false,"bulkApiDBTarget":false,"operationType":"Insert","customFuncCfg":{"@type":"customFuncConfig","id":-1,"connections":[],"inputMap":[],"outputFields":[]},"targetRefsV2":{},"targetUpdateColumns":[],"extendedObject":{"@type":"extendedObject","singleMode":true,"filters":[],"sortFields":[]},"runtimeAttrs":{},"isRESTModernSource":true,"isFileList":false,"handleSpecialChars":false,"handleDecimalRoundOff":false,"frsAsset":false,"dynamicFileName":false,"excludeDynamicFileNameField":false,"currentlyProcessedFileName":false,"retainFieldMetadata":false,"objectName":"m365_mit/TABLE/tgt_sf_pc_attrib_rep","objectLabel":"tgt_sf_pc_attrib_rep","useExactSrcNames":false,"tgtObjectAttributes":{},"runtimeParameterData":{"@type":"mtTaskRuntimeParameterData","isConnectionRuntimeParameter":false,"isObjectRuntimeParameter":false},"overridableProperties":[],"overriddenFields":[]}],"sequences":[],"inOutParameters":[],"connRuntimeAttrs":[]}]