[{"@type":"mtTask","id":"@1","name":"mt_stg_ebs_product_configuration_sync_1","description":"","runtimeEnvironmentId":"@cUgvxjP6z42j5o2aizvbUV","maxLogs":10,"verbose":false,"mappingId":"@5bBON2qKiJshyCQnBj09O6","frsGuid":"horhUyTtVSYhgpqPdDcUyT","shortDescription":"","sessionPropertiesList":[{"name":"Allow Temporary Sequence for Pushdown","value":"NO","recommended":false},{"name":"Allow Temporary View for Pushdown","value":"NO","recommended":false},{"name":"DTM buffer size","value":"999999999","recommended":false},{"name":"Pushdown Optimization","value":"None","recommended":false},{"name":"Pushdown Optimization Context","value":"None","recommended":false},{"name":"Run Only In Pushdown Mode","value":"NO","recommended":false},{"name":"Session Sort Order","value":"BINARY","recommended":false}],"enableCrossSchemaPushdown":true,"enableParallelRun":false,"autoTunedApplied":false,"autoTunedAppliedType":"NONE","paramFileType":"PARAM_FILE_LOCAL","schemaMode":"async","valid":true,"schemaValidationErrorCount":-1,"parameterFileEncoding":"UTF-8","serverlessProperties":{},"taskProperties":[{"@type":"taskProperty","name":"parameterFileDir","currentValue":"","type":"STRING","label":"label.parameterFileDir","required":false},{"@type":"taskProperty","name":"parameterFileName","currentValue":"","type":"STRING","label":"label.parameterFileName","required":false}],"parameters":[{"@type":"mtTaskParameter","id":861621,"name":"$src_ebs_addon_service$","type":"SOURCE","label":"src_ebs_addon_service","uiProperties":{"connectionParameterized":"false","isSelectDistinct":"false","objectParameterized":"false","visible":"false","originalPath":"src_ebs_addon_service"},"sourceConnectionId":"@0aa38HfbIjadqoKlbnU14y","sourceObject":"DUMMY_src_ebs_addon_service","newFlatFile":false,"newObject":false,"showBusinessNames":false,"naturalOrder":true,"truncateTarget":false,"bulkApiDBTarget":false,"customFuncCfg":{"@type":"customFuncConfig","id":-1,"connections":[],"inputMap":[],"outputFields":[]},"targetRefsV2":{},"targetUpdateColumns":[],"runtimeAttrs":{},"isRESTModernSource":true,"customQuery":"with datatravel_attr as (select stg_ebs_addon_service.prod_id, stg_ebs_addon_service.offer_id, \n\t\t\t\t\t\t case \n\t\t\t\t\t\t \twhen attr_value.value_mark is not null then attr_value.value_mark\n\t\t\t\t\t\t\t\t  else '1'\n\t\t\t\t\t\t end as dt\nfrom stg_ebs_addon_service\nleft join prod_attr_value on stg_ebs_addon_service.prod_id = prod_attr_value.prod_id \n and stg_ebs_addon_service.offer_id in ('13019','17812') and prod_attr_value.attr_id = '3538'\nleft join attr_value on prod_attr_value.value = cast (attr_value.value as varchar) and attr_value.base_attr_id = '3538'\n\t\t\t\t\t\t)\n--stg_ebs_addon_service to tgt_product_config table query\nSELECT DISTINCT\n--pc.\"Id\" as cscfga__Parent_Configuration__c  ,              \n--pc.\"Id\" as cscfga__Root_Configuration__c   ,          \noffer_cp_map.Name as Name,                             \n'Valid' as cscfga__Configuration_Status__c,            \n--cscfga__Contract_Term_Period_Description__c         \nstg_ebs_addon_service.agreement_limit as cscfga__Contract_Term_Period__c,                       \noffer_cp_map.Name as cscfga__Description__c,                                \nstg_ebs_main_service_2.SF_PRODUCT_BASKET_ID as cscfga__Product_Basket__c,                             \noffer_cp_map.cspmb__product_definition_id as cscfga__Product_Definition__c,\noffer_cp_map.cspmb__product_definition_name__c  as cspmb__product_definition_name__c ,                       \n'Mobile Service Addon' as cscfga__Product_Family__c,                             \n1 as cscfga__Quantity__c,                                   \nstg_ebs_addon_service.agreement_limit as cscfga__Recurrence_Frequency__c,                       \n--cscfga__Serial_Number__c                                \nCOALESCE(stg_ebs_addon_service.OTC_LIST_PRICE, '0') as cscfga__total_one_off_charge__c,\n                   \nstg_ebs_addon_service.MRC_LIST_PRICE AS cscfga__total_recurring_charge__c,                     \nstg_ebs_main_service_2.sf_solution_id as csordtelcoa__Solution__c ,                             \nCASE\n\tWHEN stg_ebs_addon_service.PROD_STATE = 'Terminated' THEN 'Terminate'\n\tELSE 'New'\nEND AS CPQ_Order_Type__c,                                     \n--Commercial_Product__c,                                 \nstg_ebs_addon_service.agreement_limit as Contract_Term__c,                                     \n--CPQ_Total_Basket_Value__c                             \n-- runTimeGUID__c                                       \n--CPQ_INV_DONumber__c                                   \n--CPQ_INV_Reserve_Code__c                               \n--CPQ_INV_Serial_Number__c                              \n--Total_List_Price_Recurring__c                         \nprice_addon_assoc.\"Id\" as Commercial_Product_Add_On_Association__c,              \noffer_cp_map.id as Add_On__c,                                             \nstg_ebs_main_service_2.SF_SOLUTION_ID Original_Solution_Id__c ,                              \nstg_ebs_addon_service.agreement_limit as  cscfga__Billing_Frequency__c,                          \n'Delivery' as Delivery_Mode__c,    \n0 AS cscfga__one_off_charge_line_discount_value__c,\n  0 AS cscfga__one_off_charge_product_discount_value__c,\n  'Replace' AS cscfga__parent_discount__c,\n 'Current' AS cscfga__pricing_status__c,\n'Replace' AS cscfga__product_discount__c,  \n'Monthly' AS bill_frequency,                        \n  0 AS cscfga__recurring_charge_line_discount_value__c,\n 0 AS cscfga__recurring_charge_product_discount_value__c,\n  \nstg_ebs_addon_service.OTC_QUOTE_VALUE,\n   stg_ebs_addon_service.OTC_PROMO_VALUE ,\n stg_ebs_addon_service.OTC_LIST_PRICE,\n  stg_ebs_addon_service.MRC_QUOTE_VALUE,\nstg_ebs_addon_service.MRC_LIST_PRICE,\nstg_ebs_addon_service.PROMOCODE as promo_code__c,\n  0 AS cspl__Month_Term__c,\n  stg_ebs_addon_service.OTC_LIST_PRICE AS csdiscounts__One_off_non_discounted__c,\n  FALSE AS csordtelcoa__Ignore_For_Order_Decomposition__c,\n  --TBC cscfga__Attribute_Name__c                             \n  TRUE AS CPQ_Applied_ML_Discount__c,\n  FALSE AS IsMainConfiguration__c,\n  0 AS Total_List_Price_Recurring__c,\n  --TBC Original_Solution_Id__c                               \n  --csoe__Clone_Identifier__c                             \n  'SFDC Database only' AS cscfga__source_of_truth_location__c,\n  'Mobile Service AddOn' AS PC_TYPE,\n  stg_ebs_addon_service.PROD_ID AS Legacy_Id__c,\nstg_ebs_addon_service.INDEP_PROD_ID AS INDEP_PROD_ID ,\nstg_ebs_addon_service.cust_id,\nstg_ebs_addon_service.acct_id,\nstg_ebs_addon_service.offer_name,\nstg_ebs_addon_service.OTC_LIST_PRICE + (stg_ebs_addon_service.MRC_LIST_PRICE * stg_ebs_addon_service.agreement_limit) AS cscfga__Unit_Price__c,\nstg_ebs_addon_service.OTC_LIST_PRICE + (stg_ebs_addon_service.MRC_LIST_PRICE * stg_ebs_addon_service.agreement_limit) AS cscfga__total_contract_value__c,\n\tstg_ebs_addon_service.sf_acct_id  \t\t\t\t\t\t\tAS CPQ_Billing_Account__c\n\nFROM stg_ebs_addon_service\nLEFT JOIN datatravel_attr ON datatravel_attr.prod_id = stg_ebs_addon_service.prod_id\nJOIN offer_cp_map ON CAST(stg_ebs_addon_service.offer_id AS varchar) = CAST(offer_cp_map.ebs_offer_id AS varchar)\nand datatravel_attr.dt = (CASE \n\t\t\t\t\t\t\t\t\t\tWHEN stg_ebs_addon_service.offer_id in ('13019','17812') THEN offer_cp_map.name\n\t\t\t\t\t\t\t\t  \t\tELSE '1'\n\t\t\t\t\t\t\t\t   END\n\t\t\t\t\t\t\t\t  )\nINNER JOIN stg_ebs_main_service_2 ON CAST(stg_ebs_main_service_2.prod_id AS integer) = stg_ebs_addon_service.indep_prod_id\nLEFT JOIN sf_cspmb__Price_Item_Add_On_Price_Item_Association_c price_addon_assoc ON price_addon_assoc.\"cspmb__Add_On_Price_Item__c\" = offer_cp_map.id \nand price_addon_assoc.\"cspmb__Price_Item__c\" = stg_ebs_main_service_2.commercial_product_id\nwhere offer_cp_map.Id is not null","isFileList":false,"handleSpecialChars":false,"handleDecimalRoundOff":false,"frsAsset":false,"dynamicFileName":false,"excludeDynamicFileNameField":false,"currentlyProcessedFileName":false,"retainFieldMetadata":false,"objectName":"DUMMY_src_ebs_addon_service","useExactSrcNames":false,"tgtObjectAttributes":{},"runtimeParameterData":{"@type":"mtTaskRuntimeParameterData","isConnectionRuntimeParameter":false,"isObjectRuntimeParameter":false},"overridableProperties":[],"overriddenFields":[]},{"@type":"mtTaskParameter","id":861622,"name":"$src_ebs_device$","type":"SOURCE","label":"src_ebs_device","uiProperties":{"connectionParameterized":"false","isSelectDistinct":"false","objectParameterized":"false","visible":"false","originalPath":"src_ebs_device"},"sourceConnectionId":"@0aa38HfbIjadqoKlbnU14y","sourceObject":"DUMMY_src_ebs_device","newFlatFile":false,"newObject":false,"showBusinessNames":false,"naturalOrder":true,"truncateTarget":false,"bulkApiDBTarget":false,"customFuncCfg":{"@type":"customFuncConfig","id":-1,"connections":[],"inputMap":[],"outputFields":[]},"targetRefsV2":{},"targetUpdateColumns":[],"runtimeAttrs":{},"isRESTModernSource":true,"customQuery":"SELECT DISTINCT\n\nstg_ebs_device_service.DEVICE_MODEL \t\t\t\tAS Name,\nstg_ebs_device_service.DEVICE_MODEL \t\t\t\tAS cscfga__Description__c,\nstg_ebs_device_service.offer_name \t\t\t\t\tAS offer_name,\nstg_ebs_device_service.PROD_ID \t\t\t\t\t\tAS indep_prod_id,\nstg_ebs_device_service.subs_goods_inst_id \t\t\tAS Legacy_Id__c,\nstg_ebs_device_service.cust_id,\nstg_ebs_device_service.acct_id,\nstg_ebs_device_service.pw_mgmt \t\t\t\t\t\tAS Password_Managed_By__c,\nstg_ebs_device_service.OTC_SALES_PRICE \t\t\t\tAS cscfga__total_one_off_charge__c,\nstg_ebs_device_service.MRC_SALES_PRICE \t\t\t\tAS cscfga__total_recurring_charge__c,\nstg_ebs_device_service.goods_type                   AS goods_type,\n\nSTG_EBS_MAIN_SERVICE_2.SF_PRODUCT_BASKET_ID \t\tAS cscfga__Product_Basket__c,\nSTG_EBS_MAIN_SERVICE_2.SF_SOLUTION_ID \t\t\t\tAS csordtelcoa__Solution__c,\nSTG_EBS_MAIN_SERVICE_2.SF_SOLUTION_ID \t\t\t\tAS Original_Solution_Id__c,\nstg_ebs_device_service.PROD_TYPE,                \n\n'Valid' \t\t\t\t\t\t\t\t\t\t\tAS cscfga__Configuration_Status__c,\n'Delivery' as Delivery_Mode__c,\n1 \t\t\t\t\t\t\t\t\t\t\t\t\tas cscfga__Quantity__c,\n\nCASE WHEN stg_ebs_device_service.PROD_TYPE = 'Mobile' THEN 'Replace' \tELSE NULL \t\t\tEND \tAS cscfga__product_discount__c,\nCASE WHEN stg_ebs_device_service.PROD_TYPE = 'Mobile' THEN 0 \t\t\tELSE NULL \t\t\tEND \tAS Total_List_Price_Recurring__c,\n\noffer_cp_map.cspmb__product_definition_id \t\t\tAS cscfga__Product_Definition__c,\noffer_cp_map.cspmb__product_definition_name__c \t\tAS cscfga__Product_Family__c,\noffer_cp_map.ebs_offer_id\t\t\t\t\t\tAS offer_id,\n\nFALSE \t\t\t\t\t\t\t\t\t\t\tAS Activate_SIM__c,\nFALSE \t\t\t\t\t\t\t\t\t\t\tAS PortIn_Indicator__c,\n\n\n\n-- Mobile ONLY\nCASE WHEN stg_ebs_device_service.PROD_TYPE = 'Mobile' THEN 1 \t\t\tELSE NULL \t\t\tEND \tAS cscfga__Recurrence_Frequency__c,\nCASE WHEN stg_ebs_device_service.prod_State = 'A' \t  THEN 'New' \t\tELSE 'Terminate' \tEND \tAS CPQ_Order_Type__c,\nCASE WHEN stg_ebs_device_service.PROD_TYPE = 'Mobile' THEN 0 \t\t\tELSE NULL \t\t\tEND \tAS cscfga__one_off_charge_line_discount_value__c,\nCASE WHEN stg_ebs_device_service.PROD_TYPE = 'Mobile' THEN 0 \t\t\tELSE NULL \t\t\tEND \tAS cscfga__one_off_charge_product_discount_value__c,\nCASE WHEN stg_ebs_device_service.PROD_TYPE = 'Mobile' THEN 'Replace' \tELSE NULL \t\t\tEND \tAS cscfga__parent_discount__c,\nCASE WHEN stg_ebs_device_service.PROD_TYPE = 'Mobile' THEN 'Current' \tELSE NULL \t\t\tEND \tAS cscfga__pricing_status__c,\nCASE WHEN stg_ebs_device_service.PROD_TYPE = 'Mobile' THEN 0 \t\t\tELSE NULL \t\t\tEND \tAS cscfga__recurring_charge_line_discount_value__c,\nCASE WHEN stg_ebs_device_service.PROD_TYPE = 'Mobile' THEN 0 \t\t\tELSE NULL \t\t\tEND \tAS cscfga__recurring_charge_product_discount_value__c,\nCASE WHEN stg_ebs_device_service.PROD_TYPE = 'Mobile' THEN FALSE \t\tELSE TRUE \t\t\tEND \tAS IsMainConfiguration__c,\noffer_cp_map.id \t\t\t\t\t\t\t\t\tAS Commercial_Product__c,\nstg_ebs_device_service.OTC_SALES_PRICE \t\t\t\tAS cscfga__Unit_Price__c,\nstg_ebs_device_service.OTC_SALES_PRICE \t\t\t\tAS cscfga__total_contract_value__c,\nstg_ebs_device_service.OTC_SALES_PRICE \t\t\t\tAS cscfga__unit_one_off_charge__c,\nstg_ebs_device_service.MRC_SALES_PRICE \t\t\t\tAS cscfga__unit_recurring_charge__c,\nstg_ebs_device_service.OTC_SALES_PRICE \t\t\t\tAS cscfga__One_Off_Charge__c,\nstg_ebs_device_service.MRC_SALES_PRICE \t\t\t\tAS cscfga__Recurring_Charge__c,\nstg_ebs_device_service.OTC_LIST_PRICE \t\t\t\tAS csdiscounts__One_off_non_discounted__c,\n0 \t\t\t\t\t\t\t\t\t\t\t\t\tAS cspl__Month_Term__c,\nFALSE \t\t\t\t\t\t\t\t\t\t\t\tAS csordtelcoa__Ignore_For_Order_Decomposition__c,\nTRUE \t\t\t\t\t\t\t\t\t\t\t\tAS CPQ_Applied_ML_Discount__c,\n'SFDC Database only' \t\t\t\t\t\t\t\tAS cscfga__source_of_truth_location__c,\n\n-- BWB ONLY\nCASE WHEN stg_ebs_device_service.PROD_TYPE = 'ITX Equipment' \tTHEN STG_EBS_MAIN_SERVICE_2.AGREEMENT_LIMIT ELSE NULL END AS Contract_Term__c,\nstg_ebs_device_service.owned_by \t\t\t\t\tAS Equipment_Owned_By__c,\nFALSE \t\t\t\t\t\t\t\t\t\t\t\tAS New_Sim_Flag__c,\n'Monthly' \t\t\t\t\t\t\t\t\t\t\tAS Bill_Frequency__c,\n--stg_ebs_sim_card.sim_type \t\t\t\t\t\tAS SIM_Card_Type__c,\nSTG_EBS_MAIN_SERVICE_2.activation_date  \t\t\tAS RFS_Date__c,\nstg_ebs_device_service.device_serial_no \t\t\tAS CPQ_INV_Serial_Number__c,\nstg_ebs_device_service.device_serial_no \t\t\tAS Equipment_serial_number__c,\nstg_ebs_device_service.sf_acct_id  \t\t\t\t\t\t\tAS CPQ_Billing_Account__c\n\nFROM stg_ebs_device_service\nLEFT JOIN STG_EBS_MAIN_SERVICE_2 ON CAST(stg_ebs_device_service.PROD_ID as varchar) = CAST(STG_EBS_MAIN_SERVICE_2.PROD_ID as varchar)\nJOIN offer_cp_map on stg_ebs_device_service.device_model = offer_cp_map.plan__c\nwhere \noffer_cp_map.Id is not null\nand goods_type in ('HandSet','CPE')","isFileList":false,"handleSpecialChars":false,"handleDecimalRoundOff":false,"frsAsset":false,"dynamicFileName":false,"excludeDynamicFileNameField":false,"currentlyProcessedFileName":false,"retainFieldMetadata":false,"objectName":"DUMMY_src_ebs_device","useExactSrcNames":false,"tgtObjectAttributes":{},"runtimeParameterData":{"@type":"mtTaskRuntimeParameterData","isConnectionRuntimeParameter":false,"isObjectRuntimeParameter":false},"overridableProperties":[],"overriddenFields":[]},{"@type":"mtTaskParameter","id":861623,"name":"$src_ebs_device_addon$","type":"SOURCE","label":"src_ebs_device_addon","uiProperties":{"connectionParameterized":"false","isSelectDistinct":"false","objectParameterized":"false","visible":"false","originalPath":"src_ebs_device_addon"},"sourceConnectionId":"@0aa38HfbIjadqoKlbnU14y","sourceObject":"DUMMY_src_ebs_device_addon","newFlatFile":false,"newObject":false,"showBusinessNames":false,"naturalOrder":true,"truncateTarget":false,"bulkApiDBTarget":false,"customFuncCfg":{"@type":"customFuncConfig","id":-1,"connections":[],"inputMap":[],"outputFields":[]},"targetRefsV2":{},"targetUpdateColumns":[],"runtimeAttrs":{},"isRESTModernSource":true,"customQuery":"SELECT DISTINCT\n\nstg_ebs_device_service.DEVICE_MODEL \t\t\t\tAS Name,\nstg_ebs_device_service.DEVICE_MODEL \t\t\t\tAS cscfga__Description__c,\nstg_ebs_device_service.OTC_SALES_PRICE \t\t\t\tAS cscfga__total_contract_value__c,\nstg_ebs_device_service.OTC_SALES_PRICE \t\t\t\tAS cscfga__unit_one_off_charge__c,\nstg_ebs_device_service.MRC_SALES_PRICE \t\t\t\tAS cscfga__unit_recurring_charge__c,\nstg_ebs_device_service.OTC_SALES_PRICE \t\t\t\tAS cscfga__One_Off_Charge__c,\nstg_ebs_device_service.MRC_SALES_PRICE \t\t\t\tAS cscfga__Recurring_Charge__c,\nstg_ebs_device_service.OTC_LIST_PRICE \t\t\t\tAS csdiscounts__One_off_non_discounted__c,\nstg_ebs_device_service.offer_name \t\t\t\t\tAS offer_name,\nstg_ebs_device_service.PROD_ID \t\t\t\t\t\tAS indep_prod_id,\nstg_ebs_device_service.subs_goods_inst_id \t\t\tAS Legacy_Id__c,\nstg_ebs_device_service.cust_id,\nstg_ebs_device_service.acct_id,\nstg_ebs_device_service.owned_by \t\t\t\t\tAS Equipment_Owned_By__c,\nstg_ebs_device_service.pw_mgmt \t\t\t\t\t\tAS Password_Managed_By__c,\nstg_ebs_device_service.OTC_SALES_PRICE \t\t\t\tAS cscfga__total_one_off_charge__c,\nstg_ebs_device_service.MRC_SALES_PRICE \t\t\t\tAS cscfga__total_recurring_charge__c,\nstg_ebs_device_service.OTC_SALES_PRICE \t\t\t\tAS cscfga__Unit_Price__c,\nstg_ebs_device_service.goods_type                   AS goods_type,\n\nSTG_EBS_MAIN_SERVICE_2.SF_PRODUCT_BASKET_ID \t\tAS cscfga__Product_Basket__c,\nSTG_EBS_MAIN_SERVICE_2.SF_SOLUTION_ID \t\t\t\tAS csordtelcoa__Solution__c,\nSTG_EBS_MAIN_SERVICE_2.SF_SOLUTION_ID \t\t\t\tAS Original_Solution_Id__c,\n\n'Valid' \t\t\t\t\t\t\t\t\t\t\tAS cscfga__Configuration_Status__c,\n'SFDC Database only' \t\t\t\t\t\t\t\tas cscfga__source_of_truth_location__c,\n'Delivery' as Delivery_Mode__c,\n\n1 \t\t\t\t\t\t\t\t\t\t\t\t\tas cscfga__Quantity__c,\n0 \t\t\t\t\t\t\t\t\t\t\t\t\tas cspl__Month_Term__c,\nTRUE \t\t\t\t\t\t\t\t\t\t\t\tas CPQ_Applied_ML_Discount__c,\nFALSE \t\t\t\t\t\t\t\t\t\t\t\tas csordtelcoa__Ignore_For_Order_Decomposition__c,\n\nCASE WHEN stg_ebs_device_service.PROD_TYPE = 'Mobile' THEN 1 \t\t\tELSE NULL \t\t\tEND \tAS cscfga__Recurrence_Frequency__c,\nCASE WHEN stg_ebs_device_service.PROD_TYPE = 'Mobile' THEN 0 \t\t\tELSE NULL \t\t\tEND \tAS cscfga__one_off_charge_line_discount_value__c,\nCASE WHEN stg_ebs_device_service.PROD_TYPE = 'Mobile' THEN 0 \t\t\tELSE NULL \t\t\tEND \tAS cscfga__one_off_charge_product_discount_value__c,\nCASE WHEN stg_ebs_device_service.PROD_TYPE = 'Mobile' THEN 'Replace' \tELSE NULL \t\t\tEND \tAS cscfga__parent_discount__c,\nCASE WHEN stg_ebs_device_service.PROD_TYPE = 'Mobile' THEN 'Current' \tELSE NULL \t\t\tEND \tAS cscfga__pricing_status__c,\nCASE WHEN stg_ebs_device_service.PROD_TYPE = 'Mobile' THEN 'Replace' \tELSE NULL \t\t\tEND \tAS cscfga__product_discount__c,\nCASE WHEN stg_ebs_device_service.PROD_TYPE = 'Mobile' THEN 0 \t\t\tELSE NULL \t\t\tEND \tAS cscfga__recurring_charge_line_discount_value__c,\nCASE WHEN stg_ebs_device_service.PROD_TYPE = 'Mobile' THEN 0 \t\t\tELSE NULL \t\t\tEND \tAS cscfga__recurring_charge_product_discount_value__c,\nCASE WHEN stg_ebs_device_service.PROD_TYPE = 'Mobile' THEN FALSE \t\tELSE TRUE \t\t\tEND \tAS IsMainConfiguration__c,\nCASE WHEN stg_ebs_device_service.PROD_TYPE = 'Mobile' THEN 0 \t\t\tELSE NULL \t\t\tEND \tAS Total_List_Price_Recurring__c,\nCASE WHEN stg_ebs_device_service.prod_State = 'A' \t  THEN 'New' \t\tELSE 'Terminate' \tEND \tAS CPQ_Order_Type__c,\nCASE WHEN stg_ebs_device_service.PROD_TYPE = 'EW' \t  THEN STG_EBS_MAIN_SERVICE_2.AGREEMENT_LIMIT ELSE NULL END AS Contract_Term__c,\n\n'Monthly' \t\t\t\t\t\t\t\t\t\tAS Bill_Frequency__c,\n--STG_EBS_MAIN_SERVICE_2.activation_date  \t\t\tAS RFS_Date__c,\noffer_cp_map.cspmb__product_definition_id \t\tAS cscfga__Product_Definition__c,\noffer_cp_map.cspmb__product_definition_name__c \tAS cscfga__Product_Family__c,\noffer_cp_map.id \t\t\t\t\t\t\t\tAS Commercial_Product__c,\noffer_cp_map.ebs_offer_id\t\t\t\t\t\tAS offer_id,\n--STG_EBS_MAIN_SERVICE_2.order_termination_reason \tAS Termination_Reason__c,\n--stg_ebs_sim_card.sim_type \t\t\t\t\t\tAS SIM_Card_Type__c,\nFALSE \t\t\t\t\t\t\t\t\t\t\tAS Activate_SIM__c,\nFALSE \t\t\t\t\t\t\t\t\t\t\tAS PortIn_Indicator__c,\n\tstg_ebs_device_service.sf_acct_id  \t\t\t\t\t\t\tAS CPQ_Billing_Account__c\n\n--'TBD' AS Promo_Code__c,\n--'TBD' AS Line_Type__c\n\n\nFROM stg_ebs_device_service\nLEFT JOIN STG_EBS_MAIN_SERVICE_2 ON CAST(stg_ebs_device_service.PROD_ID as varchar) = CAST(STG_EBS_MAIN_SERVICE_2.PROD_ID as varchar)\nJOIN offer_cp_map ON stg_ebs_device_service.DEVICE_MODEL = offer_cp_map.ebs_offer_name\nwhere goods_type='Accessories' \nand offer_cp_map.Id is not null\nAND stg_ebs_device_service.DEVICE_MODEL  LIKE  '%APPLE%CARE%'","isFileList":false,"handleSpecialChars":false,"handleDecimalRoundOff":false,"frsAsset":false,"dynamicFileName":false,"excludeDynamicFileNameField":false,"currentlyProcessedFileName":false,"retainFieldMetadata":false,"objectName":"DUMMY_src_ebs_device_addon","useExactSrcNames":false,"tgtObjectAttributes":{},"runtimeParameterData":{"@type":"mtTaskRuntimeParameterData","isConnectionRuntimeParameter":false,"isObjectRuntimeParameter":false},"overridableProperties":[],"overriddenFields":[]},{"@type":"mtTaskParameter","id":861624,"name":"$src_ebs_main_service$","type":"SOURCE","label":"src_ebs_main_service","uiProperties":{"connectionParameterized":"false","isSelectDistinct":"false","objectParameterized":"false","visible":"false","originalPath":"src_ebs_main_service"},"sourceConnectionId":"@0aa38HfbIjadqoKlbnU14y","sourceObject":"DUMMY_src_ebs_main_service","newFlatFile":false,"newObject":false,"showBusinessNames":false,"naturalOrder":true,"truncateTarget":false,"bulkApiDBTarget":false,"customFuncCfg":{"@type":"customFuncConfig","id":-1,"connections":[],"inputMap":[],"outputFields":[]},"targetRefsV2":{},"targetUpdateColumns":[],"runtimeAttrs":{},"isRESTModernSource":true,"customQuery":"SELECT\n\n\tstg_ebs_main_service.CUST_ID,\n\tstg_ebs_main_service.ACCT_ID,\n\n\tSTG_EBS_MAIN_SERVICE_2.SF_PRODUCT_BASKET_ID \t\t\t\t\t\tAS cscfga__Product_Basket__c,\n\tSTG_EBS_MAIN_SERVICE_2.Product_Definition_ID \t\t\t\t\t\tAS cscfga__Product_Definition__c,\n\tSTG_EBS_MAIN_SERVICE_2.Product_Definition_Name \t\t\t\t\t\tAS cscfga__Product_Family__c,\n\tSTG_EBS_MAIN_SERVICE_2.AGREEMENT_LIMIT \t\t\t\t\t\t\t\tAS cscfga__Recurrence_Frequency__c,\n\tSTG_EBS_MAIN_SERVICE_2.MRC_SALES_PRICE \t\t\t\t\t\t\t\tAS cscfga__total_recurring_charge__c,\n\tSTG_EBS_MAIN_SERVICE_2.SF_SOLUTION_ID \t\t\t\t\t\t\t\tAS csordtelcoa__Solution__c,\n\tSTG_EBS_MAIN_SERVICE_2.commercial_product_id \t\t\t\t\t\tAS Commercial_Product__c,\n\tSTG_EBS_MAIN_SERVICE_2.OTC_SALES_PRICE \t\t\t\t\t\t\t\tAS cscfga__unit_one_off_charge__c,\n\tSTG_EBS_MAIN_SERVICE_2.MRC_SALES_PRICE \t\t\t\t\t\t\t\tAS cscfga__unit_recurring_charge__c,\n\tSTG_EBS_MAIN_SERVICE_2.OTC_SALES_PRICE \t\t\t\t\t\t\t\tAS cscfga__One_Off_Charge__c,\n\tSTG_EBS_MAIN_SERVICE_2.MRC_SALES_PRICE \t\t\t\t\t\t\t\tAS cscfga__Recurring_Charge__c,\n\tSTG_EBS_MAIN_SERVICE_2.OTC_LIST_PRICE \t\t\t\t\t\t\t\tAS csdiscounts__One_off_non_discounted__c,\n\tSTG_EBS_MAIN_SERVICE_2.SF_SOLUTION_ID \t\t\t\t\t\t\t\tAS cssdm__solution_association__c, \n\tSTG_EBS_MAIN_SERVICE_2.SF_SOLUTION_ID \t\t\t\t\t\t\t\tAS Original_Solution_Id__c,\n\tSTG_EBS_MAIN_SERVICE_2.AGREEMENT_LIMIT \t\t\t\t\t\t\t\tAS Contract_Term__c,\n\tSTG_EBS_MAIN_SERVICE_2.ORDER_REASON_NAME \t\t\t\t\t\t\tAS Termination_Reason__c,\n\n\tSTG_EBS_MAIN_SERVICE_2.service_id \t\t\t\t\t\t\t\t\tAS Service_ID__c,\n\tSTG_EBS_MAIN_SERVICE_2.activation_date \t\t\t\t\t\t\t\tAS RFS_Date__c,\n\tSTG_EBS_MAIN_SERVICE_2.APN \t\t\t\t\t\t\t\t\t\t\tAS APN_Type__c,\n\tSTG_EBS_MAIN_SERVICE_2.PROD_ID \t\t\t\t\t\t\t\t\t\tAS Legacy_Id__c,\n\tSTG_EBS_MAIN_SERVICE_2.value,\n\tSTG_EBS_MAIN_SERVICE_2.offer_type,\n\tSTG_EBS_MAIN_SERVICE_2.offer_id,\n\tSTG_EBS_MAIN_SERVICE_2.sf_pooling_subs_id,\n\tSTG_EBS_MAIN_SERVICE_2.Contract_start_date,\n\tSTG_EBS_MAIN_SERVICE_2.Contract_end_date,\n\tSTG_EBS_MAIN_SERVICE_2.activation_date,\n\tSTG_EBS_MAIN_SERVICE_2.ICCID,\n\tSTG_EBS_MAIN_SERVICE_2.OTC_SALES_PRICE,\n\tSTG_EBS_MAIN_SERVICE_2.MRC_SALES_PRICE,\n\tSTG_EBS_MAIN_SERVICE_2.AGREEMENT_LIMIT,\n\tSTG_EBS_MAIN_SERVICE_2.product_definition_name,\n\tSTG_EBS_MAIN_SERVICE_2.PROD_TYPE,\n\n\tCOALESCE(STG_EBS_MAIN_SERVICE_2.OTC_SALES_PRICE, '0') \t\t\t\tAS cscfga__total_one_off_charge__c,\n\tCOALESCE(STG_EBS_MAIN_SERVICE_2.commercial_product_name, NULL) \t\tAS Name,\n\tCOALESCE(STG_EBS_MAIN_SERVICE_2.AGREEMENT_LIMIT, NULL) \t\t\t\tAS cscfga__Contract_Term_Period__c,\n\tCOALESCE(STG_EBS_MAIN_SERVICE_2.commercial_product_name, NULL) \t\tAS cscfga__Description__c,\n\n\n\tCASE\n\t\tWHEN STG_EBS_MAIN_SERVICE_2.PROD_TYPE = 'M365' THEN STG_EBS_MAIN_SERVICE_2.QUANTITY\n\t\tELSE '1' \t\t\t\t\t\t\t\t\t\t\t\t\t\tEND AS cscfga__Quantity__c,\n\t0 \t\t\t\t\t\t\t\t\t\t\t\t\t\t\t\t\tAS cscfga__one_off_charge_line_discount_value__c,\n\t0 \t\t\t\t\t\t\t\t\t\t\t\t\t\t\t\t\tAS cscfga__one_off_charge_product_discount_value__c,\n\t0 \t\t\t\t\t\t\t\t\t\t\t\t\t\t\t\t\tAS cscfga__recurring_charge_line_discount_value__c,\n\n\t0 \t\t\t\t\t\t\t\t\t\t\t\t\t\t\t\t\tAS Total_List_Price_Recurring__c,\n\t'Replace' \t\t\t\t\t\t\t\t\t\t\t\t\t\t\tAS cscfga__parent_discount__c,\n\t'Valid' \t\t\t\t\t\t\t\t\t\t\t\t\t\t\tAS cscfga__Configuration_Status__c,\n\t'Current' \t\t\t\t\t\t\t\t\t\t\t\t\t\t\tAS cscfga__pricing_status__c,\n\t'Replace' \t\t\t\t\t\t\t\t\t\t\t\t\t\t\tAS cscfga__product_discount__c,\n\t'Monthly' \t\t\t\t\t\t\t\t\t\t\t\t\t\t\tAS Bill_Frequency__c,\n\t'Delivery' \t\t\t\t\t\t\t\t\t\t\t\t\t\t\tAS Delivery_Mode__c,\n\t'SFDC Database only' \t\t\t\t\t\t\t\t\t\t\t\tAS cscfga__source_of_truth_location__c,\n\n\tFALSE \t\t\t\t\t\t\t\t\t\t\t\t\t\t\t\tAS IsMainConfiguration__c, \n\tFALSE \t\t\t\t\t\t\t\t\t\t\t\t\t\t\t\tAS csordtelcoa__cancelled_by_change_process__c,\n\tFALSE \t\t\t\t\t\t\t\t\t\t\t\t\t\t\t\tAS csordtelcoa__is_quantity_based_selling__c, \n\tFALSE \t\t\t\t\t\t\t\t\t\t\t\t\t\t\t\tAS Activate_SIM__c,\n\n\tFALSE \t\t\t\t\t\t\t\t\t\t\t\t\t\t\t\tAS csordtelcoa__Ignore_For_Order_Decomposition__c,\n\tFALSE \t\t\t\t\t\t\t\t\t\t\t\t\t\t\t\tAS PortIn_Indicator__c,\n\n\tCASE WHEN STG_EBS_MAIN_SERVICE_2.Status = 'Terminated' \tTHEN 'Terminate' \t\t\tELSE 'New' \t\tEND \t\t\tAS CPQ_Order_Type__c,\n\tCASE WHEN STG_EBS_MAIN_SERVICE_2.PROD_TYPE = 'EW' \t\tTHEN 'Wireless Broadband' \tELSE NULL\t\tEND \t\t\tAS Category__c,\n\n\t\n\tstg_ebs_sim_card.SIM_TYPE \t\t\t\t\t\t\t\t\t\t\tAS SIM_Card_Type__c,\n\tSTG_EBS_MAIN_SERVICE_2.cscfga__total_contract_value__c \t\t\t\tAS cscfga__total_contract_value__c,\n\tSTG_EBS_MAIN_SERVICE_2.line_type \t\t\t\t\t\t\t\t\tAS Line_Type__c,\n\tSTG_EBS_MAIN_SERVICE_2.promocode\t\t\t\t\t\t\t\t\tAS Promo_Code__c,\n\t\n\n-- Mobile ONLY\n\n\t0 \t\t\t\t\t\t\t\t\t\t\t\t\t\t\t\t\t\t\t\t\t\t\t\t\t\t\t\t\tAS cscfga__recurring_charge_product_discount_value__c, \n\t0 \t\t\t\t\t\t\t\t\t\t\t\t\t\t\t\t\t\t\t\t\t\t\t\t\t\t\t\t\tAS cspl__Month_Term__c, \t\n\tCASE WHEN STG_EBS_MAIN_SERVICE_2.PROD_TYPE = 'Mobile' \tTHEN 'Regular'  \t\t\tELSE NULL \t\tEND \t\t\tAS Number_Type__c,\n\tCASE WHEN STG_EBS_MAIN_SERVICE_2.PROD_TYPE = 'Mobile' \tTHEN STG_EBS_MAIN_SERVICE_2.SERVICE_ID ELSE NULL END \t\tAS Mobile_Number__c,\n\tCASE WHEN STG_EBS_MAIN_SERVICE_2.PROD_TYPE = 'Mobile' \tTHEN TRUE \t\t\t\t\tELSE FALSE END \t\t\t\t\tAS CPQ_Applied_ML_Discount__c, -- Mobile only\t\n\tSTG_EBS_MAIN_SERVICE_2.cscfga__total_contract_value__c   AS cscfga__Unit_Price__c,  \n\n--  BWB ONLY\n\tSTG_EBS_MAIN_SERVICE_2.ip_address \t\t\t\t\t\t\t\t\tAS IP_Address__c,\n\tSTG_EBS_MAIN_SERVICE_2.ip_address_type \t\t\t\t\t\t\t\tAS IP_Address_Type__c,\n\tFALSE \t\t\t\t\t\t\t\t\t\t\t\t\t\t\t\tAS New_Sim_Flag__c,\n\t\n-- M365 ONLY\n\tCASE\n\t\tWHEN STG_EBS_MAIN_SERVICE_2.PROD_TYPE = 'M365' THEN STG_EBS_MAIN_SERVICE_2.QUANTITY\n\t\tELSE NULL \t\t\t\t\t\t\t\t\t\t\t\t\t\tEND AS Active_License_Qty__c,\n\tSTG_EBS_MAIN_SERVICE_2.TOTAL_QUANTITY \t\t\t\t\t\t\t\t\tAS Total_License_Quantity__c,\n\tSTG_EBS_MAIN_SERVICE_2.sf_acct_id  \t\t\t\t\t\t\tAS CPQ_Billing_Account__c\n\n\nFROM STG_EBS_MAIN_SERVICE_2\nINNER JOIN stg_ebs_main_service ON CAST(STG_EBS_MAIN_SERVICE_2.PROD_ID as bigint) = CAST(stg_ebs_main_service.prod_id as bigint)\nLEFT OUTER JOIN stg_ebs_sim_card ON CAST(STG_EBS_MAIN_SERVICE_2.prod_id as bigint) = stg_ebs_sim_card.SUBS_ID\nwhere (STG_EBS_MAIN_SERVICE_2.PROD_TYPE <> 'M365' AND  STG_EBS_MAIN_SERVICE_2.offer_id not in ('4246','5499')) \n  OR  (STG_EBS_MAIN_SERVICE_2.PROD_TYPE = 'M365')","isFileList":false,"handleSpecialChars":false,"handleDecimalRoundOff":false,"frsAsset":false,"dynamicFileName":false,"excludeDynamicFileNameField":false,"currentlyProcessedFileName":false,"retainFieldMetadata":false,"objectName":"DUMMY_src_ebs_main_service","useExactSrcNames":false,"tgtObjectAttributes":{},"runtimeParameterData":{"@type":"mtTaskRuntimeParameterData","isConnectionRuntimeParameter":false,"isObjectRuntimeParameter":false},"overridableProperties":[],"overriddenFields":[]},{"@type":"mtTaskParameter","id":861625,"name":"$src_ebs_sharing_service$","type":"SOURCE","label":"src_ebs_sharing_service","uiProperties":{"connectionParameterized":"false","isSelectDistinct":"false","objectParameterized":"false","visible":"false","originalPath":"src_ebs_sharing_service"},"sourceConnectionId":"@0aa38HfbIjadqoKlbnU14y","sourceObject":"DUMMY_src_ebs_sharing_service","newFlatFile":false,"newObject":false,"showBusinessNames":false,"naturalOrder":true,"truncateTarget":false,"bulkApiDBTarget":false,"customFuncCfg":{"@type":"customFuncConfig","id":-1,"connections":[],"inputMap":[],"outputFields":[]},"targetRefsV2":{},"targetUpdateColumns":[],"runtimeAttrs":{},"isRESTModernSource":true,"customQuery":"SELECT\n\t\t\n\t\t\n\tstg_ebs_main_service.CUST_ID,\n\tstg_ebs_main_service.ACCT_ID,\t\n\n\tCOALESCE(STG_EBS_MAIN_SERVICE_2.commercial_product_name, NULL) \t\t\tAS Name,\n\tCOALESCE(STG_EBS_MAIN_SERVICE_2.AGREEMENT_LIMIT, NULL) \t\t\t\t\tAS cscfga__Contract_Term_Period__c,\n\tCOALESCE(STG_EBS_MAIN_SERVICE_2.commercial_product_name, NULL) \t\t\tAS cscfga__Description__c,\n\tCOALESCE(STG_EBS_MAIN_SERVICE_2.OTC_SALES_PRICE, '0') \t\t\t\t\tAS cscfga__total_one_off_charge__c,\n\n\tSTG_EBS_MAIN_SERVICE_2.SF_PRODUCT_BASKET_ID \t\t\t\t\t\t\tAS cscfga__Product_Basket__c,\n\tSTG_EBS_MAIN_SERVICE_2.Product_Definition_ID \t\t\t\t\t\t\tAS cscfga__Product_Definition__c,\n\tSTG_EBS_MAIN_SERVICE_2.Product_Definition_Name \t\t\t\t\t\t\tAS cscfga__Product_Family__c,\n\tSTG_EBS_MAIN_SERVICE_2.AGREEMENT_LIMIT \t\t\t\t\t\t\t\t\tAS cscfga__Recurrence_Frequency__c,\n\tSTG_EBS_MAIN_SERVICE_2.MRC_SALES_PRICE \t\t\t\t\t\t\t\t\tAS cscfga__total_recurring_charge__c,\n\tSTG_EBS_MAIN_SERVICE_2.SF_SOLUTION_ID \t\t\t\t\t\t\t\t\tAS csordtelcoa__Solution__c,\n\tSTG_EBS_MAIN_SERVICE_2.OTC_SALES_PRICE \t\t\t\t\t\t\t\t\tAS cscfga__unit_one_off_charge__c,\n\tSTG_EBS_MAIN_SERVICE_2.MRC_SALES_PRICE \t\t\t\t\t\t\t\t\tAS cscfga__unit_recurring_charge__c,\n\tSTG_EBS_MAIN_SERVICE_2.OTC_SALES_PRICE \t\t\t\t\t\t\t\t\tAS cscfga__One_Off_Charge__c,\n\tSTG_EBS_MAIN_SERVICE_2.MRC_SALES_PRICE \t\t\t\t\t\t\t\t\tAS cscfga__Recurring_Charge__c,\n\tSTG_EBS_MAIN_SERVICE_2.OTC_LIST_PRICE \t\t\t\t\t\t\t\t\tAS csdiscounts__One_off_non_discounted__c,\n\tSTG_EBS_MAIN_SERVICE_2.SF_SOLUTION_ID \t\t\t\t\t\t\t\t\tAS cssdm__solution_association__c, \n\tSTG_EBS_MAIN_SERVICE_2.SF_SOLUTION_ID \t\t\t\t\t\t\t\t\tAS Original_Solution_Id__c,\n\tSTG_EBS_MAIN_SERVICE_2.AGREEMENT_LIMIT \t\t\t\t\t\t\t\t\tAS Contract_Term__c,\n\tSTG_EBS_MAIN_SERVICE_2.ORDER_REASON_NAME \t\t\t\t\t\t\t\tAS Termination_Reason__c,\n\tSTG_EBS_MAIN_SERVICE_2.PROD_ID \t\t\t\t\t\t\t\t\t\t\tAS Legacy_Id__c,\n\tSTG_EBS_MAIN_SERVICE_2.service_id \t\t\t\t\t\t\t\t\t\tAS Service_ID__c,\n\tSTG_EBS_MAIN_SERVICE_2.activation_date \t\t\t\t\t\t\t\t\tAS RFS_Date__c,\n\tSTG_EBS_MAIN_SERVICE_2.commercial_product_id \t\t\t\t\t\t\tAS Commercial_Product__c,\n\tSTG_EBS_MAIN_SERVICE_2.OTC_SALES_PRICE,\n\tSTG_EBS_MAIN_SERVICE_2.MRC_SALES_PRICE,\n\tSTG_EBS_MAIN_SERVICE_2.AGREEMENT_LIMIT,\n\tSTG_EBS_MAIN_SERVICE_2.product_definition_name,\n\tSTG_EBS_MAIN_SERVICE_2.value,\n\tSTG_EBS_MAIN_SERVICE_2.offer_type,\n\tSTG_EBS_MAIN_SERVICE_2.offer_id,\n\tSTG_EBS_MAIN_SERVICE_2.sf_pooling_subs_id,\n\tSTG_EBS_MAIN_SERVICE_2.Contract_start_date,\n\tSTG_EBS_MAIN_SERVICE_2.Contract_end_date,\n\tSTG_EBS_MAIN_SERVICE_2.activation_date,\n\tSTG_EBS_MAIN_SERVICE_2.ICCID,\n\n\t0 \t\t\t\t\t\t\t\t\t\t\t\t\t\t\t\t\t\tAS cscfga__one_off_charge_line_discount_value__c,\n\t0 \t\t\t\t\t\t\t\t\t\t\t\t\t\t\t\t\t\tAS cscfga__one_off_charge_product_discount_value__c,\n\t0 \t\t\t\t\t\t\t\t\t\t\t\t\t\t\t\t\t\tAS cscfga__recurring_charge_line_discount_value__c,\n\t0 \t\t\t\t\t\t\t\t\t\t\t\t\t\t\t\t\t\tAS cscfga__recurring_charge_product_discount_value__c, \n\t0 \t\t\t\t\t\t\t\t\t\t\t\t\t\t\t\t\t\tAS Total_List_Price_Recurring__c,\n\t0 \t\t\t\t\t\t\t\t\t\t\t\t\t\t\t\t\t\tAS cspl__Month_Term__c, \n\t1 \t\t\t\t\t\t\t\t\t\t\t\t\t\t\t\t\t\tAS cscfga__Quantity__c,\n\t'Replace' \t\t\t\t\t\t\t\t\t\t\t\t\t\t\t\tAS cscfga__parent_discount__c,\n\t'Valid' \t\t\t\t\t\t\t\t\t\t\t\t\t\t\t\tAS cscfga__Configuration_Status__c,\n\t'Current' \t\t\t\t\t\t\t\t\t\t\t\t\t\t\t\tAS cscfga__pricing_status__c,\n\t'SFDC Database only' \t\t\t\t\t\t\t\t\t\t\t\t\tAS cscfga__source_of_truth_location__c,\n\t'Replace' \t\t\t\t\t\t\t\t\t\t\t\t\t\t\t\tAS cscfga__product_discount__c,\n\t'Monthly' \t\t\t\t\t\t\t\t\t\t\t\t\t\t\t\tAS Bill_Frequency__c,\n\t'Delivery' \t\t\t\t\t\t\t\t\t\t\t\t\t\t\t\tAS Delivery_Mode__c,\n\t\n\tFALSE \t\t\t\t\t\t\t\t\t\t\t\t\t\t\t\t\tAS csordtelcoa__cancelled_by_change_process__c,\n\tFALSE \t\t\t\t\t\t\t\t\t\t\t\t\t\t\t\t\tAS csordtelcoa__is_quantity_based_selling__c, \n\tFALSE \t\t\t\t\t\t\t\t\t\t\t\t\t\t\t\t\tAS Activate_SIM__c,\n\tFALSE \t\t\t\t\t\t\t\t\t\t\t\t\t\t\t\t\tAS New_Sim_Flag__c,\n\tFALSE \t\t\t\t\t\t\t\t\t\t\t\t\t\t\t\t\tAS IsMainConfiguration__c, \n\tTRUE    \t\t\t\t\t\t\t\t\t\t\t\t\t\t\t\tAS CPQ_Applied_ML_Discount__c, -- Mobile only\n\tFALSE   \t\t\t\t\t\t\t\t\t\t\t\t\t\t\t\tAS csordtelcoa__Ignore_For_Order_Decomposition__c,\n\tNULL \t\t\t\t\t\t\t\t\t\t\t\t\t\t\t\t\tAS Category__c,\n\n\tCASE WHEN STG_EBS_MAIN_SERVICE_2.Status = 'Terminated' THEN 'Terminate' ELSE 'New' END AS CPQ_Order_Type__c,\n\t\n\tSTG_EBS_MAIN_SERVICE_2.cscfga__total_contract_value__c \t\t\t\tAS cscfga__total_contract_value__c,\n\tSTG_EBS_MAIN_SERVICE_2.line_type \t\t\t\t\t\t\t\t\tAS Line_Type__c,\n\tSTG_EBS_MAIN_SERVICE_2.promocode \t\t\t\t\t\t\t\t\tAS Promo_Code__c,\n\tCASE WHEN STG_EBS_MAIN_SERVICE_2.PROD_TYPE = 'Mobile' \tTHEN STG_EBS_MAIN_SERVICE_2.SERVICE_ID ELSE NULL END \t\tAS Mobile_Number__c,\t\n\tstg_ebs_sim_card.SIM_TYPE \t\t\t\tAS SIM_Card_Type__c,\n\tFALSE \t\t\t\t\t\t\t\t\tAS PortIn_Indicator__c,\n\tSTG_EBS_MAIN_SERVICE_2.sf_acct_id  \t\t\t\t\t\t\tAS CPQ_Billing_Account__c\n\n\n\t\n--AS cscfga__Parent_Configuration__c,\n--AS cscfga__Root_Configuration__c, \n--STG_EBS_MAIN_SERVICE_2.OTC_SALES_PRICE AS cscfga__total_one_off_charge__c,\n--TBC AS cscfga__Total_Price__c \n--TBC AS cscfga__total_contract_value__c\n--TBC AS csoe__Clone_Identifier__c,\n--AS CPQ_INV_DONumber__c, -- Mobile only\n--AS CPQ_INV_Reserve_Code__c, -- Mobile only\n--AS CPQ_INV_Serial_Number__c, -- Mobile only\n--TBC AS runTimeGUID__c,\n--TBC AS cscfga__Key__c,  -- WBB only\n--AS Number_Type__c, \n--AS Technical_Details__c, -- Mobile only\n--AS runTimeParentGUID__c, -- Mobile only\n--AS Equipment_Owned_By__c, --only for BWB device\n--AS Active_License_Qty__c, --only for M365\n--AS Collect_Equipment__c,\n--AS Promo_Code__c,\n--AS Total_License_Quantity__c,--only for M365\n--AS Line_Type__c,\n--AS New_Licenses_Qty__c,\n--STG_EBS_MAIN_SERVICE_2.ip_address_type AS IP_Address_Type__c,\n--AS Mobile_Number__c,\n--STG_EBS_MAIN_SERVICE_2.APN AS APN_Type__c,\n\nFROM STG_EBS_MAIN_SERVICE_2\nINNER JOIN stg_ebs_main_service ON CAST(STG_EBS_MAIN_SERVICE_2.PROD_ID as bigint) = CAST(stg_ebs_main_service.prod_id as bigint)\nLEFT OUTER JOIN stg_ebs_sim_card ON CAST(STG_EBS_MAIN_SERVICE_2.prod_id as bigint) = stg_ebs_sim_card.SUBS_ID\nwhere STG_EBS_MAIN_SERVICE_2.offer_id in ('4246','5499') -- sharing service","isFileList":false,"handleSpecialChars":false,"handleDecimalRoundOff":false,"frsAsset":false,"dynamicFileName":false,"excludeDynamicFileNameField":false,"currentlyProcessedFileName":false,"retainFieldMetadata":false,"objectName":"DUMMY_src_ebs_sharing_service","useExactSrcNames":false,"tgtObjectAttributes":{},"runtimeParameterData":{"@type":"mtTaskRuntimeParameterData","isConnectionRuntimeParameter":false,"isObjectRuntimeParameter":false},"overridableProperties":[],"overriddenFields":[]},{"@type":"mtTaskParameter","id":861626,"name":"$tgt_sf_pc$","type":"TARGET","label":"tgt_sf_pc","uiProperties":{"connectionParameterized":"false","objectParameterized":"false","visible":"false","defaultTargetUpdateColumns":"","supportApplyDDLChanges":"false","originalPath":"tgt_sf_pc"},"targetConnectionId":"@0aa38HfbIjadqoKlbnU14y","targetObject":"ods_stage_source/TABLE/tgt_sf_pc","targetObjectLabel":"tgt_sf_pc","newFlatFile":false,"newObject":false,"showBusinessNames":false,"naturalOrder":true,"truncateTarget":false,"bulkApiDBTarget":false,"operationType":"Insert","customFuncCfg":{"@type":"customFuncConfig","id":-1,"connections":[],"inputMap":[],"outputFields":[]},"targetRefsV2":{},"targetUpdateColumns":[],"extendedObject":{"@type":"extendedObject","singleMode":true,"filters":[],"sortFields":[]},"runtimeAttrs":{},"isRESTModernSource":true,"isFileList":false,"handleSpecialChars":false,"handleDecimalRoundOff":false,"frsAsset":false,"dynamicFileName":false,"excludeDynamicFileNameField":false,"currentlyProcessedFileName":false,"retainFieldMetadata":false,"objectName":"ods_stage_source/TABLE/tgt_sf_pc","objectLabel":"tgt_sf_pc","useExactSrcNames":false,"tgtObjectAttributes":{},"runtimeParameterData":{"@type":"mtTaskRuntimeParameterData","isConnectionRuntimeParameter":false,"isObjectRuntimeParameter":false},"overridableProperties":[],"overriddenFields":[]},{"@type":"mtTaskParameter","id":861627,"name":"$tgt_sf_pc_addon$","type":"TARGET","label":"tgt_sf_pc_addon","uiProperties":{"connectionParameterized":"false","objectParameterized":"false","visible":"false","defaultTargetUpdateColumns":"","supportApplyDDLChanges":"false","originalPath":"tgt_sf_pc_addon"},"targetConnectionId":"@0aa38HfbIjadqoKlbnU14y","targetObject":"ods_stage_source/TABLE/tgt_sf_pc","targetObjectLabel":"tgt_sf_pc","newFlatFile":false,"newObject":false,"showBusinessNames":false,"naturalOrder":true,"truncateTarget":false,"bulkApiDBTarget":false,"operationType":"Insert","customFuncCfg":{"@type":"customFuncConfig","id":-1,"connections":[],"inputMap":[],"outputFields":[]},"targetRefsV2":{},"targetUpdateColumns":[],"extendedObject":{"@type":"extendedObject","singleMode":true,"filters":[],"sortFields":[]},"runtimeAttrs":{},"isRESTModernSource":true,"isFileList":false,"handleSpecialChars":false,"handleDecimalRoundOff":false,"frsAsset":false,"dynamicFileName":false,"excludeDynamicFileNameField":false,"currentlyProcessedFileName":false,"retainFieldMetadata":false,"objectName":"ods_stage_source/TABLE/tgt_sf_pc","objectLabel":"tgt_sf_pc","useExactSrcNames":false,"tgtObjectAttributes":{},"runtimeParameterData":{"@type":"mtTaskRuntimeParameterData","isConnectionRuntimeParameter":false,"isObjectRuntimeParameter":false},"overridableProperties":[],"overriddenFields":[]},{"@type":"mtTaskParameter","id":861628,"name":"$tgt_sf_pc_device$","type":"TARGET","label":"tgt_sf_pc_device","uiProperties":{"connectionParameterized":"false","objectParameterized":"false","visible":"false","defaultTargetUpdateColumns":"","supportApplyDDLChanges":"false","originalPath":"tgt_sf_pc_device"},"targetConnectionId":"@0aa38HfbIjadqoKlbnU14y","targetObject":"ods_stage_source/TABLE/tgt_sf_pc","targetObjectLabel":"tgt_sf_pc","newFlatFile":false,"newObject":false,"showBusinessNames":false,"naturalOrder":true,"truncateTarget":false,"bulkApiDBTarget":false,"operationType":"Insert","customFuncCfg":{"@type":"customFuncConfig","id":-1,"connections":[],"inputMap":[],"outputFields":[]},"targetRefsV2":{},"targetUpdateColumns":[],"extendedObject":{"@type":"extendedObject","singleMode":true,"filters":[],"sortFields":[]},"runtimeAttrs":{},"isRESTModernSource":true,"isFileList":false,"handleSpecialChars":false,"handleDecimalRoundOff":false,"frsAsset":false,"dynamicFileName":false,"excludeDynamicFileNameField":false,"currentlyProcessedFileName":false,"retainFieldMetadata":false,"objectName":"ods_stage_source/TABLE/tgt_sf_pc","objectLabel":"tgt_sf_pc","useExactSrcNames":false,"tgtObjectAttributes":{},"runtimeParameterData":{"@type":"mtTaskRuntimeParameterData","isConnectionRuntimeParameter":false,"isObjectRuntimeParameter":false},"overridableProperties":[],"overriddenFields":[]},{"@type":"mtTaskParameter","id":861629,"name":"$tgt_sf_pc_device_addon$","type":"TARGET","label":"tgt_sf_pc_device_addon","uiProperties":{"connectionParameterized":"false","objectParameterized":"false","visible":"false","defaultTargetUpdateColumns":"","supportApplyDDLChanges":"false","originalPath":"tgt_sf_pc_device_addon"},"targetConnectionId":"@0aa38HfbIjadqoKlbnU14y","targetObject":"ods_stage_source/TABLE/tgt_sf_pc","targetObjectLabel":"tgt_sf_pc","newFlatFile":false,"newObject":false,"showBusinessNames":false,"naturalOrder":true,"truncateTarget":false,"bulkApiDBTarget":false,"operationType":"Insert","customFuncCfg":{"@type":"customFuncConfig","id":-1,"connections":[],"inputMap":[],"outputFields":[]},"targetRefsV2":{},"targetUpdateColumns":[],"extendedObject":{"@type":"extendedObject","singleMode":true,"filters":[],"sortFields":[]},"runtimeAttrs":{},"isRESTModernSource":true,"isFileList":false,"handleSpecialChars":false,"handleDecimalRoundOff":false,"frsAsset":false,"dynamicFileName":false,"excludeDynamicFileNameField":false,"currentlyProcessedFileName":false,"retainFieldMetadata":false,"objectName":"ods_stage_source/TABLE/tgt_sf_pc","objectLabel":"tgt_sf_pc","useExactSrcNames":false,"tgtObjectAttributes":{},"runtimeParameterData":{"@type":"mtTaskRuntimeParameterData","isConnectionRuntimeParameter":false,"isObjectRuntimeParameter":false},"overridableProperties":[],"overriddenFields":[]},{"@type":"mtTaskParameter","id":861630,"name":"$tgt_sf_pc_sharing$","type":"TARGET","label":"tgt_sf_pc_sharing","uiProperties":{"connectionParameterized":"false","objectParameterized":"false","visible":"false","defaultTargetUpdateColumns":"","supportApplyDDLChanges":"false","originalPath":"tgt_sf_pc_sharing"},"targetConnectionId":"@0aa38HfbIjadqoKlbnU14y","targetObject":"ods_stage_source/TABLE/tgt_sf_pc","targetObjectLabel":"tgt_sf_pc","newFlatFile":false,"newObject":false,"showBusinessNames":false,"naturalOrder":true,"truncateTarget":false,"bulkApiDBTarget":false,"operationType":"Insert","customFuncCfg":{"@type":"customFuncConfig","id":-1,"connections":[],"inputMap":[],"outputFields":[]},"targetRefsV2":{},"targetUpdateColumns":[],"extendedObject":{"@type":"extendedObject","singleMode":true,"filters":[],"sortFields":[]},"runtimeAttrs":{},"isRESTModernSource":true,"isFileList":false,"handleSpecialChars":false,"handleDecimalRoundOff":false,"frsAsset":false,"dynamicFileName":false,"excludeDynamicFileNameField":false,"currentlyProcessedFileName":false,"retainFieldMetadata":false,"objectName":"ods_stage_source/TABLE/tgt_sf_pc","objectLabel":"tgt_sf_pc","useExactSrcNames":false,"tgtObjectAttributes":{},"runtimeParameterData":{"@type":"mtTaskRuntimeParameterData","isConnectionRuntimeParameter":false,"isObjectRuntimeParameter":false},"overridableProperties":[],"overriddenFields":[]}],"sequences":[],"inOutParameters":[],"connRuntimeAttrs":[]}]