[{"@type":"mtTask","id":"@1","name":"mt_stg_sync_ebs_case_comment","description":"","runtimeEnvironmentId":"@cUgvxjP6z42j5o2aizvbUV","maxLogs":10,"verbose":false,"lastRunTime":1674473776000,"mappingId":"@5MycCOrc1DPeSWaiwrRZGW","frsGuid":"8v6zsRbd1eVhLehLGU4aqC","shortDescription":"","sessionPropertiesList":[{"name":"Allow Temporary Sequence for Pushdown","value":"NO","recommended":false},{"name":"Allow Temporary View for Pushdown","value":"NO","recommended":false},{"name":"Pushdown Optimization","value":"None","recommended":false},{"name":"Pushdown Optimization Context","value":"None","recommended":false},{"name":"Run Only In Pushdown Mode","value":"NO","recommended":false}],"enableCrossSchemaPushdown":true,"enableParallelRun":false,"autoTunedApplied":false,"autoTunedAppliedType":"NONE","paramFileType":"PARAM_FILE_LOCAL","schemaMode":"async","valid":true,"schemaValidationErrorCount":-1,"parameterFileEncoding":"UTF-8","serverlessProperties":{},"taskProperties":[{"@type":"taskProperty","name":"parameterFileDir","currentValue":"","type":"STRING","label":"label.parameterFileDir","required":false},{"@type":"taskProperty","name":"parameterFileName","currentValue":"","type":"STRING","label":"label.parameterFileName","required":false}],"parameters":[{"@type":"mtTaskParameter","id":685644,"name":"$src_case_comment$","type":"SOURCE","label":"src_case_comment","uiProperties":{"connectionParameterized":"false","isSelectDistinct":"false","objectParameterized":"false","visible":"false","originalPath":"src_case_comment"},"sourceConnectionId":"@irZpk2lcq2Lh5v2PiTa4Q2","sourceObject":"DUMMY_src_case_comment","newFlatFile":false,"newObject":false,"showBusinessNames":false,"naturalOrder":true,"truncateTarget":false,"bulkApiDBTarget":false,"customFuncCfg":{"@type":"customFuncConfig","id":-1,"connections":[],"inputMap":[],"outputFields":[]},"targetRefsV2":{},"targetUpdateColumns":[],"runtimeAttrs":{},"isRESTModernSource":true,"customQuery":"WITH CASE_COMMENT AS (\nSelect\nSR.SR_REQUEST_ID,\nCOMM.CREATED_STAFF_CODE,\nCOMM.NOTES,\n--LV.target_value,\nSR.NOTES_TYPE_NAME,\nSR.CREATE_BY AS CREATE_STAFF,\nSR.LAST_UPDATED_BY AS LAST_STAFF,\nCASE\n    WHEN COMM.CREATED_DATE IS NOT NULL THEN cast(COMM.CREATED_DATE as timestamp)\n    ELSE date_trunc('seconds',CURRENT_TIMESTAMP)\nEND AS CREATEDDATE,\ndate_trunc('seconds',CURRENT_TIMESTAMP) AS LASTMODIFIEDDATE,\n--CURRENT_TIMESTAMP as LASTMODIFIEDDATE,\nSR.SR_REQUEST_ID AS LEGACY_ID__C\nFROM  MIG_ODS_DEV.STG_EBS_SR_TT_NOTES COMM\nLEFT JOIN  MIG_ODS_DEV.STG_EBS_SR SR ON COMM.REQUEST_ID=SR.SR_REQUEST_ID AND COMM.NOTES_TYPE=SR.NOTES_TYPE\nLEFT JOIN MIG_ODS_DEV.STG_EBS_SR_TYPE SR_TYPE ON SR.SR_TYPE_ID=SR_TYPE.SR_TYPE_ID\n--LEFT JOIN MIG_ODS_DEV.Stg_SH_MASTER_lOV LV ON \n--COALESCE(SR.NOTES_TYPE_NAME,'Y')=COALESCE(LV.source_value,'Y') and TARGET_API='Note_Type__c'--As per our org. and dd the Note_Type__c type is defined as text type.\n--so we are passing direct source value \"NOTES_TYPE_NAME\"\nWHERE UPPER(TRIM(COALESCE(COMM.VAL_REJ_TYPE,'Y'))) !='HARD'\n),\nSYNC_CASE AS(\nSELECT\n\"Id\",\nCASE \n    WHEN CA.\"Legacy_Id__c\" IS NOT NULL THEN CA.\"Legacy_Id__c\"\n    ELSE SYNC_CASE.Legacy_Id__c \nEND AS LEGACY_ID__C\nFROM MIG_ODS_DEV.SF_CASE CA\nLEFT JOIN MIG_ODS_DEV.SYNC_EBS_CASE SYNC_CASE\nON COALESCE(SYNC_CASE.recordtypeid,'Y')=COALESCE(CA.\"RecordTypeId\" ,'Y')\nAND COALESCE(SYNC_CASE.category__c,'Y')=COALESCE(CA.\"Category__c\",'Y')\nAND COALESCE(SYNC_CASE.category_sub_type_1__c,'Y')=COALESCE(CA.\"Category_Sub_Type_1__c\",'Y')\nAND COALESCE(SYNC_CASE.status,'Y')=COALESCE(CA.\"Status\",'Y')\nAND COALESCE(SYNC_CASE. subject,'Y')=COALESCE(CA.\"Subject\",'Y')\nAND COALESCE(SYNC_CASE. accountid,'Y')=COALESCE(CA.\"AccountId\",'Y')\nAND COALESCE(SYNC_CASE.category_sub_type_2__c,'Y')=COALESCE(CA.\"Category_Sub_Type_2__c\",'Y')\n)\nSelect\nC.\"Id\" as Case__c,\nCC.CREATED_STAFF_CODE AS comment_by__c,\nCC.NOTES AS Comment_Body__c,\nCC.NOTES_TYPE_NAME AS Note_Type__c,\nCREATE_STAFF AS CreatedById,\nLAST_STAFF AS LastModifiedById,\nCC.CREATEDDATE as CREATEDDATE,\nCC.LASTMODIFIEDDATE as LASTMODIFIEDDATE,\nCC.LEGACY_ID__C\nFROM CASE_COMMENT CC JOIN SYNC_CASE C ON CC.SR_REQUEST_ID= C.Legacy_Id__c","isFileList":false,"handleSpecialChars":false,"handleDecimalRoundOff":false,"frsAsset":false,"dynamicFileName":false,"excludeDynamicFileNameField":false,"currentlyProcessedFileName":false,"retainFieldMetadata":false,"objectName":"DUMMY_src_case_comment","useExactSrcNames":false,"tgtObjectAttributes":{},"runtimeParameterData":{"@type":"mtTaskRuntimeParameterData","isConnectionRuntimeParameter":false,"isObjectRuntimeParameter":false},"overridableProperties":[],"overriddenFields":[]},{"@type":"mtTaskParameter","id":685645,"name":"$tgt_case_comment$","type":"TARGET","label":"tgt_case_comment","uiProperties":{"connectionParameterized":"false","objectParameterized":"false","visible":"false","defaultTargetUpdateColumns":"","supportApplyDDLChanges":"false","originalPath":"tgt_case_comment"},"targetConnectionId":"@irZpk2lcq2Lh5v2PiTa4Q2","targetObject":"mig_ods_dev/TABLE/sync_ebs_case_comment","targetObjectLabel":"sync_ebs_case_comment","newFlatFile":false,"newObject":false,"showBusinessNames":false,"naturalOrder":true,"truncateTarget":false,"bulkApiDBTarget":false,"operationType":"Insert","customFuncCfg":{"@type":"customFuncConfig","id":-1,"connections":[],"inputMap":[],"outputFields":[]},"targetRefsV2":{},"targetUpdateColumns":[],"extendedObject":{"@type":"extendedObject","singleMode":true,"filters":[],"sortFields":[]},"runtimeAttrs":{},"isRESTModernSource":true,"isFileList":false,"handleSpecialChars":false,"handleDecimalRoundOff":false,"frsAsset":false,"dynamicFileName":false,"excludeDynamicFileNameField":false,"currentlyProcessedFileName":false,"retainFieldMetadata":false,"objectName":"mig_ods_dev/TABLE/sync_ebs_case_comment","objectLabel":"sync_ebs_case_comment","useExactSrcNames":false,"tgtObjectAttributes":{},"runtimeParameterData":{"@type":"mtTaskRuntimeParameterData","isConnectionRuntimeParameter":false,"isObjectRuntimeParameter":false},"overridableProperties":[],"overriddenFields":[]},{"@type":"mtTaskParameter","id":685646,"name":"$Lkp_sf_user$","type":"LOOKUP","label":"Lkp_sf_user","uiProperties":{"connectionParameterized":"false","isCachedLookup":"true","multipleMatchPolicy":"Use Any Value","objectParameterized":"false","visible":"false","originalPath":"Lkp_sf_user"},"lookupConnectionId":"@irZpk2lcq2Lh5v2PiTa4Q2","lookupObject":"DUMMY_Lkp_sf_user","newFlatFile":false,"newObject":false,"showBusinessNames":false,"naturalOrder":true,"truncateTarget":false,"bulkApiDBTarget":false,"customFuncCfg":{"@type":"customFuncConfig","id":-1,"connections":[],"inputMap":[],"outputFields":[]},"targetRefsV2":{},"targetUpdateColumns":[],"runtimeAttrs":{"Cache File Name Prefix":"","Lookup Index Cache Size":"AUTO","Optional":"true","Lookup cache persistent":"false","Lookup source is static":"false","Case Sensitive String Comparison":"false","Re-cache from lookup source":"false","Insert Else Update":"false","Lookup caching enabled":"true","Lookup Data Cache Size":"AUTO","Tracing Level":"Normal","Sorted Input":"false","Lookup cache directory name":"$PMCacheDir","Output Old Value On Update":"false","Dynamic Lookup Cache":"false","Pre-build lookup cache":"AUTO","Null ordering":""},"isRESTModernSource":true,"customQuery":"SELECT \nB.ID,\nB.Email,\nS.STAFF_ID FROM  \n(\nSELECT \n\"Id\" AS ID,\n\"Email\" AS Email \nFROM \n(\nSELECT \"Id\", \nUPPER(TRIM(\"Email\")) AS \"Email\",\nROW_NUMBER() OVER (PARTITION BY UPPER(TRIM(\"Email\")) ORDER BY \"IsActive\" DESC ) AS RNK\nFROM MIG_ODS_DEV.SF_USER) A \nWHERE RNK=1\n) B \nINNER  JOIN MIG_ODS_DEV.STG_BFM_STAFF S ON\nTRIM(UPPER(S.Email))=TRIM(UPPER(B.Email))\nUNION \nSELECT \"Id\" AS ID,\"Email\" AS Email,NULL AS STAFF_ID FROM MIG_ODS_DEV.SF_USER WHERE UPPER(\"Name\")=UPPER('Data Migration User')","isFileList":false,"handleSpecialChars":false,"handleDecimalRoundOff":false,"frsAsset":false,"dynamicFileName":false,"excludeDynamicFileNameField":false,"currentlyProcessedFileName":false,"retainFieldMetadata":false,"objectName":"DUMMY_Lkp_sf_user","useExactSrcNames":false,"tgtObjectAttributes":{},"runtimeParameterData":{"@type":"mtTaskRuntimeParameterData","isConnectionRuntimeParameter":false,"isObjectRuntimeParameter":false},"overridableProperties":[],"overriddenFields":[]}],"sequences":[],"inOutParameters":[],"connRuntimeAttrs":[]}]