[{"@type":"mappingTemplate","id":"@1","name":"Mapping26","description":"","bundleVersion":"0","templateId":"@3","deployTime":1677044414000,"hasParameters":false,"valid":true,"fixedConnection":true,"hasParametersDeployed":false,"fixedConnectionDeployed":true,"isSchemaValidationEnabled":false,"tasks":0,"mappingPreviewFileRecordId":"@2","documentType":"MAPPING","references":[{"@type":"reference","refObjectId":"@gbEqHgig3UYgrJMzU4lVau","refType":"connection"},{"@type":"reference","refObjectId":"@5yRVwmNzNZRbaTvVhnITId","refType":"connection"}]}]