[{"@type":"mtTask","id":"@1","name":"mt_stg_sync_case_payment_application","description":"","runtimeEnvironmentId":"@cUgvxjP6z42j5o2aizvbUV","maxLogs":10,"verbose":false,"lastRunTime":1682649806000,"mappingId":"@77gbKMSUphFdHKhwaaG72M","frsGuid":"aZWbHg5J5uvfu54asIWGa9","shortDescription":"","sessionPropertiesList":[],"enableCrossSchemaPushdown":true,"enableParallelRun":false,"autoTunedApplied":false,"autoTunedAppliedType":"NONE","schemaMode":"async","valid":true,"schemaValidationErrorCount":-1,"parameterFileEncoding":"UTF-8","serverlessProperties":{},"taskProperties":[{"@type":"taskProperty","name":"parameterFileDir","currentValue":"","type":"STRING","label":"label.parameterFileDir","required":false},{"@type":"taskProperty","name":"parameterFileName","currentValue":"","type":"STRING","label":"label.parameterFileName","required":false}],"parameters":[{"@type":"mtTaskParameter","id":820628,"name":"$src_pmt_app_mgmt$","type":"SOURCE","label":"src_pmt_app_mgmt","uiProperties":{"connectionParameterized":"false","isSelectDistinct":"false","objectParameterized":"false","visible":"false","originalPath":"src_pmt_app_mgmt"},"sourceConnectionId":"@0aa38HfbIjadqoKlbnU14y","sourceObject":"DUMMY_src_pmt_app_mgmt","newFlatFile":false,"newObject":false,"showBusinessNames":false,"naturalOrder":true,"truncateTarget":false,"bulkApiDBTarget":false,"customFuncCfg":{"@type":"customFuncConfig","id":-1,"connections":[],"inputMap":[],"outputFields":[]},"targetRefsV2":{},"targetUpdateColumns":[],"runtimeAttrs":{},"isRESTModernSource":true,"customQuery":"SELECT\nALL_REC.*,\nCASE \n\tWHEN SR.CREDIT_CARD_SOURCE is not null\n\tTHEN SR.TOKEN_NO\nEND AS Token_Number__c,\nCASE \n\tWHEN SR.GIRO_SOURCE is not null\n\tTHEN EXT.SWIFT_CODE\nEND AS SWIFT_Code__c,\nSR.DEDUCTION_LIMIT AS PAYMENT_LIMIT,\nGIRO.GIRO_STATE_NAME AS GIRO_STATUS,\nSR.GIRO_SOURCE AS GIRO_SOURCE,\nSR.ONLINE_REF_NUMBER  AS ONLINE_REF_NUMBER,\nCASE \n\tWHEN SR.CREDIT_CARD_SOURCE is not null\n\tTHEN CODE.BANK_CARD_CODE\nEND AS Credit_Card_Type__c,\nSR.CREDIT_CARD_SOURCE AS Credit_Card_Source,\nCASE \n\tWHEN SR.CREDIT_CARD_SOURCE is not null\n\tTHEN SR.ACCOUNT_NUMBER\nEND AS Credit_Card_Number__c,\nCASE \n\tWHEN SR.CREDIT_CARD_SOURCE is not null\n\tTHEN TO_CHAR(CAST(SR.EXPIRY_DATE AS TIMESTAMP),'YYYY')\nEND AS Credit_Card_Expiry_Year__c,\nCASE \n\tWHEN SR.CREDIT_CARD_SOURCE is not null\n\tTHEN TO_CHAR(CAST(SR.EXPIRY_DATE AS TIMESTAMP),'MM')\nEND AS Credit_Card_Expiry_Month__c,\nCASE \n\tWHEN SR.CREDIT_CARD_SOURCE is not null\n\tTHEN SR.ACCOUNT_HOLD_NAME\nEND AS Card_Holder_Name__c,\nCASE \n\tWHEN SR.GIRO_SOURCE is not null\n\tTHEN BANK_NAME.BANK_NAME\nEND AS Bank_Name__c,\nCASE \n\tWHEN SR.GIRO_SOURCE is not null\n\tTHEN SR.BRANCH_CODE\nEND AS Bank_Code__c,\nCASE \n\tWHEN SR.GIRO_SOURCE is not null\n\tTHEN EXT.BANK_DESC\nEND AS Bank_Branch__c,\nCASE \n\tWHEN SR.GIRO_SOURCE is not null \n\tTHEN SR.BANK_BATCH_NO\nEND AS Bank_Batch_Number__c,\nCASE \n\tWHEN SR.GIRO_SOURCE is not null \n\tTHEN cast(SR.BANK_AUTHORISATION_DATE as timestamp)\nEND AS Bank_Authorisation_Date__c,\nCASE \n\tWHEN SR.GIRO_SOURCE is not null\n\tTHEN SR.ACCOUNT_NUMBER\nEND AS Bank_Account_Number__c,\nCASE \n\tWHEN SR.GIRO_SOURCE is not null\n\tTHEN SR.ACCOUNT_HOLD_NAME\nEND AS Bank_Account_Holder_Name__c,\nCASE \n\tWHEN SR.GIRO_SOURCE is not null \n\tTHEN cast(SR.APPLICATION_SEND_DATE as timestamp)\nEND AS Application_Sent_Date__c\nFROM SYNC_EBS_CASE_ALL_RECTYPE ALL_REC INNER JOIN STG_EBS_SR SR\nON ALL_REC.LEGACY_ID__C=SR.SR_REQUEST_ID\nLEFT JOIN STG_BANK BANK_NAME ON SR.SR_PAY_BANK_ID=BANK_NAME.BANK_ID \nLEFT JOIN STG_EBS_BANK_EXT EXT ON SR.SR_PAY_BANK_ID=EXT.BANK_ID\nLEFT JOIN STG_EBS_BANK_CARD_CODE CODE ON SR.CREDIT_CARD_TYPE=CODE.BANK_CARD_TYPE\nLEFT JOIN STG_EBS_SR_GIRO_STATE GIRO ON SR.GIRO_STATE=GIRO.GIRO_STATE\nWHERE ALL_REC.RECORDTYPE='Payment Application or Management'","isFileList":false,"handleSpecialChars":false,"handleDecimalRoundOff":false,"frsAsset":false,"dynamicFileName":false,"excludeDynamicFileNameField":false,"currentlyProcessedFileName":false,"retainFieldMetadata":false,"objectName":"DUMMY_src_pmt_app_mgmt","useExactSrcNames":false,"tgtObjectAttributes":{},"runtimeParameterData":{"@type":"mtTaskRuntimeParameterData","isConnectionRuntimeParameter":false,"isObjectRuntimeParameter":false},"overridableProperties":[],"overriddenFields":[]},{"@type":"mtTaskParameter","id":820629,"name":"$tgt_sync_ebs_case_pmt_app_mgmt$","type":"TARGET","label":"tgt_sync_ebs_case_pmt_app_mgmt","uiProperties":{"connectionParameterized":"false","objectParameterized":"false","visible":"false","defaultTargetUpdateColumns":"","supportApplyDDLChanges":"false","originalPath":"tgt_sync_ebs_case_pmt_app_mgmt"},"targetConnectionId":"@0aa38HfbIjadqoKlbnU14y","targetObject":"p1_dev/TABLE/sync_ebs_case","targetObjectLabel":"sync_ebs_case","newFlatFile":false,"newObject":false,"showBusinessNames":false,"naturalOrder":true,"truncateTarget":false,"bulkApiDBTarget":false,"operationType":"Insert","customFuncCfg":{"@type":"customFuncConfig","id":-1,"connections":[],"inputMap":[],"outputFields":[]},"targetRefsV2":{},"targetUpdateColumns":[],"extendedObject":{"@type":"extendedObject","singleMode":true,"filters":[],"sortFields":[]},"runtimeAttrs":{},"isRESTModernSource":true,"isFileList":false,"handleSpecialChars":false,"handleDecimalRoundOff":false,"frsAsset":false,"dynamicFileName":false,"excludeDynamicFileNameField":false,"currentlyProcessedFileName":false,"retainFieldMetadata":false,"objectName":"p1_dev/TABLE/sync_ebs_case","objectLabel":"sync_ebs_case","useExactSrcNames":false,"tgtObjectAttributes":{},"runtimeParameterData":{"@type":"mtTaskRuntimeParameterData","isConnectionRuntimeParameter":false,"isObjectRuntimeParameter":false},"overridableProperties":[],"overriddenFields":[]},{"@type":"mtTaskParameter","id":820630,"name":"$Master_Lookup$","type":"LOOKUP","label":"Master_Lookup","uiProperties":{"connectionParameterized":"false","isCachedLookup":"true","multipleMatchPolicy":"Use Last Value","objectParameterized":"false","visible":"false","originalPath":"Master_Lookup"},"lookupConnectionId":"@0aa38HfbIjadqoKlbnU14y","lookupObject":"DUMMY_Master_Lookup","newFlatFile":false,"newObject":false,"showBusinessNames":false,"naturalOrder":true,"truncateTarget":false,"bulkApiDBTarget":false,"customFuncCfg":{"@type":"customFuncConfig","id":-1,"connections":[],"inputMap":[],"outputFields":[]},"targetRefsV2":{},"targetUpdateColumns":[],"runtimeAttrs":{"Cache File Name Prefix":"","Lookup Index Cache Size":"AUTO","Optional":"true","Lookup cache persistent":"false","Lookup source is static":"false","Case Sensitive String Comparison":"false","Re-cache from lookup source":"false","Insert Else Update":"false","Lookup caching enabled":"true","Lookup Data Cache Size":"AUTO","Tracing Level":"Normal","Sorted Input":"false","Lookup cache directory name":"$PMCacheDir","Output Old Value On Update":"false","Dynamic Lookup Cache":"false","Pre-build lookup cache":"AUTO","Null ordering":""},"isRESTModernSource":true,"customQuery":"SELECT \nTRIM(target_object) as target_object,\nTRIM(target_api)    as target_api,\nTRIM(target_value)  as target_value,\nTRIM(UPPER(source_value)) as source_value\nfrom STG_SH_MASTER_LOV\nWHERE is_active='Y'","isFileList":false,"handleSpecialChars":false,"handleDecimalRoundOff":false,"frsAsset":false,"dynamicFileName":false,"excludeDynamicFileNameField":false,"currentlyProcessedFileName":false,"retainFieldMetadata":false,"objectName":"DUMMY_Master_Lookup","useExactSrcNames":false,"tgtObjectAttributes":{},"runtimeParameterData":{"@type":"mtTaskRuntimeParameterData","isConnectionRuntimeParameter":false,"isObjectRuntimeParameter":false},"overridableProperties":[],"overriddenFields":[]}],"sequences":[],"inOutParameters":[],"connRuntimeAttrs":[]}]