[{"@type":"workflow","id":"@1","name":"tf_Service_Reference","description":"**Prerequisite**  1. Main Service table load 2. Addon Service table load","maxLogs":10,"references":[{"@type":"reference","refObjectId":"@9OMtz6XuK87cMu1nWioh2M","refType":"mtTask"},{"@type":"reference","refObjectId":"@5LwaIUEroCgkEzh8h5qg4t","refType":"mtTask"}],"tasks":[{"@type":"workflowTask","taskId":"@9OMtz6XuK87cMu1nWioh2M","type":"MTT","name":"mt_csord__Service__c_UPD_Service_ID","stopOnError":true,"stopOnWarning":false},{"@type":"workflowTask","taskId":"@5LwaIUEroCgkEzh8h5qg4t","type":"MTT","name":"mt_m_REP_SF_Service_linkage","stopOnError":true,"stopOnWarning":false}]}]