[{"@type":"mappingTemplate","id":"@1","name":"m_file_stg_ebs_sh_master_lov","description":"This location holds mappings from source to stage with master_lov data.","bundleVersion":"0","templateId":"@3","deployTime":1687760649000,"hasParameters":false,"valid":true,"fixedConnection":true,"hasParametersDeployed":false,"fixedConnectionDeployed":true,"isSchemaValidationEnabled":false,"tasks":1,"mappingPreviewFileRecordId":"@2","documentType":"MAPPING","references":[{"@type":"reference","refObjectId":"@0aa38HfbIjadqoKlbnU14y","refType":"connection"},{"@type":"reference","refObjectId":"@5cVavMJoq6viVKggQReXmA","refType":"connection"}]}]