[{"@type":"mtTask","id":"@1","name":"mt_stg_ebs_service_line_item_sync","description":"","runtimeEnvironmentId":"@cUgvxjP6z42j5o2aizvbUV","maxLogs":10,"verbose":false,"lastRunTime":1679549465000,"mappingId":"@kDi2YAYrKQshU6UoD1IZGn","frsGuid":"at88m8zo6F2hrPVJArCpe5","shortDescription":"","sessionPropertiesList":[{"name":"Allow Temporary Sequence for Pushdown","value":"NO","recommended":false},{"name":"Allow Temporary View for Pushdown","value":"NO","recommended":false},{"name":"Pushdown Optimization","value":"None","recommended":false},{"name":"Pushdown Optimization Context","value":"None","recommended":false},{"name":"Pushdown Optimization Fallback Option","value":"Partial PDO","recommended":false}],"enableCrossSchemaPushdown":true,"enableParallelRun":false,"autoTunedApplied":false,"autoTunedAppliedType":"NONE","paramFileType":"PARAM_FILE_LOCAL","schemaMode":"async","valid":true,"schemaValidationErrorCount":-1,"parameterFileEncoding":"UTF-8","serverlessProperties":{},"taskProperties":[{"@type":"taskProperty","name":"parameterFileDir","currentValue":"","type":"STRING","label":"label.parameterFileDir","required":false},{"@type":"taskProperty","name":"parameterFileName","currentValue":"","type":"STRING","label":"label.parameterFileName","required":false}],"parameters":[{"@type":"mtTaskParameter","id":1317832,"name":"$Promotion_MRC$","type":"SOURCE","label":"Promotion_MRC","uiProperties":{"connectionParameterized":"false","isSelectDistinct":"false","objectParameterized":"false","visible":"false","originalPath":"Promotion_MRC"},"sourceConnectionId":"@0aa38HfbIjadqoKlbnU14y","sourceObject":"DUMMY_Promotion_MRC","newFlatFile":false,"newObject":false,"showBusinessNames":false,"naturalOrder":true,"truncateTarget":false,"bulkApiDBTarget":false,"customFuncCfg":{"@type":"customFuncConfig","id":-1,"connections":[],"inputMap":[],"outputFields":[]},"targetRefsV2":{},"targetUpdateColumns":[],"runtimeAttrs":{},"isRESTModernSource":true,"customQuery":"WITH MRC AS (SELECT subs_id\n\t\t\t\t,contract_eff_date\n\t\t\t\t,contract_exp_date\n\t\t\t\t,param_code\n                                ,param_name\n\t\t\t\t,seq\n\t\t\t\t,val_type\n\t\t\t\t,discount_per -- discount value\t\t\t\n\t\t\t\t\n\t\t\t\t,value\n\t\t\t\t, CASE WHEN val_type = 'A' AND std_rate_precision = '-1' THEN cast(value as float)/1000\n\t\t\t\t\t   WHEN val_type = 'A' AND std_rate_precision = '-2' THEN cast(value as float)/10000\n\t\t\t\t\t   WHEN val_type = 'A' AND std_rate_precision = '-3' THEN cast(value as float)/100000\n\t\t\t\t\t   WHEN val_type = 'A' AND std_rate_precision = '-4' THEN cast(value as float)/1000000\n\t\t\t\t\t   WHEN val_type = 'A' AND std_rate_precision = '0' THEN cast(value as float)/100\n\t\t\t\t\t   WHEN val_type = 'A' AND std_rate_precision = '1' THEN cast(value as float)*1000\n\t\t\t\tELSE   cast(value as float)   END AS value_1 \n\t\t\t\t\n\t\t\t\t,std_value\n\t\t\t\t, CASE WHEN std_rate_precision = '-1' \tTHEN cast(std_value as float)/1000\n\t\t\t\t\t   WHEN std_rate_precision = '-2' \tTHEN cast(std_value as float)/10000\t\t\t\t \n\t\t\t\t\t   WHEN std_rate_precision = '-3' \tTHEN cast(std_value as float)/100000\n\t\t\t\t\t   WHEN std_rate_precision = '-4' \tTHEN cast(std_value as float)/1000000\n\t\t\t\t\t   WHEN std_rate_precision = '0' \tTHEN cast(std_value as float)/100\n\t\t\t\t\t   WHEN std_rate_precision = '1' \tTHEN cast(std_value as float)*1000\n\t\t\t\tELSE cast(std_value as float)  END AS std_value_1 -- before discount value\n\n\t\t\t\t,discount_amt\n\t\t\t\t, CASE WHEN sp_precision = '-1' THEN cast(discount_amt as float)/1000\n\t\t\t\t\t   WHEN sp_precision = '-2' THEN cast(discount_amt as float)/10000\n\t\t\t\t\t   WHEN sp_precision = '-3' THEN cast(discount_amt as float)/100000\n\t\t\t\t\t   WHEN sp_precision = '-4' THEN cast(discount_amt as float)/1000000\n\t\t\t\t\t   WHEN sp_precision = '0' \tTHEN cast(discount_amt as float)/100\n\t\t\t\t\t   WHEN sp_precision = '1' \tTHEN cast(discount_amt as float)*1000\n\t\t\t\tELSE cast(discount_amt as float) END AS discount_amt_1 -- discount amount\n\n\t\t\t\t,sales_price\n\t\t\t\t, CASE WHEN sp_precision = '-1' THEN cast(sales_price as float)/1000\n\t\t\t\t\t   WHEN sp_precision = '-2' THEN cast(sales_price as float)/10000\n\t\t\t\t\t   WHEN sp_precision = '-3' THEN cast(sales_price as float)/100000\n\t\t\t\t\t   WHEN sp_precision = '-4' THEN cast(sales_price as float)/1000000\n\t\t\t\t\t   WHEN sp_precision = '0' THEN cast(sales_price as float)/100\n\t\t\t\t\t   WHEN sp_precision = '1' THEN cast(sales_price as float)*1000\n\t\t\t\tELSE cast(sales_price as float)   END AS sales_price_1 -- final value\n\n\t\t  FROM promotion  \n          WHERE param_code = 'MRC' \n          and std_value > '0'\n\t\t  )\n\n\n, BWB_MRC as (\n\n\t\t\t\tselect \n\t\t\t\t a.subs_id\n\t\t\t\t,a.contract_eff_date\n\t\t\t\t,a.contract_exp_date\n\t\t\t\t,a.param_code\n                                ,param_name\n\t\t\t\t,a.seq\n\t\t\t\t,a.val_type\n\t\t\t\t,a.discount_per -- discount value\t\t\t\n\t\t\t\t\n\t\t\t\t,a.value\n\t\t\t\t, CASE WHEN a.val_type = 'A' AND a.std_rate_precision = '-1' THEN cast(a.value as float)/1000\n\t\t\t\t\t   WHEN a.val_type = 'A' AND a.std_rate_precision = '-2' THEN cast(a.value as float)/10000\n\t\t\t\t\t   WHEN a.val_type = 'A' AND a.std_rate_precision = '-3' THEN cast(a.value as float)/100000\n\t\t\t\t\t   WHEN a.val_type = 'A' AND a.std_rate_precision = '-4' THEN cast(a.value as float)/1000000\n\t\t\t\t\t   WHEN a.val_type = 'A' AND a.std_rate_precision = '0' THEN cast(a.value as float)/100\n\t\t\t\t\t   WHEN a.val_type = 'A' AND a.std_rate_precision = '1' THEN cast(a.value as float)*1000\n\t\t\t\tELSE   cast(a.value as float)   END AS value_1 \n\t\t\t\t\n\t\t\t\t,a.std_value\n\t\t\t\t, CASE WHEN a.std_rate_precision = '-1' \tTHEN cast(a.std_value as float)/1000\n\t\t\t\t\t   WHEN a.std_rate_precision = '-2' \tTHEN cast(a.std_value as float)/10000\t\t\t\t \n\t\t\t\t\t   WHEN a.std_rate_precision = '-3' \tTHEN cast(a.std_value as float)/100000\n\t\t\t\t\t   WHEN a.std_rate_precision = '-4' \tTHEN cast(a.std_value as float)/1000000\n\t\t\t\t\t   WHEN a.std_rate_precision = '0' \tTHEN cast(a.std_value as float)/100\n\t\t\t\t\t   WHEN a.std_rate_precision = '1' \tTHEN cast(a.std_value as float)*1000\n\t\t\t\tELSE cast(a.std_value as float)  END AS std_value_1 -- before discount value\n\n\t\t\t\t,a.discount_amt\n\t\t\t\t, CASE WHEN a.sp_precision = '-1' THEN cast(a.discount_amt as float)/1000\n\t\t\t\t\t   WHEN a.sp_precision = '-2' THEN cast(a.discount_amt as float)/10000\n\t\t\t\t\t   WHEN a.sp_precision = '-3' THEN cast(a.discount_amt as float)/100000\n\t\t\t\t\t   WHEN a.sp_precision = '-4' THEN cast(a.discount_amt as float)/1000000\n\t\t\t\t\t   WHEN a.sp_precision = '0' \tTHEN cast(a.discount_amt as float)/100\n\t\t\t\t\t   WHEN a.sp_precision = '1' \tTHEN cast(a.discount_amt as float)*1000\n\t\t\t\tELSE cast(a.discount_amt as float) END AS discount_amt_1 -- discount amount\n\n\t\t\t\t,a.sales_price\n\t\t\t\t, CASE WHEN a.sp_precision = '-1' THEN cast(a.sales_price as float)/1000\n\t\t\t\t\t   WHEN a.sp_precision = '-2' THEN cast(a.sales_price as float)/10000\n\t\t\t\t\t   WHEN a.sp_precision = '-3' THEN cast(a.sales_price as float)/100000\n\t\t\t\t\t   WHEN a.sp_precision = '-4' THEN cast(a.sales_price as float)/1000000\n\t\t\t\t\t   WHEN a.sp_precision = '0' THEN cast(a.sales_price as float)/100\n\t\t\t\t\t   WHEN a.sp_precision = '1' THEN cast(a.sales_price as float)*1000\n\t\t\t\tELSE cast(a.sales_price as float)   END AS sales_price_1 -- final value\n\t\t\t\t\n\t\t\t\tfrom promotion a\n\t\t\t\tjoin stg_ebs_main_service_2 b\n\t\t\t\ton CAST(a.subs_id as varchar)= b.prod_id\n\t\t\t\tand b.entitlements_data = split_part(a.zone_code,'|',1)\n\t\t\t\tand concat(b.agreement_limit,b.agreement_time_unit) = split_part(a.zone_code,'|',2)\n\t\t\t\twhere a.param_code = 'MRC' \n                and a.std_value > '0'\n)\n\n\nSELECT a.legacy_id__c||'_MRC' \t\tAS LEGACY_ID\n\t  ,a.Id \t\t\t\t\t\tAS csord__Service__c\n      ,a.pc_type       \t\t\t\tAS pc_type\n\t  \n\t  ,TO_DATE(b.contract_eff_date,'DD-MM-YYYY')\t\t\tAS csord__Start_Date__c\n\t  ,TO_DATE(b.contract_exp_date,'DD-MM-YYYY')\t\t\tAS csord__End_Date__c\n\t  \t  \n\t  , ''\t\t\t    \t\t\tAS csord__Discount_Value__c\t   \n\t  \n\t  ,b.std_value_1\t\t\t\tAS csord__Price_Before_Discount__c\n\t  ,'0' \t        \t\t\t\tAS csord__Discounted_Amount__c\t \n\t  ,b.std_value_1 \t\t\t\tAS csord__Total_Price__c\n\n\n\t,CASE \tWHEN b.val_type = 'P' then 'Percentage'\n\t\t\tWHEN b.val_type = 'A' then 'Amount' \t\t\t\t\t\n\t\t\tELSE '' END                \tAS csord__Discount_Type__c\t\n\n      ,'' \t\t\t\t\t\t\tAS CreatedById\n      ,'' \t\t\t\t\t\t\tAS LastModifiedById\n      ,'' \t\t\t\t\t\t\tAS csord__duration__c\n\t  ,'' \t\t\t\t\t\t    AS csord__offset__c\n      \n      ,'TBD' \t\t\t\t\t\tAS csord__Identification__c\n      ,'true' \t\t\t\t\t\tAS csord__Is_Active__c\n      ,'true' \t\t\t\t\t\tAS csord__Is_Recurring__c\n      ,'SGD' \t\t\t\t\t\tAS CurrencyIsoCode\n      ,'Charge' \t\t\t\t\tAS csord__line_item_type__c\n     -- ,'Monthly Recurring Charge' \tAS Name\n      ,b.param_name      \t\t\tAS Name\n      \n      ,'false' \t\t\t\t\t\tAS csordtelcoa__Cancelled_By_Change_Process__c\n      ,'' \t\t\t\t\t\t\tAS csord__Order_Request__c\n      ,'' \t\t\t\t\t\t\tAS csord__sequence__c\n\nFROM\ntgt_sf_service a\njoin MRC b\non CAST(a.legacy_id__c AS BIGINT) = b.subs_id\nwhere a.Id is not null\nand a.pc_type not like '%ITX%'\nand a.pc_type not like '%Microsoft%'\n\nUNION ALL\n\nSELECT a.legacy_id__c||'_MRC' \t\tAS LEGACY_ID\n\t  ,a.Id \t\t\t\t\t\tAS csord__Service__c\n      ,a.pc_type       \t\t\t\tAS pc_type\n\t  \n\t  ,TO_DATE(b.contract_eff_date,'DD-MM-YYYY')\t\t\tAS csord__Start_Date__c\n\t  ,TO_DATE(b.contract_exp_date,'DD-MM-YYYY')\t\t\tAS csord__End_Date__c\n\t  \t  \n\t  , ''\t\t\t    \t\t\tAS csord__Discount_Value__c\t   \n\t  \n\t  ,b.std_value_1\t\t\t\tAS csord__Price_Before_Discount__c\n\t  ,'0' \t        \t\t\t\tAS csord__Discounted_Amount__c\t \n\t  ,b.std_value_1 \t\t\t\tAS csord__Total_Price__c\n\n\n\t,CASE \tWHEN b.val_type = 'P' then 'Percentage'\n\t\t\tWHEN b.val_type = 'A' then 'Amount' \t\t\t\t\t\n\t\t\tELSE '' END                \tAS csord__Discount_Type__c\t\n\n      ,'' \t\t\t\t\t\t\tAS CreatedById\n      ,'' \t\t\t\t\t\t\tAS LastModifiedById\n      ,'' \t\t\t\t\t\t\tAS csord__duration__c\n\t  ,'' \t\t\t\t\t\t    AS csord__offset__c\n      \n      ,'TBD' \t\t\t\t\t\tAS csord__Identification__c\n      ,'true' \t\t\t\t\t\tAS csord__Is_Active__c\n      ,'true' \t\t\t\t\t\tAS csord__Is_Recurring__c\n      ,'SGD' \t\t\t\t\t\tAS CurrencyIsoCode\n      ,'Charge' \t\t\t\t\tAS csord__line_item_type__c\n     -- ,'Monthly Recurring Charge' \tAS Name\n      ,b.param_name      \t\t\tAS Name\n      \n      ,'false' \t\t\t\t\t\tAS csordtelcoa__Cancelled_By_Change_Process__c\n      ,'' \t\t\t\t\t\t\tAS csord__Order_Request__c\n      ,'' \t\t\t\t\t\t\tAS csord__sequence__c\n\nFROM\ntgt_sf_service a\njoin BWB_MRC b\non CAST(a.legacy_id__c AS BIGINT) = b.subs_id\nwhere a.Id is not null\nand a.pc_type like '%ITX%'","isFileList":false,"handleSpecialChars":false,"handleDecimalRoundOff":false,"frsAsset":false,"dynamicFileName":false,"excludeDynamicFileNameField":false,"currentlyProcessedFileName":false,"retainFieldMetadata":false,"objectName":"DUMMY_Promotion_MRC","useExactSrcNames":false,"tgtObjectAttributes":{},"runtimeParameterData":{"@type":"mtTaskRuntimeParameterData","isConnectionRuntimeParameter":false,"isObjectRuntimeParameter":false},"overridableProperties":[],"overriddenFields":[]},{"@type":"mtTaskParameter","id":1317833,"name":"$Promotion_MRC_Discount$","type":"SOURCE","label":"Promotion_MRC_Discount","uiProperties":{"connectionParameterized":"false","isSelectDistinct":"false","objectParameterized":"false","visible":"false","originalPath":"Promotion_MRC_Discount"},"sourceConnectionId":"@0aa38HfbIjadqoKlbnU14y","sourceObject":"DUMMY_Promotion_MRC_Discount","newFlatFile":false,"newObject":false,"showBusinessNames":false,"naturalOrder":true,"truncateTarget":false,"bulkApiDBTarget":false,"customFuncCfg":{"@type":"customFuncConfig","id":-1,"connections":[],"inputMap":[],"outputFields":[]},"targetRefsV2":{},"targetUpdateColumns":[],"runtimeAttrs":{},"isRESTModernSource":true,"customQuery":"WITH MRC AS (SELECT subs_id\n\t\t\t\t,contract_eff_date\n\t\t\t\t,contract_exp_date\n\t\t\t\t,((date_part('year',CAST(contract_exp_date as date)) - date_part('year',CAST(contract_eff_date as date)))*12 \n\t\t\t   + (date_part('month',CAST(contract_exp_date as date)) - date_part('month',CAST(contract_eff_date as date))))\n\t              AS duration\n\t\t\t\t,param_code\n                ,param_name\n\n\t\t\t\t,seq\n\t\t\t\t,std_value -- before discount value\n\t\t\t\t,discount_amt -- discount amount\n\t\t\t\t,sales_price -- final value\n\t\t\t\t,val_type\n\t\t\t\t,discount_per -- discount value\n\t\t\t\t\n\t\t\t\t,value\n\t\t\t\t, CASE WHEN val_type = 'A' AND std_rate_precision = '-1' THEN cast(value as float)/1000\n\t\t\t\t\t   WHEN val_type = 'A' AND std_rate_precision = '-2' THEN cast(value as float)/10000\n\t\t\t\t\t   WHEN val_type = 'A' AND std_rate_precision = '-3' THEN cast(value as float)/100000\n\t\t\t\t\t   WHEN val_type = 'A' AND std_rate_precision = '-4' THEN cast(value as float)/1000000\n\t\t\t\t\t   WHEN val_type = 'A' AND std_rate_precision = '0' THEN cast(value as float)/100\n\t\t\t\t\t   WHEN val_type = 'A' AND std_rate_precision = '1' THEN cast(value as float)*1000\n\t\t\t\tELSE   cast(value as float)   END AS value_1 \n\t\t\t\t\n\t\t\t\t,std_value\n\t\t\t\t, CASE WHEN std_rate_precision = '-1' \tTHEN cast(std_value as float)/1000\n\t\t\t\t\t   WHEN std_rate_precision = '-2' \tTHEN cast(std_value as float)/10000\t\t\t\t \n\t\t\t\t\t   WHEN std_rate_precision = '-3' \tTHEN cast(std_value as float)/100000\n\t\t\t\t\t   WHEN std_rate_precision = '-4' \tTHEN cast(std_value as float)/1000000\n\t\t\t\t\t   WHEN std_rate_precision = '0' \tTHEN cast(std_value as float)/100\n\t\t\t\t\t   WHEN std_rate_precision = '1' \tTHEN cast(std_value as float)*1000\n\t\t\t\tELSE cast(std_value as float)  END AS std_value_1 -- before discount value\n\n\t\t\t\t,discount_amt\n\t\t\t\t, CASE WHEN sp_precision = '-1' THEN cast(discount_amt as float)/1000\n\t\t\t\t\t   WHEN sp_precision = '-2' THEN cast(discount_amt as float)/10000\n\t\t\t\t\t   WHEN sp_precision = '-3' THEN cast(discount_amt as float)/100000\n\t\t\t\t\t   WHEN sp_precision = '-4' THEN cast(discount_amt as float)/1000000\n\t\t\t\t\t   WHEN sp_precision = '0' \tTHEN cast(discount_amt as float)/100\n\t\t\t\t\t   WHEN sp_precision = '1' \tTHEN cast(discount_amt as float)*1000\n\t\t\t\tELSE cast(discount_amt as float) END AS discount_amt_1 -- discount amount\n\n\t\t\t\t,sales_price\n\t\t\t\t, CASE WHEN sp_precision = '-1' THEN cast(sales_price as float)/1000\n\t\t\t\t\t   WHEN sp_precision = '-2' THEN cast(sales_price as float)/10000\n\t\t\t\t\t   WHEN sp_precision = '-3' THEN cast(sales_price as float)/100000\n\t\t\t\t\t   WHEN sp_precision = '-4' THEN cast(sales_price as float)/1000000\n\t\t\t\t\t   WHEN sp_precision = '0' THEN cast(sales_price as float)/100\n\t\t\t\t\t   WHEN sp_precision = '1' THEN cast(sales_price as float)*1000\n\t\t\t\tELSE cast(sales_price as float)   END AS sales_price_1 -- final value\n\n\t\t\t\t\n\t\t\t\t\n\t\t  FROM promotion  \n          WHERE param_code = 'MRC'\n\t\t  and  discount_amt > '0'\n\t\t  )\n\n\n, BWB_MRC as (\n\n\t\t\t\tselect \n\t\t\t\t a.subs_id\n\t\t\t\t,a.contract_eff_date\n\t\t\t\t,a.contract_exp_date\n\t\t\t\t,a.param_code\n                ,a.param_name\n\t\t\t\t,a.seq\n\t\t\t\t,a.val_type\n\t\t\t\t,a.discount_per -- discount value\t\t\t\n\t\t\t\t\n\t\t\t\t,((date_part('year',CAST(a.contract_exp_date as date)) - date_part('year',CAST(a.contract_eff_date as date)))*12 \n\t\t\t   + (date_part('month',CAST(a.contract_exp_date as date)) - date_part('month',CAST(a.contract_eff_date as date))))\n\t              AS duration\n\t\t\t\t\n\t\t\t\t\n\t\t\t\t,a.value\n\t\t\t\t, CASE WHEN a.val_type = 'A' AND a.std_rate_precision = '-1' THEN cast(a.value as float)/1000\n\t\t\t\t\t   WHEN a.val_type = 'A' AND a.std_rate_precision = '-2' THEN cast(a.value as float)/10000\n\t\t\t\t\t   WHEN a.val_type = 'A' AND a.std_rate_precision = '-3' THEN cast(a.value as float)/100000\n\t\t\t\t\t   WHEN a.val_type = 'A' AND a.std_rate_precision = '-4' THEN cast(a.value as float)/1000000\n\t\t\t\t\t   WHEN a.val_type = 'A' AND a.std_rate_precision = '0' THEN cast(a.value as float)/100\n\t\t\t\t\t   WHEN a.val_type = 'A' AND a.std_rate_precision = '1' THEN cast(a.value as float)*1000\n\t\t\t\tELSE   cast(a.value as float)   END AS value_1 \n\t\t\t\t\n\t\t\t\t,a.std_value\n\t\t\t\t, CASE WHEN a.std_rate_precision = '-1' \tTHEN cast(a.std_value as float)/1000\n\t\t\t\t\t   WHEN a.std_rate_precision = '-2' \tTHEN cast(a.std_value as float)/10000\t\t\t\t \n\t\t\t\t\t   WHEN a.std_rate_precision = '-3' \tTHEN cast(a.std_value as float)/100000\n\t\t\t\t\t   WHEN a.std_rate_precision = '-4' \tTHEN cast(a.std_value as float)/1000000\n\t\t\t\t\t   WHEN a.std_rate_precision = '0' \tTHEN cast(a.std_value as float)/100\n\t\t\t\t\t   WHEN a.std_rate_precision = '1' \tTHEN cast(a.std_value as float)*1000\n\t\t\t\tELSE cast(a.std_value as float)  END AS std_value_1 -- before discount value\n\n\t\t\t\t,a.discount_amt\n\t\t\t\t, CASE WHEN a.sp_precision = '-1' THEN cast(a.discount_amt as float)/1000\n\t\t\t\t\t   WHEN a.sp_precision = '-2' THEN cast(a.discount_amt as float)/10000\n\t\t\t\t\t   WHEN a.sp_precision = '-3' THEN cast(a.discount_amt as float)/100000\n\t\t\t\t\t   WHEN a.sp_precision = '-4' THEN cast(a.discount_amt as float)/1000000\n\t\t\t\t\t   WHEN a.sp_precision = '0' \tTHEN cast(a.discount_amt as float)/100\n\t\t\t\t\t   WHEN a.sp_precision = '1' \tTHEN cast(a.discount_amt as float)*1000\n\t\t\t\tELSE cast(a.discount_amt as float) END AS discount_amt_1 -- discount amount\n\n\t\t\t\t,a.sales_price\n\t\t\t\t, CASE WHEN a.sp_precision = '-1' THEN cast(a.sales_price as float)/1000\n\t\t\t\t\t   WHEN a.sp_precision = '-2' THEN cast(a.sales_price as float)/10000\n\t\t\t\t\t   WHEN a.sp_precision = '-3' THEN cast(a.sales_price as float)/100000\n\t\t\t\t\t   WHEN a.sp_precision = '-4' THEN cast(a.sales_price as float)/1000000\n\t\t\t\t\t   WHEN a.sp_precision = '0' THEN cast(a.sales_price as float)/100\n\t\t\t\t\t   WHEN a.sp_precision = '1' THEN cast(a.sales_price as float)*1000\n\t\t\t\tELSE cast(a.sales_price as float)   END AS sales_price_1 -- final value\n\t\t\t\t\n\t\t\t\tfrom promotion a\n\t\t\t\tjoin stg_ebs_main_service_2 b\n\t\t\t\ton CAST(a.subs_id as varchar)= b.prod_id\n\t\t\t\tand b.entitlements_data = split_part(a.zone_code,'|',1)\n\t\t\t\tand concat(b.agreement_limit,b.agreement_time_unit) = split_part(a.zone_code,'|',2)\n\t\t\t\twhere a.param_code = 'MRC' \n                and a.std_value > '0'\n)\n\n\nSELECT a.legacy_id__c||'_MRC_Discount' \t\tAS LEGACY_ID\n\t  ,a.\"Id\" \t\t\t\t\t\t\t\tAS csord__Service__c\n         ,a.pc_type               \t\t\tAS pc_type\n\t  \n\t  ,b.contract_eff_date\t\t\t\t\tAS csord__Start_Date__c\n\t  ,b.contract_exp_date\t\t\t\t\tAS csord__End_Date__c\n\t  ,'-'||b.discount_amt_1 \t\t\t\tAS csord__Total_Price__c\n\t  ,b.discount_amt_1\t \t\t\t\t\tAS csord__Discount_Value__c\n\t  ,'0'\t\t\t\t\t\t\t\t\tAS csord__Discounted_Amount__c\n\t  ,'0'\t\t\t\t\t\t\t\t\tAS csord__Price_Before_Discount__c\n     ,CASE WHEN b.val_type = 'P' then 'Percentage'\n      WHEN b.val_type = 'A' then 'Amount' \t\t\t\t\t\n\t ELSE '' END                \t\t\tAS csord__Discount_Type__c\t\n\t\n      ,'' \t\t\t\t\t\t\t\t\tAS CreatedById\n      ,'' \t\t\t\t\t\t\t\t\tAS LastModifiedById\n      ,b.duration\t\t\t\t\t\t\tAS csord__duration__c\n      ,'' \t\t\t\t\t\t\t\t\tAS csord__Identification__c\n      ,'true' \t\t\t\t\t\t\t\tAS csord__Is_Active__c\n      ,'true' \t\t\t\t\t\t\t\tAS csord__Is_Recurring__c\n      ,'SGD' \t\t\t\t\t\t\t\tAS CurrencyIsoCode\n      ,'Discount Charge' \t\t\t\t\tAS csord__line_item_type__c\n      --,'Monthly Recurring Discount Charge' \tAS Name\n     ,b.param_name||'_Discount Charge'     \t\t\t\t\t\tAS Name\n      \n      ,'false' \t\t\t\t\t\t\t\tAS csordtelcoa__Cancelled_By_Change_Process__c\n      ,'' \t\t\t\t\t\t\t\t\tAS csord__offset__c\n      ,'' \t\t\t\t\t\t\t\t\tAS csord__Order_Request__c\n      ,'' \t\t\t\t\t\t\t\t\tAS csord__sequence__c\n\nFROM\ntgt_sf_service a\njoin MRC b\non CAST(a.legacy_id__c AS BIGINT) = b.subs_id\nwhere a.\"Id\" is not null\nand a.pc_type not like '%ITX%'\nand a.pc_type not like '%Microsoft%'\n\nUNION ALL \n\nSELECT a.legacy_id__c||'_MRC_Discount' \t\tAS LEGACY_ID\n\t  ,a.\"Id\" \t\t\t\t\t\t\t\tAS csord__Service__c\n         ,a.pc_type               \t\t\tAS pc_type\n\t  \n\t  ,b.contract_eff_date\t\t\t\t\tAS csord__Start_Date__c\n\t  ,b.contract_exp_date\t\t\t\t\tAS csord__End_Date__c\n\t  ,'-'||b.discount_amt_1 \t\t\t\tAS csord__Total_Price__c\n\t  ,b.discount_amt_1\t \t\t\t\t\tAS csord__Discount_Value__c\n\t  ,'0'\t\t\t\t\t\t\t\t\tAS csord__Discounted_Amount__c\n\t  ,'0'\t\t\t\t\t\t\t\t\tAS csord__Price_Before_Discount__c\n     ,CASE WHEN b.val_type = 'P' then 'Percentage'\n      WHEN b.val_type = 'A' then 'Amount' \t\t\t\t\t\n\t ELSE '' END                \t\t\tAS csord__Discount_Type__c\t\n\t\n      ,'' \t\t\t\t\t\t\t\t\tAS CreatedById\n      ,'' \t\t\t\t\t\t\t\t\tAS LastModifiedById\n      ,b.duration\t\t\t\t\t\t\tAS csord__duration__c\n      ,'' \t\t\t\t\t\t\t\t\tAS csord__Identification__c\n      ,'true' \t\t\t\t\t\t\t\tAS csord__Is_Active__c\n      ,'true' \t\t\t\t\t\t\t\tAS csord__Is_Recurring__c\n      ,'SGD' \t\t\t\t\t\t\t\tAS CurrencyIsoCode\n      ,'Discount Charge' \t\t\t\t\tAS csord__line_item_type__c\n      --,'Monthly Recurring Discount Charge' \tAS Name\n     ,b.param_name||'_Discount Charge'     \t\t\t\t\t\tAS Name\n      \n      ,'false' \t\t\t\t\t\t\t\tAS csordtelcoa__Cancelled_By_Change_Process__c\n      ,'' \t\t\t\t\t\t\t\t\tAS csord__offset__c\n      ,'' \t\t\t\t\t\t\t\t\tAS csord__Order_Request__c\n      ,'' \t\t\t\t\t\t\t\t\tAS csord__sequence__c\n\nFROM\ntgt_sf_service a\njoin BWB_MRC b\non CAST(a.legacy_id__c AS BIGINT) = b.subs_id\nwhere a.\"Id\" is not null\nand a.pc_type like '%ITX%'","isFileList":false,"handleSpecialChars":false,"handleDecimalRoundOff":false,"frsAsset":false,"dynamicFileName":false,"excludeDynamicFileNameField":false,"currentlyProcessedFileName":false,"retainFieldMetadata":false,"objectName":"DUMMY_Promotion_MRC_Discount","useExactSrcNames":false,"tgtObjectAttributes":{},"runtimeParameterData":{"@type":"mtTaskRuntimeParameterData","isConnectionRuntimeParameter":false,"isObjectRuntimeParameter":false},"overridableProperties":[],"overriddenFields":[]},{"@type":"mtTaskParameter","id":1317834,"name":"$Promotion_OTC$","type":"SOURCE","label":"Promotion_OTC","uiProperties":{"connectionParameterized":"false","isSelectDistinct":"false","objectParameterized":"false","visible":"false","originalPath":"Promotion_OTC"},"sourceConnectionId":"@0aa38HfbIjadqoKlbnU14y","sourceObject":"DUMMY_Promotion_OTC","newFlatFile":false,"newObject":false,"showBusinessNames":false,"naturalOrder":true,"truncateTarget":false,"bulkApiDBTarget":false,"customFuncCfg":{"@type":"customFuncConfig","id":-1,"connections":[],"inputMap":[],"outputFields":[]},"targetRefsV2":{},"targetUpdateColumns":[],"runtimeAttrs":{},"isRESTModernSource":true,"customQuery":"WITH MRC AS (SELECT subs_id\t\t\n\t\t\t\t\n\t\t  FROM promotion  \n          WHERE param_code = 'MRC'\n\t\t  and std_value = '0'\n\t\t  )\n\t\t \n,MRC_NZ AS (SELECT subs_id\t\t\n\t\t\t\t\n\t\t  FROM promotion  \n          WHERE param_code = 'MRC'\n\t\t  and std_value > '0'\n\t\t  )\t\t  \n\t\t  \n\n,OTC AS (SELECT subs_id\n\t\t\t\t,contract_eff_date\n\t\t\t\t,contract_exp_date\n\t\t\t\t,param_code\n\t\t\t\t,param_name\n\t\t\t\t,seq\n\t\t\t\t,val_type\n\t\t\t\t,discount_per -- discount value\n\t\t\t\t\n\t\t\t\t,value\n\t\t\t\t, CASE WHEN val_type = 'A' AND std_rate_precision = '-1' THEN cast(value as float)/1000\n\t\t\t\t\t   WHEN val_type = 'A' AND std_rate_precision = '-2' THEN cast(value as float)/10000\n\t\t\t\t\t   WHEN val_type = 'A' AND std_rate_precision = '-3' THEN cast(value as float)/100000\n\t\t\t\t\t   WHEN val_type = 'A' AND std_rate_precision = '-4' THEN cast(value as float)/1000000\n\t\t\t\t\t   WHEN val_type = 'A' AND std_rate_precision = '0' THEN cast(value as float)/100\n\t\t\t\t\t   WHEN val_type = 'A' AND std_rate_precision = '1' THEN cast(value as float)*1000\n\t\t\t\tELSE   cast(value as float)   END AS value_1 \n\t\t\t\t\n\t\t\t\t,std_value\n\t\t\t\t, CASE WHEN std_rate_precision = '-1' \tTHEN cast(std_value as float)/1000\n\t\t\t\t\t   WHEN std_rate_precision = '-2' \tTHEN cast(std_value as float)/10000\t\t\t\t \n\t\t\t\t\t   WHEN std_rate_precision = '-3' \tTHEN cast(std_value as float)/100000\n\t\t\t\t\t   WHEN std_rate_precision = '-4' \tTHEN cast(std_value as float)/1000000\n\t\t\t\t\t   WHEN std_rate_precision = '0' \tTHEN cast(std_value as float)/100\n\t\t\t\t\t   WHEN std_rate_precision = '1' \tTHEN cast(std_value as float)*1000\n\t\t\t\tELSE cast(std_value as float)  END AS std_value_1 -- before discount value\n\n\t\t\t\t,discount_amt\n\t\t\t\t, CASE WHEN sp_precision = '-1' THEN cast(discount_amt as float)/1000\n\t\t\t\t\t   WHEN sp_precision = '-2' THEN cast(discount_amt as float)/10000\n\t\t\t\t\t   WHEN sp_precision = '-3' THEN cast(discount_amt as float)/100000\n\t\t\t\t\t   WHEN sp_precision = '-4' THEN cast(discount_amt as float)/1000000\n\t\t\t\t\t   WHEN sp_precision = '0' \tTHEN cast(discount_amt as float)/100\n\t\t\t\t\t   WHEN sp_precision = '1' \tTHEN cast(discount_amt as float)*1000\n\t\t\t\tELSE cast(discount_amt as float) END AS discount_amt_1 -- discount amount\n\n\t\t\t\t,sales_price\n\t\t\t\t, CASE WHEN sp_precision = '-1' THEN cast(sales_price as float)/1000\n\t\t\t\t\t   WHEN sp_precision = '-2' THEN cast(sales_price as float)/10000\n\t\t\t\t\t   WHEN sp_precision = '-3' THEN cast(sales_price as float)/100000\n\t\t\t\t\t   WHEN sp_precision = '-4' THEN cast(sales_price as float)/1000000\n\t\t\t\t\t   WHEN sp_precision = '0' THEN cast(sales_price as float)/100\n\t\t\t\t\t   WHEN sp_precision = '1' THEN cast(sales_price as float)*1000\n\t\t\t\tELSE cast(sales_price as float)   END AS sales_price_1 -- final value\n\t\t\t\t\n\t\t  FROM promotion  \n          WHERE param_code = 'OTC')\n\n,BWB_OTC AS (SELECT a.subs_id\n\t\t\t\t,a.contract_eff_date\n\t\t\t\t,a.contract_exp_date\n\t\t\t\t,a.param_code\n                ,a.param_name\n\t\t\t\t,a.seq\n\t\t\t\t,a.val_type\n\t\t\t\t,a.discount_per -- discount value\n\t\t\t\t\n\t\t\t\t,a.value\n\t\t\t\t, CASE WHEN a.val_type = 'A' AND a.std_rate_precision = '-1' THEN cast(a.value as float)/1000\n\t\t\t\t\t   WHEN a.val_type = 'A' AND a.std_rate_precision = '-2' THEN cast(a.value as float)/10000\n\t\t\t\t\t   WHEN a.val_type = 'A' AND a.std_rate_precision = '-3' THEN cast(a.value as float)/100000\n\t\t\t\t\t   WHEN a.val_type = 'A' AND a.std_rate_precision = '-4' THEN cast(a.value as float)/1000000\n\t\t\t\t\t   WHEN a.val_type = 'A' AND a.std_rate_precision = '0' THEN cast(a.value as float)/100\n\t\t\t\t\t   WHEN a.val_type = 'A' AND a.std_rate_precision = '1' THEN cast(a.value as float)*1000\n\t\t\t\tELSE   cast(a.value as float)   END AS value_1 \n\t\t\t\t\n\t\t\t\t,a.std_value\n\t\t\t\t, CASE WHEN a.std_rate_precision = '-1' \tTHEN cast(a.std_value as float)/1000\n\t\t\t\t\t   WHEN a.std_rate_precision = '-2' \tTHEN cast(a.std_value as float)/10000\t\t\t\t \n\t\t\t\t\t   WHEN a.std_rate_precision = '-3' \tTHEN cast(a.std_value as float)/100000\n\t\t\t\t\t   WHEN a.std_rate_precision = '-4' \tTHEN cast(a.std_value as float)/1000000\n\t\t\t\t\t   WHEN a.std_rate_precision = '0' \tTHEN cast(a.std_value as float)/100\n\t\t\t\t\t   WHEN a.std_rate_precision = '1' \tTHEN cast(a.std_value as float)*1000\n\t\t\t\tELSE cast(a.std_value as float)  END AS std_value_1 -- before discount value\n\n\t\t\t\t,a.discount_amt\n\t\t\t\t, CASE WHEN a.sp_precision = '-1' THEN cast(a.discount_amt as float)/1000\n\t\t\t\t\t   WHEN a.sp_precision = '-2' THEN cast(a.discount_amt as float)/10000\n\t\t\t\t\t   WHEN a.sp_precision = '-3' THEN cast(a.discount_amt as float)/100000\n\t\t\t\t\t   WHEN a.sp_precision = '-4' THEN cast(a.discount_amt as float)/1000000\n\t\t\t\t\t   WHEN a.sp_precision = '0' \tTHEN cast(a.discount_amt as float)/100\n\t\t\t\t\t   WHEN a.sp_precision = '1' \tTHEN cast(a.discount_amt as float)*1000\n\t\t\t\tELSE cast(a.discount_amt as float) END AS discount_amt_1 -- discount amount\n\n\t\t\t\t,a.sales_price\n\t\t\t\t, CASE WHEN a.sp_precision = '-1' THEN cast(a.sales_price as float)/1000\n\t\t\t\t\t   WHEN a.sp_precision = '-2' THEN cast(a.sales_price as float)/10000\n\t\t\t\t\t   WHEN a.sp_precision = '-3' THEN cast(a.sales_price as float)/100000\n\t\t\t\t\t   WHEN a.sp_precision = '-4' THEN cast(a.sales_price as float)/1000000\n\t\t\t\t\t   WHEN a.sp_precision = '0' THEN cast(a.sales_price as float)/100\n\t\t\t\t\t   WHEN a.sp_precision = '1' THEN cast(a.sales_price as float)*1000\n\t\t\t\tELSE cast(a.sales_price as float)   END AS sales_price_1 -- final value\n\t\t\t\t\n\t\t  FROM   promotion a\n\t\t\t\tjoin stg_ebs_main_service_2 b\n\t\t\t\ton CAST(a.subs_id as varchar)= b.prod_id\n\t\t\t\tand b.entitlements_data = split_part(a.zone_code,'|',1)\n\t\t\t\tand concat(b.agreement_limit,b.agreement_time_unit) = split_part(a.zone_code,'|',2)\n\t\t\t\twhere a.param_code = 'OTC' \n\t\t  \n\t\t  )\t\t\n\t\t  \n\t\t  \n,OTC_SURV AS ( SELECT a.*\n\t\t\t   FROM OTC a\n\t\t\t   WHERE (a.std_value = '0' AND a.subs_id IN (SELECT subs_id from MRC) AND a.subs_id NOT IN (SELECT subs_id from MRC_NZ))\n\t\t\t   OR a.std_value > '0'\n\t\t\t )\n\n,BWB_OTC_SURV AS ( SELECT a.*\n\t\t\t   FROM BWB_OTC a\n\t\t\t   WHERE (a.std_value = '0' AND a.subs_id IN (SELECT subs_id from MRC) AND a.subs_id NOT IN (SELECT subs_id from MRC_NZ))\n\t\t\t   OR a.std_value > '0'\n\t\t\t )\t\t\t \n\n\nSELECT a.legacy_id__c||'_OTC' \t\tAS LEGACY_ID\n\t  ,a.\"Id\" \t\t\t\t\t\tAS csord__Service__c\n,a.pc_type    AS pc_type\n\t  \n\t  ,b.contract_eff_date\t\t\tAS csord__Start_Date__c\n\t  ,b.contract_exp_date\t\t\tAS csord__End_Date__c\n  \n \n\t  , ''\t\t\t    \t\t\tAS csord__Discount_Value__c\t   \n\t  \n\t  ,b.std_value_1\t\t\t\tAS csord__Price_Before_Discount__c\n\t  ,'0' \t        \t\t\t\tAS csord__Discounted_Amount__c\t \n\t  ,b.std_value_1 \t\t\t\tAS csord__Total_Price__c\n  \n\n\t,CASE \tWHEN b.val_type = 'P' then 'Percentage'\n\t\t\tWHEN b.val_type = 'A' then 'Amount' \t\t\t\t\t\n\t\t\tELSE '' END                \tAS csord__Discount_Type__c\t\t  \n\n\t\n      ,'' \t\t\t\t\t\t\tAS CreatedById\n      ,'' \t\t\t\t\t\t\tAS LastModifiedById\n      ,'' \t\t\t\t\t\t\tAS csord__duration__c\n\t  ,'' \t\t\t\t\t\t    AS csord__offset__c\n      \n      ,'' \t\t\t\t\t\t\tAS csord__Identification__c\n      ,'true' \t\t\t\t\t\tAS csord__Is_Active__c\n      ,'false' \t\t\t\t\t\tAS csord__Is_Recurring__c\n      ,'SGD' \t\t\t\t\t\tAS CurrencyIsoCode\n      ,'Charge' \t\t\t\t\tAS csord__line_item_type__c\n     -- ,'One Time Charge' \t\t\tAS Name\n\t  ,b.param_name    \t\t\t\tAS Name\n      \n      ,'false' \t\t\t\t\t\tAS csordtelcoa__Cancelled_By_Change_Process__c\n     \n      ,'' \t\t\t\t\t\tAS csord__Order_Request__c\n      ,'' \t\t\t\t\t\tAS csord__sequence__c\n\nFROM\ntgt_sf_service a\njoin OTC_SURV b\non CAST(a.legacy_id__c AS BIGINT) = b.subs_id\nwhere a.\"Id\" is not null\nand a.pc_type not like '%ITX%'\nand a.pc_type not like '%Microsoft%'\n\nUNION ALL\n\nSELECT a.legacy_id__c||'_OTC' \t\tAS LEGACY_ID\n\t  ,a.\"Id\" \t\t\t\t\t\tAS csord__Service__c\n,a.pc_type    AS pc_type\n\t  \n\t  ,b.contract_eff_date\t\t\tAS csord__Start_Date__c\n\t  ,b.contract_exp_date\t\t\tAS csord__End_Date__c\n  \n \n\t  , ''\t\t\t    \t\t\tAS csord__Discount_Value__c\t   \n\t  \n\t  ,b.std_value_1\t\t\t\tAS csord__Price_Before_Discount__c\n\t  ,'0' \t        \t\t\t\tAS csord__Discounted_Amount__c\t \n\t  ,b.std_value_1 \t\t\t\tAS csord__Total_Price__c\n  \n\n\t,CASE \tWHEN b.val_type = 'P' then 'Percentage'\n\t\t\tWHEN b.val_type = 'A' then 'Amount' \t\t\t\t\t\n\t\t\tELSE '' END                \tAS csord__Discount_Type__c\t\t  \n\n\t\n      ,'' \t\t\t\t\t\t\tAS CreatedById\n      ,'' \t\t\t\t\t\t\tAS LastModifiedById\n      ,'' \t\t\t\t\t\t\tAS csord__duration__c\n\t  ,'' \t\t\t\t\t\t    AS csord__offset__c\n      \n      ,'' \t\t\t\t\t\t\tAS csord__Identification__c\n      ,'true' \t\t\t\t\t\tAS csord__Is_Active__c\n      ,'false' \t\t\t\t\t\tAS csord__Is_Recurring__c\n      ,'SGD' \t\t\t\t\t\tAS CurrencyIsoCode\n      ,'Charge' \t\t\t\t\tAS csord__line_item_type__c\n     -- ,'One Time Charge' \t\t\tAS Name\n\t  ,b.param_name    \t\t\t\tAS Name\n      \n      ,'false' \t\t\t\t\t\tAS csordtelcoa__Cancelled_By_Change_Process__c\n     \n      ,'' \t\t\t\t\t\tAS csord__Order_Request__c\n      ,'' \t\t\t\t\t\tAS csord__sequence__c\n\nFROM\ntgt_sf_service a\njoin BWB_OTC_SURV b\non CAST(a.legacy_id__c AS BIGINT) = b.subs_id\nwhere a.\"Id\" is not null\nand a.pc_type  like '%ITX%'","isFileList":false,"handleSpecialChars":false,"handleDecimalRoundOff":false,"frsAsset":false,"dynamicFileName":false,"excludeDynamicFileNameField":false,"currentlyProcessedFileName":false,"retainFieldMetadata":false,"objectName":"DUMMY_Promotion_OTC","useExactSrcNames":false,"tgtObjectAttributes":{},"runtimeParameterData":{"@type":"mtTaskRuntimeParameterData","isConnectionRuntimeParameter":false,"isObjectRuntimeParameter":false},"overridableProperties":[],"overriddenFields":[]},{"@type":"mtTaskParameter","id":1317835,"name":"$Quotation_MRC$","type":"SOURCE","label":"Quotation_MRC","uiProperties":{"connectionParameterized":"false","isSelectDistinct":"false","objectParameterized":"false","visible":"false","originalPath":"Quotation_MRC"},"sourceConnectionId":"@0aa38HfbIjadqoKlbnU14y","sourceObject":"DUMMY_Quotation_MRC","newFlatFile":false,"newObject":false,"showBusinessNames":false,"naturalOrder":true,"truncateTarget":false,"bulkApiDBTarget":false,"customFuncCfg":{"@type":"customFuncConfig","id":-1,"connections":[],"inputMap":[],"outputFields":[]},"targetRefsV2":{},"targetUpdateColumns":[],"runtimeAttrs":{},"isRESTModernSource":true,"customQuery":"WITH MRC AS (SELECT subs_id\n\t\t\t\t,contract_eff_date\n\t\t\t\t,contract_exp_date\n\t\t\t\t,col_name\n\t\t\t\t,seq\n                ,param_name\n\n\t\n\t\t\t\t,def_value\n\t\t\t\t, CASE WHEN rate_precision = '-1' THEN cast(def_value as float)/1000\n\t\t\t\t\t   WHEN rate_precision = '-2' THEN cast(def_value as float)/10000\n\t\t\t\t\t   WHEN rate_precision = '-3' THEN cast(def_value as float)/100000\n\t\t\t\t\t   WHEN rate_precision = '-4' THEN cast(def_value as float)/1000000\n\t\t\t\t\t   WHEN rate_precision = '0' THEN cast(def_value as float)/100\n\t\t\t\t\t   WHEN rate_precision = '1' THEN cast(def_value as float)*1000\n\t\t\t\tELSE cast(def_value as float)   END AS def_value_1 --  before\n\t\n\t\t\t\t,sales_price\n\t\t\t\t, CASE WHEN sp_precision = '-1' THEN cast(sales_price as float)/1000\n\t\t\t\t\t   WHEN sp_precision = '-2' THEN cast(sales_price as float)/10000\n\t\t\t\t\t   WHEN sp_precision = '-3' THEN cast(sales_price as float)/100000\n\t\t\t\t\t   WHEN sp_precision = '-4' THEN cast(sales_price as float)/1000000\n\t\t\t\t\t   WHEN sp_precision = '0' THEN cast(sales_price as float)/100\n\t\t\t\t\t   WHEN sp_precision = '1' THEN cast(sales_price as float)*1000\n\t\t\t\tELSE cast(sales_price as float)   END AS sales_price_1 -- final value\n\t\t\t\t\n\t\t  FROM quotation  \n          WHERE col_name = 'MRC'\n            and def_value  > '0'\n)\n\n, BWB_MRC as (\n\n\t\t\t\tselect \n\t\t\t\t a.subs_id\n\t\t\t\t,a.contract_eff_date\n\t\t\t\t,a.contract_exp_date\n\t\t\t\t,a.col_name\n\t\t\t\t,a.seq\n                ,a.param_name\n\n\t\n\t\t\t\t,a.def_value\n\t\t\t\t, CASE WHEN a.rate_precision = '-1' THEN cast(a.def_value as float)/1000\n\t\t\t\t\t   WHEN a.rate_precision = '-2' THEN cast(a.def_value as float)/10000\n\t\t\t\t\t   WHEN a.rate_precision = '-3' THEN cast(a.def_value as float)/100000\n\t\t\t\t\t   WHEN a.rate_precision = '-4' THEN cast(a.def_value as float)/1000000\n\t\t\t\t\t   WHEN a.rate_precision = '0' THEN cast(a.def_value as float)/100\n\t\t\t\t\t   WHEN a.rate_precision = '1' THEN cast(a.def_value as float)*1000\n\t\t\t\tELSE cast(a.def_value as float)   END AS def_value_1 --  before\n\t\n\t\t\t\t,a.sales_price\n\t\t\t\t, CASE WHEN a.sp_precision = '-1' THEN cast(a.sales_price as float)/1000\n\t\t\t\t\t   WHEN a.sp_precision = '-2' THEN cast(a.sales_price as float)/10000\n\t\t\t\t\t   WHEN a.sp_precision = '-3' THEN cast(a.sales_price as float)/100000\n\t\t\t\t\t   WHEN a.sp_precision = '-4' THEN cast(a.sales_price as float)/1000000\n\t\t\t\t\t   WHEN a.sp_precision = '0' THEN cast(a.sales_price as float)/100\n\t\t\t\t\t   WHEN a.sp_precision = '1' THEN cast(a.sales_price as float)*1000\n\t\t\t\tELSE cast(a.sales_price as float)   END AS sales_price_1 -- final value\n\t\t\t\tfrom quotation a\n\t\t\t\tjoin stg_ebs_main_service_2 b\n\t\t\t\ton CAST(a.subs_id as varchar)= b.prod_id\n\t\t\t\tand b.entitlements_data = split_part(a.zone_code,'|',1)\n\t\t\t\tand concat(b.agreement_limit,b.agreement_time_unit) = split_part(a.zone_code,'|',2)\n\t\t\t\twhere a.col_name = 'MRC'\n                              and a.def_value  > '0'\n)\n\n\nSELECT a.legacy_id__c||'_MRC' \t\t\tAS LEGACY_ID\n\t  ,a.\"Id\" \t\t\t\t\t\t\tAS csord__Service__c\n      ,a.pc_type                    \tAS pc_type\n\t  \n\t  ,b.contract_eff_date\t\t\t\tAS csord__Start_Date__c\n\t  ,b.contract_exp_date\t\t\t\tAS csord__End_Date__c\n\n\t  ,b.def_value_1\t\t\t\t\tAS csord__Price_Before_Discount__c\n\t  ,b.def_value_1 - b.sales_price_1 \tAS csord__Discounted_Amount__c\t \n\t  ,''\t\t\t    \t            AS csord__Discount_Value__c\t  \n\t  ,b.sales_price_1 \t\t\t\t\tAS csord__Total_Price__c\n\n      ,''        \t                AS csord__Discount_Type__c\t\n\t\n      ,'' \t\t\t\t\t\t\tAS CreatedById\n      ,'' \t\t\t\t\t\t\tAS LastModifiedById\n      ,'' \t\t\t\t\t\t\tAS csord__duration__c\n\t   ,'' \t\t\t\t\t\t    AS csord__offset__c\n      \n      ,'' \t\t\t\t\t\t\tAS csord__Identification__c\n      ,'true' \t\t\t\t\t\tAS csord__Is_Active__c\n      ,'true' \t\t\t\t\t\tAS csord__Is_Recurring__c\n      ,'SGD' \t\t\t\t\t\tAS CurrencyIsoCode\n      ,'Charge' \t\t\t\t\tAS csord__line_item_type__c\n     -- ,'Monthly Recurring Charge' \tAS Name\n\t  ,b.param_name  \t\t\t\tAS Name\n      \n      ,'false' \t\t\t\t\t\tAS csordtelcoa__Cancelled_By_Change_Process__c\n     \n      ,'' \t\t\t\t\t\t\tAS csord__Order_Request__c\n      ,'' \t\t\t\t\t\t\tAS csord__sequence__c\n\nFROM\ntgt_sf_service a\njoin MRC b\non CAST(a.legacy_id__c AS BIGINT) = b.subs_id\nwhere a.\"Id\" is not null\nand a.pc_type not like '%ITX%'\nand a.pc_type not like '%Microsoft%'\n\nUNION ALL\n\n\nSELECT a.legacy_id__c||'_MRC' \t\t\tAS LEGACY_ID\n\t  ,a.\"Id\" \t\t\t\t\t\t\tAS csord__Service__c\n      ,a.pc_type                    \tAS pc_type\n\t  \n\t  ,b.contract_eff_date\t\t\t\tAS csord__Start_Date__c\n\t  ,b.contract_exp_date\t\t\t\tAS csord__End_Date__c\n\n\t  ,b.def_value_1\t\t\t\t\tAS csord__Price_Before_Discount__c\n\t  ,b.def_value_1 - b.sales_price_1 \tAS csord__Discounted_Amount__c\t \n\t  ,''\t\t\t    \t            AS csord__Discount_Value__c\t  \n\t  ,b.sales_price_1 \t\t\t\t\tAS csord__Total_Price__c\n\n      ,''        \t                AS csord__Discount_Type__c\t\n\t\n      ,'' \t\t\t\t\t\t\tAS CreatedById\n      ,'' \t\t\t\t\t\t\tAS LastModifiedById\n      ,'' \t\t\t\t\t\t\tAS csord__duration__c\n\t   ,'' \t\t\t\t\t\t    AS csord__offset__c\n      \n      ,'' \t\t\t\t\t\t\tAS csord__Identification__c\n      ,'true' \t\t\t\t\t\tAS csord__Is_Active__c\n      ,'true' \t\t\t\t\t\tAS csord__Is_Recurring__c\n      ,'SGD' \t\t\t\t\t\tAS CurrencyIsoCode\n      ,'Charge' \t\t\t\t\tAS csord__line_item_type__c\n     -- ,'Monthly Recurring Charge' \tAS Name\n\t  ,b.param_name  \t\t\t\tAS Name\n      \n      ,'false' \t\t\t\t\t\tAS csordtelcoa__Cancelled_By_Change_Process__c\n     \n      ,'' \t\t\t\t\t\t\tAS csord__Order_Request__c\n      ,'' \t\t\t\t\t\t\tAS csord__sequence__c\n\nFROM\ntgt_sf_service a\njoin BWB_MRC b\non CAST(a.legacy_id__c AS BIGINT) = b.subs_id\nwhere a.\"Id\" is not null\nand a.pc_type like '%ITX%'","isFileList":false,"handleSpecialChars":false,"handleDecimalRoundOff":false,"frsAsset":false,"dynamicFileName":false,"excludeDynamicFileNameField":false,"currentlyProcessedFileName":false,"retainFieldMetadata":false,"objectName":"DUMMY_Quotation_MRC","useExactSrcNames":false,"tgtObjectAttributes":{},"runtimeParameterData":{"@type":"mtTaskRuntimeParameterData","isConnectionRuntimeParameter":false,"isObjectRuntimeParameter":false},"overridableProperties":[],"overriddenFields":[]},{"@type":"mtTaskParameter","id":1317836,"name":"$Quotation_OTC$","type":"SOURCE","label":"Quotation_OTC","uiProperties":{"connectionParameterized":"false","isSelectDistinct":"false","objectParameterized":"false","visible":"false","originalPath":"Quotation_OTC"},"sourceConnectionId":"@0aa38HfbIjadqoKlbnU14y","sourceObject":"DUMMY_Quotation_OTC","newFlatFile":false,"newObject":false,"showBusinessNames":false,"naturalOrder":true,"truncateTarget":false,"bulkApiDBTarget":false,"customFuncCfg":{"@type":"customFuncConfig","id":-1,"connections":[],"inputMap":[],"outputFields":[]},"targetRefsV2":{},"targetUpdateColumns":[],"runtimeAttrs":{},"isRESTModernSource":true,"customQuery":"WITH MRC AS (\t\t  \n\t\t  SELECT subs_id\n\t\t  FROM quotation  \n          WHERE col_name = 'MRC'\n\t\t  and param_name not in ('MULTISIM','TABLE_VARIABLE_MRC')\n\t\t  and sales_price = '0'\n\t\t  )\n\t\t  \n   , MRC_NZ AS (\t\t  \n\t\t  SELECT subs_id\n\t\t  FROM quotation  \n          WHERE col_name = 'MRC'\n\t\t  and param_name not in ('MULTISIM','TABLE_VARIABLE_MRC')\n\t\t  and sales_price > '0'\n\t\t  )\t\t  \n\n,OTC AS (  SELECT subs_id\n\t\t\t\t,contract_eff_date\n\t\t\t\t,contract_exp_date\n\t\t\t\t,col_name\n\t\t\t\t,seq\n\t\t\t\t,param_name\n\t\t\t\t\n\t\t\t\t,def_value\n\t\t\t\t, CASE WHEN rate_precision = '-1' THEN cast(def_value as float)/1000\n\t\t\t\t\t   WHEN rate_precision = '-2' THEN cast(def_value as float)/10000\n\t\t\t\t\t   WHEN rate_precision = '-3' THEN cast(def_value as float)/100000\n\t\t\t\t\t   WHEN rate_precision = '-4' THEN cast(def_value as float)/1000000\n\t\t\t\t\t   WHEN rate_precision = '0' THEN cast(def_value as float)\n\t\t\t\t\t   WHEN rate_precision = '1' THEN cast(def_value as float)*1000\n\t\t\t\tELSE cast(def_value as float)   END AS def_value_1 -- final value\n\n\t\t\t\t,sales_price\n\t\t\t\t, CASE WHEN sp_precision = '-1' THEN cast(sales_price as float)/1000\n\t\t\t\t\t   WHEN sp_precision = '-2' THEN cast(sales_price as float)/10000\n\t\t\t\t\t   WHEN sp_precision = '-3' THEN cast(sales_price as float)/100000\n\t\t\t\t\t   WHEN sp_precision = '-4' THEN cast(sales_price as float)/1000000\n\t\t\t\t\t   WHEN sp_precision = '0' THEN cast(sales_price as float)\n\t\t\t\t\t   WHEN sp_precision = '1' THEN cast(sales_price as float)*1000\n\t\t\t\tELSE cast(sales_price as float)   END AS sales_price_1 -- final value\n\t\t\t\t\n\t\t\t\t\n\t\t  FROM quotation  \n          WHERE col_name = 'OTC'\n\t\t  )\n\t\t  \n,BWB_OTC AS (  SELECT a.subs_id\n\t\t\t\t,a.contract_eff_date\n\t\t\t\t,a.contract_exp_date\n\t\t\t\t,a.col_name\n\t\t\t\t,a.seq\n\t\t\t\t,a.param_name\n\t\t\t\t\n\t\t\t\t,a.def_value\n\t\t\t\t, CASE WHEN a.rate_precision = '-1' THEN cast(a.def_value as float)/1000\n\t\t\t\t\t   WHEN a.rate_precision = '-2' THEN cast(a.def_value as float)/10000\n\t\t\t\t\t   WHEN a.rate_precision = '-3' THEN cast(a.def_value as float)/100000\n\t\t\t\t\t   WHEN a.rate_precision = '-4' THEN cast(a.def_value as float)/1000000\n\t\t\t\t\t   WHEN a.rate_precision = '0' THEN cast(a.def_value as float)/100\n\t\t\t\t\t   WHEN a.rate_precision = '1' THEN cast(a.def_value as float)*1000\n\t\t\t\tELSE cast(a.def_value as float)   END AS def_value_1 -- final value\n\n\t\t\t\t,a.sales_price\n\t\t\t\t, CASE WHEN a.sp_precision = '-1' THEN cast(a.sales_price as float)/1000\n\t\t\t\t\t   WHEN a.sp_precision = '-2' THEN cast(a.sales_price as float)/10000\n\t\t\t\t\t   WHEN a.sp_precision = '-3' THEN cast(a.sales_price as float)/100000\n\t\t\t\t\t   WHEN a.sp_precision = '-4' THEN cast(a.sales_price as float)/1000000\n\t\t\t\t\t   WHEN a.sp_precision = '0' THEN cast(a.sales_price as float)/100\n\t\t\t\t\t   WHEN a.sp_precision = '1' THEN cast(a.sales_price as float)*1000\n\t\t\t\tELSE cast(a.sales_price as float)   END AS sales_price_1 -- final value\n\t\t\t\t\n\t\t\t\t\t  \n\t\t  from quotation a\n\t\t\t\tjoin stg_ebs_main_service_2 b\n\t\t\t\ton CAST(a.subs_id as varchar)= b.prod_id\n\t\t\t\tand b.entitlements_data = split_part(a.zone_code,'|',1)\n\t\t\t\tand concat(b.agreement_limit,b.agreement_time_unit) = split_part(a.zone_code,'|',2)\n\t\t\t\twhere a.col_name = 'OTC'\n                       \t  \n\t\t  )\n\t\t\t\t  \n\t\t\n,OTC_SURV AS ( SELECT a.*\n\t\t\t   FROM OTC a\n\t\t\t   WHERE (a.sales_price = '0' AND a.subs_id IN (SELECT subs_id from MRC) AND a.subs_id NOT IN (SELECT subs_id from MRC_NZ))\n\t\t\t   OR a.sales_price > '0'\n\t\t\t )\n\t\t\t \n,BWB_OTC_SURV AS ( SELECT a.*\n\t\t\t   FROM BWB_OTC a\n\t\t\t   WHERE (a.sales_price = '0' AND a.subs_id IN (SELECT subs_id from MRC) AND a.subs_id NOT IN (SELECT subs_id from MRC_NZ))\n\t\t\t   OR a.sales_price > '0'\n\t\t\t )\t\t\t \n\nSELECT a.legacy_id__c||'_OTC' \t\tAS LEGACY_ID\n\t  ,a.\"Id\" \t\t\t\t\t\tAS csord__Service__c\n      ,a.pc_type                    AS pc_type\n\t  \n\t  ,b.contract_eff_date\t\t\tAS csord__Start_Date__c\n\t  ,b.contract_exp_date\t\t\tAS csord__End_Date__c\n\n      ,''        \t                AS csord__Discount_Type__c\t\n\t\n\n\t  ,b.def_value_1\t\t\t\t\tAS csord__Price_Before_Discount__c\n\t  ,b.def_value_1 - b.sales_price_1 \tAS csord__Discounted_Amount__c\t \n\t  ,''\t\t\t    \t            AS csord__Discount_Value__c\t  \n\t  ,b.sales_price_1 \t\t\t\t\tAS csord__Total_Price__c\n\t\n      ,'' \t\t\t\t\t\t\tAS CreatedById\n      ,'' \t\t\t\t\t\t\tAS LastModifiedById\n      ,'' \t\t\t\t\t\t\tAS csord__duration__c\n\t   ,'' \t\t\t\t\t\t    AS csord__offset__c\n      \n      ,'' \t\t\t\t\t\t    AS csord__Identification__c\n      ,'true' \t\t\t\t\t\tAS csord__Is_Active__c\n      ,'false' \t\t\t\t\t\tAS csord__Is_Recurring__c\n      ,'SGD' \t\t\t\t\t\tAS CurrencyIsoCode\n      ,'Charge' \t\t\t\t\tAS csord__line_item_type__c\n--      ,'One Time Charge' \t\t\tAS Name\n\t  ,b.param_name   \t\t\t\tAS Name\n      \n      ,'false' \t\t\t\t\t\tAS csordtelcoa__Cancelled_By_Change_Process__c\n     \n      ,'' \t\t\t\t\t\t\tAS csord__Order_Request__c\n      ,'' \t\t\t\t\t\t\tAS csord__sequence__c\n\nFROM\ntgt_sf_service a\njoin OTC_SURV b\non CAST(a.legacy_id__c AS BIGINT) = b.subs_id\nwhere a.\"Id\" is not null\nand a.pc_type not like '%ITX%'\nand a.pc_type not like '%Microsoft%'\n\nUNION ALL\n\nSELECT a.legacy_id__c||'_OTC' \t\tAS LEGACY_ID\n\t  ,a.\"Id\" \t\t\t\t\t\tAS csord__Service__c\n      ,a.pc_type                    AS pc_type\n\t  \n\t  ,b.contract_eff_date\t\t\tAS csord__Start_Date__c\n\t  ,b.contract_exp_date\t\t\tAS csord__End_Date__c\n\n      ,''        \t                AS csord__Discount_Type__c\t\n\t\n\n\t  ,b.def_value_1\t\t\t\t\tAS csord__Price_Before_Discount__c\n\t  ,b.def_value_1 - b.sales_price_1 \tAS csord__Discounted_Amount__c\t \n\t  ,''\t\t\t    \t            AS csord__Discount_Value__c\t  \n\t  ,b.sales_price_1 \t\t\t\t\tAS csord__Total_Price__c\n\t\n      ,'' \t\t\t\t\t\t\tAS CreatedById\n      ,'' \t\t\t\t\t\t\tAS LastModifiedById\n      ,'' \t\t\t\t\t\t\tAS csord__duration__c\n\t   ,'' \t\t\t\t\t\t    AS csord__offset__c\n      \n      ,'' \t\t\t\t\t\t    AS csord__Identification__c\n      ,'true' \t\t\t\t\t\tAS csord__Is_Active__c\n      ,'false' \t\t\t\t\t\tAS csord__Is_Recurring__c\n      ,'SGD' \t\t\t\t\t\tAS CurrencyIsoCode\n      ,'Charge' \t\t\t\t\tAS csord__line_item_type__c\n--      ,'One Time Charge' \t\t\tAS Name\n\t  ,b.param_name   \t\t\t\tAS Name\n      \n      ,'false' \t\t\t\t\t\tAS csordtelcoa__Cancelled_By_Change_Process__c\n     \n      ,'' \t\t\t\t\t\t\tAS csord__Order_Request__c\n      ,'' \t\t\t\t\t\t\tAS csord__sequence__c\n\nFROM\ntgt_sf_service a\njoin BWB_OTC_SURV b\non CAST(a.legacy_id__c AS BIGINT) = b.subs_id\nwhere a.\"Id\" is not null\nand a.pc_type like '%ITX%'","isFileList":false,"handleSpecialChars":false,"handleDecimalRoundOff":false,"frsAsset":false,"dynamicFileName":false,"excludeDynamicFileNameField":false,"currentlyProcessedFileName":false,"retainFieldMetadata":false,"objectName":"DUMMY_Quotation_OTC","useExactSrcNames":false,"tgtObjectAttributes":{},"runtimeParameterData":{"@type":"mtTaskRuntimeParameterData","isConnectionRuntimeParameter":false,"isObjectRuntimeParameter":false},"overridableProperties":[],"overriddenFields":[]},{"@type":"mtTaskParameter","id":1317837,"name":"$tgt_sf_sli_discount$","type":"TARGET","label":"tgt_sf_sli_discount","uiProperties":{"connectionParameterized":"false","objectParameterized":"false","visible":"false","defaultTargetUpdateColumns":"","supportApplyDDLChanges":"false","originalPath":"tgt_sf_sli_discount"},"targetConnectionId":"@0aa38HfbIjadqoKlbnU14y","targetObject":"p1_dev/TABLE/tgt_sf_sli","targetObjectLabel":"tgt_sf_sli","newFlatFile":false,"newObject":false,"showBusinessNames":false,"naturalOrder":true,"truncateTarget":false,"bulkApiDBTarget":false,"operationType":"Insert","customFuncCfg":{"@type":"customFuncConfig","id":-1,"connections":[],"inputMap":[],"outputFields":[]},"targetRefsV2":{},"targetUpdateColumns":[],"extendedObject":{"@type":"extendedObject","singleMode":true,"filters":[],"sortFields":[]},"runtimeAttrs":{},"isRESTModernSource":true,"isFileList":false,"handleSpecialChars":false,"handleDecimalRoundOff":false,"frsAsset":false,"dynamicFileName":false,"excludeDynamicFileNameField":false,"currentlyProcessedFileName":false,"retainFieldMetadata":false,"objectName":"p1_dev/TABLE/tgt_sf_sli","objectLabel":"tgt_sf_sli","useExactSrcNames":false,"tgtObjectAttributes":{},"runtimeParameterData":{"@type":"mtTaskRuntimeParameterData","isConnectionRuntimeParameter":false,"isObjectRuntimeParameter":false},"overridableProperties":[],"overriddenFields":[]},{"@type":"mtTaskParameter","id":1317838,"name":"$tgt_sf_sli_discount1$","type":"TARGET","label":"tgt_sf_sli_discount1","uiProperties":{"connectionParameterized":"false","objectParameterized":"false","visible":"false","defaultTargetUpdateColumns":"","supportApplyDDLChanges":"false","originalPath":"tgt_sf_sli_discount1"},"targetConnectionId":"@0aa38HfbIjadqoKlbnU14y","targetObject":"p1_dev/TABLE/tgt_sf_sli","targetObjectLabel":"tgt_sf_sli","newFlatFile":false,"newObject":false,"showBusinessNames":false,"naturalOrder":true,"truncateTarget":false,"bulkApiDBTarget":false,"operationType":"Insert","customFuncCfg":{"@type":"customFuncConfig","id":-1,"connections":[],"inputMap":[],"outputFields":[]},"targetRefsV2":{},"targetUpdateColumns":[],"extendedObject":{"@type":"extendedObject","singleMode":true,"filters":[],"sortFields":[]},"runtimeAttrs":{},"isRESTModernSource":true,"isFileList":false,"handleSpecialChars":false,"handleDecimalRoundOff":false,"frsAsset":false,"dynamicFileName":false,"excludeDynamicFileNameField":false,"currentlyProcessedFileName":false,"retainFieldMetadata":false,"objectName":"p1_dev/TABLE/tgt_sf_sli","objectLabel":"tgt_sf_sli","useExactSrcNames":false,"tgtObjectAttributes":{},"runtimeParameterData":{"@type":"mtTaskRuntimeParameterData","isConnectionRuntimeParameter":false,"isObjectRuntimeParameter":false},"overridableProperties":[],"overriddenFields":[]},{"@type":"mtTaskParameter","id":1317839,"name":"$tgt_sf_sli_discount2$","type":"TARGET","label":"tgt_sf_sli_discount2","uiProperties":{"connectionParameterized":"false","objectParameterized":"false","visible":"false","defaultTargetUpdateColumns":"","supportApplyDDLChanges":"false","originalPath":"tgt_sf_sli_discount2"},"targetConnectionId":"@0aa38HfbIjadqoKlbnU14y","targetObject":"p1_dev/TABLE/tgt_sf_sli","targetObjectLabel":"tgt_sf_sli","newFlatFile":false,"newObject":false,"showBusinessNames":false,"naturalOrder":true,"truncateTarget":false,"bulkApiDBTarget":false,"operationType":"Insert","customFuncCfg":{"@type":"customFuncConfig","id":-1,"connections":[],"inputMap":[],"outputFields":[]},"targetRefsV2":{},"targetUpdateColumns":[],"extendedObject":{"@type":"extendedObject","singleMode":true,"filters":[],"sortFields":[]},"runtimeAttrs":{},"isRESTModernSource":true,"isFileList":false,"handleSpecialChars":false,"handleDecimalRoundOff":false,"frsAsset":false,"dynamicFileName":false,"excludeDynamicFileNameField":false,"currentlyProcessedFileName":false,"retainFieldMetadata":false,"objectName":"p1_dev/TABLE/tgt_sf_sli","objectLabel":"tgt_sf_sli","useExactSrcNames":false,"tgtObjectAttributes":{},"runtimeParameterData":{"@type":"mtTaskRuntimeParameterData","isConnectionRuntimeParameter":false,"isObjectRuntimeParameter":false},"overridableProperties":[],"overriddenFields":[]},{"@type":"mtTaskParameter","id":1317840,"name":"$tgt_sf_sli_mrc_charge$","type":"TARGET","label":"tgt_sf_sli_mrc_charge","uiProperties":{"connectionParameterized":"false","objectParameterized":"false","visible":"false","defaultTargetUpdateColumns":"","supportApplyDDLChanges":"false","originalPath":"tgt_sf_sli_mrc_charge"},"targetConnectionId":"@0aa38HfbIjadqoKlbnU14y","targetObject":"p1_dev/TABLE/tgt_sf_sli","targetObjectLabel":"tgt_sf_sli","newFlatFile":false,"newObject":false,"showBusinessNames":false,"naturalOrder":true,"truncateTarget":false,"bulkApiDBTarget":false,"operationType":"Insert","customFuncCfg":{"@type":"customFuncConfig","id":-1,"connections":[],"inputMap":[],"outputFields":[]},"targetRefsV2":{},"targetUpdateColumns":[],"extendedObject":{"@type":"extendedObject","singleMode":true,"filters":[],"sortFields":[]},"runtimeAttrs":{},"isRESTModernSource":true,"isFileList":false,"handleSpecialChars":false,"handleDecimalRoundOff":false,"frsAsset":false,"dynamicFileName":false,"excludeDynamicFileNameField":false,"currentlyProcessedFileName":false,"retainFieldMetadata":false,"objectName":"p1_dev/TABLE/tgt_sf_sli","objectLabel":"tgt_sf_sli","useExactSrcNames":false,"tgtObjectAttributes":{},"runtimeParameterData":{"@type":"mtTaskRuntimeParameterData","isConnectionRuntimeParameter":false,"isObjectRuntimeParameter":false},"overridableProperties":[],"overriddenFields":[]},{"@type":"mtTaskParameter","id":1317841,"name":"$tgt_sf_sli_mrc_charge_1$","type":"TARGET","label":"tgt_sf_sli_mrc_charge_1","uiProperties":{"connectionParameterized":"false","objectParameterized":"false","visible":"false","defaultTargetUpdateColumns":"","supportApplyDDLChanges":"false","originalPath":"tgt_sf_sli_mrc_charge_1"},"targetConnectionId":"@0aa38HfbIjadqoKlbnU14y","targetObject":"p1_dev/TABLE/tgt_sf_sli","targetObjectLabel":"tgt_sf_sli","newFlatFile":false,"newObject":false,"showBusinessNames":false,"naturalOrder":true,"truncateTarget":false,"bulkApiDBTarget":false,"operationType":"Insert","customFuncCfg":{"@type":"customFuncConfig","id":-1,"connections":[],"inputMap":[],"outputFields":[]},"targetRefsV2":{},"targetUpdateColumns":[],"extendedObject":{"@type":"extendedObject","singleMode":true,"filters":[],"sortFields":[]},"runtimeAttrs":{},"isRESTModernSource":true,"isFileList":false,"handleSpecialChars":false,"handleDecimalRoundOff":false,"frsAsset":false,"dynamicFileName":false,"excludeDynamicFileNameField":false,"currentlyProcessedFileName":false,"retainFieldMetadata":false,"objectName":"p1_dev/TABLE/tgt_sf_sli","objectLabel":"tgt_sf_sli","useExactSrcNames":false,"tgtObjectAttributes":{},"runtimeParameterData":{"@type":"mtTaskRuntimeParameterData","isConnectionRuntimeParameter":false,"isObjectRuntimeParameter":false},"overridableProperties":[],"overriddenFields":[]}],"sequences":[],"inOutParameters":[],"connRuntimeAttrs":[]}]