[{"@type":"mappingTemplate","id":"@1","name":"m_rep_cspmb__Add_On_Price_Item__c","description":"","bundleVersion":"0","assetFrsGuid":"5n4m1IF9x8LghnSBz5G1aS","templateId":"@3","deployTime":1735063671000,"hasParameters":false,"valid":true,"fixedConnection":true,"hasParametersDeployed":false,"fixedConnectionDeployed":true,"isSchemaValidationEnabled":false,"tasks":1,"mappingPreviewFileRecordId":"@2","documentType":"MAPPING","references":[{"@type":"reference","refObjectId":"@2pzkdnOGuGpiqnKtNRkpw3","refType":"connection"},{"@type":"reference","refObjectId":"@0aa38HfbIjadqoKlbnU14y","refType":"connection"}]}]