[{"@type":"mtTask","id":"@1","name":"mt_tgt_sf_json_pc_attr","description":"","runtimeEnvironmentId":"@cUgvxjP6z42j5o2aizvbUV","maxLogs":10,"verbose":false,"lastRunTime":1678428121000,"mappingId":"@e2a61eKQq48g9uXgDnEIc4","frsGuid":"8FwSUo4riupdB6656lkpMI","shortDescription":"","sessionPropertiesList":[{"name":"Allow Temporary Sequence for Pushdown","value":"NO","recommended":false},{"name":"Allow Temporary View for Pushdown","value":"NO","recommended":false},{"name":"Pushdown Optimization","value":"None","recommended":false},{"name":"Pushdown Optimization Context","value":"None","recommended":false},{"name":"Run Only In Pushdown Mode","value":"NO","recommended":false}],"enableCrossSchemaPushdown":true,"enableParallelRun":false,"autoTunedApplied":false,"autoTunedAppliedType":"NONE","paramFileType":"PARAM_FILE_LOCAL","schemaMode":"async","valid":true,"schemaValidationErrorCount":-1,"parameterFileEncoding":"UTF-8","serverlessProperties":{},"taskProperties":[{"@type":"taskProperty","name":"parameterFileDir","currentValue":"","type":"STRING","label":"label.parameterFileDir","required":false},{"@type":"taskProperty","name":"parameterFileName","currentValue":"","type":"STRING","label":"label.parameterFileName","required":false}],"parameters":[{"@type":"mtTaskParameter","id":683422,"name":"$src_sf_json_pc_attr$","type":"SOURCE","label":"src_sf_json_pc_attr","uiProperties":{"connectionParameterized":"false","isSelectDistinct":"false","objectParameterized":"false","visible":"false","originalPath":"src_sf_json_pc_attr"},"sourceConnectionId":"@gbEqHgig3UYgrJMzU4lVau","sourceObject":"DUMMY_src_sf_json_pc_attr","newFlatFile":false,"newObject":false,"showBusinessNames":false,"naturalOrder":true,"truncateTarget":false,"bulkApiDBTarget":false,"customFuncCfg":{"@type":"customFuncConfig","id":-1,"connections":[],"inputMap":[],"outputFields":[]},"targetRefsV2":{},"targetUpdateColumns":[],"runtimeAttrs":{},"isRESTModernSource":true,"customQuery":"SELECT distinct\n\ta.\"Id\"\t\t\t\tproductConfigurationId,\n\tb.\"cscfga__Attribute_Definition__c\"   \tattributesByAttrDefId,\n\t'cscfga__Atrribute__c'\t\t\t\t\ttype,\n\tb.\"cscfga__Key__c\"\t\t\t\t\t\tcscfga__key__c,\n\tb.\"cscfga__Is_Required__c\" \t\t\t\tcscfga__is_required__c,\n\tb.\"cscfga__Price__c\"\t\t\t\t\tcscfga__price__c,\n\tb.\"cscfga__Display_Value__c\"\t\t\tcscfga__display_value__c,\n\tb.\"Name\"\t\t\t\t\t\t\t\tname,\n\tb.\"cscfga__Recurring__c\"\t\t\t\tcscfga__recurring__c,\n\tb.\"cscfga__Is_Line_Item__c\"\t\t\t\tcscfga__is_line_item__c,\n\tb.\"cscfga__Is_Read_Only__c\"\t\t\t\tcscfga__is_read_only__c,\n\tb.cscfga__is_active__c\t\t\t\t\tcscfga__is_active__c,\n\tb.\"cscfga__Attribute_Definition__c\"\t\tcscfga__attribute_definition__c,\n\tb.\"cscfga__Value__c\"\t\t\t\t\tcscfga__value__c,\n\t''\t\t\t\t\t\t\t\t\t    cscfga__attribute_definition__r,\n\tb.\"cscfga__List_Price__c\"\t\t\t\tcscfga__list_price__c,\n\tb.\"cscfga__Line_Item_Sequence__c\"\t\tcscfga__Line_Item_Sequence__c,\n\t''\t\t\t\t\t\t\t\t\t    cscfga__product_configuration__r\n-- INTO ods_stage_source.tgt_sf_json_pc_attr\nFROM ods_stage_source.\"sf_cscfga__Attribute__c\" b \n join ods_stage_source.tgt_sf_json_pc a\n\t\ton b.\"cscfga__Product_Configuration__c\" = a.\"Id\"\n\t\t\n\t\n-- ALTER TABLE ods_stage_source.tgt_sf_json_pc_attr OWNER to sh_mig_users;\n\n-- SELECT * FROM ods_stage_source.tgt_sf_json_pc_attr","isFileList":false,"handleSpecialChars":false,"handleDecimalRoundOff":false,"frsAsset":false,"dynamicFileName":false,"excludeDynamicFileNameField":false,"currentlyProcessedFileName":false,"retainFieldMetadata":false,"objectName":"DUMMY_src_sf_json_pc_attr","useExactSrcNames":false,"tgtObjectAttributes":{},"runtimeParameterData":{"@type":"mtTaskRuntimeParameterData","isConnectionRuntimeParameter":false,"isObjectRuntimeParameter":false},"overridableProperties":[],"overriddenFields":[]},{"@type":"mtTaskParameter","id":683423,"name":"$tgt_sf_json_pc_attr$","type":"TARGET","label":"tgt_sf_json_pc_attr","uiProperties":{"connectionParameterized":"false","objectParameterized":"false","visible":"false","defaultTargetUpdateColumns":"","supportApplyDDLChanges":"false","originalPath":"tgt_sf_json_pc_attr"},"targetConnectionId":"@gbEqHgig3UYgrJMzU4lVau","targetObject":"ods_stage_source/TABLE/tgt_sf_json_pc_attr","targetObjectLabel":"tgt_sf_json_pc_attr","newFlatFile":false,"newObject":false,"showBusinessNames":false,"naturalOrder":true,"truncateTarget":false,"bulkApiDBTarget":false,"operationType":"Insert","customFuncCfg":{"@type":"customFuncConfig","id":-1,"connections":[],"inputMap":[],"outputFields":[]},"targetRefsV2":{},"targetUpdateColumns":[],"extendedObject":{"@type":"extendedObject","singleMode":true,"filters":[],"sortFields":[]},"runtimeAttrs":{},"isRESTModernSource":true,"isFileList":false,"handleSpecialChars":false,"handleDecimalRoundOff":false,"frsAsset":false,"dynamicFileName":false,"excludeDynamicFileNameField":false,"currentlyProcessedFileName":false,"retainFieldMetadata":false,"objectName":"ods_stage_source/TABLE/tgt_sf_json_pc_attr","objectLabel":"tgt_sf_json_pc_attr","useExactSrcNames":false,"tgtObjectAttributes":{},"runtimeParameterData":{"@type":"mtTaskRuntimeParameterData","isConnectionRuntimeParameter":false,"isObjectRuntimeParameter":false},"overridableProperties":[],"overriddenFields":[]}],"sequences":[],"inOutParameters":[],"connRuntimeAttrs":[]}]