[{"@type":"mtTask","id":"@1","name":"mt_tgt_sf_json_attrib_sp_NON_OE_2","description":"","runtimeEnvironmentId":"@cUgvxjP6z42j5o2aizvbUV","maxLogs":10,"verbose":false,"lastRunTime":1695175413000,"mappingId":"@6SRLZ6fEeFegpT8xqY6MsG","frsGuid":"aDJalDI0VzudDMHLhUwbW7","shortDescription":"","sessionPropertiesList":[{"name":"Allow Temporary Sequence for Pushdown","value":"NO","recommended":false},{"name":"Allow Temporary View for Pushdown","value":"NO","recommended":false},{"name":"Pushdown Optimization","value":"None","recommended":false},{"name":"Pushdown Optimization Context","value":"None","recommended":false},{"name":"Pushdown Optimization Fallback Option","value":"Partial PDO","recommended":false}],"enableCrossSchemaPushdown":true,"enableParallelRun":false,"autoTunedApplied":false,"autoTunedAppliedType":"NONE","paramFileType":"PARAM_FILE_LOCAL","schemaMode":"async","valid":true,"schemaValidationErrorCount":-1,"parameterFileEncoding":"UTF-8","serverlessProperties":{},"taskProperties":[{"@type":"taskProperty","name":"parameterFileDir","currentValue":"","type":"STRING","label":"label.parameterFileDir","required":false},{"@type":"taskProperty","name":"parameterFileName","currentValue":"","type":"STRING","label":"label.parameterFileName","required":false}],"parameters":[{"@type":"mtTaskParameter","id":1497364,"name":"$src_sf_json_attrib_sp_non_oe_2$","type":"SOURCE","label":"src_sf_json_attrib_sp_non_oe_2","uiProperties":{"connectionParameterized":"false","isSelectDistinct":"false","objectParameterized":"false","visible":"false","originalPath":"src_sf_json_attrib_sp_non_oe_2"},"sourceConnectionId":"@4QRSN7FLoYhbpr47H7jUO9","sourceObject":"DUMMY_src_sf_json_attrib_sp_non_oe_2","newFlatFile":false,"newObject":false,"showBusinessNames":false,"naturalOrder":true,"truncateTarget":false,"bulkApiDBTarget":false,"customFuncCfg":{"@type":"customFuncConfig","id":-1,"connections":[],"inputMap":[],"outputFields":[]},"targetRefsV2":{},"targetUpdateColumns":[],"runtimeAttrs":{},"isRESTModernSource":true,"customQuery":"select\nsv.ID as Serviceid\n,'1'  \t\t\t\t\t\t\t\tAS version\n,'Created'  \t\t\t\t\t\tAS status\n,'' \t\t\t\t\t\t\t\tAS startDate\n,MS.specification_sp_OE2\t\t\t\t\t\t\t\tAS specification --\n,MS.schemaId_sp_OE2 \t\t\t\t\t\t\t\tAS schemaId --\n,pc.Id  \t\t\t\t\t\t\tAS productConfigurationId\n,'Wholesale Domestic Access OE' \tAS name\n,'' \t\t\t\t\t\t\t\tAS instanceId\n,false \t\t\t\t\t\t\t\tAS includeBilling\n,MS.guid__sp_OE2 \t\t\t\t\tAS guid --\n,'' \t\t\t\t\t\t\t\tAS endDate\n,'' \t\t\t\t\t\t\t\tAS description\n,'' \t\t\t\t\t\t\t\tAS code\n,'Output mapping' \t\t\t\t\tAS Type\n,'' \t\t\t\t\t            AS additionalattributes\n--Attribute\n\n\n,CAST(to_date(sv.Installation_Date__c,'yyyy/mm/dd') AS VARCHAR)  AS Installation_Date__c\n,sv.Installation_Timeslot__c\t\t\t\t\t\t\t\t\tAS Installation_Timeslot__c\n,CAST(to_date(sv.RFS_Date__c,'yyyy/mm/dd') AS VARCHAR)  AS FS_Date__c\n\n\nFROM tgt_sf_service sv \nJOIN tgt_sf_pc pc\n\tON sv.csordtelcoa__Product_Configuration__c = pc.Id\nJOIN stg_myr_main_service MS\n\tON sv.Legacy_id__c = MS.RSPCUSTOMERREF\t\nwhere sv.Id is not null and pc.pc_type in ('Wholesale Domestic Access')","isFileList":false,"handleSpecialChars":false,"handleDecimalRoundOff":false,"frsAsset":false,"dynamicFileName":false,"excludeDynamicFileNameField":false,"currentlyProcessedFileName":false,"retainFieldMetadata":false,"objectName":"DUMMY_src_sf_json_attrib_sp_non_oe_2","useExactSrcNames":false,"tgtObjectAttributes":{},"runtimeParameterData":{"@type":"mtTaskRuntimeParameterData","isConnectionRuntimeParameter":false,"isObjectRuntimeParameter":false},"overridableProperties":[],"overriddenFields":[]},{"@type":"mtTaskParameter","id":1497365,"name":"$tgt_sf_json_attrib_sp_non_oe_2$","type":"TARGET","label":"tgt_sf_json_attrib_sp_non_oe_2","uiProperties":{"connectionParameterized":"false","objectParameterized":"false","visible":"false","defaultTargetUpdateColumns":"","supportApplyDDLChanges":"true","originalPath":"tgt_sf_json_attrib_sp_non_oe_2"},"targetConnectionId":"@4QRSN7FLoYhbpr47H7jUO9","targetObject":"myr/TABLE/tgt_sf_json_attrib_sp_non_oe_2","targetObjectLabel":"tgt_sf_json_attrib_sp_non_oe_2","newFlatFile":false,"newObject":false,"showBusinessNames":false,"naturalOrder":true,"truncateTarget":false,"bulkApiDBTarget":false,"operationType":"Insert","customFuncCfg":{"@type":"customFuncConfig","id":-1,"connections":[],"inputMap":[],"outputFields":[]},"targetRefsV2":{},"targetUpdateColumns":[],"extendedObject":{"@type":"extendedObject","singleMode":true,"filters":[],"sortFields":[]},"runtimeAttrs":{},"isRESTModernSource":true,"isFileList":false,"handleSpecialChars":false,"handleDecimalRoundOff":false,"frsAsset":false,"dynamicFileName":false,"excludeDynamicFileNameField":false,"currentlyProcessedFileName":false,"retainFieldMetadata":false,"objectName":"myr/TABLE/tgt_sf_json_attrib_sp_non_oe_2","objectLabel":"tgt_sf_json_attrib_sp_non_oe_2","useExactSrcNames":false,"tgtObjectAttributes":{},"runtimeParameterData":{"@type":"mtTaskRuntimeParameterData","isConnectionRuntimeParameter":false,"isObjectRuntimeParameter":false},"overridableProperties":[],"overriddenFields":[]}],"sequences":[],"inOutParameters":[],"connRuntimeAttrs":[]}]