[{"@type":"mtTask","id":"@1","name":"mt_merge_sf_customeraccess","description":"et","runtimeEnvironmentId":"@cUgvxjP6z42j5o2aizvbUV","maxLogs":10,"verbose":false,"lastRunTime":1733588057000,"mappingId":"@0fWX08awhf2dVCKigzKAyV","frsGuid":"51M1HbOyq04cGnLWeODzgX","shortDescription":"et","sessionPropertiesList":[{"name":"Allow Temporary Sequence for Pushdown","value":"NO","recommended":false},{"name":"Allow Temporary View for Pushdown","value":"NO","recommended":false},{"name":"Pushdown Optimization","value":"None","recommended":false},{"name":"Pushdown Optimization Context","value":"None","recommended":false},{"name":"Run Only In Pushdown Mode","value":"NO","recommended":false}],"hidden":false,"enableCrossSchemaPushdown":true,"enableParallelRun":false,"autoTunedApplied":false,"autoTunedAppliedType":"NONE","paramFileType":"PARAM_FILE_LOCAL","schemaMode":"async","valid":true,"schemaValidationErrorCount":-1,"parameterFileEncoding":"UTF-8","serverlessProperties":{},"taskProperties":[{"@type":"taskProperty","name":"parameterFileDir","currentValue":"","type":"STRING","label":"label.parameterFileDir","required":false},{"@type":"taskProperty","name":"parameterFileName","currentValue":"","type":"STRING","label":"label.parameterFileName","required":false},{"@type":"taskProperty","name":"outboundMessageUrlQueueTime","currentValue":"","type":"NUMBER","label":"label.outboundMessageUrlQueueTime","required":false},{"@type":"taskProperty","name":"outboundMessageUrlToken","currentValue":"","type":"STRING","label":"label.outboundMessageUrlToken","required":false}],"optimizationPlan":"NONE","isMidstreamPreview":false,"parameters":[{"@type":"mtTaskParameter","id":3614552,"name":"$Merge_Dedup_Sources$","type":"SOURCE","label":"Merge_Dedup_Sources","uiProperties":{"connectionParameterized":"false","isSelectDistinct":"false","objectParameterized":"false","visible":"false","originalPath":"Merge_Dedup_Sources"},"sourceConnectionId":"@0aa38HfbIjadqoKlbnU14y","sourceObject":"DUMMY_Merge_Dedup_Sources","newFlatFile":false,"newObject":false,"showBusinessNames":false,"naturalOrder":true,"truncateTarget":false,"bulkApiDBTarget":false,"customFuncCfg":{"@type":"customFuncConfig","id":-1,"connections":[],"inputMap":[],"outputFields":[]},"targetRefsV2":{},"targetUpdateColumns":[],"runtimeAttrs":{},"isRESTModernSource":true,"customQuery":"WITH MERGE AS (\nSELECT \nACCOUNT__C\n,UPPER(EMAIL__C) AS EMAIL__C\n,LEGACY_ID__C\n,SRC_FLAG\nFROM STG_IPORTAL_CUSTOMERACCESS\n\nUNION ALL \n\nSELECT \nACCOUNT__C\n,UPPER(EMAIL__C) AS EMAIL__C\n,LEGACY_ID__C\n,SRC_FLAG\nFROM STG_SBL_CUSTOMERACCESS\n\nUNION ALL \n\nSELECT \nACCOUNT__C\n,UPPER(EMAIL__C) AS EMAIL__C\n,LEGACY_ID__C\n,SRC_FLAG\nFROM STG_EBS_CUSTOMERACCESS\n)\n\n\n,CUST_ACC AS (SELECT *\n\t\t\t\t\t\t\n\t\t\t\t\tFROM\n\t\t\t\t\t(SELECT *\n\t\t\t\t\t\t  ,ROW_NUMBER() OVER (PARTITION BY EMAIL__C,ACCOUNT__C ORDER BY SRC_FLAG DESC) AS RNK_\n\t\t\t\t\tFROM MERGE\n\t\t\t\t\tORDER BY EMAIL__C,ACCOUNT__C\n\t\t\t\t\t) SUB\n\t\t\t\t\tWHERE RNK_ = '1'\n\t\t\t\t )\n\t\n\nSELECT B.* FROM CUST_ACC A\nJOIN STG_IPORTAL_CUSTOMERACCESS B \nON A.LEGACY_ID__C = B.LEGACY_ID__C\n\n\nUNION ALL \n\nSELECT B.* FROM CUST_ACC A\nJOIN STG_SBL_CUSTOMERACCESS B \nON A.LEGACY_ID__C = B.LEGACY_ID__C\n\n\nUNION ALL \n\nSELECT B.* FROM CUST_ACC A\nJOIN STG_EBS_CUSTOMERACCESS B \nON A.LEGACY_ID__C = B.LEGACY_ID__C","isFileList":false,"handleSpecialChars":false,"handleDecimalRoundOff":false,"frsAsset":false,"dynamicFileName":false,"excludeDynamicFileNameField":false,"currentlyProcessedFileName":false,"retainFieldMetadata":false,"objectName":"DUMMY_Merge_Dedup_Sources","useExactSrcNames":false,"userUpdated":true,"fetchMode":"ORIGINAL","tgtObjectAttributes":{},"runtimeParameterData":{"@type":"mtTaskRuntimeParameterData","isConnectionRuntimeParameter":false,"isObjectRuntimeParameter":false},"overridableProperties":[],"overriddenFields":[]},{"@type":"mtTaskParameter","id":3614553,"name":"$stg_sf_customeraccess_1$","type":"TARGET","label":"stg_sf_customeraccess_1","uiProperties":{"connectionParameterized":"false","objectParameterized":"false","visible":"false","defaultTargetUpdateColumns":"","supportApplyDDLChanges":"false","originalPath":"stg_sf_customeraccess_1"},"targetConnectionId":"@0aa38HfbIjadqoKlbnU14y","targetObject":"mit_b3/TABLE/stg_sf_customeraccess","targetObjectLabel":"stg_sf_customeraccess","newFlatFile":false,"newObject":false,"showBusinessNames":false,"naturalOrder":true,"truncateTarget":false,"bulkApiDBTarget":false,"operationType":"Insert","customFuncCfg":{"@type":"customFuncConfig","id":-1,"connections":[],"inputMap":[],"outputFields":[]},"targetRefsV2":{},"targetUpdateColumns":[],"extendedObject":{"@type":"extendedObject","singleMode":true,"filters":[],"sortFields":[]},"runtimeAttrs":{},"isRESTModernSource":true,"isFileList":false,"handleSpecialChars":false,"handleDecimalRoundOff":false,"frsAsset":false,"dynamicFileName":false,"excludeDynamicFileNameField":false,"currentlyProcessedFileName":false,"retainFieldMetadata":false,"objectName":"mit_b3/TABLE/stg_sf_customeraccess","objectLabel":"stg_sf_customeraccess","useExactSrcNames":false,"userUpdated":true,"fetchMode":"ORIGINAL","tgtObjectAttributes":{},"runtimeParameterData":{"@type":"mtTaskRuntimeParameterData","isConnectionRuntimeParameter":false,"isObjectRuntimeParameter":false},"overridableProperties":[],"overriddenFields":[]}],"sequences":[],"inOutParameters":[],"connRuntimeAttrs":[]}]