[{"@type":"mappingTemplate","id":"@1","name":"m_stg_ebs_product_configuration_sync_1","description":"1. Solution  \n2. Main Service\n3. Addon\n4.Device","bundleVersion":"0","templateId":"@3","deployTime":1690792051000,"hasParameters":false,"valid":true,"fixedConnection":true,"hasParametersDeployed":false,"fixedConnectionDeployed":true,"isSchemaValidationEnabled":false,"tasks":1,"mappingPreviewFileRecordId":"@2","documentType":"MAPPING","references":[{"@type":"reference","refObjectId":"@0aa38HfbIjadqoKlbnU14y","refType":"connection"}]}]