[{"@type":"mtTask","id":"@1","name":"mt_stg_myr_pc_attribute","description":"","runtimeEnvironmentId":"@cUgvxjP6z42j5o2aizvbUV","maxLogs":10,"verbose":false,"lastRunTime":1694431495000,"mappingId":"@5TNbcx2M1yafXnTfMZWSQi","frsGuid":"24LEopx7Cs3f1khgRo4HOW","shortDescription":"","sessionPropertiesList":[],"enableCrossSchemaPushdown":true,"enableParallelRun":false,"autoTunedApplied":false,"autoTunedAppliedType":"NONE","schemaMode":"async","valid":true,"schemaValidationErrorCount":-1,"parameterFileEncoding":"UTF-8","serverlessProperties":{},"taskProperties":[{"@type":"taskProperty","name":"parameterFileDir","currentValue":"","type":"STRING","label":"label.parameterFileDir","required":false},{"@type":"taskProperty","name":"parameterFileName","currentValue":"","type":"STRING","label":"label.parameterFileName","required":false}],"parameters":[{"@type":"mtTaskParameter","id":1435492,"name":"$src_sf_cscfga__Attribute_Definition__c$","type":"SOURCE","label":"src_sf_cscfga__Attribute_Definition__c","uiProperties":{"connectionParameterized":"false","isSelectDistinct":"false","objectParameterized":"false","visible":"false","originalPath":"src_sf_cscfga__Attribute_Definition__c"},"sourceConnectionId":"@4QRSN7FLoYhbpr47H7jUO9","sourceObject":"DUMMY_src_sf_cscfga__Attribute_Definition__c","newFlatFile":false,"newObject":false,"showBusinessNames":false,"naturalOrder":true,"truncateTarget":false,"bulkApiDBTarget":false,"customFuncCfg":{"@type":"customFuncConfig","id":-1,"connections":[],"inputMap":[],"outputFields":[]},"targetRefsV2":{},"targetUpdateColumns":[],"runtimeAttrs":{},"isRESTModernSource":true,"customQuery":"select AD.cscfga__Attribute_Definition__c_Name \tAS NAME\n,AD.Id \t\t\t\t\t\t\t\t\t\t\tAS ATTRIBUTE_DEFINITION \n,PC.Id \t\t\t\t\t\t\t\t\t\t\tAS PRODUCT_CONFIG_ID\n,PC.cscfga__Product_Definition__c\t\t\t\tAS cscfga__Product_Definition__c\n,PC.csordtelcoa__Solution__c\t\t\t\t\tAS csordtelcoa__Solution__c\n\n,'Wholesale Broadband' \t\t\t\t\t\t\tAS planName\n,'No' \t\t\t\t\t\t\t\t\t\t\tAS createPCRs\n,PC.runtimeguid__c \t\t\t\t \t\t\t\tAS GUID\n,'Yes' \t\t\t\t\t\t\t\t\t\t\tAS isMainComponent\n,'No'   \t\t\t\t\t\t\t\t\t\tAS SoftDelete\n\n\n,PC.legacy_id__c      \t\t\t\t\t\t\tAS pc_legacy_id__c\n,PC.cssdm__solution_association__c \t\t\t\tAS SolutionId\n,PC.name \t\t\t\t\t\t\t\t\t\tAS PLAN\n,PC.Billing_Frequency__c  \t\t\t\t\t\tAS billingfrequency\n\n,SPC.cscfga__Contract_Term__c  \t\t\t\t\t\t\tAS contractTerm\n,SPC.serviceProfile \t\t\t\t\t\t\tAS serviceProfile\n,SPC.Bandwidth \t\t\t\t\t\t\t\t\tAS bandwidth\n,SPC.bandwidthType \t\t\t\t\t\t\t\tAS bandwidthType\n\n,SPC.numberofServicePort \t\t\t\t\t\tAS numberofServicePort\n\n,SPC.orderType \t\t\t\t\t\t\t\t\tAS orderType\n,SPC.portType    \t\t\t\t\t\t\t\tAS portType\n,''  \t\t\t\t\t\t\t\t\t\t\tAS relocationType\n,SPC.ontmodel\t\t\t\t\t\t\t\t\tAS ontModel\n\n,SOL.name \t\t\t\t\t\t\t\t\t\tAS solutionName\n\n,SPC.cspmb__Price_Item_Code__c   \t\t\t\tAS __SKU__\n,SPC.Commercial_Product__c   \t\t\t\t\tAS commercialProductId\n,SPC.cspmb__Price_Item_Code__c  \t\t\t\tAS commercialProductCode\n\n,''  AS   iserrorconfig\n,''  AS   FirstRun\n,''  AS   remarks\n,''  AS   siteAddressPostalCode\n,''  AS   siteAddressBuildingName\n,''  AS   siteAddressBlockNumber\n,''  AS   siteAddressStreetName\n,''  AS   endUserContactSalutation\n,''  AS   endUserContactFirstName\n,''  AS   endUserContactLastName\n,''  AS   endUserContactNumber1\n,''  AS   endUserContactNumber2\n,''  AS   endUserContactEmail\n,''  AS   installationContactSalutation\n,''  AS   installationContactFirstName\n,''  AS   installationContactLastName\n,''  AS   installationContactNumber1\n,''  AS   installationContactNumber2\n,''  AS   installationContactEmail\n,''  AS   siteAddressBuildingType\n,''  AS   actionType\n,''  AS   siteAddressFloorUnit\n,''  AS   earlyTerminationCharge\n,PI.plan_type__c \t\t\t\tAS planTypeName\n,PROD_C.Name  \t\t\t\t\t\tAS productCategory\n,CASE WHEN AD.cscfga__store_as_json__c = '1' then 'true'  else 'false' end AS cscfga__store_as_json__c\n\nfrom\ntgt_sf_pc PC \njoin stg_myr_pc SPC \t\t\t\t\t\ton PC.legacy_id__c = SPC.legacy_id__c\njoin sf_cscfga__Attribute_Definition__c AD \ton PC.cscfga__product_definition__c =  AD.cscfga__product_definition__c\njoin tgt_sf_solution SOL \t\t\t\t\ton PC.cssdm__solution_association__c = SOL.Id\njoin sf_cspmb__Price_Item__c PI \t\t\ton PI.Id = SPC.Commercial_Product__c\njoin sf_cscfga__Product_Category__c\tPROD_C\t\ton PI.product_category__c = PROD_C.Id\n--where  AD.cscfga__store_as_json__c = '0' \nand PC.Id is not null","isFileList":false,"handleSpecialChars":false,"handleDecimalRoundOff":false,"frsAsset":false,"dynamicFileName":false,"excludeDynamicFileNameField":false,"currentlyProcessedFileName":false,"retainFieldMetadata":false,"objectName":"DUMMY_src_sf_cscfga__Attribute_Definition__c","useExactSrcNames":false,"tgtObjectAttributes":{},"runtimeParameterData":{"@type":"mtTaskRuntimeParameterData","isConnectionRuntimeParameter":false,"isObjectRuntimeParameter":false},"overridableProperties":[],"overriddenFields":[]},{"@type":"mtTaskParameter","id":1435493,"name":"$stg_myr_attribute$","type":"TARGET","label":"stg_myr_attribute","uiProperties":{"connectionParameterized":"false","objectParameterized":"false","visible":"false","defaultTargetUpdateColumns":"","supportApplyDDLChanges":"false","originalPath":"stg_myr_attribute"},"targetConnectionId":"@4QRSN7FLoYhbpr47H7jUO9","targetObject":"myr/TABLE/tgt_sf_pc_attrib","targetObjectLabel":"tgt_sf_pc_attrib","newFlatFile":false,"newObject":false,"showBusinessNames":false,"naturalOrder":true,"truncateTarget":false,"bulkApiDBTarget":false,"operationType":"Insert","customFuncCfg":{"@type":"customFuncConfig","id":-1,"connections":[],"inputMap":[],"outputFields":[]},"targetRefsV2":{},"targetUpdateColumns":[],"extendedObject":{"@type":"extendedObject","singleMode":true,"filters":[],"sortFields":[]},"runtimeAttrs":{},"isRESTModernSource":true,"isFileList":false,"handleSpecialChars":false,"handleDecimalRoundOff":false,"frsAsset":false,"dynamicFileName":false,"excludeDynamicFileNameField":false,"currentlyProcessedFileName":false,"retainFieldMetadata":false,"objectName":"myr/TABLE/tgt_sf_pc_attrib","objectLabel":"tgt_sf_pc_attrib","useExactSrcNames":false,"tgtObjectAttributes":{},"runtimeParameterData":{"@type":"mtTaskRuntimeParameterData","isConnectionRuntimeParameter":false,"isObjectRuntimeParameter":false},"overridableProperties":[],"overriddenFields":[]}],"sequences":[{"@type":"sequenceDefinition","id":"1962","txName":"seq_nxtval","initialValue":"1","currentValue":"1"}],"inOutParameters":[],"connRuntimeAttrs":[]}]