[{"@type":"workflow","id":"@1","name":"tf_JSON_PC_OE_Load","maxLogs":10,"references":[{"@type":"reference","refObjectId":"@7333M74rJMvkE8MrBH6o22","refType":"mtTask"},{"@type":"reference","refObjectId":"@g20ICfu5Cy9fbdNfQXAFgg","refType":"mtTask"}],"tasks":[{"@type":"workflowTask","taskId":"@7333M74rJMvkE8MrBH6o22","type":"MTT","name":"mt_SF__load_json_PC_OE","stopOnError":true,"stopOnWarning":false},{"@type":"workflowTask","taskId":"@g20ICfu5Cy9fbdNfQXAFgg","type":"MTT","name":"mt_REP_SF_load_json_PC_OE","stopOnError":true,"stopOnWarning":false}]}]