[{"@type":"mtTask","id":"@1","name":"mt_json_prod_attrt_list","description":"","runtimeEnvironmentId":"@cUgvxjP6z42j5o2aizvbUV","maxLogs":10,"verbose":false,"lastRunTime":1692711566000,"mappingId":"@5qEiVrReb94g00T2XgOdmz","frsGuid":"l0okQEz3pQ5eLEUJnxsWim","shortDescription":"","sessionPropertiesList":[{"name":"Allow Temporary Sequence for Pushdown","value":"NO","recommended":false},{"name":"Allow Temporary View for Pushdown","value":"NO","recommended":false},{"name":"Pushdown Optimization","value":"None","recommended":false},{"name":"Pushdown Optimization Context","value":"None","recommended":false},{"name":"Run Only In Pushdown Mode","value":"NO","recommended":false}],"enableCrossSchemaPushdown":true,"enableParallelRun":false,"autoTunedApplied":false,"autoTunedAppliedType":"NONE","paramFileType":"PARAM_FILE_LOCAL","schemaMode":"async","valid":true,"schemaValidationErrorCount":-1,"parameterFileEncoding":"UTF-8","serverlessProperties":{},"taskProperties":[{"@type":"taskProperty","name":"parameterFileDir","currentValue":"","type":"STRING","label":"label.parameterFileDir","required":false},{"@type":"taskProperty","name":"parameterFileName","currentValue":"","type":"STRING","label":"label.parameterFileName","required":false}],"parameters":[{"@type":"mtTaskParameter","id":1361393,"name":"$src_prod_attrt_list$","type":"SOURCE","label":"src_prod_attrt_list","uiProperties":{"connectionParameterized":"false","isSelectDistinct":"false","objectParameterized":"false","visible":"false","originalPath":"src_prod_attrt_list"},"sourceConnectionId":"@4QRSN7FLoYhbpr47H7jUO9","sourceObject":"DUMMY_src_prod_attrt_list","newFlatFile":false,"newObject":false,"showBusinessNames":false,"naturalOrder":true,"truncateTarget":false,"bulkApiDBTarget":false,"customFuncCfg":{"@type":"customFuncConfig","id":-1,"connections":[],"inputMap":[],"outputFields":[]},"targetRefsV2":{},"targetUpdateColumns":[],"runtimeAttrs":{},"isRESTModernSource":true,"customQuery":"SELECT SOLUTION_DEFINITION_NAME\n, PRODUCT_FAMILY\n, SCHEMA_ID\n, JSON_DATA_NAME\n, ATT_NAME\n, LABEL\n, TYPE\n, REQUIRED\n, COALESCE(SHOWINUI1,SHOWINUI2) AS SHOWINUI\n, READONLY\n, VALUE\n, OPTIONS\n\nFROM (\n    SELECT SD.Name SOLUTION_DEFINITION_NAME\n    , PD.Name AS PRODUCT_FAMILY\n    , SD.CSSDM__SCHEMA__C AS SCHEMA_ID\n    , JD.Name AS JSON_DATA_NAME\n    , JSON_ARRAY_ELEMENTS(JD.CSUTIL__VALUE__C::JSON -> 'attributes') ->> 'name' AS ATT_NAME\n    , JSON_ARRAY_ELEMENTS(JD.CSUTIL__VALUE__C::JSON -> 'attributes') ->> 'label' AS LABEL\n    , JSON_ARRAY_ELEMENTS(JD.CSUTIL__VALUE__C::JSON -> 'attributes') ->> 'type' AS TYPE\n    , JSON_ARRAY_ELEMENTS(JD.CSUTIL__VALUE__C::JSON -> 'attributes') ->> 'required' AS REQUIRED\n    , JSON_ARRAY_ELEMENTS(JD.CSUTIL__VALUE__C::JSON -> 'attributes') ->> 'showInUI' AS SHOWINUI1\n    , JSON_ARRAY_ELEMENTS(JD.CSUTIL__VALUE__C::JSON -> 'attributes') ->> 'showInUi' AS SHOWINUI2\n    , JSON_ARRAY_ELEMENTS(JD.CSUTIL__VALUE__C::JSON -> 'attributes') ->> 'readOnly' AS READONLY\n    , JSON_ARRAY_ELEMENTS(JD.CSUTIL__VALUE__C::JSON -> 'attributes') ->> 'value' AS VALUE\n    , JSON_ARRAY_ELEMENTS(JD.CSUTIL__VALUE__C::JSON -> 'attributes') ->> 'options' AS OPTIONS\n    FROM sf_cssdm__Solution_Definition__c SD\n    LEFT JOIN sf_cscfga__Product_Definition PD ON SD.CSSDM__PRODUCT_DEFINITION__C = PD.Id\n    LEFT JOIN sf_csutil__JSON_Data__c JD ON SD.CSSDM__SCHEMA__C = JD.Id\n    WHERE SD.CSSDM__TYPE__C != 'Custom Component'\n        AND JD.Name in ('Wholesale Domestic Access','Wholesale Broadband')\n\n\nUNION\n--- OE Attributes\nSELECT\n    COALESCE((SELECT SDC.Name FROM sf_cssdm__Solution_Definition__c SDC WHERE SDC.Id = SDB.cssdm__main_component__c), SDB.Name) AS SOLUTION_DEFINITION_NAME\n    , PDB.Name AS PRODUCT_FAMILY\n    , NC.cssdm__json_data__c AS SCHEMA_ID\n    , JDB.Name AS JSON_DATA_NAME\t\t\t--review by mark 17/01\n    --, NC.Name AS JSON_DATA_NAME            --fix 16/03\n    , JSON_ARRAY_ELEMENTS(JDB.CSUTIL__VALUE__C::JSON -> 'attributes') ->> 'name' AS ATT_NAME\n    , JSON_ARRAY_ELEMENTS(JDB.CSUTIL__VALUE__C::JSON -> 'attributes') ->> 'label' AS LABEL\n    , JSON_ARRAY_ELEMENTS(JDB.CSUTIL__VALUE__C::JSON -> 'attributes') ->> 'type' AS TYPE\n    , JSON_ARRAY_ELEMENTS(JDB.CSUTIL__VALUE__C::JSON -> 'attributes') ->> 'required' AS REQUIRED\n    , JSON_ARRAY_ELEMENTS(JDB.CSUTIL__VALUE__C::JSON -> 'attributes') ->> 'showInUI' AS SHOWINUI1\n    , JSON_ARRAY_ELEMENTS(JDB.CSUTIL__VALUE__C::JSON -> 'attributes') ->> 'showInUi' AS SHOWINUI2\n    , JSON_ARRAY_ELEMENTS(JDB.CSUTIL__VALUE__C::JSON -> 'attributes') ->> 'readOnly' AS READONLY\n    , JSON_ARRAY_ELEMENTS(JDB.CSUTIL__VALUE__C::JSON -> 'attributes') ->> 'value' AS VALUE\n    , JSON_ARRAY_ELEMENTS(JDB.CSUTIL__VALUE__C::JSON -> 'attributes') ->> 'options' AS OPTIONS\n    FROM sf_cscfga__Product_Definition PDB\n    LEFT JOIN sf_cssdm__Non_Commercial_Product_Association__c NC ON PDB.Id = NC.cssdm__product_definition__c\n    LEFT JOIN sf_csutil__JSON_Data__c JDB ON NC.cssdm__json_data__c = JDB.Id\n    LEFT JOIN sf_cssdm__Solution_Definition__c SDB ON PDB.Id = SDB.cssdm__product_definition__c\n    WHERE SDB.CSSDM__TYPE__C != 'Custom Component'\n    AND JDB.Name in ('Wholesale Domestic Access OE')\n)temp_prod_attr","isFileList":false,"handleSpecialChars":false,"handleDecimalRoundOff":false,"frsAsset":false,"dynamicFileName":false,"excludeDynamicFileNameField":false,"currentlyProcessedFileName":false,"retainFieldMetadata":false,"objectName":"DUMMY_src_prod_attrt_list","useExactSrcNames":false,"tgtObjectAttributes":{},"runtimeParameterData":{"@type":"mtTaskRuntimeParameterData","isConnectionRuntimeParameter":false,"isObjectRuntimeParameter":false},"overridableProperties":[],"overriddenFields":[]},{"@type":"mtTaskParameter","id":1361394,"name":"$tgt_prod_attrt_list$","type":"TARGET","label":"tgt_prod_attrt_list","uiProperties":{"connectionParameterized":"false","objectParameterized":"false","visible":"false","defaultTargetUpdateColumns":"","supportApplyDDLChanges":"false","originalPath":"tgt_prod_attrt_list"},"targetConnectionId":"@4QRSN7FLoYhbpr47H7jUO9","targetObject":"myr/TABLE/prod_attr_lst","targetObjectLabel":"prod_attr_lst","newFlatFile":false,"newObject":false,"showBusinessNames":false,"naturalOrder":true,"truncateTarget":false,"bulkApiDBTarget":false,"operationType":"Insert","customFuncCfg":{"@type":"customFuncConfig","id":-1,"connections":[],"inputMap":[],"outputFields":[]},"targetRefsV2":{},"targetUpdateColumns":[],"extendedObject":{"@type":"extendedObject","singleMode":true,"filters":[],"sortFields":[]},"runtimeAttrs":{},"isRESTModernSource":true,"isFileList":false,"handleSpecialChars":false,"handleDecimalRoundOff":false,"frsAsset":false,"dynamicFileName":false,"excludeDynamicFileNameField":false,"currentlyProcessedFileName":false,"retainFieldMetadata":false,"objectName":"myr/TABLE/prod_attr_lst","objectLabel":"prod_attr_lst","useExactSrcNames":false,"tgtObjectAttributes":{},"runtimeParameterData":{"@type":"mtTaskRuntimeParameterData","isConnectionRuntimeParameter":false,"isObjectRuntimeParameter":false},"overridableProperties":[],"overriddenFields":[]}],"sequences":[],"inOutParameters":[],"connRuntimeAttrs":[]}]