[{"@type":"mtTask","id":"@1","name":"mt_promotion_pivot","description":"","runtimeEnvironmentId":"@cUgvxjP6z42j5o2aizvbUV","maxLogs":10,"verbose":false,"lastRunTime":1670944111000,"mappingId":"@l1WPfUFFYwtheMXh1UdWY2","frsGuid":"7XLwjdjuUerkizqz1yJqou","shortDescription":"","sessionPropertiesList":[],"enableCrossSchemaPushdown":true,"enableParallelRun":false,"autoTunedApplied":false,"autoTunedAppliedType":"NONE","schemaMode":"async","valid":true,"schemaValidationErrorCount":-1,"parameterFileEncoding":"UTF-8","serverlessProperties":{},"taskProperties":[{"@type":"taskProperty","name":"parameterFileDir","currentValue":"","type":"STRING","label":"label.parameterFileDir","required":false},{"@type":"taskProperty","name":"parameterFileName","currentValue":"","type":"STRING","label":"label.parameterFileName","required":false}],"parameters":[{"@type":"mtTaskParameter","id":706188,"name":"$src_promotion$","type":"SOURCE","label":"src_promotion","uiProperties":{"connectionParameterized":"false","isSelectDistinct":"false","objectParameterized":"false","visible":"false","originalPath":"src_promotion"},"sourceConnectionId":"@1h3v5gym6bTbjKYFjWauap","sourceObject":"DUMMY_src_promotion","newFlatFile":false,"newObject":false,"showBusinessNames":false,"naturalOrder":true,"truncateTarget":false,"bulkApiDBTarget":false,"customFuncCfg":{"@type":"customFuncConfig","id":-1,"connections":[],"inputMap":[],"outputFields":[]},"targetRefsV2":{},"targetUpdateColumns":[],"runtimeAttrs":{},"isRESTModernSource":true,"customQuery":"--param_name from mobile plan source file\n--col_name from mobile addon source file and bwb plan source file\n--MRC list price = addon, MRC = bwb plan\n\nselect promotion.*,\npromotion_item.total_otc,\npromotion_item.total_mrc,\npromotion_item.contract_period,\npromotion_item.standard_code,\npromotion_item.promotion_name\nfrom\n(\nSELECT subs_id,PROMOTION_ITEM_PP_ID,zone_name,zone_code,\nMAX(case \n\twhen param_code ='MRC' then discount_amt -- mobile plan\n\twhen col_name in ('MRC List Price','MRC') then discount_amt -- mobile addon = 'MRC List Price', bwb plan/equip = 'MRC'\nend) as mrc_discount_amt,\nMAX(case \n\twhen param_code ='MRC' then sales_price\n\twhen col_name in ('MRC List Price','MRC')  then sales_price\nend) as mrc_sales_price,\nMAX(case \n\twhen param_code ='MRC' then sp_precision\n\twhen col_name in ('MRC List Price','MRC')  then sp_precision\nend) as mrc_sp_precision,\nMAX(case \n\twhen param_code ='MRC' then val_type \n\twhen col_name in ('MRC List Price','MRC') then val_type\nend) as mrc_val_type,\nMAX(case \n\twhen param_code ='MRC' then \"value\" \n\twhen col_name in ('MRC List Price','MRC') then \"value\" \nend) as mrc_value,\nMAX(case \n\twhen param_code ='MRC' then rate_precision \n\twhen col_name in ('MRC List Price','MRC') then rate_precision \nend) as mrc_rate_precision,\nMAX(case \n\twhen param_code ='MRC' then std_value \n\twhen col_name in ('MRC List Price','MRC') then std_value \nend) as mrc_std_value,\nMAX(case \n\twhen param_code ='MRC' then std_rate_precision \n\twhen col_name in ('MRC List Price','MRC') then std_rate_precision\t \nend) as mrc_std_rate_precision,\nMAX(case \n\twhen param_code = 'OTC' then discount_amt \n\twhen col_name in ('OTC List Price','OTC') then discount_amt \nend) as otc_discount_amt,\nMAX(case \n\twhen param_code = 'OTC' then sales_price \n\twhen col_name in ('OTC List Price','OTC') then sales_price\nend) as otc_sales_price,\nMAX(case \n\twhen param_code = 'OTC' then sp_precision\n\twhen col_name in ('OTC List Price','OTC') then sp_precision\nend) as otc_sp_precision,\nMAX(case \n\twhen param_code = 'OTC' then val_type \n\twhen col_name in ('OTC List Price','OTC') then val_type \nend) as otc_val_type,\nMAX(case \n\twhen param_code = 'OTC' then \"value\" \n\twhen col_name in ('OTC List Price','OTC') then \"value\" \nend) as otc_value,\nMAX(case \n\twhen param_code = 'OTC' then rate_precision\n\twhen col_name in ('OTC List Price','OTC') then rate_precision\nend) as otc_rate_precision,\t\nMAX(case \n\twhen param_code = 'OTC' then std_value\n\twhen col_name in ('OTC List Price','OTC') then std_value\nend) as otc_std_value,\nMAX(case \n\twhen param_code = 'OTC' then std_rate_precision\n\twhen col_name in ('OTC List Price','OTC') then std_rate_precision \nend) as otc_std_rate_precision\n\nfrom ODS_STAGE_SOURCE.promotion \ngroup by promotion.subs_id,promotion.PROMOTION_ITEM_PP_ID,promotion.zone_name,promotion.zone_code\n\n) as promotion\n\nleft join ODS_STAGE_SOURCE.promotion_item on promotion.promotion_item_pp_id = promotion_item.promotion_item_pp_id","isFileList":false,"handleSpecialChars":false,"handleDecimalRoundOff":false,"frsAsset":false,"dynamicFileName":false,"excludeDynamicFileNameField":false,"currentlyProcessedFileName":false,"retainFieldMetadata":false,"objectName":"DUMMY_src_promotion","useExactSrcNames":false,"tgtObjectAttributes":{},"runtimeParameterData":{"@type":"mtTaskRuntimeParameterData","isConnectionRuntimeParameter":false,"isObjectRuntimeParameter":false},"overridableProperties":[],"overriddenFields":[]},{"@type":"mtTaskParameter","id":706189,"name":"$tgt_promotion_pivot$","type":"TARGET","label":"tgt_promotion_pivot","uiProperties":{"connectionParameterized":"false","objectParameterized":"false","visible":"false","defaultTargetUpdateColumns":"","supportApplyDDLChanges":"false","originalPath":"tgt_promotion_pivot"},"targetConnectionId":"@1h3v5gym6bTbjKYFjWauap","targetObject":"ods_stage_source/TABLE/promotion_pivot","targetObjectLabel":"promotion_pivot","newFlatFile":false,"newObject":false,"showBusinessNames":false,"naturalOrder":true,"truncateTarget":false,"bulkApiDBTarget":false,"operationType":"Insert","customFuncCfg":{"@type":"customFuncConfig","id":-1,"connections":[],"inputMap":[],"outputFields":[]},"targetRefsV2":{},"targetUpdateColumns":[],"extendedObject":{"@type":"extendedObject","singleMode":true,"filters":[],"sortFields":[]},"runtimeAttrs":{},"isRESTModernSource":true,"isFileList":false,"handleSpecialChars":false,"handleDecimalRoundOff":false,"frsAsset":false,"dynamicFileName":false,"excludeDynamicFileNameField":false,"currentlyProcessedFileName":false,"retainFieldMetadata":false,"objectName":"ods_stage_source/TABLE/promotion_pivot","objectLabel":"promotion_pivot","useExactSrcNames":false,"tgtObjectAttributes":{},"runtimeParameterData":{"@type":"mtTaskRuntimeParameterData","isConnectionRuntimeParameter":false,"isObjectRuntimeParameter":false},"overridableProperties":[],"overriddenFields":[]}],"sequences":[],"inOutParameters":[],"connRuntimeAttrs":[]}]