[{"@type":"mappingTemplate","id":"@1","name":"m_temp_table_solution_grouping","description":"","bundleVersion":"0","assetFrsGuid":"7D3n3OAA9NYh8YjfUb33gZ","templateId":"@3","deployTime":1737617239000,"hasParameters":false,"valid":true,"fixedConnection":true,"hasParametersDeployed":false,"fixedConnectionDeployed":true,"isSchemaValidationEnabled":false,"tasks":2,"mappingPreviewFileRecordId":"@2","documentType":"MAPPING","references":[{"@type":"reference","refObjectId":"@0aa38HfbIjadqoKlbnU14y","refType":"connection"}]}]