[{"@type":"mtTask","id":"@1","name":"mt_tgt_sf_json_attrib_sp_OE","description":"","runtimeEnvironmentId":"@cUgvxjP6z42j5o2aizvbUV","maxLogs":10,"verbose":false,"lastRunTime":1692754453000,"mappingId":"@0vrkjbu8syrjSXdELm8A8B","frsGuid":"2u6YmOHPqOlh38gY0I8E09","shortDescription":"","sessionPropertiesList":[{"name":"Allow Temporary Sequence for Pushdown","value":"NO","recommended":false},{"name":"Allow Temporary View for Pushdown","value":"NO","recommended":false},{"name":"Pushdown Optimization","value":"None","recommended":false},{"name":"Pushdown Optimization Context","value":"None","recommended":false},{"name":"Run Only In Pushdown Mode","value":"NO","recommended":false}],"enableCrossSchemaPushdown":true,"enableParallelRun":false,"autoTunedApplied":false,"autoTunedAppliedType":"NONE","paramFileType":"PARAM_FILE_LOCAL","schemaMode":"async","valid":true,"schemaValidationErrorCount":-1,"parameterFileEncoding":"UTF-8","serverlessProperties":{},"taskProperties":[{"@type":"taskProperty","name":"parameterFileDir","currentValue":"","type":"STRING","label":"label.parameterFileDir","required":false},{"@type":"taskProperty","name":"parameterFileName","currentValue":"","type":"STRING","label":"label.parameterFileName","required":false}],"parameters":[{"@type":"mtTaskParameter","id":1375865,"name":"$src_sf_json_attrib_sp_OE$","type":"SOURCE","label":"src_sf_json_attrib_sp_OE","uiProperties":{"connectionParameterized":"false","isSelectDistinct":"false","objectParameterized":"false","visible":"false","originalPath":"src_sf_json_attrib_sp_OE"},"sourceConnectionId":"@4QRSN7FLoYhbpr47H7jUO9","sourceObject":"DUMMY_src_sf_json_attrib_sp_OE","newFlatFile":false,"newObject":false,"showBusinessNames":false,"naturalOrder":true,"truncateTarget":false,"bulkApiDBTarget":false,"customFuncCfg":{"@type":"customFuncConfig","id":-1,"connections":[],"inputMap":[],"outputFields":[]},"targetRefsV2":{},"targetUpdateColumns":[],"runtimeAttrs":{},"isRESTModernSource":true,"customQuery":"select\n\nPC.pc_type\t\t\t\t\t\tAS type\n,sv.Id                          AS service_id\n,sv.Contract_Start_Date__c \t\tAS  contractStartDate\n,sv.Contract_End_Date__c   \t\tAS  contractEndDate\n,''  AS Schemaid\n\n--Attributes\n\n,MS.rfs_date \t\t\tAS installationPreferredDate\n,MS.rfs_date \t\t\tAS rfsDate\n,MS.Service_port_type AS servicePortType\n\n\n,'SubmitNoAppointment' \tAS action\n,'N' \t\t\t\t\tAS expressService\n,'NOPREFERENCE' \t\tAS installationTimeSlot\n,'N' \t\t\t\t\tAS seasonalTimeSlot\n,'Y' \t\t\t\t\tAS newTpRequired\n,'NA' \t\t\t\t\tAS tpInstallationOption\n\n\n,''  AS acceptTNC\n,''  AS EIR_DL\n,''  AS department\n,''  AS serviceType\n,''  AS EIR_UL\n,''  AS AIR_DL\n,''  AS voiceServiceProfile\n,''  AS servicePort\n,''  AS envHardenedCPE\n,''  AS CoS\n,''  AS AIR_UL\n\n\n--into tgt_sf_json_attrib_sp_OE\nFROM tgt_sf_service sv\nJOIN tgt_sf_pc pc\n\tON sv.csordtelcoa__Product_Configuration__c = pc.Id\nJOIN STG_MYR_MAIN_SERVICE MS\n    ON MS.RSPCUSTOMERREF = PC.Legacy_id__c\t\nWHERE PC.pc_type in ('Wholesale Domestic Access')","isFileList":false,"handleSpecialChars":false,"handleDecimalRoundOff":false,"frsAsset":false,"dynamicFileName":false,"excludeDynamicFileNameField":false,"currentlyProcessedFileName":false,"retainFieldMetadata":false,"objectName":"DUMMY_src_sf_json_attrib_sp_OE","useExactSrcNames":false,"tgtObjectAttributes":{},"runtimeParameterData":{"@type":"mtTaskRuntimeParameterData","isConnectionRuntimeParameter":false,"isObjectRuntimeParameter":false},"overridableProperties":[],"overriddenFields":[]},{"@type":"mtTaskParameter","id":1375866,"name":"$tgt_sf_json_attrib_sp_OE$","type":"TARGET","label":"tgt_sf_json_attrib_sp_OE","uiProperties":{"connectionParameterized":"false","objectParameterized":"false","visible":"false","defaultTargetUpdateColumns":"","supportApplyDDLChanges":"false","originalPath":"tgt_sf_json_attrib_sp_OE"},"targetConnectionId":"@4QRSN7FLoYhbpr47H7jUO9","targetObject":"myr/TABLE/tgt_sf_json_attrib_sp_oe","targetObjectLabel":"tgt_sf_json_attrib_sp_oe","newFlatFile":false,"newObject":false,"showBusinessNames":false,"naturalOrder":true,"truncateTarget":false,"bulkApiDBTarget":false,"operationType":"Insert","customFuncCfg":{"@type":"customFuncConfig","id":-1,"connections":[],"inputMap":[],"outputFields":[]},"targetRefsV2":{},"targetUpdateColumns":[],"extendedObject":{"@type":"extendedObject","singleMode":true,"filters":[],"sortFields":[]},"runtimeAttrs":{},"isRESTModernSource":true,"isFileList":false,"handleSpecialChars":false,"handleDecimalRoundOff":false,"frsAsset":false,"dynamicFileName":false,"excludeDynamicFileNameField":false,"currentlyProcessedFileName":false,"retainFieldMetadata":false,"objectName":"myr/TABLE/tgt_sf_json_attrib_sp_oe","objectLabel":"tgt_sf_json_attrib_sp_oe","useExactSrcNames":false,"tgtObjectAttributes":{},"runtimeParameterData":{"@type":"mtTaskRuntimeParameterData","isConnectionRuntimeParameter":false,"isObjectRuntimeParameter":false},"overridableProperties":[],"overriddenFields":[]}],"sequences":[],"inOutParameters":[],"connRuntimeAttrs":[]}]