[{"@type":"mtTask","id":"@1","name":"mt_stg_sync_billing_contact","description":"","runtimeEnvironmentId":"@cUgvxjP6z42j5o2aizvbUV","maxLogs":10,"verbose":false,"mappingId":"@dhS6idy0KE1loWr87KCGoS","frsGuid":"7HWRTThRcFcg42cx3G8nKe","shortDescription":"","sessionPropertiesList":[],"enableCrossSchemaPushdown":true,"enableParallelRun":false,"autoTunedApplied":false,"autoTunedAppliedType":"NONE","schemaMode":"async","valid":true,"schemaValidationErrorCount":-1,"parameterFileEncoding":"UTF-8","serverlessProperties":{},"taskProperties":[{"@type":"taskProperty","name":"parameterFileDir","currentValue":"","type":"STRING","label":"label.parameterFileDir","required":false},{"@type":"taskProperty","name":"parameterFileName","currentValue":"","type":"STRING","label":"label.parameterFileName","required":false}],"parameters":[{"@type":"mtTaskParameter","id":1333547,"name":"$stg_sync_billing_account_contact$","type":"SOURCE","label":"stg_sync_billing_account_contact","uiProperties":{"connectionParameterized":"false","isSelectDistinct":"false","objectParameterized":"false","visible":"false","originalPath":"stg_sync_billing_account_contact"},"sourceConnectionId":"@0aa38HfbIjadqoKlbnU14y","sourceObject":"DUMMY_stg_sync_billing_account_contact","newFlatFile":false,"newObject":false,"showBusinessNames":false,"naturalOrder":true,"truncateTarget":false,"bulkApiDBTarget":false,"customFuncCfg":{"@type":"customFuncConfig","id":-1,"connections":[],"inputMap":[],"outputFields":[]},"targetRefsV2":{},"targetUpdateColumns":[],"runtimeAttrs":{},"isRESTModernSource":true,"customQuery":"WITH EBS_BILL_CONTACT AS (\nSELECT \nC.INST_VALUE,\nC.BASE_CONTACT_MAN_ID,\nCASE \n\tWHEN C.PRIMARY_FLAG='Y' THEN 1\n    WHEN C.PRIMARY_FLAG='N' THEN 0\nEND AS Primary_Contact_Person__c,\nLOV.TARGET_VALUE AS Role__c,\n\tCASE \n\tWHEN C.CONTACT_MAN_INST_STATE='A' THEN 0 \n\tELSE 1\nEND AS Inactive__c,\nCASE \n\tWHEN C.EBS_CREATE_PARTY_TYPE = 'F' THEN C.EBS_CREATE_PARTY_CODE \nEND AS CREATE_PARTY_CODE,\nCOALESCE(cast(C.EBS_CREATED_DATE as timestamp),date_trunc('seconds',CURRENT_TIMESTAMP)) AS CreatedDate,\nCOALESCE(cast(C.EBS_UPDATE_DATE as timestamp),date_trunc('seconds',CURRENT_TIMESTAMP)) AS LastModifiedDate,\nC.EBS_CONTACT_MAN_ID AS Legacy_Id__c\nFROM stg_ebs_contact_man C \nINNER JOIN STG_SH_MASTER_LOV LOV ON TRIM(UPPER(C.CONTACT_MAN_TYPE_NAME))=TRIM(UPPER(LOV.SOURCE_VALUE)) \n AND TARGET_OBJECT='Billing Account Contact' AND IS_ACTIVE='Y'\nand UPPER(TRIM(COALESCE(C.VAL_REJ_TYPE,'Y'))) !='HARD'\n),\nSAP_BILL_CONTACT AS (\nSELECT \nSA.NAME,\nSA.ACCOUNT_NO,\nSA.email,\nSA.mobile_no,\nSA.office_no,\n1 AS Primary_Contact_Person__c,\nCASE \n\tWHEN SA.ROLE='Authorized Officer' THEN 'Other'\n    ELSE 'Billing Matters'\nEND AS Role__c,\n0 AS Inactive__c,\ndate_trunc('seconds',CURRENT_TIMESTAMP) AS CreatedDate,\ndate_trunc('seconds',CURRENT_TIMESTAMP) AS LastModifiedDate,\nSA.ACCOUNT_NO AS Legacy_Id__c\nFROM stg_sap_contact SA\nWHERE COALESCE(SA.VAL_REJ_TYPE,'Y') !='Hard'\nGROUP BY\nSA.NAME,\nSA.ACCOUNT_NO,\nSA.email,\nSA.mobile_no,\nSA.office_no,\nPrimary_Contact_Person__c,\nRole__c,\nInactive__c,\nCreatedDate,\nLastModifiedDate,\nLegacy_Id__c\n),\nSYNC_BILLING_ACC AS (SELECT \n \"Id\" AS Id,\n CASE \n      WHEN BAC.\"Legacy_Id__c\" IS NOT NULL \n       THEN BAC.\"Legacy_Id__c\" \n       ELSE  SYNC_BILLING.Legacy_Id END AS LEGACY_ID__C \nFROM  sf_csconta__Billing_Account__c BAC\n LEFT JOIN sync_ebs_sap_billingaccount SYNC_BILLING\nON SYNC_BILLING.account__c=BAC.\"csconta__Account__c\"\nAND SYNC_BILLING.cpq_billing_account_number_=BAC.\"Billing_Account_Number__c\" \n), \nSYNC_CONTACT AS (SELECT \n\"Id\" AS ID,\nCASE \nWHEN CAC.\"Legacy_Id__c\" IS NOT NULL \nTHEN CAC.\"Legacy_Id__c\" \nELSE  SYNC_CONTACT.Legacy_Id \nEND AS LEGACY_ID__C \nFROM SF_CONTACT CAC\nLEFT JOIN sync_ebs_sap_contact SYNC_CONTACT\nON SYNC_CONTACT.firstname_c=CAC.\"FirstName\" \nAND SYNC_CONTACT.lastname_c=CAC.\"LastName\"\nAND (SYNC_CONTACT.email=CAC.\"Email\" OR SYNC_CONTACT.phone=CAC.\"Phone\" OR SYNC_CONTACT.mobilephone=CAC.\"MobilePhone\" ))\nSELECT \nBAC.Id AS Billing_Account__c,\nCAC.Id  AS Contact__c,\nEBS_BILL_CONTACT.Primary_Contact_Person__c,\nEBS_BILL_CONTACT.Role__c,\nEBS_BILL_CONTACT.Inactive__c,\nCREATE_PARTY_CODE AS CreatedById,\nEBS_BILL_CONTACT.CreatedDate,\nCREATE_PARTY_CODE AS LastModifiedById,\nEBS_BILL_CONTACT.LastModifiedDate,\n'EBS' AS FLAG,\nEBS_BILL_CONTACT.Legacy_Id__c\nFROM EBS_BILL_CONTACT\nINNER JOIN SYNC_BILLING_ACC BAC\nON CAST(EBS_BILL_CONTACT.INST_VALUE AS VARCHAR)=BAC.Legacy_Id__c\nINNER JOIN SYNC_CONTACT CAC\nON CAST(EBS_BILL_CONTACT.BASE_CONTACT_MAN_ID AS VARCHAR)=CAC.Legacy_Id__c \n\nUNION\n\nSELECT\nSFB.Id AS Billing_Account__c,\nsct.\"Id\" AS Contact__c,\nSAP_BILL_CONTACT.Primary_Contact_Person__c,\nSAP_BILL_CONTACT.Role__c,\nSAP_BILL_CONTACT.Inactive__c,\nNULL AS CreatedById,\nSAP_BILL_CONTACT.CreatedDate,\nNULL AS LastModifiedById,\nSAP_BILL_CONTACT.LastModifiedDate,\n'SAP' AS FLAG,\nSAP_BILL_CONTACT.Legacy_Id__c\nfrom SAP_BILL_CONTACT\nINNER JOIN SYNC_BILLING_ACC SFB \nON CAST(SAP_BILL_CONTACT.ACCOUNT_NO AS VARCHAR)=SFB.Legacy_Id__c\nINNER JOIN sf_contact sct \non SAP_BILL_CONTACT.name=sct.\"Name\" \nand (SAP_BILL_CONTACT.email=sct.\"Email\" OR SAP_BILL_CONTACT.office_no=sct.\"Phone\" OR SAP_BILL_CONTACT.mobile_no=sct.\"MobilePhone\")","isFileList":false,"handleSpecialChars":false,"handleDecimalRoundOff":false,"frsAsset":false,"dynamicFileName":false,"excludeDynamicFileNameField":false,"currentlyProcessedFileName":false,"retainFieldMetadata":false,"objectName":"DUMMY_stg_sync_billing_account_contact","useExactSrcNames":false,"tgtObjectAttributes":{},"runtimeParameterData":{"@type":"mtTaskRuntimeParameterData","isConnectionRuntimeParameter":false,"isObjectRuntimeParameter":false},"overridableProperties":[],"overriddenFields":[]},{"@type":"mtTaskParameter","id":1333548,"name":"$Target$","type":"TARGET","label":"Target","uiProperties":{"connectionParameterized":"false","objectParameterized":"false","visible":"false","defaultTargetUpdateColumns":"","supportApplyDDLChanges":"false","originalPath":"Target"},"targetConnectionId":"@0aa38HfbIjadqoKlbnU14y","targetObject":"p1_dev/TABLE/sync_ebs_sap_billingaccountcontact","targetObjectLabel":"sync_ebs_sap_billingaccountcontact","newFlatFile":false,"newObject":false,"showBusinessNames":false,"naturalOrder":true,"truncateTarget":false,"bulkApiDBTarget":false,"operationType":"Insert","customFuncCfg":{"@type":"customFuncConfig","id":-1,"connections":[],"inputMap":[],"outputFields":[]},"targetRefsV2":{},"targetUpdateColumns":[],"extendedObject":{"@type":"extendedObject","singleMode":true,"filters":[],"sortFields":[]},"runtimeAttrs":{},"isRESTModernSource":true,"isFileList":false,"handleSpecialChars":false,"handleDecimalRoundOff":false,"frsAsset":false,"dynamicFileName":false,"excludeDynamicFileNameField":false,"currentlyProcessedFileName":false,"retainFieldMetadata":false,"objectName":"p1_dev/TABLE/sync_ebs_sap_billingaccountcontact","objectLabel":"sync_ebs_sap_billingaccountcontact","useExactSrcNames":false,"tgtObjectAttributes":{"parent":""},"runtimeParameterData":{"@type":"mtTaskRuntimeParameterData","isConnectionRuntimeParameter":false,"isObjectRuntimeParameter":false},"overridableProperties":[],"overriddenFields":[]},{"@type":"mtTaskParameter","id":1333549,"name":"$Lkp_sf_user$","type":"LOOKUP","label":"Lkp_sf_user","uiProperties":{"connectionParameterized":"false","isCachedLookup":"true","multipleMatchPolicy":"Use Last Value","objectParameterized":"false","visible":"false","originalPath":"Lkp_sf_user"},"lookupConnectionId":"@0aa38HfbIjadqoKlbnU14y","lookupObject":"DUMMY_Lkp_sf_user","newFlatFile":false,"newObject":false,"showBusinessNames":false,"naturalOrder":true,"truncateTarget":false,"bulkApiDBTarget":false,"customFuncCfg":{"@type":"customFuncConfig","id":-1,"connections":[],"inputMap":[],"outputFields":[]},"targetRefsV2":{},"targetUpdateColumns":[],"runtimeAttrs":{"Cache File Name Prefix":"","Lookup Index Cache Size":"AUTO","Optional":"true","Lookup cache persistent":"false","Lookup source is static":"false","Case Sensitive String Comparison":"false","Re-cache from lookup source":"false","Insert Else Update":"false","Lookup caching enabled":"true","Lookup Data Cache Size":"AUTO","Tracing Level":"Normal","Sorted Input":"false","Lookup cache directory name":"$PMCacheDir","Output Old Value On Update":"false","Dynamic Lookup Cache":"false","Pre-build lookup cache":"AUTO","Null ordering":""},"isRESTModernSource":true,"customQuery":"WITH USER_1 \t\tAS (SELECT \"Id\", UPPER(TRIM(\"Email\")) AS \"Email\", ROW_NUMBER() OVER (PARTITION BY UPPER(TRIM(\"Email\")) ORDER BY \"IsActive\" DESC ) AS RNK FROM SF_USER)\n    ,UNIQUE_USER \tAS (SELECT \"Id\" AS ID, \"Email\" AS Email  FROM USER_1 WHERE RNK = 1)\n\t\nSELECT  A.ID \n       ,A.Email \n\t   ,B.STAFF_ID\nFROM UNIQUE_USER A\nJOIN STG_BFM_STAFF B \nON TRIM(UPPER(A.Email))=TRIM(UPPER(B.Email))\n\nUNION\n\nSELECT \"Id\" AS ID\n      ,\"Email\" AS Email\n\t  ,NULL AS STAFF_ID \nFROM SF_USER \nWHERE UPPER(\"Name\")= UPPER('Data Migration User')","isFileList":false,"handleSpecialChars":false,"handleDecimalRoundOff":false,"frsAsset":false,"dynamicFileName":false,"excludeDynamicFileNameField":false,"currentlyProcessedFileName":false,"retainFieldMetadata":false,"objectName":"DUMMY_Lkp_sf_user","useExactSrcNames":false,"tgtObjectAttributes":{},"runtimeParameterData":{"@type":"mtTaskRuntimeParameterData","isConnectionRuntimeParameter":false,"isObjectRuntimeParameter":false},"overridableProperties":[],"overriddenFields":[]}],"sequences":[],"inOutParameters":[],"connRuntimeAttrs":[]}]