[{"@type":"mappingTemplate","id":"@1","name":"m_json_pc_oe","description":"","bundleVersion":"0","templateId":"@3","deployTime":1701670586000,"hasParameters":false,"valid":true,"fixedConnection":true,"hasParametersDeployed":false,"fixedConnectionDeployed":true,"isSchemaValidationEnabled":false,"tasks":1,"mappingPreviewFileRecordId":"@2","documentType":"MAPPING","references":[{"@type":"reference","refObjectId":"@4QRSN7FLoYhbpr47H7jUO9","refType":"connection"},{"@type":"reference","refObjectId":"@6TwJjktfB2oehnIP0p1amG","refType":"hschema"}]}]