[{"@type":"mappingTemplate","id":"@1","name":"m_dedup_tgt_sf_billing_account_c","description":"","bundleVersion":"0","assetFrsGuid":"27YeIvxRLm6iUwK8JkZXW5","templateId":"@3","deployTime":1736331157000,"hasParameters":false,"valid":true,"fixedConnection":true,"hasParametersDeployed":false,"fixedConnectionDeployed":true,"isSchemaValidationEnabled":false,"tasks":1,"mappingPreviewFileRecordId":"@2","documentType":"MAPPING","references":[{"@type":"reference","refObjectId":"@0aa38HfbIjadqoKlbnU14y","refType":"connection"}]}]