[{"@type":"mtTask","id":"@1","name":"mt_stg_sync_address","description":"","runtimeEnvironmentId":"@cUgvxjP6z42j5o2aizvbUV","maxLogs":10,"verbose":false,"lastRunTime":1674473518000,"mappingId":"@6b9pTLJKv6BdxYz2QTyeuS","frsGuid":"alQXugXkQDRfLyBQRhqGAf","shortDescription":"","sessionPropertiesList":[{"name":"Allow Temporary Sequence for Pushdown","value":"NO","recommended":false},{"name":"Allow Temporary View for Pushdown","value":"NO","recommended":false},{"name":"Pushdown Optimization","value":"None","recommended":false},{"name":"Pushdown Optimization Context","value":"None","recommended":false},{"name":"Run Only In Pushdown Mode","value":"NO","recommended":false}],"enableCrossSchemaPushdown":true,"enableParallelRun":false,"autoTunedApplied":false,"autoTunedAppliedType":"NONE","paramFileType":"PARAM_FILE_LOCAL","schemaMode":"async","valid":true,"schemaValidationErrorCount":-1,"parameterFileEncoding":"UTF-8","serverlessProperties":{},"taskProperties":[{"@type":"taskProperty","name":"parameterFileDir","currentValue":"","type":"STRING","label":"label.parameterFileDir","required":false},{"@type":"taskProperty","name":"parameterFileName","currentValue":"","type":"STRING","label":"label.parameterFileName","required":false}],"parameters":[{"@type":"mtTaskParameter","id":659368,"name":"$src_sync_address$","type":"SOURCE","label":"src_sync_address","uiProperties":{"connectionParameterized":"false","isSelectDistinct":"false","objectParameterized":"false","visible":"false","originalPath":"src_sync_address"},"sourceConnectionId":"@irZpk2lcq2Lh5v2PiTa4Q2","sourceObject":"DUMMY_src_sync_address","newFlatFile":false,"newObject":false,"showBusinessNames":false,"naturalOrder":true,"truncateTarget":false,"bulkApiDBTarget":false,"customFuncCfg":{"@type":"customFuncConfig","id":-1,"connections":[],"inputMap":[],"outputFields":[]},"targetRefsV2":{},"targetUpdateColumns":[],"runtimeAttrs":{},"isRESTModernSource":true,"customQuery":"WITH EBS_CUST_ADDR AS (\nSELECT\nC.CUST_ID,\nconcat_ws('-',CONCAT_ws(' ',EBS_ADDR.BLOCK_NO,EBS_ADDR.STREET_NAME,EBS_ADDR.FLOOR_NO),EBS_ADDR.UNIT_NO) AS NAME,\nEBS_ADDR.UNIT_NO AS cscrm__Unit_Number__c,\nEBS_ADDR.FLOOR_NO AS cscrm__Level_Number__c,\nEBS_ADDR.BLOCK_NO AS cscrm__Building_Number__c,\nEBS_ADDR.BUILDING_NAME AS cscrm__Building_Name__c,\nEBS_ADDR.STREET_NAME AS cscrm__Street_Name__c,\nEBS_ADDR.CITY As cscrm__City__c,\nEBS_ADDR.STATE As cscrm__State_Province__c,\nEBS_ADDR.POSTAL_CODE AS cscrm__Zip_Postal_Code__c,\nCASE WHEN EBS_ADDR.COUNTRY='SG' THEN 'Singapore'\nELSE EBS_ADDR.COUNTRY\nEND AS cscrm__Country__c,\nEBS_ADDR.PO_BOX AS PO_Box__c,\nCASE WHEN EBS_ADDR.ADDRESS_TYPE IN ('FS','FP') THEN 1 ELSE 0\nEND AS FOREIGN_ADDRESS,\nCASE WHEN EBS_ADDR.PARTY_TYPE='F' THEN EBS_ADDR.PARTY_CODE\nEND AS PARTY_CODE,\nCOALESCE(cast(EBS_ADDR.CREATE_DATE as timestamp),date_trunc('seconds',CURRENT_TIMESTAMP)) AS  CREATE_DATE,\nCOALESCE(cast(EBS_ADDR.UPDATE_DATE as timestamp),date_trunc('seconds',CURRENT_TIMESTAMP)) AS  LAST_MODIFIED_DATE,\nCASE WHEN EBS_ADDR.SAMID IS NOT NULL THEN 1 ELSE 0\nEND AS SGLocate_Verified__c,\n0 AS ACRA_ADDRESS,\nAM.PARTY_CODE AS ACCT_PARTY_CODE,\nEBS_ADDR.STD_ADDR_ID AS LEGACY_ID__C\nFROM mig_ods_dev.STG_EBS_ADDRESS EBS_ADDR\nINNER JOIN mig_ods_dev.STG_EBS_CUST C ON EBS_ADDR.STD_ADDR_ID=C.STD_ADDR_ID\nINNER JOIN mig_ods_dev.STG_ACCOUNT_MANAGER_CUST AM ON AM.CUST_ID = C.CUST_ID AND AM.PARTY_TYPE='F'\nWHERE UPPER(TRIM(COALESCE(EBS_ADDR.VAL_REJ_TYPE,'Y'))) !='HARD'\n),\nEBS_BILL_ADDR AS (\nSELECT\nC.CUST_ID,\nconcat_ws('-',CONCAT_ws(' ',EBS_ADDR.BLOCK_NO,EBS_ADDR.STREET_NAME,EBS_ADDR.FLOOR_NO),EBS_ADDR.UNIT_NO) AS NAME,\nEBS_ADDR.UNIT_NO AS cscrm__Unit_Number__c,\nEBS_ADDR.FLOOR_NO AS cscrm__Level_Number__c,\nEBS_ADDR.BLOCK_NO AS cscrm__Building_Number__c,\nEBS_ADDR.BUILDING_NAME AS cscrm__Building_Name__c,\nEBS_ADDR.STREET_NAME AS cscrm__Street_Name__c,\nEBS_ADDR.CITY As cscrm__City__c,\nEBS_ADDR.STATE As cscrm__State_Province__c,\nEBS_ADDR.POSTAL_CODE AS cscrm__Zip_Postal_Code__c,\nCASE WHEN EBS_ADDR.COUNTRY='SG' THEN 'Singapore'\nELSE EBS_ADDR.COUNTRY\nEND AS cscrm__Country__c,\nEBS_ADDR.PO_BOX AS PO_Box__c,\nCASE WHEN EBS_ADDR.ADDRESS_TYPE IN ('FS','FP') THEN 1 ELSE 0\nEND AS FOREIGN_ADDRESS,\nCASE WHEN EBS_ADDR.PARTY_TYPE='F' THEN EBS_ADDR.PARTY_CODE\nEND AS PARTY_CODE,\nCOALESCE(cast(EBS_ADDR.CREATE_DATE as timestamp),date_trunc('seconds',CURRENT_TIMESTAMP)) AS  CREATE_DATE,\nCOALESCE(cast(EBS_ADDR.UPDATE_DATE as timestamp),date_trunc('seconds',CURRENT_TIMESTAMP)) AS  LAST_MODIFIED_DATE,\nCASE WHEN EBS_ADDR.SAMID IS NOT NULL THEN 1 ELSE 0\nEND AS SGLocate_Verified__c,\n0 AS ACRA_ADDRESS,\nAM.PARTY_CODE AS ACCT_PARTY_CODE,\nc.bill_address AS LEGACY_ID__C\nFROM mig_ods_dev.STG_EBS_ACCT c\nINNER JOIN mig_ods_dev.STG_EBS_ADDRESS EBS_ADDR\non C.BILL_ADDRESS =CAST(EBS_ADDR.STD_ADDR_ID AS VARCHAR)\nINNER JOIN mig_ods_dev.STG_ACCOUNT_MANAGER_CUST AM ON  C.CUST_ID=AM.CUST_ID AND AM.PARTY_TYPE='F'\nWHERE UPPER(TRIM(COALESCE(EBS_ADDR.VAL_REJ_TYPE,'Y'))) !='HARD'\n),\nSAP_ADDR AS (\nSELECT \nSA.company_name,\nconcat_ws('-',CONCAT_ws(' ',SA.BLOCK_NO,SA.STREET_NAME,SA.FLOOR_NO),SA.UNIT_NO) AS NAME,\nSA.UNIT_NO AS cscrm__Unit_Number__c,\nSA.FLOOR_NO AS cscrm__Level_Number__c,\nSA.BLOCK_NO AS cscrm__Building_Number__c,\nSA.building_name AS cscrm__Building_Name__c,\nSA.STREET_NAME AS cscrm__Street_Name__c,\nSA.CITY AS cscrm__City__c,\nSA.STATE AS cscrm__State_Province__c,\nSA.POSTAL_CODE AS cscrm__Zip_Postal_Code__c,\nCASE WHEN SA.COUNTRY='SG' THEN 'Singapore' \nELSE SA.COUNTRY\nEND AS cscrm__Country__c,\nSA.PO_BOX AS PO_Box__c,\nCASE WHEN SA.Country = 'Singapore' THEN 0 ELSE 1\nEND AS FOREIGN_ADDRESS,\n--COALESCE(cast(SA.created_date as timestamp),date_trunc('seconds',CURRENT_TIMESTAMP)) AS CreatedDate,\nCOALESCE(to_timestamp(created_date,'DD/MM/YYYY'),date_trunc('seconds',CURRENT_TIMESTAMP)) AS CreatedDate,\ndate_trunc('seconds',CURRENT_TIMESTAMP) as LastModifiedDate,\n--to_timestamp(to_char(CURRENT_TIMESTAMP,'YYYY-MM-DD HH24:MI:SS'),'YYYY-MM-DD HH24:MI:SS') AS LastModifiedDate,\n'0'AS SGLocate_Verified__c,\n'1' AS ACRA_Address__c,\nSA.owner_name AS OWNER_NAME,\nSA.business_registration_number,\nSA.customer_id AS LEGACY_ID__C\nFROM mig_ods_dev.stg_sap_address SA \nWHERE UPPER(TRIM(COALESCE(SA.VAL_REJ_TYPE,'Y'))) !='HARD'\nGROUP BY \nSA.company_name,\nNAME,\ncscrm__Unit_Number__c,\ncscrm__Level_Number__c,\ncscrm__Building_Number__c,\ncscrm__Building_Name__c,\ncscrm__Street_Name__c,\ncscrm__City__c,\ncscrm__State_Province__c,\ncscrm__Zip_Postal_Code__c,\ncscrm__Country__c,\nPO_Box__c,\nFOREIGN_ADDRESS,\nLastModifiedDate,\nCreatedDate,\nSGLocate_Verified__c,\nACRA_Address__c,\nOWNER_NAME,\nSA.business_registration_number,\nLEGACY_ID__C\n),\nSYNC_ACCOUNT AS\n(\nSELECT \n \"Id\" AS ID,\n \"Name\" aS NAME,\n CASE \n\tWHEN ACC.\"Legacy_Id__c\" IS NOT NULL THEN ACC.\"Legacy_Id__c\" \n \tELSE  SYNC_ACCOUNT.Legacy_Id \nEND AS LEGACY_ID__C \n FROM MIG_ODS_DEV.SF_ACCOUNT ACC\n LEFT JOIN MIG_ODS_DEV.SYNC_EBS_SAP_ACCOUNT SYNC_ACCOUNT\nON SYNC_ACCOUNT.NAME=ACC.\"Name\" \nAND SYNC_ACCOUNT.Business_Registration_Number=ACC.\"Business_Registration_Number_BRN__c\"\n)\nSELECT\nACC.ID AS ACCOUNT,\nEBS_ADDR.NAME,\nEBS_ADDR.cscrm__Unit_Number__c,\nEBS_ADDR.cscrm__Level_Number__c,\nEBS_ADDR.cscrm__Building_Number__c,\nEBS_ADDR.cscrm__Building_Name__c,\nEBS_ADDR.cscrm__Street_Name__c,\nEBS_ADDR.cscrm__City__c,\nEBS_ADDR.cscrm__State_Province__c,\nEBS_ADDR.cscrm__Zip_Postal_Code__c,\nEBS_ADDR.cscrm__Country__c,\nEBS_ADDR.PO_Box__c,\nEBS_ADDR.FOREIGN_ADDRESS,\nEBS_ADDR.PARTY_CODE AS CreatedById,\n'EBS' AS FLAG,\nEBS_ADDR.CREATE_DATE AS CreatedDate,\nEBS_ADDR.PARTY_CODE AS LastModifiedById,\nEBS_ADDR.LAST_MODIFIED_DATE AS LastModifiedDate,\nEBS_ADDR.SGLocate_Verified__c,\nEBS_ADDR.ACRA_ADDRESS AS ACRA_Address__c,\nEBS_ADDR.ACCT_PARTY_CODE AS OwnerId,\nEBS_ADDR.LEGACY_ID__C AS LEGACY_ID__C\nFROM EBS_CUST_ADDR EBS_ADDR\nINNER JOIN SYNC_ACCOUNT ACC\nON Cast(EBS_ADDR.CUST_ID as Varchar)=ACC.Legacy_Id__c\n\n\n\n\n\n\nUNION\n\n\n\nSELECT\nACC.ID AS ACCOUNT,\nEBS_ADDR.NAME,\nEBS_ADDR.cscrm__Unit_Number__c,\nEBS_ADDR.cscrm__Level_Number__c,\nEBS_ADDR.cscrm__Building_Number__c,\nEBS_ADDR.cscrm__Building_Name__c,\nEBS_ADDR.cscrm__Street_Name__c,\nEBS_ADDR.cscrm__City__c,\nEBS_ADDR.cscrm__State_Province__c,\nEBS_ADDR.cscrm__Zip_Postal_Code__c,\nEBS_ADDR.cscrm__Country__c,\nEBS_ADDR.PO_Box__c,\nEBS_ADDR.FOREIGN_ADDRESS,\nEBS_ADDR.PARTY_CODE AS CreatedById,\n'EBS' AS FLAG,\nEBS_ADDR.CREATE_DATE AS CreatedDate,\nEBS_ADDR.PARTY_CODE AS LastModifiedById,\nEBS_ADDR.LAST_MODIFIED_DATE AS LastModifiedDate,\nEBS_ADDR.SGLocate_Verified__c,\nEBS_ADDR.ACRA_ADDRESS AS ACRA_Address__c,\nEBS_ADDR.ACCT_PARTY_CODE AS  OwnerId,\nEBS_ADDR.LEGACY_ID__C  AS LEGACY_ID__C\nFROM EBS_BILL_ADDR EBS_ADDR\nINNER JOIN SYNC_ACCOUNT ACC\nON Cast(EBS_ADDR.CUST_ID as Varchar)=ACC.Legacy_Id__c\n\n\n\n\nUNION\n\n\n\n\n\nSELECT\nS.\"Id\" AS ACCOUNT,\nSAP_ADDR.NAME,\nSAP_ADDR.cscrm__Unit_Number__c,\nSAP_ADDR.cscrm__Level_Number__c,\nSAP_ADDR.cscrm__Building_Number__c,\nSAP_ADDR.cscrm__Building_Name__c,\nSAP_ADDR.cscrm__Street_Name__c,\nSAP_ADDR.cscrm__City__c,\nSAP_ADDR.cscrm__State_Province__c,\nSAP_ADDR.cscrm__Zip_Postal_Code__c,\nSAP_ADDR.cscrm__Country__c,\nSAP_ADDR.PO_Box__c,\nSAP_ADDR.FOREIGN_ADDRESS,\nNULL AS CreatedById,\n'SAP' AS FLAG,\nSAP_ADDR.CreatedDate,\nNULL AS LastModifiedById,\nSAP_ADDR.LastModifiedDate,\ncast(SAP_ADDR.SGLocate_Verified__c AS INTEGER),\ncast(SAP_ADDR.ACRA_Address__c AS INTEGER),\nUPPER(TRIM(OWNER_NAME)) AS OWNERId,\nSAP_ADDR.LEGACY_ID__C\nFROM SAP_ADDR\nINNER JOIN mig_ods_dev.SF_ACCOUNT S \nON UPPER(TRIM(SAP_ADDR.Company_Name))=UPPER(TRIM(S.\"Name\")) \nAND UPPER(TRIM(SAP_ADDR.business_registration_number))=UPPER(TRIM(S.\"Business_Registration_Number_BRN__c\"))\n/*Group by  \nACCOUNT,\nSAP_ADDR.NAME,\nSAP_ADDR.cscrm__Unit_Number__c,\nSAP_ADDR.cscrm__Level_Number__c,\nSAP_ADDR.cscrm__Building_Number__c,\nSAP_ADDR.cscrm__Building_Name__c,\nSAP_ADDR.cscrm__Street_Name__c,\nSAP_ADDR.cscrm__City__c,\nSAP_ADDR.cscrm__State_Province__c,\nSAP_ADDR.cscrm__Zip_Postal_Code__c,\nSAP_ADDR.cscrm__Country__c,\nSAP_ADDR.PO_Box__c,\nSAP_ADDR.FOREIGN_ADDRESS,\nCreatedById,\nSAP_ADDR.CreatedDate,\nLastModifiedById,\nSAP_ADDR.LastModifiedDate,\nSAP_ADDR.SGLocate_Verified__c,\nSAP_ADDR.ACRA_Address__c,\nOWNERId,\nSAP_ADDR.LEGACY_ID__C*/","isFileList":false,"handleSpecialChars":false,"handleDecimalRoundOff":false,"frsAsset":false,"dynamicFileName":false,"excludeDynamicFileNameField":false,"currentlyProcessedFileName":false,"retainFieldMetadata":false,"objectName":"DUMMY_src_sync_address","useExactSrcNames":false,"tgtObjectAttributes":{},"runtimeParameterData":{"@type":"mtTaskRuntimeParameterData","isConnectionRuntimeParameter":false,"isObjectRuntimeParameter":false},"overridableProperties":[],"overriddenFields":[]},{"@type":"mtTaskParameter","id":659369,"name":"$tgt_sync_address$","type":"TARGET","label":"tgt_sync_address","uiProperties":{"connectionParameterized":"false","objectParameterized":"false","visible":"false","defaultTargetUpdateColumns":"","supportApplyDDLChanges":"false","originalPath":"tgt_sync_address"},"targetConnectionId":"@irZpk2lcq2Lh5v2PiTa4Q2","targetObject":"mig_ods_dev/TABLE/sync_ebs_sap_address","targetObjectLabel":"sync_ebs_sap_address","newFlatFile":false,"newObject":false,"showBusinessNames":false,"naturalOrder":true,"truncateTarget":false,"bulkApiDBTarget":false,"operationType":"Insert","customFuncCfg":{"@type":"customFuncConfig","id":-1,"connections":[],"inputMap":[],"outputFields":[]},"targetRefsV2":{},"targetUpdateColumns":[],"extendedObject":{"@type":"extendedObject","singleMode":true,"filters":[],"sortFields":[]},"runtimeAttrs":{},"isRESTModernSource":true,"isFileList":false,"handleSpecialChars":false,"handleDecimalRoundOff":false,"frsAsset":false,"dynamicFileName":false,"excludeDynamicFileNameField":false,"currentlyProcessedFileName":false,"retainFieldMetadata":false,"objectName":"mig_ods_dev/TABLE/sync_ebs_sap_address","objectLabel":"sync_ebs_sap_address","useExactSrcNames":false,"tgtObjectAttributes":{},"runtimeParameterData":{"@type":"mtTaskRuntimeParameterData","isConnectionRuntimeParameter":false,"isObjectRuntimeParameter":false},"overridableProperties":[],"overriddenFields":[]},{"@type":"mtTaskParameter","id":659370,"name":"$Lkp_sf_user$","type":"LOOKUP","label":"Lkp_sf_user","uiProperties":{"connectionParameterized":"false","isCachedLookup":"true","multipleMatchPolicy":"Use Last Value","objectParameterized":"false","visible":"false","originalPath":"Lkp_sf_user"},"lookupConnectionId":"@irZpk2lcq2Lh5v2PiTa4Q2","lookupObject":"DUMMY_Lkp_sf_user","newFlatFile":false,"newObject":false,"showBusinessNames":false,"naturalOrder":true,"truncateTarget":false,"bulkApiDBTarget":false,"customFuncCfg":{"@type":"customFuncConfig","id":-1,"connections":[],"inputMap":[],"outputFields":[]},"targetRefsV2":{},"targetUpdateColumns":[],"runtimeAttrs":{"Cache File Name Prefix":"","Lookup Index Cache Size":"AUTO","Optional":"true","Lookup cache persistent":"false","Lookup source is static":"false","Case Sensitive String Comparison":"false","Re-cache from lookup source":"false","Insert Else Update":"false","Lookup caching enabled":"true","Lookup Data Cache Size":"AUTO","Tracing Level":"Normal","Sorted Input":"false","Lookup cache directory name":"$PMCacheDir","Output Old Value On Update":"false","Dynamic Lookup Cache":"false","Pre-build lookup cache":"AUTO","Null ordering":""},"isRESTModernSource":true,"customQuery":"SELECT \nB.ID,\nB.Email,\nS.STAFF_ID FROM  \n(\nSELECT \n\"Id\" AS ID,\n\"Email\" AS Email \nFROM \n(\nSELECT \"Id\", \nUPPER(TRIM(\"Email\")) AS \"Email\",\nROW_NUMBER() OVER (PARTITION BY UPPER(TRIM(\"Email\")) ORDER BY \"IsActive\" DESC ) AS RNK\nFROM MIG_ODS_DEV.SF_USER) A \nWHERE RNK=1\n) B \nINNER  JOIN MIG_ODS_DEV.STG_BFM_STAFF S ON\nTRIM(UPPER(S.Email))=TRIM(UPPER(B.Email))\nUNION \nSELECT \"Id\" AS ID,\"Email\" AS Email,NULL AS STAFF_ID FROM MIG_ODS_DEV.SF_USER WHERE UPPER(\"Name\")=UPPER('Data Migration User')","isFileList":false,"handleSpecialChars":false,"handleDecimalRoundOff":false,"frsAsset":false,"dynamicFileName":false,"excludeDynamicFileNameField":false,"currentlyProcessedFileName":false,"retainFieldMetadata":false,"objectName":"DUMMY_Lkp_sf_user","useExactSrcNames":false,"tgtObjectAttributes":{},"runtimeParameterData":{"@type":"mtTaskRuntimeParameterData","isConnectionRuntimeParameter":false,"isObjectRuntimeParameter":false},"overridableProperties":[],"overriddenFields":[]},{"@type":"mtTaskParameter","id":659371,"name":"$U_lkp_sf_user_sap$","type":"LOOKUP","label":"U_lkp_sf_user_sap","uiProperties":{"connectionParameterized":"false","isCachedLookup":"true","multipleMatchPolicy":"Use Last Value","objectParameterized":"false","visible":"false","originalPath":"U_lkp_sf_user_sap"},"lookupConnectionId":"@irZpk2lcq2Lh5v2PiTa4Q2","lookupObject":"DUMMY_U_lkp_sf_user_sap","newFlatFile":false,"newObject":false,"showBusinessNames":false,"naturalOrder":true,"truncateTarget":false,"bulkApiDBTarget":false,"customFuncCfg":{"@type":"customFuncConfig","id":-1,"connections":[],"inputMap":[],"outputFields":[]},"targetRefsV2":{},"targetUpdateColumns":[],"runtimeAttrs":{"Cache File Name Prefix":"","Lookup Index Cache Size":"AUTO","Optional":"true","Lookup cache persistent":"false","Lookup source is static":"false","Case Sensitive String Comparison":"false","Re-cache from lookup source":"false","Insert Else Update":"false","Lookup caching enabled":"true","Lookup Data Cache Size":"AUTO","Tracing Level":"Normal","Sorted Input":"false","Lookup cache directory name":"$PMCacheDir","Output Old Value On Update":"false","Dynamic Lookup Cache":"false","Pre-build lookup cache":"AUTO","Null ordering":""},"isRESTModernSource":true,"customQuery":"SELECT \nID,\nNAME \nFROM (\nSELECT \n\"Id\" AS ID,\nNAME \nFROM \n(\nSELECT \"Id\", \nUPPER(TRIM(\"Name\")) AS NAME,\nROW_NUMBER() OVER (PARTITION BY UPPER(TRIM(\"Name\")) ORDER BY \"IsActive\" DESC ) AS RNK\nFROM MIG_ODS_DEV.SF_USER) A \nWHERE RNK=1\n) B","isFileList":false,"handleSpecialChars":false,"handleDecimalRoundOff":false,"frsAsset":false,"dynamicFileName":false,"excludeDynamicFileNameField":false,"currentlyProcessedFileName":false,"retainFieldMetadata":false,"objectName":"DUMMY_U_lkp_sf_user_sap","useExactSrcNames":false,"tgtObjectAttributes":{},"runtimeParameterData":{"@type":"mtTaskRuntimeParameterData","isConnectionRuntimeParameter":false,"isObjectRuntimeParameter":false},"overridableProperties":[],"overriddenFields":[]}],"sequences":[],"inOutParameters":[],"connRuntimeAttrs":[]}]