[{"@type":"mappingTemplate","id":"@1","name":"m_file_stg_ebs_quote_item","description":"","bundleVersion":"0","assetFrsGuid":"dmh3njfZp2dgayYPcRAe0h","templateId":"@3","deployTime":1680678015000,"hasParameters":false,"valid":true,"fixedConnection":true,"hasParametersDeployed":false,"fixedConnectionDeployed":true,"isSchemaValidationEnabled":false,"tasks":1,"mappingPreviewFileRecordId":"@2","documentType":"MAPPING","references":[{"@type":"reference","refObjectId":"@0aa38HfbIjadqoKlbnU14y","refType":"connection"},{"@type":"reference","refObjectId":"@5cVavMJoq6viVKggQReXmA","refType":"connection"}]}]