[{"@type":"mappingTemplate","id":"@1","name":"m_rp_sf_customer_access","description":"This mapping replicates customer access data from saleforce to stage area","bundleVersion":"0","templateId":"@3","deployTime":1675868678000,"hasParameters":false,"valid":true,"fixedConnection":true,"hasParametersDeployed":false,"fixedConnectionDeployed":true,"isSchemaValidationEnabled":false,"tasks":1,"mappingPreviewFileRecordId":"@2","documentType":"MAPPING","references":[{"@type":"reference","refObjectId":"@irZpk2lcq2Lh5v2PiTa4Q2","refType":"connection"},{"@type":"reference","refObjectId":"@4SoE843RJabk2lY1RBHwqN","refType":"connection"}]}]