[{"@type":"mappingTemplate","id":"@1","name":"m_json_creation_poc","description":"","bundleVersion":"0","templateId":"@3","deployTime":1670578689000,"hasParameters":false,"valid":true,"fixedConnection":true,"hasParametersDeployed":false,"fixedConnectionDeployed":true,"isSchemaValidationEnabled":false,"tasks":0,"mappingPreviewFileRecordId":"@2","documentType":"MAPPING","references":[{"@type":"reference","refObjectId":"@1h3v5gym6bTbjKYFjWauap","refType":"connection"},{"@type":"reference","refObjectId":"@a4lwPPz4ctAcWcViBCHBAz","refType":"hschema"}]}]