[{"@type":"mappingTemplate","id":"@1","name":"m_UPD_Service_TechInfo_linkage","description":"","bundleVersion":"0","templateId":"@3","deployTime":1693195710000,"hasParameters":false,"valid":true,"fixedConnection":true,"hasParametersDeployed":false,"fixedConnectionDeployed":true,"isSchemaValidationEnabled":false,"tasks":1,"mappingPreviewFileRecordId":"@2","documentType":"MAPPING","references":[{"@type":"reference","refObjectId":"@9BbRLvdO9WclfHAtYXCK2C","refType":"connection"},{"@type":"reference","refObjectId":"@4QRSN7FLoYhbpr47H7jUO9","refType":"connection"}]}]