[{"@type":"dssTask","id":"@1","name":"delete_csord_solution_c","description":"Delete job","runtimeEnvironmentId":"@cUgvxjP6z42j5o2aizvbUV","maxLogs":10,"sourceConnectionId":"@5yRVwmNzNZRbaTvVhnITId","targetConnectionId":"@5yRVwmNzNZRbaTvVhnITId","targetObject":"csord__Solution__c","targetObjectLabel":"Solution","operation":"Delete","maxRows":0,"truncateTarget":false,"bulkApiDBTarget":false,"verbose":false,"targetMetadataUpdated":false,"modelVersion":"V3-R600","queryAll":false,"srcSettings":{"@type":"taskDataSourceSetting","isShowLabels":false,"isNaturalOrder":true},"tgtSettings":{"@type":"taskDataSourceSetting","isShowLabels":false,"isNaturalOrder":true},"cfSettings":{"@type":"taskDataSourceSetting","isShowLabels":false,"isNaturalOrder":false},"bulkApi":false,"bulkApiSerialMode":false,"bulkApiMonitor":false,"isTargetObjectSfCustom":true,"allowNullUpdates":false,"targetBatchSize":200,"assignmentRuleId":"-1","assignmentRuleType":"None","createSuccessFile":false,"bulkApiHardDelete":false,"srcRuntimeAttrs":{"@type":"taskRuntimeAttrs","attrs":{"Maximum Rows Per Request":"0","PK Chunking size":"100000","Enable PK Chunking":"0","PK Chunking startRow ID":""}},"tgtRuntimeAttrs":{"@type":"taskRuntimeAttrs","attrs":{}},"parameterFileEncoding":"UTF-8","serverlessProperties":{},"sourceObjects":[{"@type":"mObject","name":"csord__Solution__c","label":"Solution","metadataUpdated":false,"relations":[],"children":[]}],"advancedFilters":[{"@type":"advancedFilter","id":"37","objectName":"csord__Solution__c","objectLabel":"Solution","expression":"CreatedDate >= 2023-02-20T07:05:00Z and CreatedById='0051e000002pyAYAAY'"}],"filters":[],"fieldMaps":[{"@type":"fieldMap","id":"383490","targetField":{"@type":"field","id":884374,"name":"Id","type":"id","uniqueName":"Id","label":"Record ID","parentObject":"csord__Solution__c","pcType":"STRING","precision":18,"scale":0,"columnIndex":0,"isKey":true,"isWaterMarkKey":false,"isExternalId":false,"isSfIdLookup":true,"isNullable":false,"isUnique":false,"isCreateable":false,"isUpdateable":false,"isFilterable":true,"isCalculated":false,"showLabel":false,"naturalOrder":0,"typeConfigFields":[],"linkedFields":["Id"],"relatedInfos":[],"references":[]},"expression":"Id"},{"@type":"fieldMap","id":"383491","targetField":{"@type":"field","id":884375,"name":"OwnerId","type":"reference","uniqueName":"OwnerId","label":"Owner ID","parentObject":"csord__Solution__c","pcType":"STRING","precision":18,"scale":0,"columnIndex":1,"isKey":false,"isWaterMarkKey":false,"isExternalId":false,"isSfIdLookup":false,"isNullable":false,"isUnique":false,"isCreateable":true,"isUpdateable":true,"isFilterable":true,"isCalculated":false,"showLabel":false,"naturalOrder":1,"typeConfigFields":[],"linkedFields":["OwnerId"],"relatedInfos":[{"@type":"fieldRelatedInfo","id":2220,"referenceObject":"Group","relationshipName":"Owner","referenceField":{"@type":"field","id":-1,"precision":0,"scale":0,"columnIndex":-1,"isKey":false,"isWaterMarkKey":false,"isExternalId":false,"isSfIdLookup":false,"isNullable":true,"isUnique":false,"isCreateable":false,"isUpdateable":true,"isFilterable":true,"isCalculated":false,"showLabel":true,"naturalOrder":0,"typeConfigFields":[],"linkedFields":[],"relatedInfos":[],"references":[]}},{"@type":"fieldRelatedInfo","id":2221,"referenceObject":"User","relationshipName":"Owner","referenceField":{"@type":"field","id":-1,"precision":0,"scale":0,"columnIndex":-1,"isKey":false,"isWaterMarkKey":false,"isExternalId":false,"isSfIdLookup":false,"isNullable":true,"isUnique":false,"isCreateable":false,"isUpdateable":true,"isFilterable":true,"isCalculated":false,"showLabel":true,"naturalOrder":0,"typeConfigFields":[],"linkedFields":[],"relatedInfos":[],"references":[]}}],"references":[]},"expression":"OwnerId"},{"@type":"fieldMap","id":"383492","targetField":{"@type":"field","id":884376,"name":"IsDeleted","type":"boolean","uniqueName":"IsDeleted","label":"Deleted","parentObject":"csord__Solution__c","pcType":"INT","precision":10,"scale":0,"columnIndex":2,"isKey":false,"isWaterMarkKey":false,"isExternalId":false,"isSfIdLookup":false,"isNullable":false,"isUnique":false,"isCreateable":false,"isUpdateable":false,"isFilterable":true,"isCalculated":false,"showLabel":false,"naturalOrder":2,"typeConfigFields":[],"linkedFields":["IsDeleted"],"relatedInfos":[],"references":[]},"expression":"IsDeleted"},{"@type":"fieldMap","id":"383493","targetField":{"@type":"field","id":884377,"name":"Name","type":"string","uniqueName":"Name","label":"Solution Name","parentObject":"csord__Solution__c","pcType":"STRING","precision":80,"scale":0,"columnIndex":3,"isKey":false,"isWaterMarkKey":false,"isExternalId":false,"isSfIdLookup":true,"isNullable":true,"isUnique":false,"isCreateable":true,"isUpdateable":true,"isFilterable":true,"isCalculated":false,"showLabel":false,"naturalOrder":3,"typeConfigFields":[],"linkedFields":["Name"],"relatedInfos":[],"references":[]},"expression":"Name"},{"@type":"fieldMap","id":"383494","targetField":{"@type":"field","id":884378,"name":"CurrencyIsoCode","type":"picklist","uniqueName":"CurrencyIsoCode","label":"Currency ISO Code","parentObject":"csord__Solution__c","pcType":"STRING","precision":3,"scale":0,"columnIndex":4,"isKey":false,"isWaterMarkKey":false,"isExternalId":false,"isSfIdLookup":false,"isNullable":true,"isUnique":false,"isCreateable":true,"isUpdateable":true,"isFilterable":true,"isCalculated":false,"showLabel":false,"naturalOrder":4,"typeConfigFields":[],"linkedFields":["CurrencyIsoCode"],"relatedInfos":[],"references":[]},"expression":"CurrencyIsoCode"},{"@type":"fieldMap","id":"383495","targetField":{"@type":"field","id":884379,"name":"CreatedDate","type":"datetime","uniqueName":"CreatedDate","label":"Created Date","parentObject":"csord__Solution__c","pcType":"DATE","precision":24,"scale":0,"columnIndex":5,"isKey":false,"isWaterMarkKey":false,"isExternalId":false,"isSfIdLookup":false,"isNullable":false,"isUnique":false,"isCreateable":true,"isUpdateable":false,"isFilterable":true,"isCalculated":false,"showLabel":false,"naturalOrder":5,"typeConfigFields":[],"linkedFields":["CreatedDate"],"relatedInfos":[],"references":[]},"expression":"CreatedDate"},{"@type":"fieldMap","id":"383496","targetField":{"@type":"field","id":884380,"name":"CreatedById","type":"reference","uniqueName":"CreatedById","label":"Created By ID","parentObject":"csord__Solution__c","pcType":"STRING","precision":18,"scale":0,"columnIndex":6,"isKey":false,"isWaterMarkKey":false,"isExternalId":false,"isSfIdLookup":false,"isNullable":false,"isUnique":false,"isCreateable":true,"isUpdateable":false,"isFilterable":true,"isCalculated":false,"showLabel":false,"naturalOrder":6,"typeConfigFields":[],"linkedFields":["CreatedById"],"relatedInfos":[{"@type":"fieldRelatedInfo","id":2222,"referenceObject":"User","relationshipName":"CreatedBy","referenceField":{"@type":"field","id":-1,"precision":0,"scale":0,"columnIndex":-1,"isKey":false,"isWaterMarkKey":false,"isExternalId":false,"isSfIdLookup":false,"isNullable":true,"isUnique":false,"isCreateable":false,"isUpdateable":true,"isFilterable":true,"isCalculated":false,"showLabel":true,"naturalOrder":0,"typeConfigFields":[],"linkedFields":[],"relatedInfos":[],"references":[]}}],"references":[]},"expression":"CreatedById"},{"@type":"fieldMap","id":"383497","targetField":{"@type":"field","id":884381,"name":"LastModifiedDate","type":"datetime","uniqueName":"LastModifiedDate","label":"Last Modified Date","parentObject":"csord__Solution__c","pcType":"DATE","precision":24,"scale":0,"columnIndex":7,"isKey":false,"isWaterMarkKey":false,"isExternalId":false,"isSfIdLookup":false,"isNullable":false,"isUnique":false,"isCreateable":true,"isUpdateable":false,"isFilterable":true,"isCalculated":false,"showLabel":false,"naturalOrder":7,"typeConfigFields":[],"linkedFields":["LastModifiedDate"],"relatedInfos":[],"references":[]},"expression":"LastModifiedDate"},{"@type":"fieldMap","id":"383498","targetField":{"@type":"field","id":884382,"name":"LastModifiedById","type":"reference","uniqueName":"LastModifiedById","label":"Last Modified By ID","parentObject":"csord__Solution__c","pcType":"STRING","precision":18,"scale":0,"columnIndex":8,"isKey":false,"isWaterMarkKey":false,"isExternalId":false,"isSfIdLookup":false,"isNullable":false,"isUnique":false,"isCreateable":true,"isUpdateable":false,"isFilterable":true,"isCalculated":false,"showLabel":false,"naturalOrder":8,"typeConfigFields":[],"linkedFields":["LastModifiedById"],"relatedInfos":[{"@type":"fieldRelatedInfo","id":2223,"referenceObject":"User","relationshipName":"LastModifiedBy","referenceField":{"@type":"field","id":-1,"precision":0,"scale":0,"columnIndex":-1,"isKey":false,"isWaterMarkKey":false,"isExternalId":false,"isSfIdLookup":false,"isNullable":true,"isUnique":false,"isCreateable":false,"isUpdateable":true,"isFilterable":true,"isCalculated":false,"showLabel":true,"naturalOrder":0,"typeConfigFields":[],"linkedFields":[],"relatedInfos":[],"references":[]}}],"references":[]},"expression":"LastModifiedById"},{"@type":"fieldMap","id":"383499","targetField":{"@type":"field","id":884383,"name":"SystemModstamp","type":"datetime","uniqueName":"SystemModstamp","label":"System Modstamp","parentObject":"csord__Solution__c","pcType":"DATE","precision":24,"scale":0,"columnIndex":9,"isKey":false,"isWaterMarkKey":false,"isExternalId":false,"isSfIdLookup":false,"isNullable":false,"isUnique":false,"isCreateable":false,"isUpdateable":false,"isFilterable":true,"isCalculated":false,"showLabel":false,"naturalOrder":9,"typeConfigFields":[],"linkedFields":["SystemModstamp"],"relatedInfos":[],"references":[]},"expression":"SystemModstamp"},{"@type":"fieldMap","id":"383500","targetField":{"@type":"field","id":884384,"name":"LastViewedDate","type":"datetime","uniqueName":"LastViewedDate","label":"Last Viewed Date","parentObject":"csord__Solution__c","pcType":"DATE","precision":24,"scale":0,"columnIndex":10,"isKey":false,"isWaterMarkKey":false,"isExternalId":false,"isSfIdLookup":false,"isNullable":true,"isUnique":false,"isCreateable":false,"isUpdateable":false,"isFilterable":true,"isCalculated":false,"showLabel":false,"naturalOrder":10,"typeConfigFields":[],"linkedFields":["LastViewedDate"],"relatedInfos":[],"references":[]},"expression":"LastViewedDate"},{"@type":"fieldMap","id":"383501","targetField":{"@type":"field","id":884385,"name":"LastReferencedDate","type":"datetime","uniqueName":"LastReferencedDate","label":"Last Referenced Date","parentObject":"csord__Solution__c","pcType":"DATE","precision":24,"scale":0,"columnIndex":11,"isKey":false,"isWaterMarkKey":false,"isExternalId":false,"isSfIdLookup":false,"isNullable":true,"isUnique":false,"isCreateable":false,"isUpdateable":false,"isFilterable":true,"isCalculated":false,"showLabel":false,"naturalOrder":11,"typeConfigFields":[],"linkedFields":["LastReferencedDate"],"relatedInfos":[],"references":[]},"expression":"LastReferencedDate"},{"@type":"fieldMap","id":"383502","targetField":{"@type":"field","id":884386,"name":"csord__Account__c","type":"reference","uniqueName":"csord__Account__c","label":"Account","parentObject":"csord__Solution__c","pcType":"STRING","precision":18,"scale":0,"columnIndex":12,"isKey":false,"isWaterMarkKey":false,"isExternalId":false,"isSfIdLookup":false,"isNullable":true,"isUnique":false,"isCreateable":true,"isUpdateable":true,"isFilterable":true,"isCalculated":false,"showLabel":false,"naturalOrder":12,"typeConfigFields":[],"linkedFields":["csord__Account__c"],"relatedInfos":[{"@type":"fieldRelatedInfo","id":2224,"referenceObject":"Account","relationshipName":"csord__Account__r","referenceField":{"@type":"field","id":-1,"precision":0,"scale":0,"columnIndex":-1,"isKey":false,"isWaterMarkKey":false,"isExternalId":false,"isSfIdLookup":false,"isNullable":true,"isUnique":false,"isCreateable":false,"isUpdateable":true,"isFilterable":true,"isCalculated":false,"showLabel":true,"naturalOrder":0,"typeConfigFields":[],"linkedFields":[],"relatedInfos":[],"references":[]}}],"references":[]},"expression":"csord__Account__c"},{"@type":"fieldMap","id":"383503","targetField":{"@type":"field","id":884387,"name":"csord__External_Identifier2__c","type":"string","uniqueName":"csord__External_Identifier2__c","label":"External Identifier","parentObject":"csord__Solution__c","pcType":"STRING","precision":255,"scale":0,"columnIndex":13,"isKey":false,"isWaterMarkKey":false,"isExternalId":true,"isSfIdLookup":true,"isNullable":true,"isUnique":false,"isCreateable":true,"isUpdateable":true,"isFilterable":true,"isCalculated":false,"showLabel":false,"naturalOrder":13,"typeConfigFields":[],"linkedFields":["csord__External_Identifier2__c"],"relatedInfos":[],"references":[]},"expression":"csord__External_Identifier2__c"},{"@type":"fieldMap","id":"383504","targetField":{"@type":"field","id":884388,"name":"csord__External_Identifier__c","type":"string","uniqueName":"csord__External_Identifier__c","label":"DEPRECATED External Identifier","parentObject":"csord__Solution__c","pcType":"STRING","precision":255,"scale":0,"columnIndex":14,"isKey":false,"isWaterMarkKey":false,"isExternalId":true,"isSfIdLookup":true,"isNullable":true,"isUnique":false,"isCreateable":true,"isUpdateable":true,"isFilterable":true,"isCalculated":false,"showLabel":false,"naturalOrder":14,"typeConfigFields":[],"linkedFields":["csord__External_Identifier__c"],"relatedInfos":[],"references":[]},"expression":"csord__External_Identifier__c"},{"@type":"fieldMap","id":"383505","targetField":{"@type":"field","id":884389,"name":"csord__Identification__c","type":"string","uniqueName":"csord__Identification__c","label":"Identification","parentObject":"csord__Solution__c","pcType":"STRING","precision":255,"scale":0,"columnIndex":15,"isKey":false,"isWaterMarkKey":false,"isExternalId":false,"isSfIdLookup":false,"isNullable":false,"isUnique":false,"isCreateable":true,"isUpdateable":true,"isFilterable":true,"isCalculated":false,"showLabel":false,"naturalOrder":15,"typeConfigFields":[],"linkedFields":["csord__Identification__c"],"relatedInfos":[],"references":[]},"expression":"csord__Identification__c"},{"@type":"fieldMap","id":"383506","targetField":{"@type":"field","id":884390,"name":"csord__Order_Request__c","type":"reference","uniqueName":"csord__Order_Request__c","label":"Order Request","parentObject":"csord__Solution__c","pcType":"STRING","precision":18,"scale":0,"columnIndex":16,"isKey":false,"isWaterMarkKey":false,"isExternalId":false,"isSfIdLookup":false,"isNullable":true,"isUnique":false,"isCreateable":true,"isUpdateable":true,"isFilterable":true,"isCalculated":false,"showLabel":false,"naturalOrder":16,"typeConfigFields":[],"linkedFields":["csord__Order_Request__c"],"relatedInfos":[{"@type":"fieldRelatedInfo","id":2225,"referenceObject":"csord__Order_Request__c","relationshipName":"csord__Order_Request__r","referenceField":{"@type":"field","id":-1,"precision":0,"scale":0,"columnIndex":-1,"isKey":false,"isWaterMarkKey":false,"isExternalId":false,"isSfIdLookup":false,"isNullable":true,"isUnique":false,"isCreateable":false,"isUpdateable":true,"isFilterable":true,"isCalculated":false,"showLabel":true,"naturalOrder":0,"typeConfigFields":[],"linkedFields":[],"relatedInfos":[],"references":[]}}],"references":[]},"expression":"csord__Order_Request__c"},{"@type":"fieldMap","id":"383507","targetField":{"@type":"field","id":884391,"name":"csord__Order__c","type":"reference","uniqueName":"csord__Order__c","label":"Order","parentObject":"csord__Solution__c","pcType":"STRING","precision":18,"scale":0,"columnIndex":17,"isKey":false,"isWaterMarkKey":false,"isExternalId":false,"isSfIdLookup":false,"isNullable":true,"isUnique":false,"isCreateable":true,"isUpdateable":true,"isFilterable":true,"isCalculated":false,"showLabel":false,"naturalOrder":17,"typeConfigFields":[],"linkedFields":["csord__Order__c"],"relatedInfos":[{"@type":"fieldRelatedInfo","id":2226,"referenceObject":"csord__Order__c","relationshipName":"csord__Order__r","referenceField":{"@type":"field","id":-1,"precision":0,"scale":0,"columnIndex":-1,"isKey":false,"isWaterMarkKey":false,"isExternalId":false,"isSfIdLookup":false,"isNullable":true,"isUnique":false,"isCreateable":false,"isUpdateable":true,"isFilterable":true,"isCalculated":false,"showLabel":true,"naturalOrder":0,"typeConfigFields":[],"linkedFields":[],"relatedInfos":[],"references":[]}}],"references":[]},"expression":"csord__Order__c"},{"@type":"fieldMap","id":"383508","targetField":{"@type":"field","id":884392,"name":"csord__Status__c","type":"string","uniqueName":"csord__Status__c","label":"Status","parentObject":"csord__Solution__c","pcType":"STRING","precision":255,"scale":0,"columnIndex":18,"isKey":false,"isWaterMarkKey":false,"isExternalId":false,"isSfIdLookup":false,"isNullable":true,"isUnique":false,"isCreateable":true,"isUpdateable":true,"isFilterable":true,"isCalculated":false,"showLabel":false,"naturalOrder":18,"typeConfigFields":[],"linkedFields":["csord__Status__c"],"relatedInfos":[],"references":[]},"expression":"csord__Status__c"},{"@type":"fieldMap","id":"383509","targetField":{"@type":"field","id":884393,"name":"csord__Type__c","type":"string","uniqueName":"csord__Type__c","label":"Type","parentObject":"csord__Solution__c","pcType":"STRING","precision":255,"scale":0,"columnIndex":19,"isKey":false,"isWaterMarkKey":false,"isExternalId":false,"isSfIdLookup":false,"isNullable":true,"isUnique":false,"isCreateable":true,"isUpdateable":true,"isFilterable":true,"isCalculated":false,"showLabel":false,"naturalOrder":19,"typeConfigFields":[],"linkedFields":["csord__Type__c"],"relatedInfos":[],"references":[]},"expression":"csord__Type__c"},{"@type":"fieldMap","id":"383510","targetField":{"@type":"field","id":884394,"name":"csordtelcoa__Product_Configuration__c","type":"reference","uniqueName":"csordtelcoa__Product_Configuration__c","label":"Product Configuration","parentObject":"csord__Solution__c","pcType":"STRING","precision":18,"scale":0,"columnIndex":20,"isKey":false,"isWaterMarkKey":false,"isExternalId":false,"isSfIdLookup":false,"isNullable":true,"isUnique":false,"isCreateable":true,"isUpdateable":true,"isFilterable":true,"isCalculated":false,"showLabel":false,"naturalOrder":20,"typeConfigFields":[],"linkedFields":["csordtelcoa__Product_Configuration__c"],"relatedInfos":[{"@type":"fieldRelatedInfo","id":2227,"referenceObject":"cscfga__Product_Configuration__c","relationshipName":"csordtelcoa__Product_Configuration__r","referenceField":{"@type":"field","id":-1,"precision":0,"scale":0,"columnIndex":-1,"isKey":false,"isWaterMarkKey":false,"isExternalId":false,"isSfIdLookup":false,"isNullable":true,"isUnique":false,"isCreateable":false,"isUpdateable":true,"isFilterable":true,"isCalculated":false,"showLabel":true,"naturalOrder":0,"typeConfigFields":[],"linkedFields":[],"relatedInfos":[],"references":[]}}],"references":[]},"expression":"csordtelcoa__Product_Configuration__c"},{"@type":"fieldMap","id":"383511","targetField":{"@type":"field","id":884395,"name":"cssdm__main_product__c","type":"string","uniqueName":"cssdm__main_product__c","label":"Main Product","parentObject":"csord__Solution__c","pcType":"STRING","precision":255,"scale":0,"columnIndex":21,"isKey":false,"isWaterMarkKey":false,"isExternalId":false,"isSfIdLookup":false,"isNullable":true,"isUnique":false,"isCreateable":true,"isUpdateable":true,"isFilterable":true,"isCalculated":false,"showLabel":false,"naturalOrder":21,"typeConfigFields":[],"linkedFields":["cssdm__main_product__c"],"relatedInfos":[],"references":[]},"expression":"cssdm__main_product__c"},{"@type":"fieldMap","id":"383512","targetField":{"@type":"field","id":884396,"name":"cssdm__product_basket__c","type":"reference","uniqueName":"cssdm__product_basket__c","label":"Product Basket","parentObject":"csord__Solution__c","pcType":"STRING","precision":18,"scale":0,"columnIndex":22,"isKey":false,"isWaterMarkKey":false,"isExternalId":false,"isSfIdLookup":false,"isNullable":true,"isUnique":false,"isCreateable":true,"isUpdateable":true,"isFilterable":true,"isCalculated":false,"showLabel":false,"naturalOrder":22,"typeConfigFields":[],"linkedFields":["cssdm__product_basket__c"],"relatedInfos":[{"@type":"fieldRelatedInfo","id":2228,"referenceObject":"cscfga__Product_Basket__c","relationshipName":"cssdm__product_basket__r","referenceField":{"@type":"field","id":-1,"precision":0,"scale":0,"columnIndex":-1,"isKey":false,"isWaterMarkKey":false,"isExternalId":false,"isSfIdLookup":false,"isNullable":true,"isUnique":false,"isCreateable":false,"isUpdateable":true,"isFilterable":true,"isCalculated":false,"showLabel":true,"naturalOrder":0,"typeConfigFields":[],"linkedFields":[],"relatedInfos":[],"references":[]}}],"references":[]},"expression":"cssdm__product_basket__c"},{"@type":"fieldMap","id":"383513","targetField":{"@type":"field","id":884397,"name":"cssdm__replaced_solution__c","type":"reference","uniqueName":"cssdm__replaced_solution__c","label":"Replaced Solution","parentObject":"csord__Solution__c","pcType":"STRING","precision":18,"scale":0,"columnIndex":23,"isKey":false,"isWaterMarkKey":false,"isExternalId":false,"isSfIdLookup":false,"isNullable":true,"isUnique":false,"isCreateable":true,"isUpdateable":true,"isFilterable":true,"isCalculated":false,"showLabel":false,"naturalOrder":23,"typeConfigFields":[],"linkedFields":["cssdm__replaced_solution__c"],"relatedInfos":[{"@type":"fieldRelatedInfo","id":2229,"referenceObject":"csord__Solution__c","relationshipName":"cssdm__replaced_solution__r","referenceField":{"@type":"field","id":-1,"precision":0,"scale":0,"columnIndex":-1,"isKey":false,"isWaterMarkKey":false,"isExternalId":false,"isSfIdLookup":false,"isNullable":true,"isUnique":false,"isCreateable":false,"isUpdateable":true,"isFilterable":true,"isCalculated":false,"showLabel":true,"naturalOrder":0,"typeConfigFields":[],"linkedFields":[],"relatedInfos":[],"references":[]}}],"references":[]},"expression":"cssdm__replaced_solution__c"},{"@type":"fieldMap","id":"383514","targetField":{"@type":"field","id":884398,"name":"cssdm__solution_definition__c","type":"reference","uniqueName":"cssdm__solution_definition__c","label":"Solution Definition","parentObject":"csord__Solution__c","pcType":"STRING","precision":18,"scale":0,"columnIndex":24,"isKey":false,"isWaterMarkKey":false,"isExternalId":false,"isSfIdLookup":false,"isNullable":true,"isUnique":false,"isCreateable":true,"isUpdateable":true,"isFilterable":true,"isCalculated":false,"showLabel":false,"naturalOrder":24,"typeConfigFields":[],"linkedFields":["cssdm__solution_definition__c"],"relatedInfos":[{"@type":"fieldRelatedInfo","id":2230,"referenceObject":"cssdm__Solution_Definition__c","relationshipName":"cssdm__solution_definition__r","referenceField":{"@type":"field","id":-1,"precision":0,"scale":0,"columnIndex":-1,"isKey":false,"isWaterMarkKey":false,"isExternalId":false,"isSfIdLookup":false,"isNullable":true,"isUnique":false,"isCreateable":false,"isUpdateable":true,"isFilterable":true,"isCalculated":false,"showLabel":true,"naturalOrder":0,"typeConfigFields":[],"linkedFields":[],"relatedInfos":[],"references":[]}}],"references":[]},"expression":"cssdm__solution_definition__c"},{"@type":"fieldMap","id":"383515","targetField":{"@type":"field","id":884399,"name":"cssdm__total_contract_value__c","type":"double","uniqueName":"cssdm__total_contract_value__c","label":"Total Contract Value","parentObject":"csord__Solution__c","pcType":"HIPRECDECIMAL","precision":18,"scale":2,"columnIndex":25,"isKey":false,"isWaterMarkKey":false,"isExternalId":false,"isSfIdLookup":false,"isNullable":true,"isUnique":false,"isCreateable":true,"isUpdateable":true,"isFilterable":true,"isCalculated":false,"showLabel":false,"naturalOrder":25,"typeConfigFields":[],"linkedFields":["cssdm__total_contract_value__c"],"relatedInfos":[],"references":[]},"expression":"cssdm__total_contract_value__c"},{"@type":"fieldMap","id":"383516","targetField":{"@type":"field","id":884400,"name":"cssdm__total_one_off_charge__c","type":"double","uniqueName":"cssdm__total_one_off_charge__c","label":"Total One Off Charge","parentObject":"csord__Solution__c","pcType":"HIPRECDECIMAL","precision":18,"scale":2,"columnIndex":26,"isKey":false,"isWaterMarkKey":false,"isExternalId":false,"isSfIdLookup":false,"isNullable":true,"isUnique":false,"isCreateable":true,"isUpdateable":true,"isFilterable":true,"isCalculated":false,"showLabel":false,"naturalOrder":26,"typeConfigFields":[],"linkedFields":["cssdm__total_one_off_charge__c"],"relatedInfos":[],"references":[]},"expression":"cssdm__total_one_off_charge__c"},{"@type":"fieldMap","id":"383517","targetField":{"@type":"field","id":884401,"name":"cssdm__total_recurring_charge__c","type":"double","uniqueName":"cssdm__total_recurring_charge__c","label":"Total Recurring Charge","parentObject":"csord__Solution__c","pcType":"HIPRECDECIMAL","precision":18,"scale":2,"columnIndex":27,"isKey":false,"isWaterMarkKey":false,"isExternalId":false,"isSfIdLookup":false,"isNullable":true,"isUnique":false,"isCreateable":true,"isUpdateable":true,"isFilterable":true,"isCalculated":false,"showLabel":false,"naturalOrder":27,"typeConfigFields":[],"linkedFields":["cssdm__total_recurring_charge__c"],"relatedInfos":[],"references":[]},"expression":"cssdm__total_recurring_charge__c"},{"@type":"fieldMap","id":"383518","targetField":{"@type":"field","id":884402,"name":"Contract_Start_Date__c","type":"date","uniqueName":"Contract_Start_Date__c","label":"Contract Start Date","parentObject":"csord__Solution__c","pcType":"DATE","precision":10,"scale":0,"columnIndex":28,"isKey":false,"isWaterMarkKey":false,"isExternalId":false,"isSfIdLookup":false,"isNullable":true,"isUnique":false,"isCreateable":true,"isUpdateable":true,"isFilterable":true,"isCalculated":false,"showLabel":false,"naturalOrder":28,"typeConfigFields":[],"linkedFields":["Contract_Start_Date__c"],"relatedInfos":[],"references":[]},"expression":"Contract_Start_Date__c"},{"@type":"fieldMap","id":"383519","targetField":{"@type":"field","id":884403,"name":"Milestone__c","type":"string","uniqueName":"Milestone__c","label":"Milestone","parentObject":"csord__Solution__c","pcType":"STRING","precision":255,"scale":0,"columnIndex":29,"isKey":false,"isWaterMarkKey":false,"isExternalId":false,"isSfIdLookup":false,"isNullable":true,"isUnique":false,"isCreateable":true,"isUpdateable":true,"isFilterable":true,"isCalculated":false,"showLabel":false,"naturalOrder":29,"typeConfigFields":[],"linkedFields":["Milestone__c"],"relatedInfos":[],"references":[]},"expression":"Milestone__c"},{"@type":"fieldMap","id":"383520","targetField":{"@type":"field","id":884404,"name":"Parent_Order__c","type":"reference","uniqueName":"Parent_Order__c","label":"Parent Order","parentObject":"csord__Solution__c","pcType":"STRING","precision":18,"scale":0,"columnIndex":30,"isKey":false,"isWaterMarkKey":false,"isExternalId":false,"isSfIdLookup":false,"isNullable":true,"isUnique":false,"isCreateable":true,"isUpdateable":true,"isFilterable":true,"isCalculated":false,"showLabel":false,"naturalOrder":30,"typeConfigFields":[],"linkedFields":["Parent_Order__c"],"relatedInfos":[{"@type":"fieldRelatedInfo","id":2231,"referenceObject":"csord__Order__c","relationshipName":"Parent_Order__r","referenceField":{"@type":"field","id":-1,"precision":0,"scale":0,"columnIndex":-1,"isKey":false,"isWaterMarkKey":false,"isExternalId":false,"isSfIdLookup":false,"isNullable":true,"isUnique":false,"isCreateable":false,"isUpdateable":true,"isFilterable":true,"isCalculated":false,"showLabel":true,"naturalOrder":0,"typeConfigFields":[],"linkedFields":[],"relatedInfos":[],"references":[]}}],"references":[]},"expression":"Parent_Order__c"},{"@type":"fieldMap","id":"383521","targetField":{"@type":"field","id":884405,"name":"Delivery_Applicable__c","type":"boolean","uniqueName":"Delivery_Applicable__c","label":"Delivery Applicable","parentObject":"csord__Solution__c","pcType":"INT","precision":10,"scale":0,"columnIndex":31,"isKey":false,"isWaterMarkKey":false,"isExternalId":false,"isSfIdLookup":false,"isNullable":false,"isUnique":false,"isCreateable":true,"isUpdateable":true,"isFilterable":true,"isCalculated":false,"showLabel":false,"naturalOrder":31,"typeConfigFields":[],"linkedFields":["Delivery_Applicable__c"],"relatedInfos":[],"references":[]},"expression":"Delivery_Applicable__c"},{"@type":"fieldMap","id":"383522","targetField":{"@type":"field","id":884406,"name":"Legacy_Id__c","type":"string","uniqueName":"Legacy_Id__c","label":"Legacy Id","parentObject":"csord__Solution__c","pcType":"STRING","precision":25,"scale":0,"columnIndex":32,"isKey":false,"isWaterMarkKey":false,"isExternalId":true,"isSfIdLookup":true,"isNullable":true,"isUnique":false,"isCreateable":true,"isUpdateable":true,"isFilterable":true,"isCalculated":false,"showLabel":false,"naturalOrder":32,"typeConfigFields":[],"linkedFields":["Legacy_Id__c"],"relatedInfos":[],"references":[]},"expression":"Legacy_Id__c"}],"sourceFields":[{"@type":"field","id":884407,"name":"Id","type":"id","uniqueName":"Id","label":"Record ID","parentObject":"csord__Solution__c","pcType":"STRING","precision":18,"scale":0,"columnIndex":0,"isKey":true,"isWaterMarkKey":false,"isExternalId":false,"isSfIdLookup":true,"isNullable":false,"isUnique":false,"isCreateable":false,"isUpdateable":false,"isFilterable":true,"isCalculated":false,"showLabel":false,"naturalOrder":0,"typeConfigFields":[],"linkedFields":["Id"],"relatedInfos":[],"references":[]},{"@type":"field","id":884408,"name":"OwnerId","type":"reference","uniqueName":"OwnerId","label":"Owner ID","parentObject":"csord__Solution__c","pcType":"STRING","precision":18,"scale":0,"columnIndex":1,"isKey":false,"isWaterMarkKey":false,"isExternalId":false,"isSfIdLookup":false,"isNullable":false,"isUnique":false,"isCreateable":true,"isUpdateable":true,"isFilterable":true,"isCalculated":false,"showLabel":false,"naturalOrder":1,"typeConfigFields":[],"linkedFields":["OwnerId"],"relatedInfos":[{"@type":"fieldRelatedInfo","id":2232,"referenceObject":"Group","relationshipName":"Owner","referenceField":{"@type":"field","id":-1,"precision":0,"scale":0,"columnIndex":-1,"isKey":false,"isWaterMarkKey":false,"isExternalId":false,"isSfIdLookup":false,"isNullable":true,"isUnique":false,"isCreateable":false,"isUpdateable":true,"isFilterable":true,"isCalculated":false,"showLabel":true,"naturalOrder":0,"typeConfigFields":[],"linkedFields":[],"relatedInfos":[],"references":[]}},{"@type":"fieldRelatedInfo","id":2233,"referenceObject":"User","relationshipName":"Owner","referenceField":{"@type":"field","id":-1,"precision":0,"scale":0,"columnIndex":-1,"isKey":false,"isWaterMarkKey":false,"isExternalId":false,"isSfIdLookup":false,"isNullable":true,"isUnique":false,"isCreateable":false,"isUpdateable":true,"isFilterable":true,"isCalculated":false,"showLabel":true,"naturalOrder":0,"typeConfigFields":[],"linkedFields":[],"relatedInfos":[],"references":[]}}],"references":[]},{"@type":"field","id":884409,"name":"IsDeleted","type":"boolean","uniqueName":"IsDeleted","label":"Deleted","parentObject":"csord__Solution__c","pcType":"INT","precision":10,"scale":0,"columnIndex":2,"isKey":false,"isWaterMarkKey":false,"isExternalId":false,"isSfIdLookup":false,"isNullable":false,"isUnique":false,"isCreateable":false,"isUpdateable":false,"isFilterable":true,"isCalculated":false,"showLabel":false,"naturalOrder":2,"typeConfigFields":[],"linkedFields":["IsDeleted"],"relatedInfos":[],"references":[]},{"@type":"field","id":884410,"name":"Name","type":"string","uniqueName":"Name","label":"Solution Name","parentObject":"csord__Solution__c","pcType":"STRING","precision":80,"scale":0,"columnIndex":3,"isKey":false,"isWaterMarkKey":false,"isExternalId":false,"isSfIdLookup":true,"isNullable":true,"isUnique":false,"isCreateable":true,"isUpdateable":true,"isFilterable":true,"isCalculated":false,"showLabel":false,"naturalOrder":3,"typeConfigFields":[],"linkedFields":["Name"],"relatedInfos":[],"references":[]},{"@type":"field","id":884411,"name":"CurrencyIsoCode","type":"picklist","uniqueName":"CurrencyIsoCode","label":"Currency ISO Code","parentObject":"csord__Solution__c","pcType":"STRING","precision":3,"scale":0,"columnIndex":4,"isKey":false,"isWaterMarkKey":false,"isExternalId":false,"isSfIdLookup":false,"isNullable":true,"isUnique":false,"isCreateable":true,"isUpdateable":true,"isFilterable":true,"isCalculated":false,"showLabel":false,"naturalOrder":4,"typeConfigFields":[],"linkedFields":["CurrencyIsoCode"],"relatedInfos":[],"references":[]},{"@type":"field","id":884412,"name":"CreatedDate","type":"datetime","uniqueName":"CreatedDate","label":"Created Date","parentObject":"csord__Solution__c","pcType":"DATE","precision":24,"scale":0,"columnIndex":5,"isKey":false,"isWaterMarkKey":false,"isExternalId":false,"isSfIdLookup":false,"isNullable":false,"isUnique":false,"isCreateable":true,"isUpdateable":false,"isFilterable":true,"isCalculated":false,"showLabel":false,"naturalOrder":5,"typeConfigFields":[],"linkedFields":["CreatedDate"],"relatedInfos":[],"references":[]},{"@type":"field","id":884413,"name":"CreatedById","type":"reference","uniqueName":"CreatedById","label":"Created By ID","parentObject":"csord__Solution__c","pcType":"STRING","precision":18,"scale":0,"columnIndex":6,"isKey":false,"isWaterMarkKey":false,"isExternalId":false,"isSfIdLookup":false,"isNullable":false,"isUnique":false,"isCreateable":true,"isUpdateable":false,"isFilterable":true,"isCalculated":false,"showLabel":false,"naturalOrder":6,"typeConfigFields":[],"linkedFields":["CreatedById"],"relatedInfos":[{"@type":"fieldRelatedInfo","id":2234,"referenceObject":"User","relationshipName":"CreatedBy","referenceField":{"@type":"field","id":-1,"precision":0,"scale":0,"columnIndex":-1,"isKey":false,"isWaterMarkKey":false,"isExternalId":false,"isSfIdLookup":false,"isNullable":true,"isUnique":false,"isCreateable":false,"isUpdateable":true,"isFilterable":true,"isCalculated":false,"showLabel":true,"naturalOrder":0,"typeConfigFields":[],"linkedFields":[],"relatedInfos":[],"references":[]}}],"references":[]},{"@type":"field","id":884414,"name":"LastModifiedDate","type":"datetime","uniqueName":"LastModifiedDate","label":"Last Modified Date","parentObject":"csord__Solution__c","pcType":"DATE","precision":24,"scale":0,"columnIndex":7,"isKey":false,"isWaterMarkKey":false,"isExternalId":false,"isSfIdLookup":false,"isNullable":false,"isUnique":false,"isCreateable":true,"isUpdateable":false,"isFilterable":true,"isCalculated":false,"showLabel":false,"naturalOrder":7,"typeConfigFields":[],"linkedFields":["LastModifiedDate"],"relatedInfos":[],"references":[]},{"@type":"field","id":884415,"name":"LastModifiedById","type":"reference","uniqueName":"LastModifiedById","label":"Last Modified By ID","parentObject":"csord__Solution__c","pcType":"STRING","precision":18,"scale":0,"columnIndex":8,"isKey":false,"isWaterMarkKey":false,"isExternalId":false,"isSfIdLookup":false,"isNullable":false,"isUnique":false,"isCreateable":true,"isUpdateable":false,"isFilterable":true,"isCalculated":false,"showLabel":false,"naturalOrder":8,"typeConfigFields":[],"linkedFields":["LastModifiedById"],"relatedInfos":[{"@type":"fieldRelatedInfo","id":2235,"referenceObject":"User","relationshipName":"LastModifiedBy","referenceField":{"@type":"field","id":-1,"precision":0,"scale":0,"columnIndex":-1,"isKey":false,"isWaterMarkKey":false,"isExternalId":false,"isSfIdLookup":false,"isNullable":true,"isUnique":false,"isCreateable":false,"isUpdateable":true,"isFilterable":true,"isCalculated":false,"showLabel":true,"naturalOrder":0,"typeConfigFields":[],"linkedFields":[],"relatedInfos":[],"references":[]}}],"references":[]},{"@type":"field","id":884416,"name":"SystemModstamp","type":"datetime","uniqueName":"SystemModstamp","label":"System Modstamp","parentObject":"csord__Solution__c","pcType":"DATE","precision":24,"scale":0,"columnIndex":9,"isKey":false,"isWaterMarkKey":false,"isExternalId":false,"isSfIdLookup":false,"isNullable":false,"isUnique":false,"isCreateable":false,"isUpdateable":false,"isFilterable":true,"isCalculated":false,"showLabel":false,"naturalOrder":9,"typeConfigFields":[],"linkedFields":["SystemModstamp"],"relatedInfos":[],"references":[]},{"@type":"field","id":884417,"name":"LastViewedDate","type":"datetime","uniqueName":"LastViewedDate","label":"Last Viewed Date","parentObject":"csord__Solution__c","pcType":"DATE","precision":24,"scale":0,"columnIndex":10,"isKey":false,"isWaterMarkKey":false,"isExternalId":false,"isSfIdLookup":false,"isNullable":true,"isUnique":false,"isCreateable":false,"isUpdateable":false,"isFilterable":true,"isCalculated":false,"showLabel":false,"naturalOrder":10,"typeConfigFields":[],"linkedFields":["LastViewedDate"],"relatedInfos":[],"references":[]},{"@type":"field","id":884418,"name":"LastReferencedDate","type":"datetime","uniqueName":"LastReferencedDate","label":"Last Referenced Date","parentObject":"csord__Solution__c","pcType":"DATE","precision":24,"scale":0,"columnIndex":11,"isKey":false,"isWaterMarkKey":false,"isExternalId":false,"isSfIdLookup":false,"isNullable":true,"isUnique":false,"isCreateable":false,"isUpdateable":false,"isFilterable":true,"isCalculated":false,"showLabel":false,"naturalOrder":11,"typeConfigFields":[],"linkedFields":["LastReferencedDate"],"relatedInfos":[],"references":[]},{"@type":"field","id":884419,"name":"csord__Account__c","type":"reference","uniqueName":"csord__Account__c","label":"Account","parentObject":"csord__Solution__c","pcType":"STRING","precision":18,"scale":0,"columnIndex":12,"isKey":false,"isWaterMarkKey":false,"isExternalId":false,"isSfIdLookup":false,"isNullable":true,"isUnique":false,"isCreateable":true,"isUpdateable":true,"isFilterable":true,"isCalculated":false,"showLabel":false,"naturalOrder":12,"typeConfigFields":[],"linkedFields":["csord__Account__c"],"relatedInfos":[{"@type":"fieldRelatedInfo","id":2236,"referenceObject":"Account","relationshipName":"csord__Account__r","referenceField":{"@type":"field","id":-1,"precision":0,"scale":0,"columnIndex":-1,"isKey":false,"isWaterMarkKey":false,"isExternalId":false,"isSfIdLookup":false,"isNullable":true,"isUnique":false,"isCreateable":false,"isUpdateable":true,"isFilterable":true,"isCalculated":false,"showLabel":true,"naturalOrder":0,"typeConfigFields":[],"linkedFields":[],"relatedInfos":[],"references":[]}}],"references":[]},{"@type":"field","id":884420,"name":"csord__External_Identifier2__c","type":"string","uniqueName":"csord__External_Identifier2__c","label":"External Identifier","parentObject":"csord__Solution__c","pcType":"STRING","precision":255,"scale":0,"columnIndex":13,"isKey":false,"isWaterMarkKey":false,"isExternalId":true,"isSfIdLookup":true,"isNullable":true,"isUnique":false,"isCreateable":true,"isUpdateable":true,"isFilterable":true,"isCalculated":false,"showLabel":false,"naturalOrder":13,"typeConfigFields":[],"linkedFields":["csord__External_Identifier2__c"],"relatedInfos":[],"references":[]},{"@type":"field","id":884421,"name":"csord__External_Identifier__c","type":"string","uniqueName":"csord__External_Identifier__c","label":"DEPRECATED External Identifier","parentObject":"csord__Solution__c","pcType":"STRING","precision":255,"scale":0,"columnIndex":14,"isKey":false,"isWaterMarkKey":false,"isExternalId":true,"isSfIdLookup":true,"isNullable":true,"isUnique":false,"isCreateable":true,"isUpdateable":true,"isFilterable":true,"isCalculated":false,"showLabel":false,"naturalOrder":14,"typeConfigFields":[],"linkedFields":["csord__External_Identifier__c"],"relatedInfos":[],"references":[]},{"@type":"field","id":884422,"name":"csord__Identification__c","type":"string","uniqueName":"csord__Identification__c","label":"Identification","parentObject":"csord__Solution__c","pcType":"STRING","precision":255,"scale":0,"columnIndex":15,"isKey":false,"isWaterMarkKey":false,"isExternalId":false,"isSfIdLookup":false,"isNullable":false,"isUnique":false,"isCreateable":true,"isUpdateable":true,"isFilterable":true,"isCalculated":false,"showLabel":false,"naturalOrder":15,"typeConfigFields":[],"linkedFields":["csord__Identification__c"],"relatedInfos":[],"references":[]},{"@type":"field","id":884423,"name":"csord__Order_Request__c","type":"reference","uniqueName":"csord__Order_Request__c","label":"Order Request","parentObject":"csord__Solution__c","pcType":"STRING","precision":18,"scale":0,"columnIndex":16,"isKey":false,"isWaterMarkKey":false,"isExternalId":false,"isSfIdLookup":false,"isNullable":true,"isUnique":false,"isCreateable":true,"isUpdateable":true,"isFilterable":true,"isCalculated":false,"showLabel":false,"naturalOrder":16,"typeConfigFields":[],"linkedFields":["csord__Order_Request__c"],"relatedInfos":[{"@type":"fieldRelatedInfo","id":2237,"referenceObject":"csord__Order_Request__c","relationshipName":"csord__Order_Request__r","referenceField":{"@type":"field","id":-1,"precision":0,"scale":0,"columnIndex":-1,"isKey":false,"isWaterMarkKey":false,"isExternalId":false,"isSfIdLookup":false,"isNullable":true,"isUnique":false,"isCreateable":false,"isUpdateable":true,"isFilterable":true,"isCalculated":false,"showLabel":true,"naturalOrder":0,"typeConfigFields":[],"linkedFields":[],"relatedInfos":[],"references":[]}}],"references":[]},{"@type":"field","id":884424,"name":"csord__Order__c","type":"reference","uniqueName":"csord__Order__c","label":"Order","parentObject":"csord__Solution__c","pcType":"STRING","precision":18,"scale":0,"columnIndex":17,"isKey":false,"isWaterMarkKey":false,"isExternalId":false,"isSfIdLookup":false,"isNullable":true,"isUnique":false,"isCreateable":true,"isUpdateable":true,"isFilterable":true,"isCalculated":false,"showLabel":false,"naturalOrder":17,"typeConfigFields":[],"linkedFields":["csord__Order__c"],"relatedInfos":[{"@type":"fieldRelatedInfo","id":2238,"referenceObject":"csord__Order__c","relationshipName":"csord__Order__r","referenceField":{"@type":"field","id":-1,"precision":0,"scale":0,"columnIndex":-1,"isKey":false,"isWaterMarkKey":false,"isExternalId":false,"isSfIdLookup":false,"isNullable":true,"isUnique":false,"isCreateable":false,"isUpdateable":true,"isFilterable":true,"isCalculated":false,"showLabel":true,"naturalOrder":0,"typeConfigFields":[],"linkedFields":[],"relatedInfos":[],"references":[]}}],"references":[]},{"@type":"field","id":884425,"name":"csord__Status__c","type":"string","uniqueName":"csord__Status__c","label":"Status","parentObject":"csord__Solution__c","pcType":"STRING","precision":255,"scale":0,"columnIndex":18,"isKey":false,"isWaterMarkKey":false,"isExternalId":false,"isSfIdLookup":false,"isNullable":true,"isUnique":false,"isCreateable":true,"isUpdateable":true,"isFilterable":true,"isCalculated":false,"showLabel":false,"naturalOrder":18,"typeConfigFields":[],"linkedFields":["csord__Status__c"],"relatedInfos":[],"references":[]},{"@type":"field","id":884426,"name":"csord__Type__c","type":"string","uniqueName":"csord__Type__c","label":"Type","parentObject":"csord__Solution__c","pcType":"STRING","precision":255,"scale":0,"columnIndex":19,"isKey":false,"isWaterMarkKey":false,"isExternalId":false,"isSfIdLookup":false,"isNullable":true,"isUnique":false,"isCreateable":true,"isUpdateable":true,"isFilterable":true,"isCalculated":false,"showLabel":false,"naturalOrder":19,"typeConfigFields":[],"linkedFields":["csord__Type__c"],"relatedInfos":[],"references":[]},{"@type":"field","id":884427,"name":"csordtelcoa__Product_Configuration__c","type":"reference","uniqueName":"csordtelcoa__Product_Configuration__c","label":"Product Configuration","parentObject":"csord__Solution__c","pcType":"STRING","precision":18,"scale":0,"columnIndex":20,"isKey":false,"isWaterMarkKey":false,"isExternalId":false,"isSfIdLookup":false,"isNullable":true,"isUnique":false,"isCreateable":true,"isUpdateable":true,"isFilterable":true,"isCalculated":false,"showLabel":false,"naturalOrder":20,"typeConfigFields":[],"linkedFields":["csordtelcoa__Product_Configuration__c"],"relatedInfos":[{"@type":"fieldRelatedInfo","id":2239,"referenceObject":"cscfga__Product_Configuration__c","relationshipName":"csordtelcoa__Product_Configuration__r","referenceField":{"@type":"field","id":-1,"precision":0,"scale":0,"columnIndex":-1,"isKey":false,"isWaterMarkKey":false,"isExternalId":false,"isSfIdLookup":false,"isNullable":true,"isUnique":false,"isCreateable":false,"isUpdateable":true,"isFilterable":true,"isCalculated":false,"showLabel":true,"naturalOrder":0,"typeConfigFields":[],"linkedFields":[],"relatedInfos":[],"references":[]}}],"references":[]},{"@type":"field","id":884428,"name":"cssdm__main_product__c","type":"string","uniqueName":"cssdm__main_product__c","label":"Main Product","parentObject":"csord__Solution__c","pcType":"STRING","precision":255,"scale":0,"columnIndex":21,"isKey":false,"isWaterMarkKey":false,"isExternalId":false,"isSfIdLookup":false,"isNullable":true,"isUnique":false,"isCreateable":true,"isUpdateable":true,"isFilterable":true,"isCalculated":false,"showLabel":false,"naturalOrder":21,"typeConfigFields":[],"linkedFields":["cssdm__main_product__c"],"relatedInfos":[],"references":[]},{"@type":"field","id":884429,"name":"cssdm__product_basket__c","type":"reference","uniqueName":"cssdm__product_basket__c","label":"Product Basket","parentObject":"csord__Solution__c","pcType":"STRING","precision":18,"scale":0,"columnIndex":22,"isKey":false,"isWaterMarkKey":false,"isExternalId":false,"isSfIdLookup":false,"isNullable":true,"isUnique":false,"isCreateable":true,"isUpdateable":true,"isFilterable":true,"isCalculated":false,"showLabel":false,"naturalOrder":22,"typeConfigFields":[],"linkedFields":["cssdm__product_basket__c"],"relatedInfos":[{"@type":"fieldRelatedInfo","id":2240,"referenceObject":"cscfga__Product_Basket__c","relationshipName":"cssdm__product_basket__r","referenceField":{"@type":"field","id":-1,"precision":0,"scale":0,"columnIndex":-1,"isKey":false,"isWaterMarkKey":false,"isExternalId":false,"isSfIdLookup":false,"isNullable":true,"isUnique":false,"isCreateable":false,"isUpdateable":true,"isFilterable":true,"isCalculated":false,"showLabel":true,"naturalOrder":0,"typeConfigFields":[],"linkedFields":[],"relatedInfos":[],"references":[]}}],"references":[]},{"@type":"field","id":884430,"name":"cssdm__replaced_solution__c","type":"reference","uniqueName":"cssdm__replaced_solution__c","label":"Replaced Solution","parentObject":"csord__Solution__c","pcType":"STRING","precision":18,"scale":0,"columnIndex":23,"isKey":false,"isWaterMarkKey":false,"isExternalId":false,"isSfIdLookup":false,"isNullable":true,"isUnique":false,"isCreateable":true,"isUpdateable":true,"isFilterable":true,"isCalculated":false,"showLabel":false,"naturalOrder":23,"typeConfigFields":[],"linkedFields":["cssdm__replaced_solution__c"],"relatedInfos":[{"@type":"fieldRelatedInfo","id":2241,"referenceObject":"csord__Solution__c","relationshipName":"cssdm__replaced_solution__r","referenceField":{"@type":"field","id":-1,"precision":0,"scale":0,"columnIndex":-1,"isKey":false,"isWaterMarkKey":false,"isExternalId":false,"isSfIdLookup":false,"isNullable":true,"isUnique":false,"isCreateable":false,"isUpdateable":true,"isFilterable":true,"isCalculated":false,"showLabel":true,"naturalOrder":0,"typeConfigFields":[],"linkedFields":[],"relatedInfos":[],"references":[]}}],"references":[]},{"@type":"field","id":884431,"name":"cssdm__solution_definition__c","type":"reference","uniqueName":"cssdm__solution_definition__c","label":"Solution Definition","parentObject":"csord__Solution__c","pcType":"STRING","precision":18,"scale":0,"columnIndex":24,"isKey":false,"isWaterMarkKey":false,"isExternalId":false,"isSfIdLookup":false,"isNullable":true,"isUnique":false,"isCreateable":true,"isUpdateable":true,"isFilterable":true,"isCalculated":false,"showLabel":false,"naturalOrder":24,"typeConfigFields":[],"linkedFields":["cssdm__solution_definition__c"],"relatedInfos":[{"@type":"fieldRelatedInfo","id":2242,"referenceObject":"cssdm__Solution_Definition__c","relationshipName":"cssdm__solution_definition__r","referenceField":{"@type":"field","id":-1,"precision":0,"scale":0,"columnIndex":-1,"isKey":false,"isWaterMarkKey":false,"isExternalId":false,"isSfIdLookup":false,"isNullable":true,"isUnique":false,"isCreateable":false,"isUpdateable":true,"isFilterable":true,"isCalculated":false,"showLabel":true,"naturalOrder":0,"typeConfigFields":[],"linkedFields":[],"relatedInfos":[],"references":[]}}],"references":[]},{"@type":"field","id":884432,"name":"cssdm__total_contract_value__c","type":"double","uniqueName":"cssdm__total_contract_value__c","label":"Total Contract Value","parentObject":"csord__Solution__c","pcType":"HIPRECDECIMAL","precision":18,"scale":2,"columnIndex":25,"isKey":false,"isWaterMarkKey":false,"isExternalId":false,"isSfIdLookup":false,"isNullable":true,"isUnique":false,"isCreateable":true,"isUpdateable":true,"isFilterable":true,"isCalculated":false,"showLabel":false,"naturalOrder":25,"typeConfigFields":[],"linkedFields":["cssdm__total_contract_value__c"],"relatedInfos":[],"references":[]},{"@type":"field","id":884433,"name":"cssdm__total_one_off_charge__c","type":"double","uniqueName":"cssdm__total_one_off_charge__c","label":"Total One Off Charge","parentObject":"csord__Solution__c","pcType":"HIPRECDECIMAL","precision":18,"scale":2,"columnIndex":26,"isKey":false,"isWaterMarkKey":false,"isExternalId":false,"isSfIdLookup":false,"isNullable":true,"isUnique":false,"isCreateable":true,"isUpdateable":true,"isFilterable":true,"isCalculated":false,"showLabel":false,"naturalOrder":26,"typeConfigFields":[],"linkedFields":["cssdm__total_one_off_charge__c"],"relatedInfos":[],"references":[]},{"@type":"field","id":884434,"name":"cssdm__total_recurring_charge__c","type":"double","uniqueName":"cssdm__total_recurring_charge__c","label":"Total Recurring Charge","parentObject":"csord__Solution__c","pcType":"HIPRECDECIMAL","precision":18,"scale":2,"columnIndex":27,"isKey":false,"isWaterMarkKey":false,"isExternalId":false,"isSfIdLookup":false,"isNullable":true,"isUnique":false,"isCreateable":true,"isUpdateable":true,"isFilterable":true,"isCalculated":false,"showLabel":false,"naturalOrder":27,"typeConfigFields":[],"linkedFields":["cssdm__total_recurring_charge__c"],"relatedInfos":[],"references":[]},{"@type":"field","id":884435,"name":"Contract_Start_Date__c","type":"date","uniqueName":"Contract_Start_Date__c","label":"Contract Start Date","parentObject":"csord__Solution__c","pcType":"DATE","precision":10,"scale":0,"columnIndex":28,"isKey":false,"isWaterMarkKey":false,"isExternalId":false,"isSfIdLookup":false,"isNullable":true,"isUnique":false,"isCreateable":true,"isUpdateable":true,"isFilterable":true,"isCalculated":false,"showLabel":false,"naturalOrder":28,"typeConfigFields":[],"linkedFields":["Contract_Start_Date__c"],"relatedInfos":[],"references":[]},{"@type":"field","id":884436,"name":"Milestone__c","type":"string","uniqueName":"Milestone__c","label":"Milestone","parentObject":"csord__Solution__c","pcType":"STRING","precision":255,"scale":0,"columnIndex":29,"isKey":false,"isWaterMarkKey":false,"isExternalId":false,"isSfIdLookup":false,"isNullable":true,"isUnique":false,"isCreateable":true,"isUpdateable":true,"isFilterable":true,"isCalculated":false,"showLabel":false,"naturalOrder":29,"typeConfigFields":[],"linkedFields":["Milestone__c"],"relatedInfos":[],"references":[]},{"@type":"field","id":884437,"name":"Parent_Order__c","type":"reference","uniqueName":"Parent_Order__c","label":"Parent Order","parentObject":"csord__Solution__c","pcType":"STRING","precision":18,"scale":0,"columnIndex":30,"isKey":false,"isWaterMarkKey":false,"isExternalId":false,"isSfIdLookup":false,"isNullable":true,"isUnique":false,"isCreateable":true,"isUpdateable":true,"isFilterable":true,"isCalculated":false,"showLabel":false,"naturalOrder":30,"typeConfigFields":[],"linkedFields":["Parent_Order__c"],"relatedInfos":[{"@type":"fieldRelatedInfo","id":2243,"referenceObject":"csord__Order__c","relationshipName":"Parent_Order__r","referenceField":{"@type":"field","id":-1,"precision":0,"scale":0,"columnIndex":-1,"isKey":false,"isWaterMarkKey":false,"isExternalId":false,"isSfIdLookup":false,"isNullable":true,"isUnique":false,"isCreateable":false,"isUpdateable":true,"isFilterable":true,"isCalculated":false,"showLabel":true,"naturalOrder":0,"typeConfigFields":[],"linkedFields":[],"relatedInfos":[],"references":[]}}],"references":[]},{"@type":"field","id":884438,"name":"Delivery_Applicable__c","type":"boolean","uniqueName":"Delivery_Applicable__c","label":"Delivery Applicable","parentObject":"csord__Solution__c","pcType":"INT","precision":10,"scale":0,"columnIndex":31,"isKey":false,"isWaterMarkKey":false,"isExternalId":false,"isSfIdLookup":false,"isNullable":false,"isUnique":false,"isCreateable":true,"isUpdateable":true,"isFilterable":true,"isCalculated":false,"showLabel":false,"naturalOrder":31,"typeConfigFields":[],"linkedFields":["Delivery_Applicable__c"],"relatedInfos":[],"references":[]},{"@type":"field","id":884439,"name":"Legacy_Id__c","type":"string","uniqueName":"Legacy_Id__c","label":"Legacy Id","parentObject":"csord__Solution__c","pcType":"STRING","precision":25,"scale":0,"columnIndex":32,"isKey":false,"isWaterMarkKey":false,"isExternalId":true,"isSfIdLookup":true,"isNullable":true,"isUnique":false,"isCreateable":true,"isUpdateable":true,"isFilterable":true,"isCalculated":false,"showLabel":false,"naturalOrder":32,"typeConfigFields":[],"linkedFields":["Legacy_Id__c"],"relatedInfos":[],"references":[]}],"sortFields":[],"groupFields":[]}]