[{"@type":"mappingTemplate","id":"@1","name":"m_create_json_attrib_file_To_table_v3","description":"","bundleVersion":"0","templateId":"@3","deployTime":1672766722000,"hasParameters":false,"valid":true,"fixedConnection":true,"hasParametersDeployed":false,"fixedConnectionDeployed":true,"isSchemaValidationEnabled":false,"tasks":0,"mappingPreviewFileRecordId":"@2","documentType":"MAPPING","references":[{"@type":"reference","refObjectId":"@4oKksIQNwmndUPmrVHgqS5","refType":"connection"},{"@type":"reference","refObjectId":"@irZpk2lcq2Lh5v2PiTa4Q2","refType":"connection"}]}]