[{"@type":"mappingTemplate","id":"@1","name":"m_Json_pc","description":"","bundleVersion":"0","templateId":"@3","deployTime":1678427956000,"hasParameters":false,"valid":true,"fixedConnection":true,"hasParametersDeployed":false,"fixedConnectionDeployed":true,"isSchemaValidationEnabled":false,"tasks":1,"mappingPreviewFileRecordId":"@2","documentType":"MAPPING","references":[{"@type":"reference","refObjectId":"@gbEqHgig3UYgrJMzU4lVau","refType":"connection"},{"@type":"reference","refObjectId":"@4FPDMoOnR0biLdzRZJqQux","refType":"hschema"},{"@type":"reference","refObjectId":"@aR4BId9aNcFb4ftWQVqzQo","refType":"hschema"}]}]