[{"@type":"mappingTemplate","id":"@1","name":"m_stg_ebs_product_configuration_sync_1_guid_update","description":"","bundleVersion":"0","templateId":"@3","deployTime":1676871444000,"hasParameters":false,"valid":true,"fixedConnection":true,"hasParametersDeployed":false,"fixedConnectionDeployed":true,"isSchemaValidationEnabled":false,"tasks":0,"mappingPreviewFileRecordId":"@2","documentType":"MAPPING","references":[{"@type":"reference","refObjectId":"@gbEqHgig3UYgrJMzU4lVau","refType":"connection"}]}]