[{"@type":"mappingTemplate","id":"@1","name":"m_rep_Account_STG_TGT","description":"","bundleVersion":"0","assetFrsGuid":"5t0iyzMHl88gkgGck7Xpkj","templateId":"@3","deployTime":1736751120000,"hasParameters":false,"valid":true,"fixedConnection":true,"hasParametersDeployed":false,"fixedConnectionDeployed":true,"isSchemaValidationEnabled":false,"tasks":1,"mappingPreviewFileRecordId":"@2","documentType":"MAPPING","references":[{"@type":"reference","refObjectId":"@0aa38HfbIjadqoKlbnU14y","refType":"connection"},{"@type":"reference","refObjectId":"@2pzkdnOGuGpiqnKtNRkpw3","refType":"connection"}]}]