[{"@type":"workflow","id":"@1","name":"tf_Product_Configuration_2","description":"**Prerequisite**  After completion of tf_Product_Configuration_1","maxLogs":10,"references":[{"@type":"reference","refObjectId":"@2qpRDJxUojwg74zgFXVKsr","refType":"mtTask"},{"@type":"reference","refObjectId":"@6SGv0C6YGtij0ZfjRtAdmt","refType":"mtTask"},{"@type":"reference","refObjectId":"@5TgwkAIHuuCeR1tFAz7uCM","refType":"mtTask"},{"@type":"reference","refObjectId":"@77bR2yZDcSbiyO0Q9xxiES","refType":"mtTask"}],"tasks":[{"@type":"workflowTask","taskId":"@2qpRDJxUojwg74zgFXVKsr","type":"MTT","name":"mt_stg_ebs_product_configuration_sync_2","stopOnError":true,"stopOnWarning":false},{"@type":"workflowTask","taskId":"@6SGv0C6YGtij0ZfjRtAdmt","type":"MTT","name":"mt_stg_ebs_product_configuration_sync_1_guid_update","stopOnError":true,"stopOnWarning":false},{"@type":"workflowTask","taskId":"@5TgwkAIHuuCeR1tFAz7uCM","type":"MTT","name":"mt_cscfga__Product_Configuration__c_UPD_TEMP_SOL_ID","stopOnError":true,"stopOnWarning":false},{"@type":"workflowTask","taskId":"@77bR2yZDcSbiyO0Q9xxiES","type":"MTT","name":"mt_cscfga__Product_Configuration__c_UPD_SOL_ID","stopOnError":true,"stopOnWarning":false}]}]