[{"@type":"mappingTemplate","id":"@1","name":"m_Json_PC_OE_BWB","description":"","bundleVersion":"0","templateId":"@3","hasParameters":false,"valid":true,"fixedConnection":true,"hasParametersDeployed":false,"fixedConnectionDeployed":false,"isSchemaValidationEnabled":false,"tasks":1,"mappingPreviewFileRecordId":"@2","documentType":"MAPPING","references":[{"@type":"reference","refObjectId":"@0aa38HfbIjadqoKlbnU14y","refType":"connection"},{"@type":"reference","refObjectId":"@jOF4JjyT2imejQt2xXjsAu","refType":"hschema"},{"@type":"reference","refObjectId":"@8n9NmUVGGlOhn5Qz9krXif","refType":"hschema"}]}]