[{"@type":"workflow","id":"@1","name":"tf_SLI_Load","description":"**Prerequisite**  After tf_Service","maxLogs":10,"references":[{"@type":"reference","refObjectId":"@4A6h6Yq5jiuilmWaq1WdgA","refType":"mtTask"},{"@type":"reference","refObjectId":"@aefum7KtAoWfaMB60FxYsU","refType":"mtTask"}],"tasks":[{"@type":"workflowTask","taskId":"@4A6h6Yq5jiuilmWaq1WdgA","type":"MTT","name":"mt_cs_csord__Service_Line_Item__c","stopOnError":true,"stopOnWarning":false},{"@type":"workflowTask","taskId":"@aefum7KtAoWfaMB60FxYsU","type":"MTT","name":"mt_rep_csord__Service_Line_Item__c","stopOnError":true,"stopOnWarning":false}]}]