[{"@type":"mappingTemplate","id":"@1","name":"m_json_pc_oe","description":"","bundleVersion":"0","templateId":"@3","deployTime":1677752565000,"hasParameters":false,"valid":true,"fixedConnection":true,"hasParametersDeployed":false,"fixedConnectionDeployed":true,"isSchemaValidationEnabled":false,"tasks":1,"mappingPreviewFileRecordId":"@2","documentType":"MAPPING","references":[{"@type":"reference","refObjectId":"@gbEqHgig3UYgrJMzU4lVau","refType":"connection"},{"@type":"reference","refObjectId":"@5zQDLg8iMb8j5FlEIadfc4","refType":"hschema"},{"@type":"reference","refObjectId":"@4jTUBF7DZqueP5IojvRf6o","refType":"hschema"},{"@type":"reference","refObjectId":"@2LQms5109s7b1NN6oPmJCp","refType":"hschema"}]}]