[{"@type":"mappingTemplate","id":"@1","name":"m_Json_Service_spec","description":"","bundleVersion":"0","templateId":"@3","deployTime":1677823472000,"hasParameters":false,"valid":true,"fixedConnection":true,"hasParametersDeployed":false,"fixedConnectionDeployed":true,"isSchemaValidationEnabled":false,"tasks":1,"mappingPreviewFileRecordId":"@2","documentType":"MAPPING","references":[{"@type":"reference","refObjectId":"@gbEqHgig3UYgrJMzU4lVau","refType":"connection"},{"@type":"reference","refObjectId":"@1iRjsijspZqlBpvhch2e6h","refType":"hschema"},{"@type":"reference","refObjectId":"@3OiQ5FbfoY3gBqOwk4rq0Q","refType":"hschema"},{"@type":"reference","refObjectId":"@1enktaP8NAaeg3e804vCId","refType":"hschema"},{"@type":"reference","refObjectId":"@8yoc7Yl85DbczrRM7oSk4u","refType":"hschema"},{"@type":"reference","refObjectId":"@bAyBYuIrVm5iDrtNUdY9Mn","refType":"hschema"}]}]