[{"@type":"mappingTemplate","id":"@1","name":"m_stg_myr_pc_attribute","description":"","autoExpireObject":false,"bundleVersion":"0","assetFrsGuid":"5TNbcx2M1yafXnTfMZWSQi","templateId":"@3","deployTime":1742312175000,"hasParameters":false,"valid":true,"fixedConnection":true,"hasParametersDeployed":false,"fixedConnectionDeployed":true,"isSchemaValidationEnabled":false,"tasks":2,"mappingPreviewFileRecordId":"@2","documentType":"MAPPING","references":[{"@type":"reference","refObjectId":"@4QRSN7FLoYhbpr47H7jUO9","refType":"connection"}]}]