[{"@type":"workflow","id":"@1","name":"tf_Service_Load","description":"**Prerequisite**  1. Main Service table load 2. Addon Service table load","maxLogs":10,"references":[{"@type":"reference","refObjectId":"@kGSjUp2JooFgzar7aoiEmK","refType":"mtTask"},{"@type":"reference","refObjectId":"@38csppXjSEmfCneTGsoaId","refType":"mtTask"}],"tasks":[{"@type":"workflowTask","taskId":"@kGSjUp2JooFgzar7aoiEmK","type":"MTT","name":"mt_cs_csord__Service__c","stopOnError":true,"stopOnWarning":false},{"@type":"workflowTask","taskId":"@38csppXjSEmfCneTGsoaId","type":"MTT","name":"mt_rep_csord__Service__c","stopOnError":true,"stopOnWarning":false}]}]