[{"@type":"mtTask","id":"@1","name":"mt_stg_myr_PB","description":"","runtimeEnvironmentId":"@cUgvxjP6z42j5o2aizvbUV","maxLogs":10,"verbose":false,"lastRunTime":1694424522000,"mappingId":"@2JofNDCEGYJbXPwZJJNaaj","frsGuid":"8smFjYjJtySduS9GlLrGET","shortDescription":"","sessionPropertiesList":[{"name":"Allow Temporary Sequence for Pushdown","value":"NO","recommended":false},{"name":"Allow Temporary View for Pushdown","value":"NO","recommended":false},{"name":"Pushdown Optimization","value":"None","recommended":false},{"name":"Pushdown Optimization Context","value":"None","recommended":false},{"name":"Pushdown Optimization Fallback Option","value":"Partial PDO","recommended":false}],"enableCrossSchemaPushdown":true,"enableParallelRun":false,"autoTunedApplied":false,"autoTunedAppliedType":"NONE","paramFileType":"PARAM_FILE_LOCAL","schemaMode":"async","valid":true,"schemaValidationErrorCount":-1,"parameterFileEncoding":"UTF-8","serverlessProperties":{},"taskProperties":[{"@type":"taskProperty","name":"parameterFileDir","currentValue":"","type":"STRING","label":"label.parameterFileDir","required":false},{"@type":"taskProperty","name":"parameterFileName","currentValue":"","type":"STRING","label":"label.parameterFileName","required":false}],"parameters":[{"@type":"mtTaskParameter","id":1384133,"name":"$stg_myr_pc$","type":"SOURCE","label":"stg_myr_pc","uiProperties":{"connectionParameterized":"false","isSelectDistinct":"false","objectParameterized":"false","visible":"false","originalPath":"stg_myr_pc"},"sourceConnectionId":"@4QRSN7FLoYhbpr47H7jUO9","sourceObject":"DUMMY_stg_myr_pc","newFlatFile":false,"newObject":false,"showBusinessNames":false,"naturalOrder":true,"truncateTarget":false,"bulkApiDBTarget":false,"customFuncCfg":{"@type":"customFuncConfig","id":-1,"connections":[],"inputMap":[],"outputFields":[]},"targetRefsV2":{},"targetUpdateColumns":[],"runtimeAttrs":{},"isRESTModernSource":true,"customQuery":"select \n'Submitted' \t\t\tAS  Basket_Stage_Lookup__c\n,PC.CPQ_Billing_Account__c \t\t\tAS  Billing_Account__c\n,PC.CA_Id \t\t\t\t\t\t\tAS  csbb__Account__c\n,PC.CA_Id \t\t\t\t\t\t\tAS  csordtelcoa__Account__c\n,PC.OwnerId \t\t\t\t\t\tAS  OwnerId\n,PC.Legacy_id__c\t\t\t\t\tAS  Name_ \n,PC.Legacy_id__c\t\t\t\t\tAS  Legacy_ID__c\n,'MYREPUBLIC BROADBAND PTE. LTD.'\tAS\tAccount_Name__c\n,'10000'\t\t\t\t\t\t\tAS\tAvailable_Credit_Limit__c\n,'False'\t\t\t\t\t\t\tAS\tBilling_Account_Address_Blacklisted__c\n,'202125011N'\t\t\t\t\t\tAS\tBRN__c\n,'False'\t\t\t\t\t\t\tAS\tBusiness_Use__c\n,'True'\t\t\t\t\t\t\t\tAS\tCPQ_Applied_ML_Discount__c\n,'False'\t\t\t\t\t\t\tAS\tCPQ_Applied_Voucher__c\n,'False'\t\t\t\t\t\t\tAS\tCPQ_IAD_Router_Check__c\n,'False'\t\t\t\t\t\t\tAS\tCPQ_Modify__c\n,'False'\t\t\t\t\t\t\tAS\tCPQ_No_Voucher__c\n,'False'\t\t\t\t\t\t\tAS\tCPQ_ResetSalesProgress__c\n,'False'\t\t\t\t\t\t\tAS\tCPQ_Serviceability_ActivateONT__c\n,'True'\t\t\t\t\t\t\t\tAS\tCPQ_Serviceability_UseExistingTP__c\n,'0'\t\t\t\t\t\t\t\tAS\tCPQ_Total_Basket_Value__c\n,'0'\t\t\t\t\t\t\t\tAS\tCPQ_Total_Contract_Value__c\n,'Standard User'\t\t\t\t\tAS\tCPQ_User_Division__c\n,'False'\t\t\t\t\t\t\tAS\tCR_Auto_Approved__c\n,'False'\t\t\t\t\t\t\tAS\tcsbb__Includes_High_Level_Products__c\n,'True'\t\t\t\t\t\t\t\tAS\tcsbb__Synchronised_With_Opportunity__c\n,'Valid'\t\t\t\t\t\t\tAS\tcscfga__Basket_Status__c\n,'Current'\t\t\t\t\t\t\tAS\tcscfga__pricing_status__c\n,'Submitted'\t\t\t\t\t\tAS\tcsordtelcoa__Basket_Stage__c\n,'Full'\t\t\t\t\t\t\t\tAS\tcsordtelcoa__in_flight_change_type__c\n,'False'\t\t\t\t\t\t\tAS\tcsordtelcoa__Process_Inflight_in_Batch__c\n,'False'\t\t\t\t\t\t\tAS\tcsordtelcoa__Process_Order_Generation_In_Batch__c\n,'False'\t\t\t\t\t\t\tAS\tcsordtelcoa__Product_Configuration_Clone_In_Batch__c\n,'True'\t\t\t\t\t\t\t\tAS\tcsordtelcoa__Synchronised_with_Opportunity__c\n,'SGD'\t\t\t\t\t\t\t\tAS\tCurrencyIsoCode\n,'False'\t\t\t\t\t\t\tAS\tCustomer_Dunning__c\n,'False'\t\t\t\t\t\t\tAS\tDelivery_Address_Blacklisted__c\n,'Existing Address'\t\t\t\t\tAS\tDelivery_Address_Type__c\n,'Existing Contact'\t\t\t\t\tAS\tDelivery_Contact_Type__c\n,'False'\t\t\t\t\t\t\tAS\tDeposit_Required__c\n,'True'\t\t\t\t\t\t\t\tAS\tExceeded_Credit_Limit__c\n,'0'\t\t\t\t\t\t\t\tAS\tGST_For_OTC__c\n,'0'\t\t\t\t\t\t\t\tAS\tGST_For_TRC__c\n,'False'\t\t\t\t\t\t\tAS\tInstallation_ASAP__c\n,'False'\t\t\t\t\t\t\tAS\tIsDeleted\n,'Closed Won'\t\t\t\t\t\tAS\tOpportunity_Status__c\n,'Digitized'\t\t\t\t\t\tAS\tOrdering_Type__c\n,'Cash'\t\t\t\t\t\t\t\tAS\tPayment_Method__c\n,'CASH'\t\t\t\t\t\t\t\tAS\tPayment_Mode__c\n,'False'\t\t\t\t\t\t\tAS\tRegistered_Address_Blacklisted__c\n,'False'\t\t\t\t\t\t\tAS\tRequireAttachment__c\n,'False'\t\t\t\t\t\t\tAS\tService_Agreement_Generated__c\n,'48'\t\t\t\t\t\t\t\tAS\tSME_FSS_Score__c\n,'False'\t\t\t\t\t\t\tAS\tUnverified_Authorized_Officer__c\n\nfrom\nstg_myr_pc PC","isFileList":false,"handleSpecialChars":false,"handleDecimalRoundOff":false,"frsAsset":false,"dynamicFileName":false,"excludeDynamicFileNameField":false,"currentlyProcessedFileName":false,"retainFieldMetadata":false,"objectName":"DUMMY_stg_myr_pc","useExactSrcNames":false,"tgtObjectAttributes":{},"runtimeParameterData":{"@type":"mtTaskRuntimeParameterData","isConnectionRuntimeParameter":false,"isObjectRuntimeParameter":false},"overridableProperties":[],"overriddenFields":[]},{"@type":"mtTaskParameter","id":1384134,"name":"$stg_myr_pb$","type":"TARGET","label":"stg_myr_pb","uiProperties":{"connectionParameterized":"false","objectParameterized":"false","visible":"false","defaultTargetUpdateColumns":"","supportApplyDDLChanges":"false","originalPath":"stg_myr_pb"},"targetConnectionId":"@4QRSN7FLoYhbpr47H7jUO9","targetObject":"myr/TABLE/stg_myr_pb","targetObjectLabel":"stg_myr_pb","newFlatFile":false,"newObject":false,"showBusinessNames":false,"naturalOrder":true,"truncateTarget":false,"bulkApiDBTarget":false,"operationType":"Insert","customFuncCfg":{"@type":"customFuncConfig","id":-1,"connections":[],"inputMap":[],"outputFields":[]},"targetRefsV2":{},"targetUpdateColumns":[],"extendedObject":{"@type":"extendedObject","singleMode":true,"filters":[],"sortFields":[]},"runtimeAttrs":{},"isRESTModernSource":true,"isFileList":false,"handleSpecialChars":false,"handleDecimalRoundOff":false,"frsAsset":false,"dynamicFileName":false,"excludeDynamicFileNameField":false,"currentlyProcessedFileName":false,"retainFieldMetadata":false,"objectName":"myr/TABLE/stg_myr_pb","objectLabel":"stg_myr_pb","useExactSrcNames":false,"tgtObjectAttributes":{},"runtimeParameterData":{"@type":"mtTaskRuntimeParameterData","isConnectionRuntimeParameter":false,"isObjectRuntimeParameter":false},"overridableProperties":[],"overriddenFields":[]},{"@type":"mtTaskParameter","id":1384135,"name":"$Basket_Stage$","type":"LOOKUP","label":"Basket_Stage","uiProperties":{"connectionParameterized":"false","isCachedLookup":"true","multipleMatchPolicy":"Use Any Value","objectParameterized":"false","visible":"false","originalPath":"Basket_Stage"},"lookupConnectionId":"@9BbRLvdO9WclfHAtYXCK2C","lookupObject":"DUMMY_Basket_Stage","newFlatFile":false,"newObject":false,"showBusinessNames":false,"naturalOrder":true,"truncateTarget":false,"bulkApiDBTarget":false,"customFuncCfg":{"@type":"customFuncConfig","id":-1,"connections":[],"inputMap":[],"outputFields":[]},"targetRefsV2":{},"targetUpdateColumns":[],"runtimeAttrs":{"Lookup Data Cache Size":"AUTO","Tracing Level":"Normal","Lookup Index Cache Size":"AUTO","Optional":"true","Sorted Input":"false","Lookup cache directory name":"$PMCacheDir","Lookup cache persistent":"false","Lookup source is static":"false","Pre-build lookup cache":"AUTO","Null ordering":"","Lookup caching enabled":"true"},"isRESTModernSource":true,"customQuery":"select id, name from Basket_Stages__c where name  ='Submitted'","isFileList":false,"handleSpecialChars":false,"handleDecimalRoundOff":false,"frsAsset":false,"dynamicFileName":false,"excludeDynamicFileNameField":false,"currentlyProcessedFileName":false,"retainFieldMetadata":false,"objectName":"DUMMY_Basket_Stage","useExactSrcNames":false,"tgtObjectAttributes":{},"runtimeParameterData":{"@type":"mtTaskRuntimeParameterData","isConnectionRuntimeParameter":false,"isObjectRuntimeParameter":false},"overridableProperties":[],"overriddenFields":[]}],"sequences":[],"inOutParameters":[],"connRuntimeAttrs":[]}]