[{"@type":"mappingTemplate","id":"@1","name":"m_json_hierarchy_pprocessor-Advanced","description":"","bundleVersion":"0","templateId":"@3","hasParameters":false,"valid":false,"fixedConnection":true,"hasParametersDeployed":false,"fixedConnectionDeployed":false,"isSchemaValidationEnabled":false,"tasks":0,"mappingPreviewFileRecordId":"@2","documentType":"AT_SCALE_MAPPING","references":[{"@type":"reference","refObjectId":"@irZpk2lcq2Lh5v2PiTa4Q2","refType":"connection"},{"@type":"reference","refObjectId":"@4oKksIQNwmndUPmrVHgqS5","refType":"connection"}]}]