[{"@type":"mtTask","id":"@1","name":"mt_tgt_sf_json_pc_oe","description":"","runtimeEnvironmentId":"@cUgvxjP6z42j5o2aizvbUV","maxLogs":10,"verbose":false,"lastRunTime":1692754312000,"mappingId":"@0WRgCjo4vs4bVjbrs39wYC","frsGuid":"8IjOvVmPSBClcgy7Djc1aE","shortDescription":"","sessionPropertiesList":[{"name":"Allow Temporary Sequence for Pushdown","value":"NO","recommended":false},{"name":"Allow Temporary View for Pushdown","value":"NO","recommended":false},{"name":"Pushdown Optimization","value":"None","recommended":false},{"name":"Pushdown Optimization Context","value":"None","recommended":false},{"name":"Run Only In Pushdown Mode","value":"NO","recommended":false}],"enableCrossSchemaPushdown":true,"enableParallelRun":false,"autoTunedApplied":false,"autoTunedAppliedType":"NONE","paramFileType":"PARAM_FILE_LOCAL","schemaMode":"async","valid":true,"schemaValidationErrorCount":-1,"parameterFileEncoding":"UTF-8","serverlessProperties":{},"taskProperties":[{"@type":"taskProperty","name":"parameterFileDir","currentValue":"","type":"STRING","label":"label.parameterFileDir","required":false},{"@type":"taskProperty","name":"parameterFileName","currentValue":"","type":"STRING","label":"label.parameterFileName","required":false}],"parameters":[{"@type":"mtTaskParameter","id":1371977,"name":"$src_sf_json_pc_oe$","type":"SOURCE","label":"src_sf_json_pc_oe","uiProperties":{"connectionParameterized":"false","isSelectDistinct":"false","objectParameterized":"false","visible":"false","originalPath":"src_sf_json_pc_oe"},"sourceConnectionId":"@4QRSN7FLoYhbpr47H7jUO9","sourceObject":"DUMMY_src_sf_json_pc_oe","newFlatFile":false,"newObject":false,"showBusinessNames":false,"naturalOrder":true,"truncateTarget":false,"bulkApiDBTarget":false,"customFuncCfg":{"@type":"customFuncConfig","id":-1,"connections":[],"inputMap":[],"outputFields":[]},"targetRefsV2":{},"targetUpdateColumns":[],"runtimeAttrs":{},"isRESTModernSource":true,"customQuery":"select\n PC.Id \t\t\t\t\t\t\t\tAS pc_id \n,PC.pc_type \t\t\t\t\t\tAS pc_type \n\t\n,SOL.csord__Account__c  \t\t\tAS \taccountId\t\t\t\n,PC.cscfga__Product_Basket__c \t\tAS \tbasketid  \t\t    -- for Chandra.\n\n,SV.Contract_End_Date__c \t\t\tAS contractenddate\t\t\n,SV.Contract_Start_Date__c \t\t\tAS contractstartdate\t\n,SV.csconta_Billing_Account__c \t\tAS billingaccount\t\n\n,MS.rfs_date \t\t\tAS rfsDate\n,MS.rfs_date \t\t\tAS installationPreferredDate\n,MS.Service_port_type \tAS servicePortType\n\n,'SubmitNoAppointment' \tAS action\n,'N' \t\t\t\t\tAS expressService\n,'Y' \t\t\t\t\tAS newTpRequired\n,'NA' \t\t\t\t\tAS tpInstallationOption\n,'N' \t\t\t\t\tAS seasonalTimeSlot\n,'NOPREFERENCE' \t\tAS installationTimeslot\n\n,''  AS  voiceServiceProfile\n,''  AS  EIR_UL\n,''  AS  EIR_DL\n,''  AS  acceptTNC\n,''  AS  department\n,''  AS  servicePort\n,''  AS  AIR_UL\n,''  AS  envHardenedCPE\n,''  AS  AIR_DL\n,''  AS  CoS\n,''  AS  serviceType\n\n\n--INTO tgt_sf_json_pc_oe\nFROM tgt_sf_pc PC\nJOIN tgt_sf_solution SOL\n\t\tON SOL.Id = PC.cssdm__solution_association__c\nJOIN STG_MYR_MAIN_SERVICE MS\t\t\n\t\tON MS.RSPCustomerRef =PC.Legacy_Id__c\nJOIN tgt_sf_service SV \n\t\tON SV.csordtelcoa__Product_Configuration__c = PC.Id\t\nwhere PC.Id is not null\nand PC.pc_type in ('Wholesale Domestic Access')","isFileList":false,"handleSpecialChars":false,"handleDecimalRoundOff":false,"frsAsset":false,"dynamicFileName":false,"excludeDynamicFileNameField":false,"currentlyProcessedFileName":false,"retainFieldMetadata":false,"objectName":"DUMMY_src_sf_json_pc_oe","useExactSrcNames":false,"tgtObjectAttributes":{},"runtimeParameterData":{"@type":"mtTaskRuntimeParameterData","isConnectionRuntimeParameter":false,"isObjectRuntimeParameter":false},"overridableProperties":[],"overriddenFields":[]},{"@type":"mtTaskParameter","id":1371978,"name":"$tgt_sf_json_pc_oe$","type":"TARGET","label":"tgt_sf_json_pc_oe","uiProperties":{"connectionParameterized":"false","objectParameterized":"false","visible":"false","defaultTargetUpdateColumns":"","supportApplyDDLChanges":"false","originalPath":"tgt_sf_json_pc_oe"},"targetConnectionId":"@4QRSN7FLoYhbpr47H7jUO9","targetObject":"myr/TABLE/tgt_sf_json_pc_oe","targetObjectLabel":"tgt_sf_json_pc_oe","newFlatFile":false,"newObject":false,"showBusinessNames":false,"naturalOrder":true,"truncateTarget":false,"bulkApiDBTarget":false,"operationType":"Insert","customFuncCfg":{"@type":"customFuncConfig","id":-1,"connections":[],"inputMap":[],"outputFields":[]},"targetRefsV2":{},"targetUpdateColumns":[],"extendedObject":{"@type":"extendedObject","singleMode":true,"filters":[],"sortFields":[]},"runtimeAttrs":{},"isRESTModernSource":true,"isFileList":false,"handleSpecialChars":false,"handleDecimalRoundOff":false,"frsAsset":false,"dynamicFileName":false,"excludeDynamicFileNameField":false,"currentlyProcessedFileName":false,"retainFieldMetadata":false,"objectName":"myr/TABLE/tgt_sf_json_pc_oe","objectLabel":"tgt_sf_json_pc_oe","useExactSrcNames":false,"tgtObjectAttributes":{},"runtimeParameterData":{"@type":"mtTaskRuntimeParameterData","isConnectionRuntimeParameter":false,"isObjectRuntimeParameter":false},"overridableProperties":[],"overriddenFields":[]}],"sequences":[],"inOutParameters":[],"connRuntimeAttrs":[]}]