[{"@type":"mappingTemplate","id":"@1","name":"m_merge_sf_accountcontactrelationship","description":"","bundleVersion":"0","assetFrsGuid":"8zzEdcxjhm0l1TchhH4mcC","templateId":"@3","deployTime":1738124084000,"hasParameters":false,"valid":true,"fixedConnection":true,"hasParametersDeployed":false,"fixedConnectionDeployed":true,"isSchemaValidationEnabled":false,"tasks":1,"mappingPreviewFileRecordId":"@2","documentType":"MAPPING","references":[{"@type":"reference","refObjectId":"@0aa38HfbIjadqoKlbnU14y","refType":"connection"}]}]