[{"@type":"mtTask","id":"@1","name":"mt_stg_sync_customer_access","description":"","runtimeEnvironmentId":"@cUgvxjP6z42j5o2aizvbUV","maxLogs":10,"verbose":false,"lastRunTime":1674473518000,"mappingId":"@aoUhnyApcGnlzeEqRGamG9","frsGuid":"8DiABimMtcheGvDLMwdw04","shortDescription":"","sessionPropertiesList":[],"enableCrossSchemaPushdown":true,"enableParallelRun":false,"autoTunedApplied":false,"autoTunedAppliedType":"NONE","schemaMode":"async","valid":true,"schemaValidationErrorCount":-1,"parameterFileEncoding":"UTF-8","serverlessProperties":{},"taskProperties":[{"@type":"taskProperty","name":"parameterFileDir","currentValue":"","type":"STRING","label":"label.parameterFileDir","required":false},{"@type":"taskProperty","name":"parameterFileName","currentValue":"","type":"STRING","label":"label.parameterFileName","required":false}],"parameters":[{"@type":"mtTaskParameter","id":587486,"name":"$stg_sync_customer_access$","type":"SOURCE","label":"stg_sync_customer_access","uiProperties":{"connectionParameterized":"false","isSelectDistinct":"false","objectParameterized":"false","visible":"false","originalPath":"stg_sync_customer_access"},"sourceConnectionId":"@irZpk2lcq2Lh5v2PiTa4Q2","sourceObject":"DUMMY_stg_sync_customer_access","newFlatFile":false,"newObject":false,"showBusinessNames":false,"naturalOrder":true,"truncateTarget":false,"bulkApiDBTarget":false,"customFuncCfg":{"@type":"customFuncConfig","id":-1,"connections":[],"inputMap":[],"outputFields":[]},"targetRefsV2":{},"targetUpdateColumns":[],"runtimeAttrs":{},"isRESTModernSource":true,"customQuery":"WITH CUST_ACCESS AS\n(SELECT\nCA.CUST_ID,\n--LV.target_value AS User_Type__c,\nCASE\n    WHEN LENGTH(CA.user_name) > 0 AND STRPOS(CA.user_name,' ') = 0 AND  STRPOS(CA.user_name,',')=0  THEN 'dummy'\n    WHEN LENGTH(CA.user_name) > 0 AND STRPOS(CA.user_name,',') > 0 THEN SUBSTRING(CA.user_name,1,STRPOS(CA.user_name,',')-1)\n    WHEN LENGTH(CA.user_name) > 0 AND STRPOS(CA.user_name,' ') > 0 THEN\n    REGEXP_REPLACE(CA.user_name, '\\s+\\S+$', '')\nEND AS firstname,----------------------Functional Team has to confirm the default value when there is only one word in the name\nCASE\n    WHEN LENGTH(CA.user_name) > 0 AND STRPOS(CA.user_name,' ') = 0 AND  STRPOS(CA.user_name,',')=0  THEN CA.user_name\n    WHEN LENGTH(CA.user_name) > 0 AND STRPOS(CA.user_name,',') > 0 THEN\n    SUBSTRING(CA.user_name,STRPOS(CA.user_name,',')+1,LENGTH(CA.user_name))\n    WHEN LENGTH(CA.user_name) > 0 AND STRPOS(CA.user_name,' ') > 0 THEN\n    REGEXP_REPLACE(CA.user_name, '^.*\\s+(\\S+)$', '\\1')\nEND AS lastname,\nCA.EMAIL,\nCA.CONTACT_NUMBER,\nCA.REASON,\n--LV1.target_value AS Status__c,\nCASE WHEN CA.OPT_OUT_FLAG = 'Y' THEN '1'\n ELSE '0'\nEND AS eBill_Notification__c,\nCA.FUNCTION_ID,\nSTRING_AGG(CAST(RA.REPORT_ID AS varchar),',') AS Report_Access__c,\nCA.OFFER_NAME,\nCASE WHEN CA.PARTY_TYPE='F' THEN CA.PARTY_CODE\nEND AS PARTY_CODE,\nCOALESCE(cast(CA.CREATE_DATE as timestamp),date_trunc('seconds',CURRENT_TIMESTAMP)) AS CreatedDate,\nCOALESCE(cast(CA.UPDATE_DATE as timestamp),date_trunc('seconds',CURRENT_TIMESTAMP)) AS LastModifiedDate,\nCA.USER_ID AS Legacy_Id_C,\nCA.ROLE_NAME AS User_Type__c,\nCA.STATE_NAME AS Status__c\nFROM MIG_ODS_DEV.Stg_EBS_CUST_ACCESS CA\nLEFT JOIN MIG_ODS_DEV.Stg_EBS_ESC_REPORT_ACCESS RA ON CA.USER_ID=RA.OBJECT_ID AND RA.STATE='A'\nWHERE UPPER(TRIM(COALESCE(CA.VAL_REJ_TYPE,'Y'))) !='HARD'\nGROUP BY CA.CUST_ID,CA.USER_NAME,\nCA.EMAIL,CA.CONTACT_NUMBER,CA.REASON,CA.FUNCTION_ID,CA.OFFER_NAME,eBill_Notification__c,CA.PARTY_TYPE,CA.CREATE_DATE,\nCA.UPDATE_DATE,CA.USER_ID,CA.PARTY_CODE,RA.OBJECT_ID,CA.ROLE_NAME,CA.STATE_NAME\n ),\n SYNC_ACCOUNT AS\n(\nSELECT \n \"Id\" AS ID,\n \"Name\" aS NAME,\n CASE \n\tWHEN ACC.\"Legacy_Id__c\" IS NOT NULL THEN ACC.\"Legacy_Id__c\" \n \tELSE  SYNC_ACCOUNT.Legacy_Id \nEND AS LEGACY_ID__C \n FROM MIG_ODS_DEV.SF_ACCOUNT ACC\n LEFT JOIN MIG_ODS_DEV.SYNC_EBS_SAP_ACCOUNT SYNC_ACCOUNT\nON SYNC_ACCOUNT.NAME=ACC.\"Name\" \nAND SYNC_ACCOUNT.Business_Registration_Number=ACC.\"Business_Registration_Number_BRN__c\"\n)\n SELECT \nACC.Id as ACCOUNT,\nCUST_ACCESS.User_Type__c,\nCUST_ACCESS.firstname AS First_Name__c,\nCUST_ACCESS.lastname AS Last_Name__c,\nCUST_ACCESS.EMAIL AS Email__c,\nCUST_ACCESS.CONTACT_NUMBER AS Mobile__c,\nCUST_ACCESS.REASON AS Reason__c,\nCUST_ACCESS.Status__c,\nCUST_ACCESS.eBill_Notification__c,\nCUST_ACCESS.FUNCTION_ID as Feature_Access__c,\nCUST_ACCESS.Report_Access__c,\nCUST_ACCESS.OFFER_NAME,\nCUST_ACCESS.PARTY_CODE AS CreatedById,\n--to_timestamp(to_char(CUST_ACCESS.CreatedDate,'YYYY-MM-DD HH24:MI:SS'),'YYYY-MM-DD HH24:MI:SS') as CreatedDate,\nCUST_ACCESS.CreatedDate,\n--to_timestamp(to_char(CUST_ACCESS.LastModifiedDate,'YYYY-MM-DD HH24:MI:SS'),'YYYY-MM-DD HH24:MI:SS') as LastModifiedDate,\nCUST_ACCESS.LastModifiedDate,\nCUST_ACCESS.PARTY_CODE AS LastModifiedById,\nCUST_ACCESS.Legacy_Id_C\nFROM CUST_ACCESS\nINNER JOIN SYNC_ACCOUNT ACC\nON cast(CUST_ACCESS.CUST_ID as varchar)=ACC.Legacy_Id__c\n/*GROUP BY\nACCOUNT,\nCUST_ACCESS.User_Type__c,\nFirst_Name__c,\nLast_Name__c,\nEmail__c,\nMobile__c,\nReason__c,\nCUST_ACCESS.Status__c,\nCUST_ACCESS.eBill_Notification__c,\nFeature_Access__c,\nCUST_ACCESS.Report_Access__c,\nCUST_ACCESS.OFFER_NAME,\nCreatedById,\nCUST_ACCESS.CreatedDate,\nCUST_ACCESS.LastModifiedDate,\nLastModifiedById,\nCUST_ACCESS.Legacy_Id_C*/","isFileList":false,"handleSpecialChars":false,"handleDecimalRoundOff":false,"frsAsset":false,"dynamicFileName":false,"excludeDynamicFileNameField":false,"currentlyProcessedFileName":false,"retainFieldMetadata":false,"objectName":"DUMMY_stg_sync_customer_access","useExactSrcNames":false,"tgtObjectAttributes":{},"runtimeParameterData":{"@type":"mtTaskRuntimeParameterData","isConnectionRuntimeParameter":false,"isObjectRuntimeParameter":false},"overridableProperties":[],"overriddenFields":[]},{"@type":"mtTaskParameter","id":587487,"name":"$tgt_sync_customer_access$","type":"TARGET","label":"tgt_sync_customer_access","uiProperties":{"connectionParameterized":"false","objectParameterized":"false","visible":"false","defaultTargetUpdateColumns":"","supportApplyDDLChanges":"false","originalPath":"tgt_sync_customer_access"},"targetConnectionId":"@irZpk2lcq2Lh5v2PiTa4Q2","targetObject":"mig_ods_dev/TABLE/sync_ebs_sap_customeraccess","targetObjectLabel":"sync_ebs_sap_customeraccess","newFlatFile":false,"newObject":false,"showBusinessNames":false,"naturalOrder":true,"truncateTarget":false,"bulkApiDBTarget":false,"operationType":"Insert","customFuncCfg":{"@type":"customFuncConfig","id":-1,"connections":[],"inputMap":[],"outputFields":[]},"targetRefsV2":{},"targetUpdateColumns":[],"extendedObject":{"@type":"extendedObject","singleMode":true,"filters":[],"sortFields":[]},"runtimeAttrs":{},"isRESTModernSource":true,"isFileList":false,"handleSpecialChars":false,"handleDecimalRoundOff":false,"frsAsset":false,"dynamicFileName":false,"excludeDynamicFileNameField":false,"currentlyProcessedFileName":false,"retainFieldMetadata":false,"objectName":"mig_ods_dev/TABLE/sync_ebs_sap_customeraccess","objectLabel":"sync_ebs_sap_customeraccess","useExactSrcNames":false,"tgtObjectAttributes":{},"runtimeParameterData":{"@type":"mtTaskRuntimeParameterData","isConnectionRuntimeParameter":false,"isObjectRuntimeParameter":false},"overridableProperties":[],"overriddenFields":[]},{"@type":"mtTaskParameter","id":587488,"name":"$Lkp_sf_user$","type":"LOOKUP","label":"Lkp_sf_user","uiProperties":{"connectionParameterized":"false","isCachedLookup":"true","multipleMatchPolicy":"Use Last Value","objectParameterized":"false","visible":"false","originalPath":"Lkp_sf_user"},"lookupConnectionId":"@irZpk2lcq2Lh5v2PiTa4Q2","lookupObject":"DUMMY_Lkp_sf_user","newFlatFile":false,"newObject":false,"showBusinessNames":false,"naturalOrder":true,"truncateTarget":false,"bulkApiDBTarget":false,"customFuncCfg":{"@type":"customFuncConfig","id":-1,"connections":[],"inputMap":[],"outputFields":[]},"targetRefsV2":{},"targetUpdateColumns":[],"runtimeAttrs":{"Cache File Name Prefix":"","Lookup Index Cache Size":"AUTO","Optional":"true","Lookup cache persistent":"false","Lookup source is static":"false","Case Sensitive String Comparison":"false","Re-cache from lookup source":"false","Insert Else Update":"false","Lookup caching enabled":"true","Lookup Data Cache Size":"AUTO","Tracing Level":"Normal","Sorted Input":"false","Lookup cache directory name":"$PMCacheDir","Output Old Value On Update":"false","Dynamic Lookup Cache":"false","Pre-build lookup cache":"AUTO","Null ordering":""},"isRESTModernSource":true,"customQuery":"SELECT \nB.ID,\nB.Email,\nS.STAFF_ID FROM  \n(\nSELECT \n\"Id\" AS ID,\n\"Email\" AS Email \nFROM \n(\nSELECT \"Id\", \nUPPER(TRIM(\"Email\")) AS \"Email\",\nROW_NUMBER() OVER (PARTITION BY UPPER(TRIM(\"Email\")) ORDER BY \"IsActive\" DESC ) AS RNK\nFROM MIG_ODS_DEV.SF_USER) A \nWHERE RNK=1\n) B \nINNER  JOIN MIG_ODS_DEV.STG_BFM_STAFF S ON\nTRIM(UPPER(S.Email))=TRIM(UPPER(B.Email))\nUNION \nSELECT \"Id\" AS ID,\"Email\" AS Email,NULL AS STAFF_ID FROM MIG_ODS_DEV.SF_USER WHERE UPPER(\"Name\")=UPPER('Data Migration User')","isFileList":false,"handleSpecialChars":false,"handleDecimalRoundOff":false,"frsAsset":false,"dynamicFileName":false,"excludeDynamicFileNameField":false,"currentlyProcessedFileName":false,"retainFieldMetadata":false,"objectName":"DUMMY_Lkp_sf_user","useExactSrcNames":false,"tgtObjectAttributes":{},"runtimeParameterData":{"@type":"mtTaskRuntimeParameterData","isConnectionRuntimeParameter":false,"isObjectRuntimeParameter":false},"overridableProperties":[],"overriddenFields":[]},{"@type":"mtTaskParameter","id":587489,"name":"$Lkp_sh_master_lov$","type":"LOOKUP","label":"Lkp_sh_master_lov","uiProperties":{"connectionParameterized":"false","isCachedLookup":"true","multipleMatchPolicy":"Use Last Value","objectParameterized":"false","visible":"false","originalPath":"Lkp_sh_master_lov"},"lookupConnectionId":"@irZpk2lcq2Lh5v2PiTa4Q2","lookupObject":"DUMMY_Lkp_sh_master_lov","newFlatFile":false,"newObject":false,"showBusinessNames":false,"naturalOrder":true,"truncateTarget":false,"bulkApiDBTarget":false,"customFuncCfg":{"@type":"customFuncConfig","id":-1,"connections":[],"inputMap":[],"outputFields":[]},"targetRefsV2":{},"targetUpdateColumns":[],"runtimeAttrs":{"Cache File Name Prefix":"","Lookup Index Cache Size":"AUTO","Optional":"true","Lookup cache persistent":"false","Lookup source is static":"false","Case Sensitive String Comparison":"false","Re-cache from lookup source":"false","Insert Else Update":"false","Lookup caching enabled":"true","Lookup Data Cache Size":"AUTO","Tracing Level":"Normal","Sorted Input":"false","Lookup cache directory name":"$PMCacheDir","Output Old Value On Update":"false","Dynamic Lookup Cache":"false","Pre-build lookup cache":"AUTO","Null ordering":""},"isRESTModernSource":true,"customQuery":"select \nUPPER(TRIM(source_object)) as source_object,\nUPPER(TRIM(source_column)) as source_column,\nUPPER(TRIM(source_value)) as source_value,\ntarget_value\nfrom  MIG_ODS_DEV.STG_SH_MASTER_LOV   where UPPER(TRIM(is_active))='Y'","isFileList":false,"handleSpecialChars":false,"handleDecimalRoundOff":false,"frsAsset":false,"dynamicFileName":false,"excludeDynamicFileNameField":false,"currentlyProcessedFileName":false,"retainFieldMetadata":false,"objectName":"DUMMY_Lkp_sh_master_lov","useExactSrcNames":false,"tgtObjectAttributes":{},"runtimeParameterData":{"@type":"mtTaskRuntimeParameterData","isConnectionRuntimeParameter":false,"isObjectRuntimeParameter":false},"overridableProperties":[],"overriddenFields":[]}],"sequences":[],"inOutParameters":[],"connRuntimeAttrs":[]}]