[{"@type":"mappingTemplate","id":"@1","name":"m_create_json_attrib_v5","description":"","bundleVersion":"0","templateId":"@3","hasParameters":false,"valid":false,"fixedConnection":true,"hasParametersDeployed":false,"fixedConnectionDeployed":false,"isSchemaValidationEnabled":false,"tasks":0,"mappingPreviewFileRecordId":"@2","documentType":"MAPPING","references":[{"@type":"reference","refObjectId":"@irZpk2lcq2Lh5v2PiTa4Q2","refType":"connection"},{"@type":"reference","refObjectId":"@730stTntjXxhop5y1DZeck","refType":"hschema"}]}]