[{"@type":"mtTask","id":"@1","name":"mt_stg_myr_sli","description":"","runtimeEnvironmentId":"@cUgvxjP6z42j5o2aizvbUV","maxLogs":10,"verbose":false,"lastRunTime":1694433432000,"mappingId":"@k4LRNhmmVsDgFDlGzsyHIS","frsGuid":"4N7RvN6eruOh8DAbKjX4Cb","shortDescription":"","sessionPropertiesList":[{"name":"Allow Temporary Sequence for Pushdown","value":"NO","recommended":false},{"name":"Allow Temporary View for Pushdown","value":"NO","recommended":false},{"name":"Pushdown Optimization","value":"None","recommended":false},{"name":"Pushdown Optimization Context","value":"None","recommended":false},{"name":"Pushdown Optimization Fallback Option","value":"Partial PDO","recommended":false}],"enableCrossSchemaPushdown":true,"enableParallelRun":false,"autoTunedApplied":false,"autoTunedAppliedType":"NONE","paramFileType":"PARAM_FILE_LOCAL","schemaMode":"async","valid":true,"schemaValidationErrorCount":-1,"parameterFileEncoding":"UTF-8","serverlessProperties":{},"taskProperties":[{"@type":"taskProperty","name":"parameterFileDir","currentValue":"","type":"STRING","label":"label.parameterFileDir","required":false},{"@type":"taskProperty","name":"parameterFileName","currentValue":"","type":"STRING","label":"label.parameterFileName","required":false}],"parameters":[{"@type":"mtTaskParameter","id":1398277,"name":"$stg_myr_main_service$","type":"SOURCE","label":"stg_myr_main_service","uiProperties":{"connectionParameterized":"false","isSelectDistinct":"false","objectParameterized":"false","visible":"false","originalPath":"stg_myr_main_service"},"sourceConnectionId":"@4QRSN7FLoYhbpr47H7jUO9","sourceObject":"DUMMY_stg_myr_main_service","newFlatFile":false,"newObject":false,"showBusinessNames":false,"naturalOrder":true,"truncateTarget":false,"bulkApiDBTarget":false,"customFuncCfg":{"@type":"customFuncConfig","id":-1,"connections":[],"inputMap":[],"outputFields":[]},"targetRefsV2":{},"targetUpdateColumns":[],"runtimeAttrs":{},"isRESTModernSource":true,"customQuery":"select\n'0' as csordtelcoa__Cancelled_By_Change_Process__c      ,\n'SGD' as CurrencyIsoCode                                    ,\n'0' as csord__Discounted_Amount__c                          ,\nRSPcustomerRef as csord__External_Identifier2__c            ,\nRSPcustomerRef as csord__Identification__c                  ,\n'1' as csord__Is_Active__c                               ,\n'0' as csord__Is_Adhoc__c                               ,\n'1' as csord__Is_Recurring__c                            ,\n'StarHub Port MRC' as csord__Line_Description__c            ,\n'Charge' as csord__line_item_type__c                        ,\nStarHub_Port_MRC as csord__Price_Before_Discount__c         ,\n'0' as csord__sequence__c                                   ,\nid as csord__Service__c                                     ,\n'StarHub Port MRC' as Name                                  ,\nStarHub_Port_MRC as csord__Total_Price__c\n\nfrom stg_myr_main_service\nleft join tgt_sf_service on stg_myr_main_service.RSPcustomerRef = tgt_sf_service.legacy_id__c\n\nUNION ALL\n\nselect\n'0' as csordtelcoa__Cancelled_By_Change_Process__c       ,\n'SGD' as CurrencyIsoCode                                     ,\n'0' as csord__Discounted_Amount__c                           ,\nRSPcustomerRef as csord__External_Identifier2__c             ,\nRSPcustomerRef || '_1'  as csord__Identification__c                   ,  -- Appended '_1' to avoid duplicates\n'1'  as csord__Is_Active__c                                ,\n'0' as csord__Is_Adhoc__c                                ,\n'1'  as csord__Is_Recurring__c                             ,\n'NLT Charge' as csord__Line_Description__c                   ,\n'Charge' as csord__line_item_type__c                         ,\nNLT_charge as csord__Price_Before_Discount__c                ,\n'1' as csord__sequence__c                                    ,\nid as csord__Service__c                                      ,\n'NLT Charge' as Name                                         ,\nNLT_charge as csord__Total_Price__c\n\nfrom stg_myr_main_service\nleft join tgt_sf_service on stg_myr_main_service.RSPcustomerRef = tgt_sf_service.legacy_id__c","isFileList":false,"handleSpecialChars":false,"handleDecimalRoundOff":false,"frsAsset":false,"dynamicFileName":false,"excludeDynamicFileNameField":false,"currentlyProcessedFileName":false,"retainFieldMetadata":false,"objectName":"DUMMY_stg_myr_main_service","useExactSrcNames":false,"tgtObjectAttributes":{},"runtimeParameterData":{"@type":"mtTaskRuntimeParameterData","isConnectionRuntimeParameter":false,"isObjectRuntimeParameter":false},"overridableProperties":[],"overriddenFields":[]},{"@type":"mtTaskParameter","id":1398278,"name":"$stg_myr_sli$","type":"TARGET","label":"stg_myr_sli","uiProperties":{"connectionParameterized":"false","objectParameterized":"false","visible":"false","defaultTargetUpdateColumns":"","supportApplyDDLChanges":"true","originalPath":"stg_myr_sli"},"targetConnectionId":"@4QRSN7FLoYhbpr47H7jUO9","targetObject":"myr/TABLE/stg_myr_sli","targetObjectLabel":"stg_myr_sli","newFlatFile":false,"newObject":false,"showBusinessNames":false,"naturalOrder":true,"truncateTarget":false,"bulkApiDBTarget":false,"operationType":"Insert","customFuncCfg":{"@type":"customFuncConfig","id":-1,"connections":[],"inputMap":[],"outputFields":[]},"targetRefsV2":{},"targetUpdateColumns":[],"extendedObject":{"@type":"extendedObject","singleMode":true,"filters":[],"sortFields":[]},"runtimeAttrs":{},"isRESTModernSource":true,"isFileList":false,"handleSpecialChars":false,"handleDecimalRoundOff":false,"frsAsset":false,"dynamicFileName":false,"excludeDynamicFileNameField":false,"currentlyProcessedFileName":false,"retainFieldMetadata":false,"objectName":"myr/TABLE/stg_myr_sli","objectLabel":"stg_myr_sli","useExactSrcNames":false,"tgtObjectAttributes":{},"runtimeParameterData":{"@type":"mtTaskRuntimeParameterData","isConnectionRuntimeParameter":false,"isObjectRuntimeParameter":false},"overridableProperties":[],"overriddenFields":[]}],"sequences":[],"inOutParameters":[],"connRuntimeAttrs":[]}]