[{"@type":"mappingTemplate","id":"@1","name":"m_rp_sf_customer_account","description":"This mapping will do reverse pull from salesforce to ods staging area","bundleVersion":"0","templateId":"@3","deployTime":1694585644000,"hasParameters":false,"valid":true,"fixedConnection":true,"hasParametersDeployed":false,"fixedConnectionDeployed":true,"isSchemaValidationEnabled":false,"tasks":1,"mappingPreviewFileRecordId":"@2","documentType":"MAPPING","references":[{"@type":"reference","refObjectId":"@4QRSN7FLoYhbpr47H7jUO9","refType":"connection"},{"@type":"reference","refObjectId":"@2pzkdnOGuGpiqnKtNRkpw3","refType":"connection"}]}]