[{"@type":"mappingTemplate","id":"@1","name":"XXX_m_stg_ebs_main_service_NOT_IN_USE","description":"PROD,OFFER  SUBS table jon","bundleVersion":"0","templateId":"@3","deployTime":1671552194000,"hasParameters":false,"valid":true,"fixedConnection":true,"hasParametersDeployed":false,"fixedConnectionDeployed":true,"isSchemaValidationEnabled":false,"tasks":1,"mappingPreviewFileRecordId":"@2","documentType":"MAPPING","references":[{"@type":"reference","refObjectId":"@1h3v5gym6bTbjKYFjWauap","refType":"connection"},{"@type":"reference","refObjectId":"@dqrnw07QUUeeWGsoQhk68n","refType":"connection"}]}]