[{"@type":"mappingTemplate","id":"@1","name":"m_file_stg_ebs_attr","description":"Oct-27-2022: Mapping used to load T_STG_ATTR; Load Type: Truncate and reload; Frequency: One-time load.","bundleVersion":"0","templateId":"@3","deployTime":1708336242000,"hasParameters":false,"valid":true,"fixedConnection":true,"hasParametersDeployed":false,"fixedConnectionDeployed":true,"isSchemaValidationEnabled":false,"tasks":2,"mappingPreviewFileRecordId":"@2","documentType":"MAPPING","references":[{"@type":"reference","refObjectId":"@0aa38HfbIjadqoKlbnU14y","refType":"connection"},{"@type":"reference","refObjectId":"@5cVavMJoq6viVKggQReXmA","refType":"connection"}]}]