[{"@type":"mappingTemplate","id":"@1","name":"m_sync_tgt_sf_address__c","description":"","autoExpireObject":false,"bundleVersion":"0","assetFrsGuid":"0J5pvC0jngIbGbTAfEHZAk","templateId":"@3","deployTime":1743048270000,"hasParameters":false,"valid":true,"fixedConnection":true,"hasParametersDeployed":false,"fixedConnectionDeployed":true,"isSchemaValidationEnabled":false,"tasks":1,"mappingPreviewFileRecordId":"@2","documentType":"MAPPING","references":[{"@type":"reference","refObjectId":"@0aa38HfbIjadqoKlbnU14y","refType":"connection"},{"@type":"reference","refObjectId":"@2pzkdnOGuGpiqnKtNRkpw3","refType":"connection"}]}]