[{"@type":"mtTask","id":"@1","name":"mt_stg_sync_case_billing_queries","description":"","runtimeEnvironmentId":"@cUgvxjP6z42j5o2aizvbUV","maxLogs":10,"verbose":false,"lastRunTime":1680576060000,"mappingId":"@a7H3NwrPsGzixbe1Q5xkwe","frsGuid":"1Z07cBOK3oBhLSEQcTbAu8","shortDescription":"","sessionPropertiesList":[],"enableCrossSchemaPushdown":true,"enableParallelRun":false,"autoTunedApplied":false,"autoTunedAppliedType":"NONE","schemaMode":"async","valid":true,"schemaValidationErrorCount":-1,"parameterFileEncoding":"UTF-8","serverlessProperties":{},"taskProperties":[{"@type":"taskProperty","name":"parameterFileDir","currentValue":"","type":"STRING","label":"label.parameterFileDir","required":false},{"@type":"taskProperty","name":"parameterFileName","currentValue":"","type":"STRING","label":"label.parameterFileName","required":false}],"parameters":[{"@type":"mtTaskParameter","id":768419,"name":"$src_BillQuery_acctupdate$","type":"SOURCE","label":"src_BillQuery_acctupdate","uiProperties":{"connectionParameterized":"false","isSelectDistinct":"false","objectParameterized":"false","visible":"false","originalPath":"src_BillQuery_acctupdate"},"sourceConnectionId":"@0aa38HfbIjadqoKlbnU14y","sourceObject":"DUMMY_src_BillQuery_acctupdate","newFlatFile":false,"newObject":false,"showBusinessNames":false,"naturalOrder":true,"truncateTarget":false,"bulkApiDBTarget":false,"customFuncCfg":{"@type":"customFuncConfig","id":-1,"connections":[],"inputMap":[],"outputFields":[]},"targetRefsV2":{},"targetUpdateColumns":[],"runtimeAttrs":{},"isRESTModernSource":true,"customQuery":"SELECT ALL_REC.*,\nCASE \n\tWHEN UPPER(TRIM(ALL_REC.STATUS))='CLOSED' AND SR.REJECT_FLAG='F' \n\tTHEN '1' ELSE '0' \nEND AS Waiver_Approved__c,\nCASE \n\tWHEN UPPER(SR.APPLY_OBJECT) ='B' AND UPPER(TRIM(ALL_REC.STATUS))='CLOSED' \n\tTHEN '1' ELSE '0'\nEND AS Triggered_to_BSCS,\nPAYMENT.PAYMENT_METHOD_NAME AS Payment_Profile__c,\ncast(SR.NBC_Due_Date as timestamp)  AS NBC_Due_Date,\nCASE \n\tWHEN ALL_REC.SR_Status__c IS NOT NULL \t\n\tTHEN '1' ELSE '0'\nEND AS Is_submitted_for_Approval__c,\nBILL.BILL_NBR  as Invoice_Number__c,\nCASE \n\tWHEN SR.INV_PAYMENT_METHOD_ID IS NOT NULL \n\tTHEN CAST(SR.NBC_DUE_DATE AS DATE)\nEND AS Invoice_Due_Date__c,\nCASE \n\tWHEN SR.INV_PAYMENT_METHOD_ID IS NOT NULL \n\tTHEN SR.AMOUNT \nEND AS Invoice_Amount__c,\nSR.ACCOUNT_BALANCE billing_account_balance__c,\nSR.AMOUNT AS AMOUNT__C,\ncast(SR.ASAP_Due_Date as date) AS ASAP_Due_Date\nFROM SYNC_EBS_CASE_ALL_RECTYPE ALL_REC \nINNER JOIN STG_EBS_SR SR ON ALL_REC.LEGACY_ID__C=SR.SR_REQUEST_ID\nLEFT JOIN STG_EBS_SR_BILL BILL ON BILL.BILLING_CYCLE_ID=COALESCE(SR.NBC_DUE,SR.ASAP_DUE) AND BILL.ACCT_ID=SR.SR_ACCT_ID\nLEFT JOIN STG_PAYMENT_METHOD PAYMENT ON SR.PAYMENT_METHOD_ID=PAYMENT.PAYMENT_METHOD_ID\nWHERE ALL_REC.RECORDTYPE='Billing Queries or Billing Account Updates'","isFileList":false,"handleSpecialChars":false,"handleDecimalRoundOff":false,"frsAsset":false,"dynamicFileName":false,"excludeDynamicFileNameField":false,"currentlyProcessedFileName":false,"retainFieldMetadata":false,"objectName":"DUMMY_src_BillQuery_acctupdate","useExactSrcNames":false,"tgtObjectAttributes":{},"runtimeParameterData":{"@type":"mtTaskRuntimeParameterData","isConnectionRuntimeParameter":false,"isObjectRuntimeParameter":false},"overridableProperties":[],"overriddenFields":[]},{"@type":"mtTaskParameter","id":768420,"name":"$tgt_sync_ebs_case_BillQuery$","type":"TARGET","label":"tgt_sync_ebs_case_BillQuery","uiProperties":{"connectionParameterized":"false","objectParameterized":"false","visible":"false","defaultTargetUpdateColumns":"","supportApplyDDLChanges":"false","originalPath":"tgt_sync_ebs_case_BillQuery"},"targetConnectionId":"@0aa38HfbIjadqoKlbnU14y","targetObject":"p1_dev/TABLE/sync_ebs_case","targetObjectLabel":"sync_ebs_case","newFlatFile":false,"newObject":false,"showBusinessNames":false,"naturalOrder":true,"truncateTarget":false,"bulkApiDBTarget":false,"operationType":"Insert","customFuncCfg":{"@type":"customFuncConfig","id":-1,"connections":[],"inputMap":[],"outputFields":[]},"targetRefsV2":{},"targetUpdateColumns":[],"extendedObject":{"@type":"extendedObject","singleMode":true,"filters":[],"sortFields":[]},"runtimeAttrs":{},"isRESTModernSource":true,"isFileList":false,"handleSpecialChars":false,"handleDecimalRoundOff":false,"frsAsset":false,"dynamicFileName":false,"excludeDynamicFileNameField":false,"currentlyProcessedFileName":false,"retainFieldMetadata":false,"objectName":"p1_dev/TABLE/sync_ebs_case","objectLabel":"sync_ebs_case","useExactSrcNames":false,"tgtObjectAttributes":{},"runtimeParameterData":{"@type":"mtTaskRuntimeParameterData","isConnectionRuntimeParameter":false,"isObjectRuntimeParameter":false},"overridableProperties":[],"overriddenFields":[]}],"sequences":[],"inOutParameters":[],"connRuntimeAttrs":[]}]