[{"@type":"mappingTemplate","id":"@1","name":"m_rp_sf_contact","description":"this replicates contact data from saleforce to stage area","bundleVersion":"0","templateId":"@3","deployTime":1675955513000,"hasParameters":false,"valid":true,"fixedConnection":true,"hasParametersDeployed":false,"fixedConnectionDeployed":true,"isSchemaValidationEnabled":false,"tasks":2,"mappingPreviewFileRecordId":"@2","documentType":"MAPPING","references":[{"@type":"reference","refObjectId":"@4SoE843RJabk2lY1RBHwqN","refType":"connection"},{"@type":"reference","refObjectId":"@irZpk2lcq2Lh5v2PiTa4Q2","refType":"connection"}]}]