[{"@type":"mappingTemplate","id":"@1","name":"m_SF_load_json_solution_detail","description":"","bundleVersion":"0","templateId":"@3","deployTime":1680061157000,"hasParameters":false,"valid":true,"fixedConnection":true,"hasParametersDeployed":false,"fixedConnectionDeployed":true,"isSchemaValidationEnabled":false,"tasks":1,"mappingPreviewFileRecordId":"@2","documentType":"MAPPING","references":[{"@type":"reference","refObjectId":"@9BbRLvdO9WclfHAtYXCK2C","refType":"connection"},{"@type":"reference","refObjectId":"@0aa38HfbIjadqoKlbnU14y","refType":"connection"}]}]