[{"@type":"mtTask","id":"@1","name":"mt_stg_sync_billing_account","description":"","runtimeEnvironmentId":"@cUgvxjP6z42j5o2aizvbUV","maxLogs":10,"verbose":false,"lastRunTime":1674473614000,"mappingId":"@7UfNvcpLo4qkcPYaFUpYeB","frsGuid":"1CU0UKXqpqLeww6YYtcpgT","shortDescription":"","sessionPropertiesList":[],"enableCrossSchemaPushdown":true,"enableParallelRun":false,"autoTunedApplied":false,"autoTunedAppliedType":"NONE","schemaMode":"async","valid":true,"schemaValidationErrorCount":-1,"parameterFileEncoding":"UTF-8","serverlessProperties":{},"taskProperties":[{"@type":"taskProperty","name":"parameterFileDir","currentValue":"","type":"STRING","label":"label.parameterFileDir","required":false},{"@type":"taskProperty","name":"parameterFileName","currentValue":"","type":"STRING","label":"label.parameterFileName","required":false}],"parameters":[{"@type":"mtTaskParameter","id":681905,"name":"$src_stg_sync_ebs_billing_account$","type":"SOURCE","label":"src_stg_sync_ebs_billing_account","uiProperties":{"connectionParameterized":"false","isSelectDistinct":"false","objectParameterized":"false","visible":"false","originalPath":"src_stg_sync_ebs_billing_account"},"sourceConnectionId":"@irZpk2lcq2Lh5v2PiTa4Q2","sourceObject":"DUMMY_src_stg_sync_ebs_billing_account","newFlatFile":false,"newObject":false,"showBusinessNames":false,"naturalOrder":true,"truncateTarget":false,"bulkApiDBTarget":false,"customFuncCfg":{"@type":"customFuncConfig","id":-1,"connections":[],"inputMap":[],"outputFields":[]},"targetRefsV2":{},"targetUpdateColumns":[],"runtimeAttrs":{},"isRESTModernSource":true,"customQuery":"WITH BILL_ACCT AS (\nSELECT \nACCT.ACCT_ID,\nACCT.PARENT_ACCT_ID,\nACCT.ACCT_NBR AS CPQ_Billing_Account_Number__c,\nCASE \n              WHEN ACCT.STATE = 'A' THEN 'Active' \n              WHEN ACCT.STATE = 'X' THEN 'Inactive'\nEND AS Billing_Account_Status__c,\nACCT.BILL_ADDRESS,\n'BC60' AS Bill_Cycle__c,  --Currently EB01 is populated. Once Business confirmed and BC60 is added at SF, this needs to be updated\nPAYMENT.PAYMENT_METHOD_NAME AS Payment_Mode__c,\nACCT.DELIVER_METHOD_NAME AS csconta_Bill_Delivery_Method__c,\nACCT.EMAIL AS Bill_Delivery_Email__c,\nACCT.DETAIL_INFO AS Bill_Delivery_Address__c,\nCASE \n              WHEN ACCT.BILL_FLAG = 'Y' THEN '1'\n              ELSE '0'\nEND AS Payment_Responsible__c,\nACCT.BILL_FLAG,\nCASE \n              WHEN ACCT.BLACKLIST_STATE = 'A' THEN 'Blacklisted'\n              WHEN ACCT.BLACKLIST_STATE = 'X' THEN 'Cleared'\nEND AS Blacklist_Status__c,\nACCT.ACCT_BLACKLIST_TYPE_NAME AS Blacklist_Reason__c,\n(SELECT MAX(CAST(acc.STATE_DATE AS DATE)) FROM MIG_ODS_DEV.stg_ebs_acct acc WHERE acc.ACCT_ID = ACCT.ACCT_ID) AS Current_Status_Start_Date__c,\nCASE \n              WHEN ACCT.PAYMENT_METHOD_ID = '12' THEN ACCT.BANK_ACCT_NAME \nEND AS Cardholder_Name__c,\nCASE \n              WHEN ACCT.PAYMENT_METHOD_ID = '12' THEN TO_CHAR(CAST(BANK_ACCT_EXP_DATE AS DATE),'MM')\nEND AS Credit_Card_Expiry_Month__c,\nCASE \n              WHEN ACCT.PAYMENT_METHOD_ID = '12' THEN TO_CHAR(CAST(BANK_ACCT_EXP_DATE AS DATE),'YYYY')\nEND AS Credit_Card_Expiry_Year__c,\nCASE \n              WHEN ACCT.PAYMENT_METHOD_ID = '12' THEN ACCT.BANK_CARD_CODE \nEND AS Credit_Card_Type__c, --SH to confirm if need to be added to SFDC for DinersClub\nACCT.TOKEN_NO AS Token_Number__c,\nACCT.BANK_ACCT_NBR AS Bank_Account_Number__c,\nACCT.BANK_NAME AS Bank_Name__c,\nCASE \n              WHEN ACCT.PAYMENT_METHOD_ID='11' THEN ACCT.BANK_ACCT_NAME \nEND AS Bank_Account_Holder_Name__c,\nCASE \n              WHEN CAST(ACCT.KIV_EXP_DATE aS DATE) > CURRENT_DATE THEN 1\n              ELSE 0\nEND AS Dunning__c,\nCASE \n              WHEN CAST(ACCT.KIV_EXP_DATE aS DATE) > CURRENT_DATE \n              THEN ACCT.DUNNING_STAGE_NAME \nEND AS Dunning_Stage__c,\nCASE \n              WHEN CAST(ACCT.KIV_EXP_DATE AS DATE) > CURRENT_DATE \n              THEN ACCT.DUNNING_STRATEGY_NAME \nEND AS Dunning_Strategy__c,\nCASE \n              WHEN CAST(ACCT.KIV_EXP_DATE AS DATE) > CURRENT_DATE THEN 'KIV'\n              WHEN CAST(ACCT.EXCLUSION_EXP_DATE AS DATE) > CURRENT_DATE THEN 'Exclusion'\nEND AS KIV_Exclusion__c,\nCASE \n              WHEN CAST(ACCT.KIV_EXP_DATE AS DATE) > CURRENT_DATE THEN ACCT.KIV_REASON_NAME\n              WHEN CAST(ACCT.EXCLUSION_EXP_DATE AS DATE) > CURRENT_DATE THEN ACCT.EXCLUSION_REASON_NAME\nEND AS KIV_Exclusion_Reason__c,\nCASE \n              WHEN CAST(ACCT.KIV_EXP_DATE AS DATE) > CURRENT_DATE THEN CAST(ACCT.KIV_EFF_DATE AS DATE)\n              WHEN CAST(ACCT.EXCLUSION_EXP_DATE AS DATE) > CURRENT_DATE THEN CAST(ACCT.EXCLUSION_EFF_DATE AS DATE)\nEND AS KIV_Exclusion_Effective_Date__c,\nCASE \n              WHEN CAST(ACCT.KIV_EXP_DATE AS DATE) > CURRENT_DATE THEN CAST(ACCT.KIV_EXP_DATE AS DATE)\n              WHEN CAST(ACCT.EXCLUSION_EXP_DATE AS DATE) > CURRENT_DATE THEN CAST(ACCT.EXCLUSION_EXP_DATE AS DATE)\nEND AS KIV_Exclusion_Expire_Date__c,\nCASE \n              WHEN ACCT.PARTY_TYPE = 'F' THEN ACCT.PARTY_CODE\nEND AS CREATE_STAFF_NAME,\nAM.PARTY_CODE AS OWNER_STAFF_NAME,\nCOALESCE(CAST(ACCT.CREATED_DATE AS TIMESTAMP),DATE_TRUNC('seconds',CURRENT_TIMESTAMP)) AS CREATED_DATE,\nCOALESCE(CAST(ACCT.UPDATE_DATE AS TIMESTAMP), DATE_TRUNC('seconds',CURRENT_TIMESTAMP)) AS UPDATE_DATE,\nACCT.CUST_ID\nFROM MIG_ODS_DEV.stg_ebs_acct ACCT \nLEFT JOIN MIG_ODS_DEV.STG_ACCOUNT_MANAGER_CUST AM ON ACCT.CUST_ID=AM.CUST_ID AND AM.PARTY_TYPE = 'F'\nLEFT JOIN MIG_ODS_DEV.STG_PAYMENT_METHOD PAYMENT ON ACCT.PAYMENT_METHOD_ID=PAYMENT.PAYMENT_METHOD_ID\nWHERE UPPER(COALESCE(ACCT.VAL_REJ_TYPE,'Y')) !='HARD'\n),\nSF_ACCT AS (\nSELECT  \n\"Id\" AS ID,\nCASE \n    WHEN ACC.\"Legacy_Id__c\" IS NOT NULL \n    THEN ACC.\"Legacy_Id__c\" \n    ELSE  SYNC_ACCOUNT.Legacy_Id \nEND AS LEGACY_ID__C \nFROM MIG_ODS_DEV.SF_ACCOUNT ACC\nLEFT JOIN MIG_ODS_DEV.SYNC_EBS_SAP_ACCOUNT SYNC_ACCOUNT\nON SYNC_ACCOUNT.NAME=ACC.\"Name\" \nAND SYNC_ACCOUNT.Business_Registration_Number=ACC.\"Business_Registration_Number_BRN__c\"\n),\nSF_ADDRESS AS \n(\nSELECT \n\"Id\" AS ID,\nsf_address.\"cscrm__Account__c\" AS cscrm__Account__c,\nCASE \n    WHEN sf_address.\"Legacy_Id__c\" IS NOT NULL THEN sf_address.\"Legacy_Id__c\" \n    ELSE  SYNC_ADDRESS.Legacy_Id \nEND AS LEGACY_ID__C \nFROM MIG_ODS_DEV.sf_cscrm__address__c sf_address\nLEFT JOIN MIG_ODS_DEV.SYNC_EBS_SAP_ADDRESS SYNC_ADDRESS\nON SYNC_ADDRESS.ACCOUNT=sf_address.\"cscrm__Account__c\"\nAND COALESCE(SYNC_ADDRESS.cscrm__unit_number__c,'Y')=COALESCE(sf_address.\"cscrm__Unit_Number__c\",'Y')\nAND COALESCE(SYNC_ADDRESS.cscrm__level_number__c,'Y')=COALESCE(sf_address.\"cscrm__Level_Number__c\",'Y')\nAND COALESCE(SYNC_ADDRESS.cscrm__building_number__c,'Y')=COALESCE(sf_address.\"cscrm__Building_Number__c\",'Y')\nAND COALESCE(SYNC_ADDRESS.cscrm__building_name__c,'Y')=COALESCE(sf_address.\"cscrm__Building_Name__c\",'Y')\nAND COALESCE(SYNC_ADDRESS.cscrm__street_name__c,'Y')=COALESCE(sf_address.\"cscrm__Street_Name__c\",'Y')\nAND COALESCE(SYNC_ADDRESS.cscrm__city__c,'Y')=COALESCE(sf_address.\"cscrm__City__c\",'Y')\nAND COALESCE(SYNC_ADDRESS.cscrm__state_province__c,'Y')=COALESCE(sf_address.\"cscrm__State_Province__c\",'Y')\nAND COALESCE(SYNC_ADDRESS.cscrm__zip_postal_code__c,'Y')=COALESCE(sf_address.\"cscrm__Zip_Postal_Code__c\",'Y')\nAND COALESCE(SYNC_ADDRESS.cscrm__country__c,'Y')=COALESCE(sf_address.\"cscrm__Country__c\",'Y')\n)\nSELECT \nSF_ACCT.ID AS Account__c,\nBILL_ACCT.CPQ_Billing_Account_Number__c,\nBILL_ACCT.Billing_Account_Status__c,\nsf_address.ID AS CPQ_Billing_Address__c,\nBILL_ACCT.Bill_Cycle__c,\nBILL_ACCT.Payment_Mode__c,\nBILL_ACCT.ACCT_ID AS Payment_Code__c,\nBILL_ACCT.csconta_Bill_Delivery_Method__c,\nBILL_ACCT.Bill_Delivery_Email__c,\nBILL_ACCT.Bill_Delivery_Address__c,\nBILL_ACCT.Payment_Responsible__c,\nBILL_ACCT.Blacklist_Status__c,\nBILL_ACCT.Blacklist_Reason__c,\nBILL_ACCT.Current_Status_Start_Date__c,\nBILL_ACCT.Cardholder_Name__c,\nBILL_ACCT.Credit_Card_Expiry_Month__c,\nBILL_ACCT.Credit_Card_Expiry_Year__c,\nBILL_ACCT.Credit_Card_Type__c,\nBILL_ACCT.Token_Number__c,\nBILL_ACCT.Bank_Account_Number__c,\nBILL_ACCT.Bank_Name__c,\nBILL_ACCT.Bank_Account_Holder_Name__c,\nBILL_ACCT.Dunning__c,\nBILL_ACCT.Dunning_Stage__c,\nBILL_ACCT.Dunning_Strategy__c,\nBILL_ACCT.KIV_Exclusion__c,\nBILL_ACCT.KIV_Exclusion_Reason__c,\nBILL_ACCT.KIV_Exclusion_Effective_Date__c,\nBILL_ACCT.KIV_Exclusion_Expire_Date__c,\nCREATE_STAFF_NAME AS CreatedById,\nBILL_ACCT.CREATED_DATE AS CreatedDate,\nBILL_ACCT.UPDATE_DATE AS LastModifiedDate,\nOWNER_STAFF_NAME AS OwnerId, \nBILL_ACCT.ACCT_ID AS Legacyid,\nBILL_ACCT.PARENT_ACCT_ID,\nBILL_ACCT.BILL_FLAG\nFROM BILL_ACCT INNER JOIN SF_ACCT\nON BILL_ACCT.CUST_ID=SF_ACCT.LEGACY_ID__C\nINNER JOIN SF_ADDRESS\nON BILL_ACCT.BILL_ADDRESS=SF_ADDRESS.LEGACY_ID__C AND SF_ACCT.ID = SF_ADDRESS.cscrm__Account__c\n/*GROUP BY \nAccount__c,\nCPQ_Billing_Account_Number__c,\nBilling_Account_Status__c,\nCPQ_Billing_Address__c,\nBill_Cycle__c,\nPayment_Mode__c,\nPayment_Code__c,\ncsconta_Bill_Delivery_Method__c,\nBill_Delivery_Email__c,\nBill_Delivery_Address__c,\nPayment_Responsible__c,\nBlacklist_Status__c,\nBlacklist_Reason__c,\nCurrent_Status_Start_Date__c,\nCardholder_Name__c,\nCredit_Card_Expiry_Month__c,\nCredit_Card_Expiry_Year__c,\nCredit_Card_Type__c,\nToken_Number__c,\nBank_Account_Number__c,\nBank_Name__c,\nBank_Account_Holder_Name__c,\nDunning__c,\nDunning_Stage__c,\nDunning_Strategy__c,\nKIV_Exclusion__c,\nKIV_Exclusion_Reason__c,\nKIV_Exclusion_Effective_Date__c,\nKIV_Exclusion_Expire_Date__c,\nCreatedById,\nCreatedDate,\nLastModifiedDate,\nOwnerId,\nLegacyid,\nPARENT_ACCT_ID,\nBILL_FLAG\n*/","isFileList":false,"handleSpecialChars":false,"handleDecimalRoundOff":false,"frsAsset":false,"dynamicFileName":false,"excludeDynamicFileNameField":false,"currentlyProcessedFileName":false,"retainFieldMetadata":false,"objectName":"DUMMY_src_stg_sync_ebs_billing_account","useExactSrcNames":false,"tgtObjectAttributes":{},"runtimeParameterData":{"@type":"mtTaskRuntimeParameterData","isConnectionRuntimeParameter":false,"isObjectRuntimeParameter":false},"overridableProperties":[],"overriddenFields":[]},{"@type":"mtTaskParameter","id":681906,"name":"$src_stg_sync_sap_billing_account$","type":"SOURCE","label":"src_stg_sync_sap_billing_account","uiProperties":{"connectionParameterized":"false","isSelectDistinct":"false","objectParameterized":"false","visible":"false","originalPath":"src_stg_sync_sap_billing_account"},"sourceConnectionId":"@irZpk2lcq2Lh5v2PiTa4Q2","sourceObject":"DUMMY_src_stg_sync_sap_billing_account","newFlatFile":false,"newObject":false,"showBusinessNames":false,"naturalOrder":true,"truncateTarget":false,"bulkApiDBTarget":false,"customFuncCfg":{"@type":"customFuncConfig","id":-1,"connections":[],"inputMap":[],"outputFields":[]},"targetRefsV2":{},"targetUpdateColumns":[],"runtimeAttrs":{},"isRESTModernSource":true,"customQuery":"WITH SAP_BILL_ACCT AS (\nSELECT \nCustomer_Account.Company_Name,\nCustomer_Account.Business_Registration_Number,\nBilling_Account.Account_No,\nBilling_Account.Billing_Account_Status AS Billing_Account_Status__c,\nCONCAT_WS('-',CONCAT_WS(' ',Billing_Account.BLOCK_NO,Billing_Account.STREET_NAME,Billing_Account.FLOOR_NO),Billing_Account.UNIT_NO) AS CPQ_BILL_ADDRESS,\nBilling_Account.UNIT_NO AS cscrm__unit_number__c,\nBilling_Account.FLOOR_NO AS cscrm__level_number__c,\nBilling_Account.BLOCK_NO AS cscrm__building_number__c,\nBilling_Account.BUILDING_NAME AS cscrm__building_name__c,\nBilling_Account.STREET_NAME AS cscrm__street_name__c,\nBilling_Account.CITY AS cscrm__city__c,\nBilling_Account.STATE AS cscrm__state_province__c,\nBilling_Account.POSTAL_CODE AS cscrm__zip_postal_code__c,\nBilling_Account.COUNTRY AS cscrm__country__c,\nRIGHT(PAYMENT_TERMS, LENGTH(PAYMENT_TERMS) - 2) AS Credit_Term_Days__c, \nCASE\n              WHEN LENGTH(ATTENTION_TO) > 120 AND STRPOS(ATTENTION_TO,' ') > 0  --Attention to needs to be verified with Getsmani\n              THEN SUBSTRING(ATTENTION_TO,1,STRPOS(ATTENTION_TO,' ')-1)\n              ELSE SUBSTRING(ATTENTION_TO,1,120)\nEND Attention_To_First_Name__c,\nCASE \n              WHEN  LENGTH(ATTENTION_TO) < 120 THEN NULL\n              WHEN LENGTH(ATTENTION_TO) > 120 AND STRPOS(ATTENTION_TO,' ') > 0 \n              THEN SUBSTRING(ATTENTION_TO,STRPOS(ATTENTION_TO,' ')+1, LENGTH(ATTENTION_TO))\n              ELSE SUBSTRING(ATTENTION_TO,121,LENGTH(ATTENTION_TO))\nEND AS Attention_To_Last_Name__c,\n/*CASE \n              WHEN UPPER(Billing_Account.DUNNING) = 'YES' then 1\n              WHEN UPPER(Billing_Account.DUNNING) = 'NO' then 0\nEND AS Dunning__c,*/\n0 AS Dunning__c,\n--cast(Billing_Account.created_date as timestamp) AS CreatedDate,\n\tto_timestamp(created_date,'DD/MM/YYYY') AS CreatedDate,\nDATE_TRUNC('seconds',CURRENT_TIMESTAMP) AS LastModifiedDate,\nBilling_Account.Account_Manager\n--NULL AS Bill_Cycle__c  --awaits update from Arijit. As per confirmation, For now 'EB01' has be populated. Once 'BC60' is added at SF, this needs to be updated\n\nFROM MIG_ODS_DEV.Stg_sap_acct BILLING_ACCOUNT\nLEFT JOIN MIG_ODS_DEV.stg_sap_cust_account CUSTOMER_ACCOUNT ON               \nBILLING_ACCOUNT.account_no = CUSTOMER_ACCOUNT.Customer_ID\nWHERE UPPER(COALESCE(BILLING_ACCOUNT.VAL_REJ_TYPE,'Y')) !='HARD'\n),\nSF_ADDRESS AS \n(\nSELECT \n\"Id\" AS ID,\nsf_address.\"cscrm__Account__c\" AS cscrm__Account__c,\nCASE \n    WHEN sf_address.\"Legacy_Id__c\" IS NOT NULL THEN sf_address.\"Legacy_Id__c\" \n    ELSE  SYNC_ADDRESS.Legacy_Id \nEND AS LEGACY_ID__C \nFROM MIG_ODS_DEV.sf_cscrm__address__c sf_address\nLEFT JOIN MIG_ODS_DEV.SYNC_EBS_SAP_ADDRESS SYNC_ADDRESS\nON SYNC_ADDRESS.ACCOUNT=sf_address.\"cscrm__Account__c\"\nAND COALESCE(SYNC_ADDRESS.cscrm__unit_number__c,'Y')=COALESCE(sf_address.\"cscrm__Unit_Number__c\",'Y')\nAND COALESCE(SYNC_ADDRESS.cscrm__level_number__c,'Y')=COALESCE(sf_address.\"cscrm__Level_Number__c\",'Y')\nAND COALESCE(SYNC_ADDRESS.cscrm__building_number__c,'Y')=COALESCE(sf_address.\"cscrm__Building_Number__c\",'Y')\nAND COALESCE(SYNC_ADDRESS.cscrm__building_name__c,'Y')=COALESCE(sf_address.\"cscrm__Building_Name__c\",'Y')\nAND COALESCE(SYNC_ADDRESS.cscrm__street_name__c,'Y')=COALESCE(sf_address.\"cscrm__Street_Name__c\",'Y')\nAND COALESCE(SYNC_ADDRESS.cscrm__city__c,'Y')=COALESCE(sf_address.\"cscrm__City__c\",'Y')\nAND COALESCE(SYNC_ADDRESS.cscrm__state_province__c,'Y')=COALESCE(sf_address.\"cscrm__State_Province__c\",'Y')\nAND COALESCE(SYNC_ADDRESS.cscrm__zip_postal_code__c,'Y')=COALESCE(sf_address.\"cscrm__Zip_Postal_Code__c\",'Y')\nAND COALESCE(SYNC_ADDRESS.cscrm__country__c,'Y')=COALESCE(sf_address.\"cscrm__Country__c\",'Y')\n)\n\nSELECT DISTINCT \nACCT.\"Id\" AS Account__c,\nBILL.Account_No AS CPQ_Billing_Account_Number__c,\nBILL.Billing_Account_Status__c,\nSF_ADDRESS.ID AS CPQ_Billing_Address__c,\nBILL.Credit_Term_Days__c,\nBILL.Attention_To_First_Name__c,\nBILL.Attention_To_Last_Name__c,\nBILL.Dunning__c,\nBILL.CreatedDate,\nBILL.Account_Manager,\nBILL.LastModifiedDate,\nBILL.Account_No AS Legacy_id__c\nFROM SAP_BILL_ACCT BILL INNER JOIN MIG_ODS_DEV.SF_ACCOUNT ACCT ON UPPER(BILL.Company_Name) = UPPER(ACCT.\"Name\")\nAND UPPER(BILL.Business_Registration_Number)=UPPER(ACCT.\"Business_Registration_Number_BRN__c\")\n/*INNER JOIN MIG_ODS_DEV.sf_cscrm__address__c  ADDRESS ON  --sap con\nACCT.\"Id\" =ADDRESS.\"cscrm__Account__c\" \nAND COALESCE(BILL.cscrm__unit_number__c,'Y')=COALESCE(ADDRESS.\"cscrm__Unit_Number__c\",'Y')\nAND COALESCE(BILL.cscrm__level_number__c,'Y')=COALESCE(ADDRESS.\"cscrm__Level_Number__c\",'Y')\nAND COALESCE(BILL.cscrm__building_number__c,'Y')=COALESCE(ADDRESS.\"cscrm__Building_Number__c\",'Y')\nAND COALESCE(BILL.cscrm__building_name__c,'Y')=COALESCE(ADDRESS.\"cscrm__Building_Name__c\",'Y')\nAND COALESCE(BILL.cscrm__street_name__c,'Y')=COALESCE(ADDRESS.\"cscrm__Street_Name__c\",'Y')\nAND COALESCE(BILL.cscrm__city__c,'Y')=COALESCE(ADDRESS.\"cscrm__City__c\",'Y')\nAND COALESCE(BILL.cscrm__state_province__c,'Y')=COALESCE(ADDRESS.\"cscrm__State_Province__c\",'Y')\nAND COALESCE(BILL.cscrm__zip_postal_code__c,'Y')=COALESCE(ADDRESS.\"cscrm__Zip_Postal_Code__c\",'Y')\nAND COALESCE(BILL.cscrm__country__c,'Y')=COALESCE(ADDRESS.\"cscrm__Country__c\",'Y')*/\n\nINNER JOIN SF_ADDRESS ON SF_ADDRESS.cscrm__Account__c=ACCT.\"Id\"  AND BILL.ACCOUNT_NO=SF_ADDRESS.LEGACY_ID__C","isFileList":false,"handleSpecialChars":false,"handleDecimalRoundOff":false,"frsAsset":false,"dynamicFileName":false,"excludeDynamicFileNameField":false,"currentlyProcessedFileName":false,"retainFieldMetadata":false,"objectName":"DUMMY_src_stg_sync_sap_billing_account","useExactSrcNames":false,"tgtObjectAttributes":{},"runtimeParameterData":{"@type":"mtTaskRuntimeParameterData","isConnectionRuntimeParameter":false,"isObjectRuntimeParameter":false},"overridableProperties":[],"overriddenFields":[]},{"@type":"mtTaskParameter","id":681907,"name":"$tgt_sync_ebs_billing_account$","type":"TARGET","label":"tgt_sync_ebs_billing_account","uiProperties":{"connectionParameterized":"false","objectParameterized":"false","visible":"false","defaultTargetUpdateColumns":"","supportApplyDDLChanges":"false","originalPath":"tgt_sync_ebs_billing_account"},"targetConnectionId":"@irZpk2lcq2Lh5v2PiTa4Q2","targetObject":"mig_ods_dev/TABLE/sync_ebs_sap_billingaccount","targetObjectLabel":"sync_ebs_sap_billingaccount","newFlatFile":false,"newObject":false,"showBusinessNames":false,"naturalOrder":true,"truncateTarget":false,"bulkApiDBTarget":false,"operationType":"Insert","customFuncCfg":{"@type":"customFuncConfig","id":-1,"connections":[],"inputMap":[],"outputFields":[]},"targetRefsV2":{},"targetUpdateColumns":[],"extendedObject":{"@type":"extendedObject","singleMode":true,"filters":[],"sortFields":[]},"runtimeAttrs":{},"isRESTModernSource":true,"isFileList":false,"handleSpecialChars":false,"handleDecimalRoundOff":false,"frsAsset":false,"dynamicFileName":false,"excludeDynamicFileNameField":false,"currentlyProcessedFileName":false,"retainFieldMetadata":false,"objectName":"mig_ods_dev/TABLE/sync_ebs_sap_billingaccount","objectLabel":"sync_ebs_sap_billingaccount","useExactSrcNames":false,"tgtObjectAttributes":{"parent":""},"runtimeParameterData":{"@type":"mtTaskRuntimeParameterData","isConnectionRuntimeParameter":false,"isObjectRuntimeParameter":false},"overridableProperties":[],"overriddenFields":[]},{"@type":"mtTaskParameter","id":681908,"name":"$tgt_sync_sap_billing_account$","type":"TARGET","label":"tgt_sync_sap_billing_account","uiProperties":{"connectionParameterized":"false","objectParameterized":"false","visible":"false","defaultTargetUpdateColumns":"","supportApplyDDLChanges":"false","originalPath":"tgt_sync_sap_billing_account"},"targetConnectionId":"@irZpk2lcq2Lh5v2PiTa4Q2","targetObject":"mig_ods_dev/TABLE/sync_ebs_sap_billingaccount","targetObjectLabel":"sync_ebs_sap_billingaccount","newFlatFile":false,"newObject":false,"showBusinessNames":false,"naturalOrder":true,"truncateTarget":false,"bulkApiDBTarget":false,"operationType":"Insert","customFuncCfg":{"@type":"customFuncConfig","id":-1,"connections":[],"inputMap":[],"outputFields":[]},"targetRefsV2":{},"targetUpdateColumns":[],"extendedObject":{"@type":"extendedObject","singleMode":true,"filters":[],"sortFields":[]},"runtimeAttrs":{},"isRESTModernSource":true,"isFileList":false,"handleSpecialChars":false,"handleDecimalRoundOff":false,"frsAsset":false,"dynamicFileName":false,"excludeDynamicFileNameField":false,"currentlyProcessedFileName":false,"retainFieldMetadata":false,"objectName":"mig_ods_dev/TABLE/sync_ebs_sap_billingaccount","objectLabel":"sync_ebs_sap_billingaccount","useExactSrcNames":false,"tgtObjectAttributes":{},"runtimeParameterData":{"@type":"mtTaskRuntimeParameterData","isConnectionRuntimeParameter":false,"isObjectRuntimeParameter":false},"overridableProperties":[],"overriddenFields":[]},{"@type":"mtTaskParameter","id":681909,"name":"$U_lkp_sf_user_ebs$","type":"LOOKUP","label":"U_lkp_sf_user_ebs","uiProperties":{"connectionParameterized":"false","isCachedLookup":"true","multipleMatchPolicy":"Use Last Value","objectParameterized":"false","visible":"false","originalPath":"U_lkp_sf_user_ebs"},"lookupConnectionId":"@irZpk2lcq2Lh5v2PiTa4Q2","lookupObject":"DUMMY_U_lkp_sf_user_ebs","newFlatFile":false,"newObject":false,"showBusinessNames":false,"naturalOrder":true,"truncateTarget":false,"bulkApiDBTarget":false,"customFuncCfg":{"@type":"customFuncConfig","id":-1,"connections":[],"inputMap":[],"outputFields":[]},"targetRefsV2":{},"targetUpdateColumns":[],"runtimeAttrs":{"Cache File Name Prefix":"","Lookup Index Cache Size":"AUTO","Optional":"true","Lookup cache persistent":"false","Lookup source is static":"false","Case Sensitive String Comparison":"false","Re-cache from lookup source":"false","Insert Else Update":"false","Lookup caching enabled":"true","Lookup Data Cache Size":"AUTO","Tracing Level":"Normal","Sorted Input":"false","Lookup cache directory name":"$PMCacheDir","Output Old Value On Update":"false","Dynamic Lookup Cache":"false","Pre-build lookup cache":"AUTO","Null ordering":""},"isRESTModernSource":true,"customQuery":"SELECT \nB.ID,\nB.Email,\nS.STAFF_ID FROM  \n(\nSELECT \n\"Id\" AS ID,\n\"Email\" AS Email \nFROM \n(\nSELECT \"Id\", \nUPPER(TRIM(\"Email\")) AS \"Email\",\nROW_NUMBER() OVER (PARTITION BY UPPER(TRIM(\"Email\")) ORDER BY \"IsActive\" DESC ) AS RNK\nFROM MIG_ODS_DEV.SF_USER) A \nWHERE RNK=1\n) B \nINNER  JOIN MIG_ODS_DEV.STG_BFM_STAFF S ON\nTRIM(UPPER(S.Email))=TRIM(UPPER(B.Email))\nUNION \nSELECT \"Id\" AS ID,\"Email\" AS Email,NULL AS STAFF_ID FROM MIG_ODS_DEV.SF_USER WHERE UPPER(\"Name\")=UPPER('Data Migration User')","isFileList":false,"handleSpecialChars":false,"handleDecimalRoundOff":false,"frsAsset":false,"dynamicFileName":false,"excludeDynamicFileNameField":false,"currentlyProcessedFileName":false,"retainFieldMetadata":false,"objectName":"DUMMY_U_lkp_sf_user_ebs","useExactSrcNames":false,"tgtObjectAttributes":{},"runtimeParameterData":{"@type":"mtTaskRuntimeParameterData","isConnectionRuntimeParameter":false,"isObjectRuntimeParameter":false},"overridableProperties":[],"overriddenFields":[]},{"@type":"mtTaskParameter","id":681910,"name":"$U_lkp_sf_user_sap$","type":"LOOKUP","label":"U_lkp_sf_user_sap","uiProperties":{"connectionParameterized":"false","isCachedLookup":"true","multipleMatchPolicy":"Use Last Value","objectParameterized":"false","visible":"false","originalPath":"U_lkp_sf_user_sap"},"lookupConnectionId":"@irZpk2lcq2Lh5v2PiTa4Q2","lookupObject":"DUMMY_U_lkp_sf_user_sap","newFlatFile":false,"newObject":false,"showBusinessNames":false,"naturalOrder":true,"truncateTarget":false,"bulkApiDBTarget":false,"customFuncCfg":{"@type":"customFuncConfig","id":-1,"connections":[],"inputMap":[],"outputFields":[]},"targetRefsV2":{},"targetUpdateColumns":[],"runtimeAttrs":{"Cache File Name Prefix":"","Lookup Index Cache Size":"AUTO","Optional":"true","Lookup cache persistent":"false","Lookup source is static":"false","Case Sensitive String Comparison":"false","Re-cache from lookup source":"false","Insert Else Update":"false","Lookup caching enabled":"true","Lookup Data Cache Size":"AUTO","Tracing Level":"Normal","Sorted Input":"false","Lookup cache directory name":"$PMCacheDir","Output Old Value On Update":"false","Dynamic Lookup Cache":"false","Pre-build lookup cache":"AUTO","Null ordering":""},"isRESTModernSource":true,"customQuery":"SELECT \nID,\nNAME \nFROM (\nSELECT \n\"Id\" AS ID,\nNAME \nFROM \n(\nSELECT \"Id\", \nUPPER(TRIM(\"Name\")) AS NAME,\nROW_NUMBER() OVER (PARTITION BY UPPER(TRIM(\"Name\")) ORDER BY \"IsActive\" DESC ) AS RNK\nFROM MIG_ODS_DEV.SF_USER) A \nWHERE RNK=1\n) B","isFileList":false,"handleSpecialChars":false,"handleDecimalRoundOff":false,"frsAsset":false,"dynamicFileName":false,"excludeDynamicFileNameField":false,"currentlyProcessedFileName":false,"retainFieldMetadata":false,"objectName":"DUMMY_U_lkp_sf_user_sap","useExactSrcNames":false,"tgtObjectAttributes":{},"runtimeParameterData":{"@type":"mtTaskRuntimeParameterData","isConnectionRuntimeParameter":false,"isObjectRuntimeParameter":false},"overridableProperties":[],"overriddenFields":[]},{"@type":"mtTaskParameter","id":681911,"name":"$U_lkp_stg_acct_attr_value$","type":"LOOKUP","label":"U_lkp_stg_acct_attr_value","uiProperties":{"connectionParameterized":"false","isCachedLookup":"true","multipleMatchPolicy":"Use Last Value","objectParameterized":"false","visible":"false","originalPath":"U_lkp_stg_acct_attr_value"},"lookupConnectionId":"@irZpk2lcq2Lh5v2PiTa4Q2","lookupObject":"DUMMY_U_lkp_stg_acct_attr_value","newFlatFile":false,"newObject":false,"showBusinessNames":false,"naturalOrder":true,"truncateTarget":false,"bulkApiDBTarget":false,"customFuncCfg":{"@type":"customFuncConfig","id":-1,"connections":[],"inputMap":[],"outputFields":[]},"targetRefsV2":{},"targetUpdateColumns":[],"runtimeAttrs":{"Cache File Name Prefix":"","Lookup Index Cache Size":"AUTO","Optional":"true","Lookup cache persistent":"false","Lookup source is static":"false","Case Sensitive String Comparison":"false","Re-cache from lookup source":"false","Insert Else Update":"false","Lookup caching enabled":"true","Lookup Data Cache Size":"AUTO","Tracing Level":"Normal","Sorted Input":"false","Lookup cache directory name":"$PMCacheDir","Output Old Value On Update":"false","Dynamic Lookup Cache":"false","Pre-build lookup cache":"AUTO","Null ordering":""},"isRESTModernSource":true,"customQuery":"SELECT \nATTR_ID,\nACCT_ID,\nTRIM(ATTR_VALUE) AS ATTR_VALUE\nFROM \nMIG_ODS_DEV.STG_ACCT_ATTR_VALUE WHERE ATTR_ID IN ('4558','545','4239','547','544','2050','542','605','543','548')","isFileList":false,"handleSpecialChars":false,"handleDecimalRoundOff":false,"frsAsset":false,"dynamicFileName":false,"excludeDynamicFileNameField":false,"currentlyProcessedFileName":false,"retainFieldMetadata":false,"objectName":"DUMMY_U_lkp_stg_acct_attr_value","useExactSrcNames":false,"tgtObjectAttributes":{},"runtimeParameterData":{"@type":"mtTaskRuntimeParameterData","isConnectionRuntimeParameter":false,"isObjectRuntimeParameter":false},"overridableProperties":[],"overriddenFields":[]},{"@type":"mtTaskParameter","id":681912,"name":"$U_lkp_stg_master_lov$","type":"LOOKUP","label":"U_lkp_stg_master_lov","uiProperties":{"connectionParameterized":"false","isCachedLookup":"true","multipleMatchPolicy":"Use Last Value","objectParameterized":"false","visible":"false","originalPath":"U_lkp_stg_master_lov"},"lookupConnectionId":"@irZpk2lcq2Lh5v2PiTa4Q2","lookupObject":"DUMMY_U_lkp_stg_master_lov","newFlatFile":false,"newObject":false,"showBusinessNames":false,"naturalOrder":true,"truncateTarget":false,"bulkApiDBTarget":false,"customFuncCfg":{"@type":"customFuncConfig","id":-1,"connections":[],"inputMap":[],"outputFields":[]},"targetRefsV2":{},"targetUpdateColumns":[],"runtimeAttrs":{"Cache File Name Prefix":"","Lookup Index Cache Size":"AUTO","Optional":"true","Lookup cache persistent":"false","Lookup source is static":"false","Case Sensitive String Comparison":"false","Re-cache from lookup source":"false","Insert Else Update":"false","Lookup caching enabled":"true","Lookup Data Cache Size":"AUTO","Tracing Level":"Normal","Sorted Input":"false","Lookup cache directory name":"$PMCacheDir","Output Old Value On Update":"false","Dynamic Lookup Cache":"false","Pre-build lookup cache":"AUTO","Null ordering":""},"isRESTModernSource":true,"customQuery":"SELECT \nTRIM(UPPER(source_object)) AS source_object,\nTRIM(UPPER(source_column)) AS source_column,\nTRIM(UPPER(source_value)) AS source_value,\nTRIM(target_value) as target_value\nfrom MIG_ODS_DEV.STG_SH_MASTER_LOV\nWHERE UPPER(Is_active)='Y'","isFileList":false,"handleSpecialChars":false,"handleDecimalRoundOff":false,"frsAsset":false,"dynamicFileName":false,"excludeDynamicFileNameField":false,"currentlyProcessedFileName":false,"retainFieldMetadata":false,"objectName":"DUMMY_U_lkp_stg_master_lov","useExactSrcNames":false,"tgtObjectAttributes":{},"runtimeParameterData":{"@type":"mtTaskRuntimeParameterData","isConnectionRuntimeParameter":false,"isObjectRuntimeParameter":false},"overridableProperties":[],"overriddenFields":[]}],"sequences":[],"inOutParameters":[],"connRuntimeAttrs":[]}]