[{"@type":"mtTask","id":"@1","name":"mt_stg_ebs_csord__Service_mobile","description":"","runtimeEnvironmentId":"@cUgvxjP6z42j5o2aizvbUV","maxLogs":5,"verbose":false,"mappingId":"@kqazRWf0wojkFZnu9G85oO","frsGuid":"6OKJr2z2pmTcIILe0JF3E4","shortDescription":"","sessionPropertiesList":[{"name":"Allow Temporary Sequence for Pushdown","value":"NO","recommended":false},{"name":"Allow Temporary View for Pushdown","value":"NO","recommended":false},{"name":"Pushdown Optimization","value":"None","recommended":false},{"name":"Pushdown Optimization Context","value":"None","recommended":false},{"name":"Pushdown Optimization Fallback Option","value":"Partial PDO","recommended":false}],"enableCrossSchemaPushdown":true,"enableParallelRun":false,"autoTunedApplied":false,"autoTunedAppliedType":"NONE","paramFileType":"PARAM_FILE_LOCAL","schemaMode":"async","valid":true,"schemaValidationErrorCount":-1,"parameterFileEncoding":"UTF-8","serverlessProperties":{},"taskProperties":[{"@type":"taskProperty","name":"parameterFileDir","currentValue":"","type":"STRING","label":"label.parameterFileDir","required":false},{"@type":"taskProperty","name":"parameterFileName","currentValue":"","type":"STRING","label":"label.parameterFileName","required":false}],"parameters":[{"@type":"mtTaskParameter","id":1893899,"name":"$Main_Service$","type":"SOURCE","label":"Main_Service","uiProperties":{"connectionParameterized":"false","isSelectDistinct":"false","objectParameterized":"false","visible":"false","originalPath":"Main_Service"},"sourceConnectionId":"@0aa38HfbIjadqoKlbnU14y","sourceObject":"DUMMY_Main_Service","newFlatFile":false,"newObject":false,"showBusinessNames":false,"naturalOrder":true,"truncateTarget":false,"bulkApiDBTarget":false,"customFuncCfg":{"@type":"customFuncConfig","id":-1,"connections":[],"inputMap":[],"outputFields":[]},"targetRefsV2":{},"targetUpdateColumns":[],"runtimeAttrs":{},"isRESTModernSource":true,"customQuery":"SELECT\nCUST.CUST_ID\t\t\t\t\tAS Account__c\n,''\t\t\t\t\t\t\t\tAS Associated_Service__c --No details on value in design\n,'Monthly'\t\t\t\t\t\tAS Billing_Frequency__c\n,CASE\nWHEN OT.OFFER_TYPE_NAME = 'Independent Product' THEN 'Rate Plan'\nWHEN OT.OFFER_TYPE_NAME = 'Dependent Product' THEN 'Add On'\nWHEN OT.OFFER_TYPE_NAME = 'Goods Product' THEN 'Device'\nEND\t\t\t\t\t\t\t\tAS Configuration_Type__c\n,'False'\t\t\t\t\t\tAS Contract_Check__c\n,CUST.AGREEMENT_EXP_DATE\t\tAS Contract_End_Date__c\n,CUST.AGREEMENT_EFF_DATE\t\tAS Contract_Start_Date__c\n,CUST.AGREEMENT_LIMIT\t\t\tAS Contract_Term_Months__c\n,CUST.ACCT_ID\t\t\t\t\tAS csconta_Billing_Account__c\n,'OTC + MRC * 12'\t\t\t\tAS csord__annual_contract_value__c --Doubt\n,CUST.INDEP_PROD_ID\t\t\t\tAS csord__Service__c\n,SFA.NAME\t\t\t\t\tAS csord__Service_Address__c\n,'OTC + MRC * contract terms' \tAS csord__service_contract_value__c --Doubt\n,'Map solution id'\t\t\t\tAS csord__Solution__c --Doubt\n,CASE\nWHEN PS.PROD_STATE_NAME = 'Pre-Termination' THEN 'Terminated'\nWHEN PS.PROD_STATE_NAME = 'Migration In Process' THEN 'In Process'\nWHEN PS.PROD_STATE_NAME = 'Inactive' THEN 'Terminated'\nEND\t\t\t\t\t\t\t\tAS csord__Status__c\n,CUST.PROD_ID\t\t\t\t\tAS csord__Subscription__c\n,'Update id as part of ETL process' AS csordtelcoa__Product_Basket__c --IICS\n,'Update id as part of ETL process' AS csordtelcoa__Product_Configuration__c --IICS\n,'Update id as part of ETL process' AS cssdm__solution_association__c --IICS\n,CASE\nWHEN CUST.TYPE='Main Service' THEN PRS.SALES_PRICE\nWHEN CUST.TYPE='Addon Service' THEN PRT.SALES_PRICE\nEND\t\t\t\t\t\t\t\tAS csord__Total_One_Off_Charges__c\n,CASE\nWHEN CUST.TYPE='Main Service' THEN PRS.SALES_PRICE\nWHEN CUST.TYPE='Addon Service' THEN PRT.SALES_PRICE\nEND\t\t\t\t\t\t\t\tAS csord__Total_Recurring_Charges__c\n,'False'\t\t\t\t\t\tAS csordtelcoa__Cancelled_By_Change_Process__c\n,'False'\t\t\t\t\t\tAS csordtelcoa__Point_of_No_Return_Reached__c\n,'SGD - Singapore Dollar'\t\tAS CurrencyIsoCode\n,''\t\t\t\t\t\t\t\tAS Data_Entitlement__c --Doubt\n,''\t\t\t\t\t\t\t\tAS Device_Equipment_Type__c --Doubt\n,''\t\t\t\t\t\t\t\tAS Employee_Email__c --Doubt\n,''\t\t\t\t\t\t\t\tAS Employee_ID__c --Doubt\n,''\t\t\t\t\t\t\t\tAS Employee_Name__c --Doubt\n,PAV.VALUE\t\t\t\t\t\tAS Equipment_Owned_By__c\n,CASE\nWHEN PAV1.VALUE = '1' THEN 'Progressive'\nWHEN PAV1.VALUE = '2' THEN 'Tiered'\nWHEN PAV1.VALUE = '3' THEN 'Sim Only'\nWHEN PAV1.VALUE = '4' THEN 'O365 ETC (None)'\nWHEN PAV1.VALUE = '5' THEN 'Non-Charge (ETC)'\nWHEN PAV1.VALUE = '6' THEN 'BRN SIM Only No Commitment'\nWHEN PAV1.VALUE = '7' THEN 'Progressive (Sales Price)'\nEND\t\t\t\t\t\t\t\tAS ETC_Type__c\n,''\t\t\t\t\t\t\t\tAS Fault_Maintenance_Contact_Primary__c --Doubt\n,'False'\t\t\t\t\t\tAS IL9_Flag__c\n,DGI.ESN\t\t\t\t\t\tAS IMEI_Number__c\n,SC.IMSI\t\t\t\t\t\tAS IMSI_Number__c\n,''\t\t\t\t\t\t\t\tAS Installation_Contact_Secondary__c --Doubt\n,'False'\t\t\t\t\t\tAS IsDeleted\n,CUST.PROD_ID\t\t\t\t\tAS Legacy_Id__c\n,'Principle'\t\t\t\t\tAS Line_Type__c\n,'False'\t\t\t\t\t\tAS Local_SMS_Alert__c\n,'New'\t\t\t\t\t\t\tAS Order_Type__c\n,PAV2.VALUE\t\t\t\t\t\tAS Password_Managed_By__c\n,'offer_id + contract terms + etc type' AS Name --Doubt\n,'False'\t\t\t\t\t\tAS POC__c\n,'Mobile'\t\t\t\t\t\tAS Product_Category__c\n,'False'\t\t\t\t\t\tAS ProfileCompletion_Flag__c\n,CUST.COMPLETED_DATE\t\t\tAS RFS_Date__c\n,CASE\nWHEN CUST.PROD_STATE = 'A' THEN CUST.PROD_EXP_DATE\nWHEN CUST.PROD_STATE = 'B' THEN CUST.PROD_STATE_DATE\nEND\t\t\t\t\t\t\t\tAS Service_End_Date__c\n,CUST.ACC_NBR\t\t\t\t\tAS Service_ID__c\n,CUST.COMPLETED_DATE\t\t\tAS Service_Start_Date__c\n,CASE\nWHEN CUST.TYPE='Main Service' AND CUST.ACC_NBR LIKE 'DYP%' THEN CUST.SUBS_ID\nEND\t\t\t\t\t\t\t\tAS Sharing_Service__c\n,'Map GUID of Dynamic pool PC'\tAS Sharing_Service_GUID__c --Doubt\n,ST.SIM_TYPE_NAME\t\t\t\tAS SIM_Card_Type__c\n,SC.ICCID\t\t\t\t\t\tAS SIM_ICCID__c\n,''\t\t\t\t\t\t\t\tAS SMS_Entitlement__c\n,''\t\t\t\t\t\t\t\tAS Voice_Entitlement__c\n,'Migration User' AS CreatedById\n,'Auto generated' AS csord__External_Identifier2__c --Auto generated using IICS\n,'Migration User' AS LastModifiedById\n,PC.PC_TYPE\n,PC.REC_TYPE\n\nFROM (SELECT 'Main Service' AS TYPE, SUBS.CUST_ID, SUBS.ACCT_ID, PROD.OFFER_ID, PROD.INDEP_PROD_ID, PROD.PROD_ID, SUBS.ACC_NBR, SUBS.SUBS_ID,\nPROD.AGREEMENT_EXP_DATE, PROD.AGREEMENT_EFF_DATE, PROD.AGREEMENT_LIMIT, PROD.PROD_STATE, PROD.COMPLETED_DATE, PROD.PROD_EXP_DATE, PROD.PROD_STATE_DATE\nFROM SUBS\nJOIN PROD ON CAST(PROD.PROD_ID AS VARCHAR) = SUBS.SUBS_ID\n\nUNION\n\nSELECT 'Addon Service' AS TYPE, SUBS.CUST_ID, SUBS.ACCT_ID, PROD.OFFER_ID, PROD.INDEP_PROD_ID, PROD.PROD_ID, SUBS.ACC_NBR, SUBS.SUBS_ID,\nPROD.AGREEMENT_EXP_DATE, PROD.AGREEMENT_EFF_DATE, PROD.AGREEMENT_LIMIT, PROD.PROD_STATE, PROD.COMPLETED_DATE, PROD.PROD_EXP_DATE, PROD.PROD_STATE_DATE\nFROM SUBS\nJOIN PROD ON CAST(PROD.INDEP_PROD_ID AS VARCHAR) = SUBS.SUBS_ID) CUST\n\nLEFT JOIN OFFER ON CAST(CUST.OFFER_ID AS VARCHAR) = OFFER.OFFER_ID\nJOIN OFFER_TYPE OT ON OT.OFFER_TYPE = OFFER.OFFER_TYPE\n\n\nLEFT JOIN USED_RES UR ON CAST(CUST.PROD_ID AS VARCHAR) = UR.PROD_ID AND UR.RES_TYPE = 'C'\nLEFT JOIN STG_SF_ADDRESS SFA ON UR.RES_ID = SFA.LEGACY_ID\n\nLEFT JOIN PROD_STATE PS ON CUST.PROD_STATE = PS.PROD_STATE\n\nLEFT JOIN PROMOTION PRS ON CAST(CUST.PROD_ID AS VARCHAR) = PRS.SUBS_ID AND PRS.PARAM_CODE = 'OTC' AND CUST.TYPE='Main Service'\nLEFT JOIN PROMOTION PRT ON CAST(CUST.INDEP_PROD_ID AS VARCHAR) = PRT.SUBS_ID AND PRT.COL_NAME = 'OTC' AND CUST.TYPE='Addon Service'\nLEFT JOIN OFFER OFR ON CAST(CUST.OFFER_ID AS VARCHAR) = OFR.OFFER_ID AND PRT.PARAM_NAME = OFR.OFFER_NAME\n\nLEFT JOIN PROD_ATTR_VALUE PAV ON CAST(CUST.PROD_ID AS VARCHAR) = PAV.PROD_ID AND PAV.ATTR_ID = '2929' AND CUST.TYPE='Main Service'\n\nLEFT JOIN PROD_ATTR_VALUE PAV1 ON CAST(CUST.PROD_ID AS VARCHAR) = PAV1.PROD_ID AND PAV1.ATTR_ID = '2277'\n\nLEFT JOIN PROD_ATTR_VALUE PAV2 ON CAST(CUST.PROD_ID AS VARCHAR) = PAV2.PROD_ID AND PAV2.ATTR_ID = '293'\n\nLEFT JOIN SUBS_GOODS_INST SGI ON CAST(CUST.PROD_ID AS VARCHAR) = SGI.PROD_ID\nLEFT JOIN GOODS_ORDER GOR ON GOR.SUBS_GOODS_INST_ID = SGI.SUBS_GOODS_INST_ID\nLEFT JOIN EBS_DO_GOODS_INST DGI ON GOR.ORDER_ITEM_ID = DGI.ORDER_ITEM_ID\n\nLEFT JOIN USED_RES UR1 ON CAST(CUST.PROD_ID AS VARCHAR) = UR1.PROD_ID\nLEFT JOIN SIM_CARD SC ON UR1.RES_ID = SC.SIM_CARD_ID\n\nLEFT JOIN SIM_TYPE ST ON SC.SIM_TYPE_ID = ST.SIM_TYPE_ID\n\nLEFT JOIN TGT_SF_PC PC ON CAST(CUST.PROD_ID AS VARCHAR) = PC.LEGACY_ID__C AND PC.REC_TYPE LIKE 'Mobile%'","isFileList":false,"handleSpecialChars":false,"handleDecimalRoundOff":false,"frsAsset":false,"dynamicFileName":false,"excludeDynamicFileNameField":false,"currentlyProcessedFileName":false,"retainFieldMetadata":false,"objectName":"DUMMY_Main_Service","useExactSrcNames":false,"tgtObjectAttributes":{},"runtimeParameterData":{"@type":"mtTaskRuntimeParameterData","isConnectionRuntimeParameter":false,"isObjectRuntimeParameter":false},"overridableProperties":[],"overriddenFields":[]},{"@type":"mtTaskParameter","id":1893900,"name":"$stg_ebs_service$","type":"TARGET","label":"stg_ebs_service","uiProperties":{"connectionParameterized":"false","objectParameterized":"false","visible":"false","defaultTargetUpdateColumns":"","supportApplyDDLChanges":"false","originalPath":"stg_ebs_service"},"targetConnectionId":"@0aa38HfbIjadqoKlbnU14y","targetObject":"p2_dev/TABLE/stg_ebs_service","targetObjectLabel":"stg_ebs_service","newFlatFile":false,"newObject":false,"showBusinessNames":false,"naturalOrder":true,"truncateTarget":false,"bulkApiDBTarget":false,"operationType":"Insert","customFuncCfg":{"@type":"customFuncConfig","id":-1,"connections":[],"inputMap":[],"outputFields":[]},"targetRefsV2":{},"targetUpdateColumns":[],"extendedObject":{"@type":"extendedObject","singleMode":true,"filters":[],"sortFields":[]},"runtimeAttrs":{},"isRESTModernSource":true,"isFileList":false,"handleSpecialChars":false,"handleDecimalRoundOff":false,"frsAsset":false,"dynamicFileName":false,"excludeDynamicFileNameField":false,"currentlyProcessedFileName":false,"retainFieldMetadata":false,"objectName":"p2_dev/TABLE/stg_ebs_service","objectLabel":"stg_ebs_service","useExactSrcNames":false,"tgtObjectAttributes":{},"runtimeParameterData":{"@type":"mtTaskRuntimeParameterData","isConnectionRuntimeParameter":false,"isObjectRuntimeParameter":false},"overridableProperties":[],"overriddenFields":[]}],"sequences":[],"inOutParameters":[],"connRuntimeAttrs":[]}]