[{"@type":"workflow","id":"@1","name":"tf_JSON_ServSpec_Load","maxLogs":10,"references":[{"@type":"reference","refObjectId":"@gqW0HnC5NENint3U8TEHqN","refType":"mtTask"},{"@type":"reference","refObjectId":"@4JgydIOM83Ydp6XZTRN6kx","refType":"mtTask"}],"tasks":[{"@type":"workflowTask","taskId":"@gqW0HnC5NENint3U8TEHqN","type":"MTT","name":"mt_SF_load_json_Service_Spec","stopOnError":false,"stopOnWarning":false},{"@type":"workflowTask","taskId":"@4JgydIOM83Ydp6XZTRN6kx","type":"MTT","name":"mt_REP_SF_load_json_Service_spec","stopOnError":false,"stopOnWarning":false}]}]