[{"@type":"mtTask","id":"@1","name":"mt_stg_xls_pc_attrib_m365","description":"et","runtimeEnvironmentId":"@cUgvxjP6z42j5o2aizvbUV","maxLogs":10,"verbose":false,"lastRunTime":1733230294000,"mappingId":"@dD47xbo9PSQhhN5LhPSCIO","frsGuid":"bjZ6Pmv0hOjeD9MpGA1OuN","shortDescription":"et","sessionPropertiesList":[],"hidden":false,"enableCrossSchemaPushdown":true,"enableParallelRun":false,"autoTunedApplied":false,"autoTunedAppliedType":"NONE","schemaMode":"async","valid":true,"schemaValidationErrorCount":-1,"parameterFileEncoding":"UTF-8","serverlessProperties":{},"taskProperties":[{"@type":"taskProperty","name":"parameterFileDir","currentValue":"","type":"STRING","label":"label.parameterFileDir","required":false},{"@type":"taskProperty","name":"parameterFileName","currentValue":"","type":"STRING","label":"label.parameterFileName","required":false},{"@type":"taskProperty","name":"outboundMessageUrlQueueTime","currentValue":"","type":"NUMBER","label":"label.outboundMessageUrlQueueTime","required":false},{"@type":"taskProperty","name":"outboundMessageUrlToken","currentValue":"","type":"STRING","label":"label.outboundMessageUrlToken","required":false}],"optimizationPlan":"NONE","isMidstreamPreview":false,"parameters":[{"@type":"mtTaskParameter","id":3614372,"name":"$src_sf_cscfga__Attribute_Definition__c$","type":"SOURCE","label":"src_sf_cscfga__Attribute_Definition__c","uiProperties":{"connectionParameterized":"false","isSelectDistinct":"false","objectParameterized":"false","visible":"false","originalPath":"src_sf_cscfga__Attribute_Definition__c"},"sourceConnectionId":"@0aa38HfbIjadqoKlbnU14y","sourceObject":"DUMMY_src_sf_cscfga__Attribute_Definition__c","newFlatFile":false,"newObject":false,"showBusinessNames":false,"naturalOrder":true,"truncateTarget":false,"bulkApiDBTarget":false,"customFuncCfg":{"@type":"customFuncConfig","id":-1,"connections":[],"inputMap":[],"outputFields":[]},"targetRefsV2":{},"targetUpdateColumns":[],"runtimeAttrs":{},"isRESTModernSource":true,"customQuery":"SELECT DISTINCT\n pc.Id\t\t\t\t\t\t\t\t\tAS PRODUCT_CONFIG_ID\n,pc.cscfga__Product_Definition__c\n,pc.commercialproductcode \t\t   \t\tAS commercialProductCode\n,pc.Commercial_Product__c          \t\tAS commercialProductId\n,c.plan__c\t\t\t\t\t\t\t\tAS productIdentifier\n,pc.commercial_product_id_label    \t\tAS planName\n,pc.Commercial_Product__c \t\t   \t\tAS plan\n,pc.Plan__c AS Plan_dv\n,c.Is_AddOn__c \t\t\t\t\t   \t\tAS isAddOn\n,pc.active_license_qty__c \t\t   \t\tAS activeLicenseQuantity\n,pc.total_license_quantity__c \t\t   \tAS totalLicenseQuantity\n,pc.legacy_id__c\t\t\t\t   \t\tAS legacy_id__c\n,pc.PC_type\t\t\t\t\t\t   \t\tAS PC_type\n,pc.rec_type\t\t\t\t\t   \t\tAS rec_type\n,pc.runTimeguid__c \t\t\t\t   \t\tAS GUID\n,pc.cssdm__solution_association__c \t\tAS SolutionId  \n,c.contract_term__c               \t\tAS contractTerm\n,pc.billing_frequency__c \t\t   \t\tAS billingFrequency\n,pc.license_quantity__c \t\t   \t\tAS licenseQuantity\n,pc.IsDeleted\n,pc.CurrencyIsoCode\n,pc.CreatedDate\n,pc.CreatedById\n,pc.LastModifiedDate\n,pc.LastModifiedById\n,pc.cscfga__Quantity__c\n\n-- Attribute Definition\n,CASE WHEN  AD.cscfga__store_as_json__c = '1' then 'true'  else 'false' end AS cscfga__store_as_json__c\n,AD.cscfga__Attribute_Definition__c_Name AS NAME\n,AD.Id \t\t\t\t\t\t\t\t\tAS ATTRIBUTE_DEFINITION\n\n\n-- Product Mapping\n,PM.plan_type      \t\t\t\t   \t\tAS planType\n\n-- Solution\n,sol.cssdm__product_basket__c      \t\tAS m365BasketId\n\n,'New' \t\t\t\t\t\t\t   \t\tAS orderType\n,'No'  \t\t\t\t\t\t\t   \t\tAS softDelete\n,'0' \t\t\t\t\t\t\t   \t\tAS OTC\t\n\n,''    \t\t\t\t\t\t\t   \t\tAS FirstRun\n,''  \t\t\t\t\t\t\t   \t\tAS associatedService\n,'' \t\t\t\t\t\t\t   \t\tAS earlyTerminationCharge\n,'' \t\t\t\t\t\t\t   \t\tAS newLicenseQuantity\n,'' \t\t\t\t\t\t\t   \t\tAS terminationReasonValue\n,'' \t\t\t\t\t\t\t   \t\tAS TechnicalAttributeDetails\n,c.Is_POC__c \t\t\t\t\t\t\tAS pOC\n,'' \t\t\t\t\t\t\t   \t\tAS waiverCategory\n,PM.configuration_type\t\t\t   \t\tAS configurationType\n,'' \t\t\t\t\t\t\t   \t\tAS associatedServiceName\n,SERV.ID\t\t\t\t\t\t   \t\tAS serviceId\n,PM.product_category\t\t\t   \t\tAS productCategory\n,'' \t\t\t\t\t\t\t   \t\tAS ETCApplicable\n,'' \t\t\t\t\t\t\t   \t\tAS etcCode\n--,'' \t\t\t\t\t\t\t   \t\tAS iserrorconfig\n\n-- TBD\n,''                               \t\tAS MRC\n,''                                \t\tAS __SKU__\n,c.plan__c         \t\t\t\t   \t\tAS planTypeName\n,c.max_license_limit__c                 AS maxLicenseLimit\n,PC.rfs_date__c                    \t\tAS rfsDate\n,'Microsoft 365'\t\t\t                    \t\tAS componentName\n\n--,c.RFS_Type__c\n\nfrom tgt_sf_pc pc\nleft join sf_cscfga__Attribute_Definition__c AD on pc.REC_TYPE=AD.cscfga__Product_Definition__c_Name\nleft join sf_cspmb__price_item__c c on PC.cspmb__price_item_code__c=C.cspmb__price_item_code__c\n\nleft join product_mapping PM on PM.cspmb__Price_Item_Code__c=pc.cspmb__Price_Item_Code__c\nleft join tgt_sf_solution sol on pc.cssdm__solution_association__c=sol.id\nLEFT JOIN tgt_sf_service SERV on pc.id=SERV.csordtelcoa__product_configuration__c\nwhere AD.cscfga__Product_Definition__c_Name in ('Microsoft License')\nand pc.rec_type ='Microsoft License' and ( PC.id is not null and PC.id!='')","isFileList":false,"handleSpecialChars":false,"handleDecimalRoundOff":false,"frsAsset":false,"dynamicFileName":false,"excludeDynamicFileNameField":false,"currentlyProcessedFileName":false,"retainFieldMetadata":false,"objectName":"DUMMY_src_sf_cscfga__Attribute_Definition__c","useExactSrcNames":false,"userUpdated":true,"fetchMode":"ORIGINAL","tgtObjectAttributes":{},"runtimeParameterData":{"@type":"mtTaskRuntimeParameterData","isConnectionRuntimeParameter":false,"isObjectRuntimeParameter":false},"overridableProperties":[],"overriddenFields":[]},{"@type":"mtTaskParameter","id":3614373,"name":"$stg_xls_pc_attrib$","type":"TARGET","label":"stg_xls_pc_attrib","uiProperties":{"connectionParameterized":"false","objectParameterized":"false","visible":"false","defaultTargetUpdateColumns":"","supportApplyDDLChanges":"false","originalPath":"stg_xls_pc_attrib"},"targetConnectionId":"@0aa38HfbIjadqoKlbnU14y","targetObject":"p2_dev/TABLE/stg_xls_pc_attrib","targetObjectLabel":"stg_xls_pc_attrib","newFlatFile":false,"newObject":false,"showBusinessNames":false,"naturalOrder":true,"truncateTarget":false,"bulkApiDBTarget":false,"operationType":"Insert","customFuncCfg":{"@type":"customFuncConfig","id":-1,"connections":[],"inputMap":[],"outputFields":[]},"targetRefsV2":{},"targetUpdateColumns":[],"extendedObject":{"@type":"extendedObject","singleMode":true,"filters":[],"sortFields":[]},"runtimeAttrs":{},"isRESTModernSource":true,"isFileList":false,"handleSpecialChars":false,"handleDecimalRoundOff":false,"frsAsset":false,"dynamicFileName":false,"excludeDynamicFileNameField":false,"currentlyProcessedFileName":false,"retainFieldMetadata":false,"objectName":"p2_dev/TABLE/stg_xls_pc_attrib","objectLabel":"stg_xls_pc_attrib","useExactSrcNames":false,"userUpdated":true,"fetchMode":"ORIGINAL","tgtObjectAttributes":{},"runtimeParameterData":{"@type":"mtTaskRuntimeParameterData","isConnectionRuntimeParameter":false,"isObjectRuntimeParameter":false},"overridableProperties":[],"overriddenFields":[]}],"sequences":[{"@type":"sequenceDefinition","id":"14171","txName":"seq_nxtval","initialValue":"1","currentValue":"1"}],"inOutParameters":[],"connRuntimeAttrs":[]}]