[{"@type":"mtTask","id":"@1","name":"mt_stg_xls_pc_attrib_m365","description":"","runtimeEnvironmentId":"@cUgvxjP6z42j5o2aizvbUV","maxLogs":10,"verbose":false,"lastRunTime":1701755393000,"mappingId":"@dD47xbo9PSQhhN5LhPSCIO","frsGuid":"bjZ6Pmv0hOjeD9MpGA1OuN","shortDescription":"","sessionPropertiesList":[],"enableCrossSchemaPushdown":true,"enableParallelRun":false,"autoTunedApplied":false,"autoTunedAppliedType":"NONE","schemaMode":"async","valid":true,"schemaValidationErrorCount":-1,"parameterFileEncoding":"UTF-8","serverlessProperties":{},"taskProperties":[{"@type":"taskProperty","name":"parameterFileDir","currentValue":"","type":"STRING","label":"label.parameterFileDir","required":false},{"@type":"taskProperty","name":"parameterFileName","currentValue":"","type":"STRING","label":"label.parameterFileName","required":false}],"parameters":[{"@type":"mtTaskParameter","id":1791834,"name":"$src_sf_cscfga__Attribute_Definition__c$","type":"SOURCE","label":"src_sf_cscfga__Attribute_Definition__c","uiProperties":{"connectionParameterized":"false","isSelectDistinct":"false","objectParameterized":"false","visible":"false","originalPath":"src_sf_cscfga__Attribute_Definition__c"},"sourceConnectionId":"@0aa38HfbIjadqoKlbnU14y","sourceObject":"DUMMY_src_sf_cscfga__Attribute_Definition__c","newFlatFile":false,"newObject":false,"showBusinessNames":false,"naturalOrder":true,"truncateTarget":false,"bulkApiDBTarget":false,"customFuncCfg":{"@type":"customFuncConfig","id":-1,"connections":[],"inputMap":[],"outputFields":[]},"targetRefsV2":{},"targetUpdateColumns":[],"runtimeAttrs":{},"isRESTModernSource":true,"customQuery":"SELECT \n pc.Id as PRODUCT_CONFIG_ID\n,pc.cscfga__Product_Definition__c\n,pc.commercialproductcode \t\t   AS commercialProductCode\n,pc.Commercial_Product__c          AS commercialProductId\n,pc.commercial_product_id_label    AS productIdentifier\n,pc.commercial_product_id_label    AS planName\n,pc.Commercial_Product__c \t\t   AS plan\n\n,pc.Add_On__c \t\t\t\t\t   AS isAddOn\n,pc.license_quantity__c \t\t   AS activeLicenseQuantity\n,pc.license_quantity__c \t\t   AS totalLicenseQuantity\n,pc.legacy_id__c\t\t\t\t   AS legacy_id__c\n,pc.PC_type\t\t\t\t\t\t   AS PC_type\n,pc.rec_type\t\t\t\t\t   AS rec_type\n,pc.runTimeguid__c \t\t\t\t   AS GUID\n,pc.cssdm__solution_association__c AS SolutionId  \n,pc.contract_term__c               AS contractTerm\n,pc.billing_frequency__c \t\t   AS billingFrequency\n,pc.license_quantity__c \t\t   AS licenseQuantity\n,pc.IsDeleted\n,pc.CurrencyIsoCode\n,pc.CreatedDate\n,pc.CreatedById\n,pc.LastModifiedDate\n,pc.LastModifiedById\n,pc.cscfga__Quantity__c\n\n-- Attribute Definition\n,CASE WHEN  AD.cscfga__store_as_json__c = '1' then 'true'  else 'false' end AS cscfga__store_as_json__c\n,AD.cscfga__Attribute_Definition__c_Name AS NAME\n,AD.Id \t\t\t\t\t\t\t\tAS ATTRIBUTE_DEFINITION\n\n\n-- Product Mapping\n,PM.plan_type      \t\t\t\t   \tAS planType\n\n-- Solution\n,sol.cssdm__product_basket__c      \tAS m365BasketId\n\n,'New' \t\t\t\t\t\t\t   \tAS orderType\n,'No'  \t\t\t\t\t\t\t   \tAS softDelete\n,'0' \t\t\t\t\t\t\t   \tAS OTC\t\n\n\n,''    \t\t\t\t\t\t\t   \tAS FirstRun\n,''  \t\t\t\t\t\t\t   \tAS associatedService\n,'' \t\t\t\t\t\t\t   \tAS earlyTerminationCharge\n,'' \t\t\t\t\t\t\t   \tAS newLicenseQuantity\n,'' \t\t\t\t\t\t\t   \tAS terminationReasonValue\n,'' \t\t\t\t\t\t\t   \tAS TechnicalAttributeDetails\n,'' \t\t\t\t\t\t\t   \tAS pOC\n,'' \t\t\t\t\t\t\t   \tAS waiverCategory\n,'' \t\t\t\t\t\t\t   \tAS configurationType\n,'' \t\t\t\t\t\t\t   \tAS associatedServiceName\n,SERV.ID\t\t\t\t\t\t   \tAS serviceId\n,'' \t\t\t\t\t\t\t   \tAS productCategory\n,'' \t\t\t\t\t\t\t   \tAS ETCApplicable\n,'' \t\t\t\t\t\t\t   \tAS etcCode\n,'' \t\t\t\t\t\t\t   \tAS iserrorconfig\n\n-- TBD\n,''                               \tAS MRC\n,''                                \tAS __SKU__\n,''                \t\t\t\t   \tAS planTypeName\n,''                                \tAS maxLicenseLimit\n,PC.rfs_date__c                    \tAS rfsDate\n\n--,c.RFS_Type__c\n\n\nfrom tgt_sf_pc pc\nleft join sf_cscfga__Attribute_Definition__c AD on pc.PC_TYPE=AD.cscfga__Product_Definition__c_Name\n--left join sf_cspmb__price_item__c c on( a.Name=c.Name  and  a.cscfga__Product_Family__c=c.cspmb__Product_Definition_Name__c)\nleft join product_mapping PM on PM.cpq_product_code=pc.cpq_product_code__c\nleft join tgt_sf_solution sol on pc.cssdm__solution_association__c=sol.id\nLEFT JOIN tgt_sf_service SERV on pc.id=SERV.csordtelcoa__product_configuration__c\nwhere\nAD.cscfga__Product_Definition__c_Name in ('Microsoft License')\nand pc.pc_type ='Microsoft License'","isFileList":false,"handleSpecialChars":false,"handleDecimalRoundOff":false,"frsAsset":false,"dynamicFileName":false,"excludeDynamicFileNameField":false,"currentlyProcessedFileName":false,"retainFieldMetadata":false,"objectName":"DUMMY_src_sf_cscfga__Attribute_Definition__c","useExactSrcNames":false,"tgtObjectAttributes":{},"runtimeParameterData":{"@type":"mtTaskRuntimeParameterData","isConnectionRuntimeParameter":false,"isObjectRuntimeParameter":false},"overridableProperties":[],"overriddenFields":[]},{"@type":"mtTaskParameter","id":1791835,"name":"$stg_xls_pc_attrib$","type":"TARGET","label":"stg_xls_pc_attrib","uiProperties":{"connectionParameterized":"false","objectParameterized":"false","visible":"false","defaultTargetUpdateColumns":"","supportApplyDDLChanges":"false","originalPath":"stg_xls_pc_attrib"},"targetConnectionId":"@0aa38HfbIjadqoKlbnU14y","targetObject":"p2_dev/TABLE/stg_xls_pc_attrib","targetObjectLabel":"stg_xls_pc_attrib","newFlatFile":false,"newObject":false,"showBusinessNames":false,"naturalOrder":true,"truncateTarget":false,"bulkApiDBTarget":false,"operationType":"Insert","customFuncCfg":{"@type":"customFuncConfig","id":-1,"connections":[],"inputMap":[],"outputFields":[]},"targetRefsV2":{},"targetUpdateColumns":[],"extendedObject":{"@type":"extendedObject","singleMode":true,"filters":[],"sortFields":[]},"runtimeAttrs":{},"isRESTModernSource":true,"isFileList":false,"handleSpecialChars":false,"handleDecimalRoundOff":false,"frsAsset":false,"dynamicFileName":false,"excludeDynamicFileNameField":false,"currentlyProcessedFileName":false,"retainFieldMetadata":false,"objectName":"p2_dev/TABLE/stg_xls_pc_attrib","objectLabel":"stg_xls_pc_attrib","useExactSrcNames":false,"tgtObjectAttributes":{},"runtimeParameterData":{"@type":"mtTaskRuntimeParameterData","isConnectionRuntimeParameter":false,"isObjectRuntimeParameter":false},"overridableProperties":[],"overriddenFields":[]}],"sequences":[{"@type":"sequenceDefinition","id":"4702","txName":"seq_nxtval","initialValue":"1","currentValue":"1"}],"inOutParameters":[],"connRuntimeAttrs":[]}]