[{"@type":"dssTask","id":"@1","name":"ST_file_transfer","description":"","maxLogs":10,"sourceConnectionId":"@2LRwR937AKGiNAGkdzgGE0","targetConnectionId":"@aLV9Xjtw2vdgCaQmYckvCp","targetObject":"SFTP_GET2.csv","operation":"Insert","maxRows":0,"truncateTarget":false,"bulkApiDBTarget":false,"verbose":false,"tgtFlatFileAttrs":{"@type":"flatFileAttrs","id":76445,"delimiter":",","textQualifier":"\"","escapeChar":"","headerLineNo":1,"firstDataRow":2},"targetMetadataUpdated":false,"modelVersion":"V3-R600","queryAll":false,"srcSettings":{"@type":"taskDataSourceSetting","isShowLabels":true,"isNaturalOrder":true},"tgtSettings":{"@type":"taskDataSourceSetting","isShowLabels":false,"isNaturalOrder":true},"cfSettings":{"@type":"taskDataSourceSetting","isShowLabels":false,"isNaturalOrder":false},"bulkApi":false,"bulkApiSerialMode":false,"bulkApiMonitor":false,"isTargetObjectSfCustom":false,"allowNullUpdates":false,"targetBatchSize":200,"assignmentRuleId":"-1","assignmentRuleType":"None","createSuccessFile":false,"bulkApiHardDelete":false,"srcRuntimeAttrs":{"@type":"taskRuntimeAttrs","attrs":{}},"tgtRuntimeAttrs":{"@type":"taskRuntimeAttrs","attrs":{}},"parameterFileEncoding":"UTF-8","serverlessProperties":{},"sourceObjects":[{"@type":"mObject","name":"SFTP_GET","label":"SFTP_GET","metadataUpdated":false,"relations":[],"children":[]}],"advancedFilters":[],"filters":[{"@type":"filter","objectName":"SFTP_GET","objectLabel":"SFTP_GET","field":"SFTP_User_ID","fieldLabel":"","type":"STRING","operator":"equals","value":"acc-achatter"},{"@type":"filter","objectName":"SFTP_GET","objectLabel":"SFTP_GET","field":"SFTP_Hostname","fieldLabel":"","type":"STRING","operator":"equals","value":"10.215.74.109"},{"@type":"filter","objectName":"SFTP_GET","objectLabel":"SFTP_GET","field":"SFTP_SSH2_KeyFile","fieldLabel":"","type":"STRING","operator":"equals","value":"/home/acc-supp/id_rsa"},{"@type":"filter","objectName":"SFTP_GET","objectLabel":"SFTP_GET","field":"SFTP_PassPhrase","fieldLabel":"SFTP_PassPhrase","type":"STRING","operator":"equals","value":"PassKey1"},{"@type":"filter","objectName":"SFTP_GET","objectLabel":"SFTP_GET","field":"FileName","fieldLabel":"FileName","type":"STRING","operator":"equals","value":"Mockup_Customer_Access.csv"}],"fieldMaps":[{"@type":"fieldMap","id":"415687","targetField":{"@type":"field","id":977297,"name":"SourceFileDir","type":"nstring","uniqueName":"SourceFileDir","label":"SourceFileDir","parentObject":"SFTP_GET2.csv","pcType":"UNISTRING","precision":256,"scale":0,"columnIndex":0,"isKey":false,"isWaterMarkKey":false,"isExternalId":false,"isSfIdLookup":false,"isNullable":true,"isUnique":false,"isCreateable":false,"isUpdateable":true,"isFilterable":true,"isCalculated":false,"showLabel":false,"naturalOrder":0,"typeConfigFields":[],"linkedFields":["SourceFileDir"],"relatedInfos":[],"references":[]},"expression":"SourceFileDir"},{"@type":"fieldMap","id":"415688","targetField":{"@type":"field","id":977298,"name":"DestFileDir","type":"nstring","uniqueName":"DestFileDir","label":"DestFileDir","parentObject":"SFTP_GET2.csv","pcType":"UNISTRING","precision":256,"scale":0,"columnIndex":1,"isKey":false,"isWaterMarkKey":false,"isExternalId":false,"isSfIdLookup":false,"isNullable":true,"isUnique":false,"isCreateable":false,"isUpdateable":true,"isFilterable":true,"isCalculated":false,"showLabel":false,"naturalOrder":0,"typeConfigFields":[],"linkedFields":["DestFileDir"],"relatedInfos":[],"references":[]},"expression":"DestFileDir"},{"@type":"fieldMap","id":"415689","targetField":{"@type":"field","id":977299,"name":"PatternFlag","type":"int","uniqueName":"PatternFlag","label":"PatternFlag","parentObject":"SFTP_GET2.csv","pcType":"INT","precision":10,"scale":0,"columnIndex":2,"isKey":false,"isWaterMarkKey":false,"isExternalId":false,"isSfIdLookup":false,"isNullable":true,"isUnique":false,"isCreateable":false,"isUpdateable":true,"isFilterable":true,"isCalculated":false,"showLabel":false,"naturalOrder":0,"typeConfigFields":[],"linkedFields":["PatternFlag"],"relatedInfos":[],"references":[]},"expression":"PatternFlag"},{"@type":"fieldMap","id":"415690","targetField":{"@type":"field","id":977300,"name":"SFTP_User_ID","type":"nstring","uniqueName":"SFTP_User_ID","label":"SFTP_User_ID","parentObject":"SFTP_GET2.csv","pcType":"UNISTRING","precision":256,"scale":0,"columnIndex":3,"isKey":false,"isWaterMarkKey":false,"isExternalId":false,"isSfIdLookup":false,"isNullable":true,"isUnique":false,"isCreateable":false,"isUpdateable":true,"isFilterable":true,"isCalculated":false,"showLabel":false,"naturalOrder":0,"typeConfigFields":[],"linkedFields":["SFTP_User_ID"],"relatedInfos":[],"references":[]},"expression":"SFTP_User_ID"},{"@type":"fieldMap","id":"415691","targetField":{"@type":"field","id":977301,"name":"SFTP_Port","type":"int","uniqueName":"SFTP_Port","label":"SFTP_Port","parentObject":"SFTP_GET2.csv","pcType":"INT","precision":10,"scale":0,"columnIndex":4,"isKey":false,"isWaterMarkKey":false,"isExternalId":false,"isSfIdLookup":false,"isNullable":true,"isUnique":false,"isCreateable":false,"isUpdateable":true,"isFilterable":true,"isCalculated":false,"showLabel":false,"naturalOrder":0,"typeConfigFields":[],"linkedFields":["SFTP_Port"],"relatedInfos":[],"references":[]},"expression":"SFTP_Port"},{"@type":"fieldMap","id":"415692","targetField":{"@type":"field","id":977302,"name":"SFTP_Password","type":"nstring","uniqueName":"SFTP_Password","label":"SFTP_Password","parentObject":"SFTP_GET2.csv","pcType":"UNISTRING","precision":256,"scale":0,"columnIndex":5,"isKey":false,"isWaterMarkKey":false,"isExternalId":false,"isSfIdLookup":false,"isNullable":true,"isUnique":false,"isCreateable":false,"isUpdateable":true,"isFilterable":true,"isCalculated":false,"showLabel":false,"naturalOrder":0,"typeConfigFields":[],"linkedFields":["SFTP_Password"],"relatedInfos":[],"references":[]},"expression":"SFTP_Password"},{"@type":"fieldMap","id":"415693","targetField":{"@type":"field","id":977303,"name":"SFTP_Hostname","type":"nstring","uniqueName":"SFTP_Hostname","label":"SFTP_Hostname","parentObject":"SFTP_GET2.csv","pcType":"UNISTRING","precision":256,"scale":0,"columnIndex":6,"isKey":false,"isWaterMarkKey":false,"isExternalId":false,"isSfIdLookup":false,"isNullable":true,"isUnique":false,"isCreateable":false,"isUpdateable":true,"isFilterable":true,"isCalculated":false,"showLabel":false,"naturalOrder":0,"typeConfigFields":[],"linkedFields":["SFTP_Hostname"],"relatedInfos":[],"references":[]},"expression":"SFTP_Hostname"},{"@type":"fieldMap","id":"415694","targetField":{"@type":"field","id":977304,"name":"SFTP_SSH2_KeyFile","type":"nstring","uniqueName":"SFTP_SSH2_KeyFile","label":"SFTP_SSH2_KeyFile","parentObject":"SFTP_GET2.csv","pcType":"UNISTRING","precision":256,"scale":0,"columnIndex":7,"isKey":false,"isWaterMarkKey":false,"isExternalId":false,"isSfIdLookup":false,"isNullable":true,"isUnique":false,"isCreateable":false,"isUpdateable":true,"isFilterable":true,"isCalculated":false,"showLabel":false,"naturalOrder":0,"typeConfigFields":[],"linkedFields":["SFTP_SSH2_KeyFile"],"relatedInfos":[],"references":[]},"expression":"SFTP_SSH2_KeyFile"},{"@type":"fieldMap","id":"415695","targetField":{"@type":"field","id":977305,"name":"FileName","type":"nstring","uniqueName":"FileName","label":"FileName","parentObject":"SFTP_GET2.csv","pcType":"UNISTRING","precision":256,"scale":0,"columnIndex":8,"isKey":false,"isWaterMarkKey":false,"isExternalId":false,"isSfIdLookup":false,"isNullable":true,"isUnique":false,"isCreateable":false,"isUpdateable":true,"isFilterable":true,"isCalculated":false,"showLabel":false,"naturalOrder":0,"typeConfigFields":[],"linkedFields":["FileName"],"relatedInfos":[],"references":[]},"expression":"FileName"},{"@type":"fieldMap","id":"415696","targetField":{"@type":"field","id":977306,"name":"SFTP_Status","type":"int","uniqueName":"SFTP_Status","label":"SFTP_Status","parentObject":"SFTP_GET2.csv","pcType":"INT","precision":10,"scale":0,"columnIndex":9,"isKey":false,"isWaterMarkKey":false,"isExternalId":false,"isSfIdLookup":false,"isNullable":true,"isUnique":false,"isCreateable":false,"isUpdateable":true,"isFilterable":true,"isCalculated":false,"showLabel":false,"naturalOrder":0,"typeConfigFields":[],"linkedFields":["SFTP_Status"],"relatedInfos":[],"references":[]},"expression":"SFTP_Status"},{"@type":"fieldMap","id":"415697","targetField":{"@type":"field","id":977307,"name":"LastModDate","type":"datetime","uniqueName":"LastModDate","label":"LastModDate","parentObject":"SFTP_GET2.csv","pcType":"DATE","precision":19,"scale":0,"columnIndex":10,"isKey":false,"isWaterMarkKey":false,"isExternalId":false,"isSfIdLookup":false,"isNullable":true,"isUnique":false,"isCreateable":false,"isUpdateable":true,"isFilterable":true,"isCalculated":false,"showLabel":false,"naturalOrder":0,"typeConfigFields":[],"linkedFields":["LastModDate"],"relatedInfos":[],"references":[]},"expression":"LastModDate"},{"@type":"fieldMap","id":"415698","targetField":{"@type":"field","id":977308,"name":"Delete_Source","type":"int","uniqueName":"Delete_Source","label":"Delete_Source","parentObject":"SFTP_GET2.csv","pcType":"INT","precision":10,"scale":0,"columnIndex":11,"isKey":false,"isWaterMarkKey":false,"isExternalId":false,"isSfIdLookup":false,"isNullable":true,"isUnique":false,"isCreateable":false,"isUpdateable":true,"isFilterable":true,"isCalculated":false,"showLabel":false,"naturalOrder":0,"typeConfigFields":[],"linkedFields":["Delete_Source"],"relatedInfos":[],"references":[]},"expression":"Delete_Source"},{"@type":"fieldMap","id":"415699","targetField":{"@type":"field","id":977309,"name":"Guaranteed_Delivery","type":"int","uniqueName":"Guaranteed_Delivery","label":"Guaranteed_Delivery","parentObject":"SFTP_GET2.csv","pcType":"INT","precision":10,"scale":0,"columnIndex":12,"isKey":false,"isWaterMarkKey":false,"isExternalId":false,"isSfIdLookup":false,"isNullable":true,"isUnique":false,"isCreateable":false,"isUpdateable":true,"isFilterable":true,"isCalculated":false,"showLabel":false,"naturalOrder":0,"typeConfigFields":[],"linkedFields":["Guaranteed_Delivery"],"relatedInfos":[],"references":[]},"expression":"Guaranteed_Delivery"},{"@type":"fieldMap","id":"415700","targetField":{"@type":"field","id":977310,"name":"SFTP_PassPhrase","type":"nstring","uniqueName":"SFTP_PassPhrase","label":"SFTP_PassPhrase","parentObject":"SFTP_GET2.csv","pcType":"UNISTRING","precision":256,"scale":0,"columnIndex":13,"isKey":false,"isWaterMarkKey":false,"isExternalId":false,"isSfIdLookup":false,"isNullable":true,"isUnique":false,"isCreateable":false,"isUpdateable":true,"isFilterable":true,"isCalculated":false,"showLabel":false,"naturalOrder":0,"typeConfigFields":[],"linkedFields":["SFTP_PassPhrase"],"relatedInfos":[],"references":[]},"expression":"SFTP_PassPhrase"},{"@type":"fieldMap","id":"415701","targetField":{"@type":"field","id":977311,"name":"Is_IBM_AS400","type":"int","uniqueName":"Is_IBM_AS400","label":"Is_IBM_AS400","parentObject":"SFTP_GET2.csv","pcType":"INT","precision":10,"scale":0,"columnIndex":14,"isKey":false,"isWaterMarkKey":false,"isExternalId":false,"isSfIdLookup":false,"isNullable":true,"isUnique":false,"isCreateable":false,"isUpdateable":true,"isFilterable":true,"isCalculated":false,"showLabel":false,"naturalOrder":0,"typeConfigFields":[],"linkedFields":["Is_IBM_AS400"],"relatedInfos":[],"references":[]},"expression":"Is_IBM_AS400"}],"sourceFields":[{"@type":"field","id":977312,"name":"SourceFileDir","type":"string","uniqueName":"SourceFileDir","label":"SourceFileDir","parentObject":"SFTP_GET","pcType":"NSTRING","precision":256,"scale":256,"columnIndex":-1,"isKey":false,"isWaterMarkKey":false,"isExternalId":false,"isSfIdLookup":false,"isNullable":true,"isUnique":false,"isCreateable":false,"isUpdateable":true,"isFilterable":false,"isCalculated":false,"javaType":"java.lang.String","showLabel":true,"naturalOrder":0,"typeConfigFields":[],"linkedFields":["SourceFileDir"],"relatedInfos":[],"references":[]},{"@type":"field","id":977313,"name":"DestFileDir","type":"string","uniqueName":"DestFileDir","label":"DestFileDir","parentObject":"SFTP_GET","pcType":"NSTRING","precision":256,"scale":256,"columnIndex":-1,"isKey":false,"isWaterMarkKey":false,"isExternalId":false,"isSfIdLookup":false,"isNullable":true,"isUnique":false,"isCreateable":false,"isUpdateable":true,"isFilterable":false,"isCalculated":false,"javaType":"java.lang.String","showLabel":true,"naturalOrder":1,"typeConfigFields":[],"linkedFields":["DestFileDir"],"relatedInfos":[],"references":[]},{"@type":"field","id":977314,"name":"PatternFlag","type":"boolean","uniqueName":"PatternFlag","label":"PatternFlag","parentObject":"SFTP_GET","pcType":"SMALL_INTEGER","precision":10,"scale":10,"columnIndex":-1,"isKey":false,"isWaterMarkKey":false,"isExternalId":false,"isSfIdLookup":false,"isNullable":true,"isUnique":false,"isCreateable":false,"isUpdateable":true,"isFilterable":false,"isCalculated":false,"javaType":"java.lang.Boolean","showLabel":true,"naturalOrder":2,"typeConfigFields":[],"linkedFields":["PatternFlag"],"relatedInfos":[],"references":[]},{"@type":"field","id":977315,"name":"SFTP_User_ID","type":"string","uniqueName":"SFTP_User_ID","label":"SFTP_User_ID","parentObject":"SFTP_GET","pcType":"NSTRING","precision":256,"scale":256,"columnIndex":-1,"isKey":false,"isWaterMarkKey":false,"isExternalId":false,"isSfIdLookup":false,"isNullable":true,"isUnique":false,"isCreateable":false,"isUpdateable":true,"isFilterable":true,"isCalculated":false,"javaType":"java.lang.String","showLabel":true,"naturalOrder":3,"typeConfigFields":[],"linkedFields":["SFTP_User_ID"],"relatedInfos":[],"references":[]},{"@type":"field","id":977316,"name":"SFTP_Port","type":"integer","uniqueName":"SFTP_Port","label":"SFTP_Port","parentObject":"SFTP_GET","pcType":"INTEGER","precision":10,"scale":10,"columnIndex":-1,"isKey":false,"isWaterMarkKey":false,"isExternalId":false,"isSfIdLookup":false,"isNullable":true,"isUnique":false,"isCreateable":false,"isUpdateable":true,"isFilterable":true,"isCalculated":false,"javaType":"java.lang.Integer","showLabel":true,"naturalOrder":4,"typeConfigFields":[],"linkedFields":["SFTP_Port"],"relatedInfos":[],"references":[]},{"@type":"field","id":977317,"name":"SFTP_Password","type":"string","uniqueName":"SFTP_Password","label":"SFTP_Password","parentObject":"SFTP_GET","pcType":"NSTRING","precision":256,"scale":256,"columnIndex":-1,"isKey":false,"isWaterMarkKey":false,"isExternalId":false,"isSfIdLookup":false,"isNullable":true,"isUnique":false,"isCreateable":false,"isUpdateable":true,"isFilterable":true,"isCalculated":false,"javaType":"java.lang.String","showLabel":true,"naturalOrder":5,"typeConfigFields":[],"linkedFields":["SFTP_Password"],"relatedInfos":[],"references":[]},{"@type":"field","id":977318,"name":"SFTP_Hostname","type":"string","uniqueName":"SFTP_Hostname","label":"SFTP_Hostname","parentObject":"SFTP_GET","pcType":"NSTRING","precision":256,"scale":256,"columnIndex":-1,"isKey":false,"isWaterMarkKey":false,"isExternalId":false,"isSfIdLookup":false,"isNullable":true,"isUnique":false,"isCreateable":false,"isUpdateable":true,"isFilterable":true,"isCalculated":false,"javaType":"java.lang.String","showLabel":true,"naturalOrder":6,"typeConfigFields":[],"linkedFields":["SFTP_Hostname"],"relatedInfos":[],"references":[]},{"@type":"field","id":977319,"name":"SFTP_SSH2_KeyFile","type":"string","uniqueName":"SFTP_SSH2_KeyFile","label":"SFTP_SSH2_KeyFile","parentObject":"SFTP_GET","pcType":"NSTRING","precision":256,"scale":256,"columnIndex":-1,"isKey":false,"isWaterMarkKey":false,"isExternalId":false,"isSfIdLookup":false,"isNullable":true,"isUnique":false,"isCreateable":false,"isUpdateable":true,"isFilterable":true,"isCalculated":false,"javaType":"java.lang.String","showLabel":true,"naturalOrder":7,"typeConfigFields":[],"linkedFields":["SFTP_SSH2_KeyFile"],"relatedInfos":[],"references":[]},{"@type":"field","id":977320,"name":"FileName","type":"string","uniqueName":"FileName","label":"FileName","parentObject":"SFTP_GET","pcType":"NSTRING","precision":256,"scale":256,"columnIndex":-1,"isKey":false,"isWaterMarkKey":false,"isExternalId":false,"isSfIdLookup":false,"isNullable":true,"isUnique":false,"isCreateable":false,"isUpdateable":true,"isFilterable":true,"isCalculated":false,"javaType":"java.lang.String","showLabel":true,"naturalOrder":8,"typeConfigFields":[],"linkedFields":["FileName"],"relatedInfos":[],"references":[]},{"@type":"field","id":977321,"name":"SFTP_Status","type":"boolean","uniqueName":"SFTP_Status","label":"SFTP_Status","parentObject":"SFTP_GET","pcType":"SMALL_INTEGER","precision":10,"scale":10,"columnIndex":-1,"isKey":false,"isWaterMarkKey":false,"isExternalId":false,"isSfIdLookup":false,"isNullable":true,"isUnique":false,"isCreateable":false,"isUpdateable":true,"isFilterable":false,"isCalculated":false,"javaType":"java.lang.Boolean","showLabel":true,"naturalOrder":9,"typeConfigFields":[],"linkedFields":["SFTP_Status"],"relatedInfos":[],"references":[]},{"@type":"field","id":977322,"name":"LastModDate","type":"datetime","uniqueName":"LastModDate","label":"LastModDate","parentObject":"SFTP_GET","pcType":"TOOLKIT_DATETIME","precision":26,"scale":26,"columnIndex":-1,"isKey":false,"isWaterMarkKey":false,"isExternalId":false,"isSfIdLookup":false,"isNullable":true,"isUnique":false,"isCreateable":false,"isUpdateable":true,"isFilterable":true,"isCalculated":false,"javaType":"java.sql.Timestamp","showLabel":true,"naturalOrder":10,"typeConfigFields":[],"linkedFields":["LastModDate"],"relatedInfos":[],"references":[]},{"@type":"field","id":977323,"name":"Delete_Source","type":"boolean","uniqueName":"Delete_Source","label":"Delete_Source","parentObject":"SFTP_GET","pcType":"SMALL_INTEGER","precision":10,"scale":10,"columnIndex":-1,"isKey":false,"isWaterMarkKey":false,"isExternalId":false,"isSfIdLookup":false,"isNullable":true,"isUnique":false,"isCreateable":false,"isUpdateable":true,"isFilterable":true,"isCalculated":false,"javaType":"java.lang.Boolean","showLabel":true,"naturalOrder":11,"typeConfigFields":[],"linkedFields":["Delete_Source"],"relatedInfos":[],"references":[]},{"@type":"field","id":977324,"name":"Guaranteed_Delivery","type":"boolean","uniqueName":"Guaranteed_Delivery","label":"Guaranteed_Delivery","parentObject":"SFTP_GET","pcType":"SMALL_INTEGER","precision":10,"scale":10,"columnIndex":-1,"isKey":false,"isWaterMarkKey":false,"isExternalId":false,"isSfIdLookup":false,"isNullable":true,"isUnique":false,"isCreateable":false,"isUpdateable":true,"isFilterable":true,"isCalculated":false,"javaType":"java.lang.Boolean","showLabel":true,"naturalOrder":12,"typeConfigFields":[],"linkedFields":["Guaranteed_Delivery"],"relatedInfos":[],"references":[]},{"@type":"field","id":977325,"name":"SFTP_PassPhrase","type":"string","uniqueName":"SFTP_PassPhrase","label":"SFTP_PassPhrase","parentObject":"SFTP_GET","pcType":"NSTRING","precision":256,"scale":256,"columnIndex":-1,"isKey":false,"isWaterMarkKey":false,"isExternalId":false,"isSfIdLookup":false,"isNullable":true,"isUnique":false,"isCreateable":false,"isUpdateable":true,"isFilterable":true,"isCalculated":false,"javaType":"java.lang.String","showLabel":true,"naturalOrder":13,"typeConfigFields":[],"linkedFields":["SFTP_PassPhrase"],"relatedInfos":[],"references":[]},{"@type":"field","id":977326,"name":"Is_IBM_AS400","type":"boolean","uniqueName":"Is_IBM_AS400","label":"Is_IBM_AS400","parentObject":"SFTP_GET","pcType":"SMALL_INTEGER","precision":10,"scale":10,"columnIndex":-1,"isKey":false,"isWaterMarkKey":false,"isExternalId":false,"isSfIdLookup":false,"isNullable":true,"isUnique":false,"isCreateable":false,"isUpdateable":true,"isFilterable":true,"isCalculated":false,"javaType":"java.lang.Boolean","showLabel":true,"naturalOrder":14,"typeConfigFields":[],"linkedFields":["Is_IBM_AS400"],"relatedInfos":[],"references":[]}],"sortFields":[],"groupFields":[]}]