[{"@type":"mappingTemplate","id":"@1","name":"m_rep_cspmb__Pricing_Element__c","description":"","autoExpireObject":false,"bundleVersion":"0","assetFrsGuid":"4fx2BSV9POnbGckU9uTEiK","templateId":"@3","deployTime":1695817428000,"hasParameters":false,"valid":true,"fixedConnection":true,"hasParametersDeployed":false,"fixedConnectionDeployed":true,"isSchemaValidationEnabled":false,"tasks":1,"mappingPreviewFileRecordId":"@2","documentType":"MAPPING","references":[{"@type":"reference","refObjectId":"@2pzkdnOGuGpiqnKtNRkpw3","refType":"connection"},{"@type":"reference","refObjectId":"@0aa38HfbIjadqoKlbnU14y","refType":"connection"}]}]