[{"@type":"mtTask","id":"@1","name":"mt_stg_sap_pc_attribute_sync","description":"","runtimeEnvironmentId":"@cUgvxjP6z42j5o2aizvbUV","maxLogs":10,"verbose":false,"mappingId":"@7LWYoR7hbs6kBObeWZGkg9","frsGuid":"5S50ewcNaaXit1SX1j2eYI","shortDescription":"","sessionPropertiesList":[{"name":"Allow Temporary Sequence for Pushdown","value":"NO","recommended":false},{"name":"Allow Temporary View for Pushdown","value":"NO","recommended":false},{"name":"Pushdown Optimization","value":"None","recommended":false},{"name":"Pushdown Optimization Context","value":"None","recommended":false},{"name":"Run Only In Pushdown Mode","value":"NO","recommended":false}],"enableCrossSchemaPushdown":true,"enableParallelRun":false,"autoTunedApplied":false,"autoTunedAppliedType":"NONE","paramFileType":"PARAM_FILE_LOCAL","schemaMode":"async","valid":true,"schemaValidationErrorCount":-1,"parameterFileEncoding":"UTF-8","serverlessProperties":{},"taskProperties":[{"@type":"taskProperty","name":"parameterFileDir","currentValue":"","type":"STRING","label":"label.parameterFileDir","required":false},{"@type":"taskProperty","name":"parameterFileName","currentValue":"","type":"STRING","label":"label.parameterFileName","required":false}],"parameters":[{"@type":"mtTaskParameter","id":1317173,"name":"$src_sf_cscfga__Attribute_Definition__c$","type":"SOURCE","label":"src_sf_cscfga__Attribute_Definition__c","uiProperties":{"connectionParameterized":"false","isSelectDistinct":"false","objectParameterized":"false","visible":"false","originalPath":"src_sf_cscfga__Attribute_Definition__c"},"sourceConnectionId":"@0aa38HfbIjadqoKlbnU14y","sourceObject":"DUMMY_src_sf_cscfga__Attribute_Definition__c","newFlatFile":false,"newObject":false,"showBusinessNames":false,"naturalOrder":true,"truncateTarget":false,"bulkApiDBTarget":false,"customFuncCfg":{"@type":"customFuncConfig","id":-1,"connections":[],"inputMap":[],"outputFields":[]},"targetRefsV2":{},"targetUpdateColumns":[],"runtimeAttrs":{},"isRESTModernSource":true,"customQuery":"select a.Id as PRODUCT_CONFIG_ID,\na.IsDeleted,\na.CurrencyIsoCode,\na.CreatedDate,\na.CreatedById,\na.LastModifiedDate,\na.LastModifiedById,\nb.cscfga__Attribute_Definition__c_Name as NAME,\nb.Id as ATTRIBUTE_DEFINITION,\na.cscfga__Quantity__c,\na.cscfga__Product_Definition__c,\na.Add_On__c,\na.runTimeGUID__c,\na.csordtelcoa__Solution__c,\n'' as RFS_Type__c,\na.legacy_id__c,\na.PC_type\nfrom tgt_sf_pc a\nleft join sf_cscfga__Attribute_Definition__c b\non a.PC_TYPE=b.cscfga__Product_Definition__c_Name\nwhere cscfga__store_as_json__c = 'false' and \nb.cscfga__Product_Definition__c_Name in ('Microsoft License','Voice and Collaboration') \nand a.Id is not null","isFileList":false,"handleSpecialChars":false,"handleDecimalRoundOff":false,"frsAsset":false,"dynamicFileName":false,"excludeDynamicFileNameField":false,"currentlyProcessedFileName":false,"retainFieldMetadata":false,"objectName":"DUMMY_src_sf_cscfga__Attribute_Definition__c","useExactSrcNames":false,"tgtObjectAttributes":{},"runtimeParameterData":{"@type":"mtTaskRuntimeParameterData","isConnectionRuntimeParameter":false,"isObjectRuntimeParameter":false},"overridableProperties":[],"overriddenFields":[]},{"@type":"mtTaskParameter","id":1317174,"name":"$tgt_sf_pc_attrib$","type":"TARGET","label":"tgt_sf_pc_attrib","uiProperties":{"connectionParameterized":"false","objectParameterized":"false","visible":"false","defaultTargetUpdateColumns":"","supportApplyDDLChanges":"false","originalPath":"tgt_sf_pc_attrib"},"targetConnectionId":"@0aa38HfbIjadqoKlbnU14y","targetObject":"p1_mit/TABLE/tgt_sf_pc_attrib","targetObjectLabel":"tgt_sf_pc_attrib","newFlatFile":false,"newObject":false,"showBusinessNames":false,"naturalOrder":true,"truncateTarget":false,"bulkApiDBTarget":false,"operationType":"Insert","customFuncCfg":{"@type":"customFuncConfig","id":-1,"connections":[],"inputMap":[],"outputFields":[]},"targetRefsV2":{},"targetUpdateColumns":[],"extendedObject":{"@type":"extendedObject","singleMode":true,"filters":[],"sortFields":[]},"runtimeAttrs":{},"isRESTModernSource":true,"isFileList":false,"handleSpecialChars":false,"handleDecimalRoundOff":false,"frsAsset":false,"dynamicFileName":false,"excludeDynamicFileNameField":false,"currentlyProcessedFileName":false,"retainFieldMetadata":false,"objectName":"p1_mit/TABLE/tgt_sf_pc_attrib","objectLabel":"tgt_sf_pc_attrib","useExactSrcNames":false,"tgtObjectAttributes":{},"runtimeParameterData":{"@type":"mtTaskRuntimeParameterData","isConnectionRuntimeParameter":false,"isObjectRuntimeParameter":false},"overridableProperties":[],"overriddenFields":[]}],"sequences":[{"@type":"sequenceDefinition","id":"1694","txName":"seq_nxtval","initialValue":"1","currentValue":"119786"}],"inOutParameters":[],"connRuntimeAttrs":[]}]