[{"@type":"mtTask","id":"@1","name":"mt_stg_sap_service_line_item_sync","description":"","runtimeEnvironmentId":"@cUgvxjP6z42j5o2aizvbUV","maxLogs":10,"verbose":false,"mappingId":"@2PyPc9PenW2kxNzt3NiAuQ","frsGuid":"4QT6qUVPBIGh7mPlEcoQqz","shortDescription":"","sessionPropertiesList":[{"name":"Allow Temporary Sequence for Pushdown","value":"NO","recommended":false},{"name":"Allow Temporary View for Pushdown","value":"NO","recommended":false},{"name":"Pushdown Optimization","value":"None","recommended":false},{"name":"Pushdown Optimization Context","value":"None","recommended":false},{"name":"Pushdown Optimization Fallback Option","value":"Partial PDO","recommended":false}],"enableCrossSchemaPushdown":true,"enableParallelRun":false,"autoTunedApplied":false,"autoTunedAppliedType":"NONE","paramFileType":"PARAM_FILE_LOCAL","schemaMode":"async","valid":true,"schemaValidationErrorCount":-1,"parameterFileEncoding":"UTF-8","serverlessProperties":{},"taskProperties":[{"@type":"taskProperty","name":"parameterFileDir","currentValue":"","type":"STRING","label":"label.parameterFileDir","required":false},{"@type":"taskProperty","name":"parameterFileName","currentValue":"","type":"STRING","label":"label.parameterFileName","required":false}],"parameters":[{"@type":"mtTaskParameter","id":1317744,"name":"$Promotion_MRC$","type":"SOURCE","label":"Promotion_MRC","uiProperties":{"connectionParameterized":"false","isSelectDistinct":"false","objectParameterized":"false","visible":"false","originalPath":"Promotion_MRC"},"sourceConnectionId":"@0aa38HfbIjadqoKlbnU14y","sourceObject":"DUMMY_Promotion_MRC","newFlatFile":false,"newObject":false,"showBusinessNames":false,"naturalOrder":true,"truncateTarget":false,"bulkApiDBTarget":false,"customFuncCfg":{"@type":"customFuncConfig","id":-1,"connections":[],"inputMap":[],"outputFields":[]},"targetRefsV2":{},"targetUpdateColumns":[],"runtimeAttrs":{},"isRESTModernSource":true,"customQuery":"SELECT a.legacy_id__c||'_MRC' \t\tAS LEGACY_ID\n\t  ,a.Id \t\t\t\t\t\tAS csord__Service__c\n      ,a.pc_type       \t\t\t\tAS pc_type\n\t  \n\t  ,TO_DATE(b.starhub_contract_start_date,'DD-MM-YYYY')\t\tAS csord__Start_Date__c\n\t  ,TO_DATE(b.starhub_contract_end_date,'DD-MM-YYYY')\t\tAS csord__End_Date__c\n\t  \n\t  ,''\t\t\t    \t\t\tAS csord__Discount_Value__c\t  \n\t  \n\t  ,CAST(b.unit_price as float)\t\t\tAS csord__Price_Before_Discount__c\n\t  ,'0' \t        \t\t\t\t\t\tAS csord__Discounted_Amount__c\t \n\t  ,CAST(b.unit_price as float) \t\t\tAS csord__Total_Price__c\n\n\t  ,''              \t            AS csord__Discount_Type__c\t\n\t  \n\t  ,'' \t\t\t\t\t\t\tAS CreatedById\n      ,'' \t\t\t\t\t\t\tAS LastModifiedById\n      ,'' \t\t\t\t\t\t\tAS csord__duration__c\n\t  ,'' \t\t\t\t\t\t    AS csord__offset__c\n\t  \n\t  \n\t  ,'' \t\t\t\t\t\t    AS csord__Identification__c\n      ,'true' \t\t\t\t\t\tAS csord__Is_Active__c\n      ,'true' \t\t\t\t\t\tAS csord__Is_Recurring__c\n      ,'SGD' \t\t\t\t\t\tAS CurrencyIsoCode\n      ,'Charge' \t\t\t\t\tAS csord__line_item_type__c\t\n\t  \n      ,b.plan      \t\t\t        AS Name\t  \t  \n\t\t  \n\t  \n      ,'false' \t\t\t\t\t\tAS csordtelcoa__Cancelled_By_Change_Process__c\n      ,'' \t\t\t\t\t\t\tAS csord__Order_Request__c\n      ,'' \t\t\t\t\t\t\tAS csord__sequence__c\t  \n\n\t\t  \nFROM\ntgt_sf_service a\njoin m365_service b\non a.legacy_id__c = b.legacy_id__c\nwhere a.Id is not null\nand a.pc_type like '%Microsoft%'","isFileList":false,"handleSpecialChars":false,"handleDecimalRoundOff":false,"frsAsset":false,"dynamicFileName":false,"excludeDynamicFileNameField":false,"currentlyProcessedFileName":false,"retainFieldMetadata":false,"objectName":"DUMMY_Promotion_MRC","useExactSrcNames":false,"tgtObjectAttributes":{},"runtimeParameterData":{"@type":"mtTaskRuntimeParameterData","isConnectionRuntimeParameter":false,"isObjectRuntimeParameter":false},"overridableProperties":[],"overriddenFields":[]},{"@type":"mtTaskParameter","id":1317745,"name":"$tgt_sf_sli_mrc_charge$","type":"TARGET","label":"tgt_sf_sli_mrc_charge","uiProperties":{"connectionParameterized":"false","objectParameterized":"false","visible":"false","defaultTargetUpdateColumns":"","supportApplyDDLChanges":"false","originalPath":"tgt_sf_sli_mrc_charge"},"targetConnectionId":"@0aa38HfbIjadqoKlbnU14y","targetObject":"p1_dev/TABLE/tgt_sf_sli","targetObjectLabel":"tgt_sf_sli","newFlatFile":false,"newObject":false,"showBusinessNames":false,"naturalOrder":true,"truncateTarget":false,"bulkApiDBTarget":false,"operationType":"Insert","customFuncCfg":{"@type":"customFuncConfig","id":-1,"connections":[],"inputMap":[],"outputFields":[]},"targetRefsV2":{},"targetUpdateColumns":[],"extendedObject":{"@type":"extendedObject","singleMode":true,"filters":[],"sortFields":[]},"runtimeAttrs":{},"isRESTModernSource":true,"isFileList":false,"handleSpecialChars":false,"handleDecimalRoundOff":false,"frsAsset":false,"dynamicFileName":false,"excludeDynamicFileNameField":false,"currentlyProcessedFileName":false,"retainFieldMetadata":false,"objectName":"p1_dev/TABLE/tgt_sf_sli","objectLabel":"tgt_sf_sli","useExactSrcNames":false,"tgtObjectAttributes":{},"runtimeParameterData":{"@type":"mtTaskRuntimeParameterData","isConnectionRuntimeParameter":false,"isObjectRuntimeParameter":false},"overridableProperties":[],"overriddenFields":[]}],"sequences":[],"inOutParameters":[],"connRuntimeAttrs":[]}]