[{"@type":"mtTask","id":"@1","name":"mt_stg_sap_main_service","description":"","runtimeEnvironmentId":"@cUgvxjP6z42j5o2aizvbUV","maxLogs":10,"verbose":false,"mappingId":"@2wBxSTa9UT8eh6fFXCmU8x","frsGuid":"6U0gW60YPg5hRB6stVk28w","shortDescription":"","sessionPropertiesList":[{"name":"Allow Temporary Sequence for Pushdown","value":"NO","recommended":false},{"name":"Allow Temporary View for Pushdown","value":"NO","recommended":false},{"name":"Pushdown Optimization","value":"None","recommended":false},{"name":"Pushdown Optimization Context","value":"None","recommended":false},{"name":"Pushdown Optimization Fallback Option","value":"Partial PDO","recommended":false}],"enableCrossSchemaPushdown":true,"enableParallelRun":false,"autoTunedApplied":false,"autoTunedAppliedType":"NONE","paramFileType":"PARAM_FILE_LOCAL","schemaMode":"async","valid":true,"schemaValidationErrorCount":-1,"parameterFileEncoding":"UTF-8","serverlessProperties":{},"taskProperties":[{"@type":"taskProperty","name":"parameterFileDir","currentValue":"","type":"STRING","label":"label.parameterFileDir","required":false},{"@type":"taskProperty","name":"parameterFileName","currentValue":"","type":"STRING","label":"label.parameterFileName","required":false}],"parameters":[{"@type":"mtTaskParameter","id":1334496,"name":"$SAP$","type":"SOURCE","label":"SAP","uiProperties":{"connectionParameterized":"false","isSelectDistinct":"false","objectParameterized":"false","visible":"false","originalPath":"SAP"},"sourceConnectionId":"@0aa38HfbIjadqoKlbnU14y","sourceObject":"DUMMY_SAP","newFlatFile":false,"newObject":false,"showBusinessNames":false,"naturalOrder":true,"truncateTarget":false,"bulkApiDBTarget":false,"customFuncCfg":{"@type":"customFuncConfig","id":-1,"connections":[],"inputMap":[],"outputFields":[]},"targetRefsV2":{},"targetUpdateColumns":[],"runtimeAttrs":{},"isRESTModernSource":true,"customQuery":"with m365_total_license as \n(select billing_account_number,plan,sum(cast (item_quantity as int)) as total_license_quantity\n from m365_service\n  group by billing_account_number,plan\n order by billing_account_number\n\n)\n\nselect\n\nm365_service.legacy_id__c as prod_id                              \n,m365_service.starhub_contract_start_date as completed_date        \n,'Active' as prod_state                               \n,m365_service.plan as subs_plan_offer_name                         \n,m365_service.starhub_contract_start_date as agreement_eff_date    \n,m365_service.starhub_contract_end_date as agreement_exp_date      \n,CASE                                                 \n\tWHEN m365_service.billing_frequency = 'Monthly' then 'M'      \n\tWHEN m365_service.billing_frequency = 'Annual' then 'A'      \nEND as agreement_time_unit                           \n,m365_service.contract_terms_months as agreement_limit             \n,m365_service.billing_account_number as acct_id                    \n,m365_service.billing_account_number as cust_id                    \n,m365_service.unit_price as mrc_list_price                         \n,m365_service.domain_name as domain_name\t\t\t\t\t\t\t  \n,'M365' as prod_type                                 \t\t\t  \n,m365_service.item_quantity as quantity\t\t\t\t\t\t\t  \n,m365_total_license.total_license_quantity as total_quantity\t\t  \n,'3811' as offer_id                                                \n,'3820' as subs_plan_id                                            \n\nfrom m365_service\nleft join m365_total_license on m365_service.billing_account_number = m365_total_license.billing_account_number\nand m365_service.plan = m365_total_license.plan","isFileList":false,"handleSpecialChars":false,"handleDecimalRoundOff":false,"frsAsset":false,"dynamicFileName":false,"excludeDynamicFileNameField":false,"currentlyProcessedFileName":false,"retainFieldMetadata":false,"objectName":"DUMMY_SAP","useExactSrcNames":false,"tgtObjectAttributes":{},"runtimeParameterData":{"@type":"mtTaskRuntimeParameterData","isConnectionRuntimeParameter":false,"isObjectRuntimeParameter":false},"overridableProperties":[],"overriddenFields":[]},{"@type":"mtTaskParameter","id":1334497,"name":"$Target$","type":"TARGET","label":"Target","uiProperties":{"connectionParameterized":"false","objectParameterized":"false","visible":"false","defaultTargetUpdateColumns":"","supportApplyDDLChanges":"false","originalPath":"Target"},"targetConnectionId":"@0aa38HfbIjadqoKlbnU14y","targetObject":"p1_mit/TABLE/stg_sap_main_service","targetObjectLabel":"stg_sap_main_service","newFlatFile":false,"newObject":false,"showBusinessNames":false,"naturalOrder":true,"truncateTarget":false,"bulkApiDBTarget":false,"operationType":"Insert","customFuncCfg":{"@type":"customFuncConfig","id":-1,"connections":[],"inputMap":[],"outputFields":[]},"targetRefsV2":{},"targetUpdateColumns":[],"extendedObject":{"@type":"extendedObject","singleMode":true,"filters":[],"sortFields":[]},"runtimeAttrs":{},"isRESTModernSource":true,"isFileList":false,"handleSpecialChars":false,"handleDecimalRoundOff":false,"frsAsset":false,"dynamicFileName":false,"excludeDynamicFileNameField":false,"currentlyProcessedFileName":false,"retainFieldMetadata":false,"objectName":"p1_mit/TABLE/stg_sap_main_service","objectLabel":"stg_sap_main_service","useExactSrcNames":false,"tgtObjectAttributes":{},"runtimeParameterData":{"@type":"mtTaskRuntimeParameterData","isConnectionRuntimeParameter":false,"isObjectRuntimeParameter":false},"overridableProperties":[],"overriddenFields":[]}],"sequences":[],"inOutParameters":[],"connRuntimeAttrs":[]}]