[{"@type":"mtTask","id":"@1","name":"mt_dedup_tgt_sf_address","description":"et","runtimeEnvironmentId":"@cUgvxjP6z42j5o2aizvbUV","maxLogs":10,"verbose":false,"lastRunTime":1737355373000,"mappingId":"@eSSAYEWUp4tiKqD8XPZo8C","frsGuid":"3qmwoSDZz7AlOy4o6sGmw0","shortDescription":"et","sessionPropertiesList":[],"hidden":false,"enableCrossSchemaPushdown":true,"enableParallelRun":false,"autoTunedApplied":false,"autoTunedAppliedType":"NONE","schemaMode":"async","valid":true,"schemaValidationErrorCount":-1,"parameterFileEncoding":"UTF-8","serverlessProperties":{},"taskProperties":[{"@type":"taskProperty","name":"parameterFileDir","currentValue":"","type":"STRING","label":"label.parameterFileDir","required":false},{"@type":"taskProperty","name":"parameterFileName","currentValue":"","type":"STRING","label":"label.parameterFileName","required":false},{"@type":"taskProperty","name":"outboundMessageUrlQueueTime","currentValue":"","type":"NUMBER","label":"label.outboundMessageUrlQueueTime","required":false},{"@type":"taskProperty","name":"outboundMessageUrlToken","currentValue":"","type":"STRING","label":"label.outboundMessageUrlToken","required":false}],"optimizationPlan":"NONE","isMidstreamPreview":false,"parameters":[{"@type":"mtTaskParameter","id":3614333,"name":"$Deduplication_SFDC$","type":"SOURCE","label":"Deduplication_SFDC","uiProperties":{"connectionParameterized":"false","isSelectDistinct":"false","objectParameterized":"false","visible":"false","originalPath":"Deduplication_SFDC"},"sourceConnectionId":"@0aa38HfbIjadqoKlbnU14y","sourceObject":"DUMMY_Deduplication_SFDC","newFlatFile":false,"newObject":false,"showBusinessNames":false,"naturalOrder":true,"truncateTarget":false,"bulkApiDBTarget":false,"customFuncCfg":{"@type":"customFuncConfig","id":-1,"connections":[],"inputMap":[],"outputFields":[]},"targetRefsV2":{},"targetUpdateColumns":[],"runtimeAttrs":{},"isRESTModernSource":true,"customQuery":"SELECT\nA.Id\n,A.Legacy_id\n,B.Id as SF_ID\nFROM\nstg_SF_ADDRESS A\nJOIN sf_cscrm__address__c B \nON \tA.account \t\t\t\t\t\t\t\t\t= B.cscrm__Account__c\nAND UPPER(COALESCE(A.cscrm__Unit_Number__c,''))       \t= UPPER(COALESCE(B.cscrm__Unit_Number__c,'')) \nAND UPPER(COALESCE(A.cscrm__Level_Number__c,''))      \t= UPPER(COALESCE(B.cscrm__Level_Number__c,'')) \nAND UPPER(COALESCE(A.cscrm__Building_Name__c,''))     \t= UPPER(COALESCE(B.cscrm__Building_Name__c,''))\nAND UPPER(COALESCE(A.cscrm__Building_Number__c,''))   \t= UPPER(COALESCE(B.cscrm__Building_Number__c,''))\nAND UPPER(COALESCE(A.cscrm__Street_Name__c,''))       \t= UPPER(COALESCE(B.cscrm__Street_Name__c,''))\nAND UPPER(COALESCE(A.cscrm__Zip_Postal_Code__c,''))   \t= UPPER(COALESCE(B.cscrm__Zip_Postal_Code__c,''))\nAND UPPER(COALESCE(A.cscrm__Country__c,''))       \t\t= UPPER(COALESCE(B.cscrm__Country__c,''))\nAND UPPER(COALESCE(A.cscrm__City__c,''))       \t\t\t= UPPER(COALESCE(B.cscrm__City__c,''))\nAND UPPER(COALESCE(A.cscrm__State_Province__c,''))  \t= UPPER(COALESCE(B.cscrm__State_Province__c,''))\n\nUNION ALL\n\nSELECT\nA.Id\n,A.Legacy_id\n,B.Id as SF_ID\nFROM\nstg_SF_ADDRESS A\nJOIN sf_cscrm__address__c B \nON A.LEGACY_ID = B.LEGACY_ID__C","isFileList":false,"handleSpecialChars":false,"handleDecimalRoundOff":false,"frsAsset":false,"dynamicFileName":false,"excludeDynamicFileNameField":false,"currentlyProcessedFileName":false,"retainFieldMetadata":false,"objectName":"DUMMY_Deduplication_SFDC","useExactSrcNames":false,"userUpdated":true,"fetchMode":"ORIGINAL","tgtObjectAttributes":{},"runtimeParameterData":{"@type":"mtTaskRuntimeParameterData","isConnectionRuntimeParameter":false,"isObjectRuntimeParameter":false},"overridableProperties":[],"overriddenFields":[]},{"@type":"mtTaskParameter","id":3614334,"name":"$STG_to_TGT$","type":"SOURCE","label":"STG_to_TGT","uiProperties":{"connectionParameterized":"false","isSelectDistinct":"false","objectParameterized":"false","visible":"false","originalPath":"STG_to_TGT"},"sourceConnectionId":"@0aa38HfbIjadqoKlbnU14y","sourceObject":"DUMMY_STG_to_TGT","newFlatFile":false,"newObject":false,"showBusinessNames":false,"naturalOrder":true,"truncateTarget":false,"bulkApiDBTarget":false,"customFuncCfg":{"@type":"customFuncConfig","id":-1,"connections":[],"inputMap":[],"outputFields":[]},"targetRefsV2":{},"targetUpdateColumns":[],"runtimeAttrs":{},"isRESTModernSource":true,"customQuery":"select * from stg_sf_address where mig_status is null or mig_status = ''","isFileList":false,"handleSpecialChars":false,"handleDecimalRoundOff":false,"frsAsset":false,"dynamicFileName":false,"excludeDynamicFileNameField":false,"currentlyProcessedFileName":false,"retainFieldMetadata":false,"objectName":"DUMMY_STG_to_TGT","useExactSrcNames":false,"userUpdated":true,"fetchMode":"ORIGINAL","tgtObjectAttributes":{},"runtimeParameterData":{"@type":"mtTaskRuntimeParameterData","isConnectionRuntimeParameter":false,"isObjectRuntimeParameter":false},"overridableProperties":[],"overriddenFields":[]},{"@type":"mtTaskParameter","id":3614335,"name":"$Target$","type":"TARGET","label":"Target","uiProperties":{"connectionParameterized":"false","objectParameterized":"false","visible":"false","defaultTargetUpdateColumns":"legacy_id","supportApplyDDLChanges":"false","originalPath":"Target"},"targetConnectionId":"@0aa38HfbIjadqoKlbnU14y","targetObject":"mit_b22/TABLE/stg_sf_address","targetObjectLabel":"stg_sf_address","newFlatFile":false,"newObject":false,"showBusinessNames":false,"naturalOrder":true,"truncateTarget":false,"bulkApiDBTarget":false,"operationType":"Update","customFuncCfg":{"@type":"customFuncConfig","id":-1,"connections":[],"inputMap":[],"outputFields":[]},"targetRefsV2":{},"targetUpdateColumns":["legacy_id"],"extendedObject":{"@type":"extendedObject","singleMode":true,"filters":[],"sortFields":[]},"runtimeAttrs":{},"isRESTModernSource":true,"isFileList":false,"handleSpecialChars":false,"handleDecimalRoundOff":false,"frsAsset":false,"dynamicFileName":false,"excludeDynamicFileNameField":false,"currentlyProcessedFileName":false,"retainFieldMetadata":false,"objectName":"mit_b22/TABLE/stg_sf_address","objectLabel":"stg_sf_address","useExactSrcNames":false,"userUpdated":true,"fetchMode":"ORIGINAL","tgtObjectAttributes":{},"runtimeParameterData":{"@type":"mtTaskRuntimeParameterData","isConnectionRuntimeParameter":false,"isObjectRuntimeParameter":false},"overridableProperties":[],"overriddenFields":[]},{"@type":"mtTaskParameter","id":3614336,"name":"$tgt_sf_address$","type":"TARGET","label":"tgt_sf_address","uiProperties":{"connectionParameterized":"false","objectParameterized":"false","visible":"false","defaultTargetUpdateColumns":"","supportApplyDDLChanges":"false","originalPath":"tgt_sf_address"},"targetConnectionId":"@0aa38HfbIjadqoKlbnU14y","targetObject":"mit_b1/TABLE/tgt_sf_address","targetObjectLabel":"tgt_sf_address","newFlatFile":false,"newObject":false,"showBusinessNames":false,"naturalOrder":true,"truncateTarget":false,"bulkApiDBTarget":false,"operationType":"Insert","customFuncCfg":{"@type":"customFuncConfig","id":-1,"connections":[],"inputMap":[],"outputFields":[]},"targetRefsV2":{},"targetUpdateColumns":[],"extendedObject":{"@type":"extendedObject","singleMode":true,"filters":[],"sortFields":[]},"runtimeAttrs":{},"isRESTModernSource":true,"isFileList":false,"handleSpecialChars":false,"handleDecimalRoundOff":false,"frsAsset":false,"dynamicFileName":false,"excludeDynamicFileNameField":false,"currentlyProcessedFileName":false,"retainFieldMetadata":false,"objectName":"mit_b1/TABLE/tgt_sf_address","objectLabel":"tgt_sf_address","useExactSrcNames":false,"userUpdated":true,"fetchMode":"ORIGINAL","tgtObjectAttributes":{},"runtimeParameterData":{"@type":"mtTaskRuntimeParameterData","isConnectionRuntimeParameter":false,"isObjectRuntimeParameter":false},"overridableProperties":[],"overriddenFields":[]}],"sequences":[],"inOutParameters":[],"connRuntimeAttrs":[]}]