[{"@type":"workflow","id":"@1","name":"tf_Solution_Load","description":"**Prerequisite**  After tf_solution_grouping","maxLogs":10,"references":[{"@type":"reference","refObjectId":"@ab7ORvIljFKfylxiZOz1W6","refType":"mtTask"},{"@type":"reference","refObjectId":"@0rw2P6ncnLzhN4PrDWfy2o","refType":"mtTask"}],"tasks":[{"@type":"workflowTask","taskId":"@ab7ORvIljFKfylxiZOz1W6","type":"MTT","name":"mt_cs_csord__Solution__c","stopOnError":true,"stopOnWarning":false},{"@type":"workflowTask","taskId":"@0rw2P6ncnLzhN4PrDWfy2o","type":"MTT","name":"mt_rep_csord__Solution__c","stopOnError":true,"stopOnWarning":false}]}]