[{"@type":"mappingTemplate","id":"@1","name":"m_merge_sf_billingaccount","description":"","bundleVersion":"0","assetFrsGuid":"9UcUSz2MyvdcN5Ii2738yT","templateId":"@3","deployTime":1736331014000,"hasParameters":false,"valid":true,"fixedConnection":true,"hasParametersDeployed":false,"fixedConnectionDeployed":true,"isSchemaValidationEnabled":false,"tasks":1,"mappingPreviewFileRecordId":"@2","documentType":"MAPPING","references":[{"@type":"reference","refObjectId":"@0aa38HfbIjadqoKlbnU14y","refType":"connection"}]}]