[{"@type":"mtTask","id":"@1","name":"mt_stg_sync_case_all_recordtype","description":"","runtimeEnvironmentId":"@cUgvxjP6z42j5o2aizvbUV","maxLogs":10,"verbose":false,"lastRunTime":1676278048000,"mappingId":"@aHwLbA9ggFykJ5igiHtuuf","frsGuid":"3niUUPqYokWj88NNgMgTEE","shortDescription":"","sessionPropertiesList":[{"name":"Allow Temporary Sequence for Pushdown","value":"NO","recommended":false},{"name":"Allow Temporary View for Pushdown","value":"NO","recommended":false},{"name":"Pushdown Optimization","value":"None","recommended":false},{"name":"Pushdown Optimization Context","value":"None","recommended":false},{"name":"Run Only In Pushdown Mode","value":"NO","recommended":false}],"enableCrossSchemaPushdown":true,"enableParallelRun":false,"autoTunedApplied":false,"autoTunedAppliedType":"NONE","paramFileType":"PARAM_FILE_LOCAL","schemaMode":"async","valid":true,"schemaValidationErrorCount":-1,"parameterFileEncoding":"UTF-8","serverlessProperties":{},"taskProperties":[{"@type":"taskProperty","name":"parameterFileDir","currentValue":"","type":"STRING","label":"label.parameterFileDir","required":false},{"@type":"taskProperty","name":"parameterFileName","currentValue":"","type":"STRING","label":"label.parameterFileName","required":false}],"parameters":[{"@type":"mtTaskParameter","id":679252,"name":"$src_stg_sync_case_all_recordtype$","type":"SOURCE","label":"src_stg_sync_case_all_recordtype","uiProperties":{"connectionParameterized":"false","isSelectDistinct":"false","objectParameterized":"false","visible":"false","originalPath":"src_stg_sync_case_all_recordtype"},"sourceConnectionId":"@irZpk2lcq2Lh5v2PiTa4Q2","sourceObject":"DUMMY_src_stg_sync_case_all_recordtype","newFlatFile":false,"newObject":false,"showBusinessNames":false,"naturalOrder":true,"truncateTarget":false,"bulkApiDBTarget":false,"customFuncCfg":{"@type":"customFuncConfig","id":-1,"connections":[],"inputMap":[],"outputFields":[]},"targetRefsV2":{},"targetUpdateColumns":[],"runtimeAttrs":{},"isRESTModernSource":true,"customQuery":"WITH RELA AS (\nSELECT REQUEST_ID,\nRELA_REQUEST_ID,\nSR_RELA_ID FROM \n(SELECT REQUEST_ID,\nRELA_REQUEST_ID,\nSR_RELA_ID,\nROW_NUMBER() OVER(Partition by REQUEST_ID ORDER BY SR_RELA_ID DESC) RNK \nFROM MIG_ODS_DEV.STG_EBS_SR_RELA)RELA \nWHERE RNK=1\n)\nSELECT \nAM.PARTY_CODE AS OWNER_STAFF_NAME,\nTRIM(SRC_CAT.RECORDTYPE) AS RECORDTYPE,\nTRIM(SRC_CAT.source_category) AS source_category,\nTRIM(SRC_CAT.source_subcat1) AS source_subcat1,\nTRIM(SRC_CAT.source_subcat2) AS source_subcat2,\nTRIM(SRC_CAT.Target_Category) AS Category__c,\nTRIM(SRC_CAT.Target_subcat1) AS Category_Sub_Type_1__c,\nTRIM(SRC_CAT.Target_subcat2) AS Category_Sub_Type_2__c,\nTRIM(SRC_CAT.KIV_EXCLUSION_REASON) AS KIV_EXCLUSION_REASON,\nTRIM(STAT_SR.Target_Value) AS STATUS,\nTRIM(STAT_SR.Target_Value_SubStatus) AS Sub_Status__c,\t\nTRIM(STAT_SR.Target_Value_SR_STATUS) AS SR_Status__c,\nSR.SUMMARY AS Subject,\nSR.SR_CUST_ID AS CUST_ID,\n--CUST.BASE_CONTACT_MAN_ID AS CONTACT_MAN_ID,\nSR.SR_ACCT_ID AS ACCT_ID,\nSR.CREATE_BY,\nSR.LAST_UPDATED_BY,\ncast(SR.CREATE_DATE as timestamp) AS CREATEDDATE,\nCASE \n\tWHEN UPPER(TRIM(STAT_SR.Target_Value))='CLOSED' \n\tTHEN cast(SR.LAST_UPDATED_DATE as timestamp) \nEND AS CLOSEDDATE,\nTRIM(CORR1.REASON_NAME) AS Rejection_Reason1, \nTRIM(CORR2.REASON_NAME) AS Rejection_Reason2,\nSR.SR_REQUEST_ID AS legacy_id__c,\nRELA.RELA_REQUEST_ID,\nRELA.SR_RELA_ID\nFROM MIG_ODS_DEV.STG_EBS_SR SR\nINNER JOIN MIG_ODS_DEV.STG_EBS_SR_TYPE SR_TYPE ON SR.SR_TYPE_ID=SR_TYPE.SR_TYPE_ID\nINNER JOIN MIG_ODS_DEV.STG_SR_CAT_SUB_CAT_REFERENCE SRC_CAT ON TRIM(SR_TYPE.FULL_NAME)=CONCAT_WS('->',TRIM(SRC_CAT.source_category),TRIM(SRC_CAT.source_subcat1),TRIM(SRC_CAT.source_subcat2))\nINNER JOIN MIG_ODS_DEV.STG_EBS_SR_STATUS STATUS ON SR.STATUS_ID=STATUS.STATUS_ID \nINNER JOIN MIG_ODS_DEV.STG_SH_MASTER_LOV STAT_SR ON STATUS.STATUS_NAME=STAT_SR.SOURCE_VALUE AND STAT_SR.Target_API='Status' AND STAT_SR.IS_ACTIVE='Y'\nLEFT JOIN MIG_ODS_DEV.STG_EBS_SR_CORE_REASON CORR1 ON COALESCE(SR.FIN_REASON_ONE,SR.REJ_REASON_ONE)=CORR1.CORR_REASON_ID \nLEFT JOIN MIG_ODS_DEV.STG_EBS_SR_CORE_REASON CORR2 ON COALESCE(SR.FIN_REASON_TWO,SR.REJ_REASON_TWO)=CORR2.CORR_REASON_ID \nLEFT JOIN MIG_ODS_DEV.STG_ACCOUNT_MANAGER_CUST AM ON SR.CUST_ID=AM.CUST_ID AND AM.PARTY_TYPE = 'F'\n/* Commented out this logic and handled using sync accountcontact relationship through lookup in IICS\nLEFT JOIN (SELECT cust_id,base_contact_man_id FROM (\nSELECT \nSTG.CUST_ID, \nSTG.BASE_CONTACT_MAN_ID,\nROW_NUMBER() OVER (PARTITION BY STG.CUST_ID ORDER BY \n(CASE WHEN TRIM(UPPER(CONTACT.CONTACT_MAN_TYPE_NAME))='AUTHORIZED OFFICER' \n THEN CONTACT.CONTACT_MAN_TYPE_NAME\n ELSE 'NA' END ) ASC,STG.UPDATE_DATE DESC ) AS RNK\nFROM mig_ods_dev.stg_ebs_contact STG INNER JOIN MIG_ODS_DEV.STG_EBS_CONTACT_MAN MAN ON STG.BASE_CONTACT_MAN_ID=MAN.BASE_CONTACT_MAN_ID\nINNER JOIN MIG_ODS_DEV.STG_EBS_CONTACT_MAN_TYPE CONTACT ON MAN.EBS_CONTACT_MAN_TYPE=CONTACT.CONTACT_MAN_TYPE WHERE STG.STATE='A'\n) A \nWHERE RNK=1 \n) CUST ON SR.SR_CUST_ID=CUST.CUST_ID\nThis contact reference logic has been updated post confirmation from functional team that contact has to be populated as per below logic.\nwhen contact man type name='AO' then that has to be taken as contact reference for SR else the most recent contact based on last_update has to \nbe picked up for contact reference  */\nLEFT JOIN RELA ON SR.SR_REQUEST_ID=RELA.REQUEST_ID\nWHERE UPPER(COALESCE(SR.VAL_REJ_TYPE,'Y')) !='HARD'","isFileList":false,"handleSpecialChars":false,"handleDecimalRoundOff":false,"frsAsset":false,"dynamicFileName":false,"excludeDynamicFileNameField":false,"currentlyProcessedFileName":false,"retainFieldMetadata":false,"objectName":"DUMMY_src_stg_sync_case_all_recordtype","useExactSrcNames":false,"tgtObjectAttributes":{},"runtimeParameterData":{"@type":"mtTaskRuntimeParameterData","isConnectionRuntimeParameter":false,"isObjectRuntimeParameter":false},"overridableProperties":[],"overriddenFields":[]},{"@type":"mtTaskParameter","id":679253,"name":"$Target$","type":"TARGET","label":"Target","uiProperties":{"connectionParameterized":"false","objectParameterized":"false","visible":"false","defaultTargetUpdateColumns":"","supportApplyDDLChanges":"false","originalPath":"Target"},"targetConnectionId":"@irZpk2lcq2Lh5v2PiTa4Q2","targetObject":"mig_ods_dev/TABLE/sync_ebs_case_all_rectype","targetObjectLabel":"sync_ebs_case_all_rectype","newFlatFile":false,"newObject":false,"showBusinessNames":false,"naturalOrder":true,"truncateTarget":false,"bulkApiDBTarget":false,"operationType":"Insert","customFuncCfg":{"@type":"customFuncConfig","id":-1,"connections":[],"inputMap":[],"outputFields":[]},"targetRefsV2":{},"targetUpdateColumns":[],"extendedObject":{"@type":"extendedObject","singleMode":true,"filters":[],"sortFields":[]},"runtimeAttrs":{},"isRESTModernSource":true,"isFileList":false,"handleSpecialChars":false,"handleDecimalRoundOff":false,"frsAsset":false,"dynamicFileName":false,"excludeDynamicFileNameField":false,"currentlyProcessedFileName":false,"retainFieldMetadata":false,"objectName":"mig_ods_dev/TABLE/sync_ebs_case_all_rectype","objectLabel":"sync_ebs_case_all_rectype","useExactSrcNames":false,"tgtObjectAttributes":{},"runtimeParameterData":{"@type":"mtTaskRuntimeParameterData","isConnectionRuntimeParameter":false,"isObjectRuntimeParameter":false},"overridableProperties":[],"overriddenFields":[]},{"@type":"mtTaskParameter","id":679254,"name":"$U_Lookup_Acct$","type":"LOOKUP","label":"U_Lookup_Acct","uiProperties":{"connectionParameterized":"false","isCachedLookup":"true","multipleMatchPolicy":"Use Any Value","objectParameterized":"false","visible":"false","originalPath":"U_Lookup_Acct"},"lookupConnectionId":"@irZpk2lcq2Lh5v2PiTa4Q2","lookupObject":"DUMMY_U_Lookup_Acct","newFlatFile":false,"newObject":false,"showBusinessNames":false,"naturalOrder":true,"truncateTarget":false,"bulkApiDBTarget":false,"customFuncCfg":{"@type":"customFuncConfig","id":-1,"connections":[],"inputMap":[],"outputFields":[]},"targetRefsV2":{},"targetUpdateColumns":[],"runtimeAttrs":{"Cache File Name Prefix":"","Lookup Index Cache Size":"AUTO","Optional":"true","Lookup cache persistent":"false","Lookup source is static":"false","Case Sensitive String Comparison":"false","Re-cache from lookup source":"false","Insert Else Update":"false","Lookup caching enabled":"true","Lookup Data Cache Size":"AUTO","Tracing Level":"Normal","Sorted Input":"false","Lookup cache directory name":"$PMCacheDir","Output Old Value On Update":"false","Dynamic Lookup Cache":"false","Pre-build lookup cache":"AUTO","Null ordering":""},"isRESTModernSource":true,"customQuery":"SELECT \n \"Id\",\n CASE \n\tWHEN ACC.\"Legacy_Id__c\" IS NOT NULL THEN ACC.\"Legacy_Id__c\" \n\tELSE  SYNC_ACCOUNT.Legacy_Id \n END AS LEGACY_ID__C \n FROM MIG_ODS_DEV.SF_ACCOUNT ACC\n LEFT JOIN MIG_ODS_DEV.SYNC_EBS_SAP_ACCOUNT SYNC_ACCOUNT\nON SYNC_ACCOUNT.NAME=ACC.\"Name\" \nAND SYNC_ACCOUNT.Business_Registration_Number=ACC.\"Business_Registration_Number_BRN__c\"","isFileList":false,"handleSpecialChars":false,"handleDecimalRoundOff":false,"frsAsset":false,"dynamicFileName":false,"excludeDynamicFileNameField":false,"currentlyProcessedFileName":false,"retainFieldMetadata":false,"objectName":"DUMMY_U_Lookup_Acct","useExactSrcNames":false,"tgtObjectAttributes":{},"runtimeParameterData":{"@type":"mtTaskRuntimeParameterData","isConnectionRuntimeParameter":false,"isObjectRuntimeParameter":false},"overridableProperties":[],"overriddenFields":[]},{"@type":"mtTaskParameter","id":679255,"name":"$U_Lookup_Billingacct$","type":"LOOKUP","label":"U_Lookup_Billingacct","uiProperties":{"connectionParameterized":"false","isCachedLookup":"true","multipleMatchPolicy":"Use Last Value","objectParameterized":"false","visible":"false","originalPath":"U_Lookup_Billingacct"},"lookupConnectionId":"@irZpk2lcq2Lh5v2PiTa4Q2","lookupObject":"DUMMY_U_Lookup_Billingacct","newFlatFile":false,"newObject":false,"showBusinessNames":false,"naturalOrder":true,"truncateTarget":false,"bulkApiDBTarget":false,"customFuncCfg":{"@type":"customFuncConfig","id":-1,"connections":[],"inputMap":[],"outputFields":[]},"targetRefsV2":{},"targetUpdateColumns":[],"runtimeAttrs":{"Cache File Name Prefix":"","Lookup Index Cache Size":"AUTO","Optional":"true","Lookup cache persistent":"false","Lookup source is static":"false","Case Sensitive String Comparison":"false","Re-cache from lookup source":"false","Insert Else Update":"false","Lookup caching enabled":"true","Lookup Data Cache Size":"AUTO","Tracing Level":"Normal","Sorted Input":"false","Lookup cache directory name":"$PMCacheDir","Output Old Value On Update":"false","Dynamic Lookup Cache":"false","Pre-build lookup cache":"AUTO","Null ordering":""},"isRESTModernSource":true,"customQuery":"SELECT \n\"Id\",\nCASE \n\tWHEN SF_BA.\"Legacy_Id__c\" IS NOT NULL \n\tTHEN SF_BA.\"Legacy_Id__c\" \n\tELSE  SYNC_BILLING.Legacy_Id \nEND AS LEGACY_ID__C \nFROM  mig_ods_dev.\"sf_csconta__Billing_Account__c\" SF_BA\nLEFT JOIN MIG_ODS_DEV.SYNC_EBS_SAP_BILLINGACCOUNT SYNC_BILLING\nON SYNC_BILLING.account__c=SF_BA.\"csconta__Account__c\" AND SYNC_BILLING.cpq_billing_account_number_=SF_BA.\"Billing_Account_Number__c\"","isFileList":false,"handleSpecialChars":false,"handleDecimalRoundOff":false,"frsAsset":false,"dynamicFileName":false,"excludeDynamicFileNameField":false,"currentlyProcessedFileName":false,"retainFieldMetadata":false,"objectName":"DUMMY_U_Lookup_Billingacct","useExactSrcNames":false,"tgtObjectAttributes":{},"runtimeParameterData":{"@type":"mtTaskRuntimeParameterData","isConnectionRuntimeParameter":false,"isObjectRuntimeParameter":false},"overridableProperties":[],"overriddenFields":[]},{"@type":"mtTaskParameter","id":679256,"name":"$U_Lookup_Rectype$","type":"LOOKUP","label":"U_Lookup_Rectype","uiProperties":{"connectionParameterized":"false","isCachedLookup":"true","multipleMatchPolicy":"Use Any Value","objectParameterized":"false","visible":"false","originalPath":"U_Lookup_Rectype"},"lookupConnectionId":"@irZpk2lcq2Lh5v2PiTa4Q2","lookupObject":"mig_ods_dev/TABLE/sf_recordtype","lookupObjectLabel":"sf_recordtype","newFlatFile":false,"newObject":false,"showBusinessNames":false,"naturalOrder":true,"truncateTarget":false,"bulkApiDBTarget":false,"customFuncCfg":{"@type":"customFuncConfig","id":-1,"connections":[],"inputMap":[],"outputFields":[]},"targetRefsV2":{},"targetUpdateColumns":[],"runtimeAttrs":{"Cache File Name Prefix":"","Lookup Index Cache Size":"AUTO","Optional":"true","Lookup cache persistent":"false","Lookup source is static":"false","Case Sensitive String Comparison":"false","Re-cache from lookup source":"false","Insert Else Update":"false","Lookup caching enabled":"true","Lookup Data Cache Size":"AUTO","Tracing Level":"Normal","Sorted Input":"false","Lookup cache directory name":"$PMCacheDir","Output Old Value On Update":"false","Dynamic Lookup Cache":"false","Pre-build lookup cache":"AUTO","Null ordering":""},"isRESTModernSource":true,"isFileList":false,"handleSpecialChars":false,"handleDecimalRoundOff":false,"frsAsset":false,"dynamicFileName":false,"excludeDynamicFileNameField":false,"currentlyProcessedFileName":false,"retainFieldMetadata":false,"objectName":"mig_ods_dev/TABLE/sf_recordtype","objectLabel":"sf_recordtype","useExactSrcNames":false,"tgtObjectAttributes":{},"runtimeParameterData":{"@type":"mtTaskRuntimeParameterData","isConnectionRuntimeParameter":false,"isObjectRuntimeParameter":false},"overridableProperties":[],"overriddenFields":[]},{"@type":"mtTaskParameter","id":679257,"name":"$U_Lookup_User$","type":"LOOKUP","label":"U_Lookup_User","uiProperties":{"connectionParameterized":"false","isCachedLookup":"true","multipleMatchPolicy":"Use Last Value","objectParameterized":"false","visible":"false","originalPath":"U_Lookup_User"},"lookupConnectionId":"@irZpk2lcq2Lh5v2PiTa4Q2","lookupObject":"DUMMY_U_Lookup_User","newFlatFile":false,"newObject":false,"showBusinessNames":false,"naturalOrder":true,"truncateTarget":false,"bulkApiDBTarget":false,"customFuncCfg":{"@type":"customFuncConfig","id":-1,"connections":[],"inputMap":[],"outputFields":[]},"targetRefsV2":{},"targetUpdateColumns":[],"runtimeAttrs":{"Cache File Name Prefix":"","Lookup Index Cache Size":"AUTO","Optional":"true","Lookup cache persistent":"false","Lookup source is static":"false","Case Sensitive String Comparison":"false","Re-cache from lookup source":"false","Insert Else Update":"false","Lookup caching enabled":"true","Lookup Data Cache Size":"AUTO","Tracing Level":"Normal","Sorted Input":"false","Lookup cache directory name":"$PMCacheDir","Output Old Value On Update":"false","Dynamic Lookup Cache":"false","Pre-build lookup cache":"AUTO","Null ordering":""},"isRESTModernSource":true,"customQuery":"SELECT \nB.ID,\nB.Email,\nS.STAFF_ID FROM  \n(\nSELECT \n\"Id\" AS ID,\n\"Email\" AS Email \nFROM \n(\nSELECT \"Id\", \nUPPER(TRIM(\"Email\")) AS \"Email\",\nROW_NUMBER() OVER (PARTITION BY UPPER(TRIM(\"Email\")) ORDER BY \"IsActive\" DESC ) AS RNK\nFROM MIG_ODS_DEV.SF_USER) A \nWHERE RNK=1\n) B \nINNER  JOIN MIG_ODS_DEV.STG_BFM_STAFF S ON\nTRIM(UPPER(S.Email))=TRIM(UPPER(B.Email))\nUNION \nSELECT \"Id\" AS ID,\"Email\" AS Email,NULL AS STAFF_ID FROM MIG_ODS_DEV.SF_USER WHERE UPPER(\"Name\")=UPPER('Data Migration User')","isFileList":false,"handleSpecialChars":false,"handleDecimalRoundOff":false,"frsAsset":false,"dynamicFileName":false,"excludeDynamicFileNameField":false,"currentlyProcessedFileName":false,"retainFieldMetadata":false,"objectName":"DUMMY_U_Lookup_User","useExactSrcNames":false,"tgtObjectAttributes":{},"runtimeParameterData":{"@type":"mtTaskRuntimeParameterData","isConnectionRuntimeParameter":false,"isObjectRuntimeParameter":false},"overridableProperties":[],"overriddenFields":[]},{"@type":"mtTaskParameter","id":679258,"name":"$U_Lookup_contact$","type":"LOOKUP","label":"U_Lookup_contact","uiProperties":{"connectionParameterized":"false","isCachedLookup":"true","multipleMatchPolicy":"Use Last Value","objectParameterized":"false","visible":"false","originalPath":"U_Lookup_contact"},"lookupConnectionId":"@irZpk2lcq2Lh5v2PiTa4Q2","lookupObject":"DUMMY_U_Lookup_contact","newFlatFile":false,"newObject":false,"showBusinessNames":false,"naturalOrder":true,"truncateTarget":false,"bulkApiDBTarget":false,"customFuncCfg":{"@type":"customFuncConfig","id":-1,"connections":[],"inputMap":[],"outputFields":[]},"targetRefsV2":{},"targetUpdateColumns":[],"runtimeAttrs":{"Cache File Name Prefix":"","Lookup Index Cache Size":"AUTO","Optional":"true","Lookup cache persistent":"false","Lookup source is static":"false","Case Sensitive String Comparison":"false","Re-cache from lookup source":"false","Insert Else Update":"false","Lookup caching enabled":"true","Lookup Data Cache Size":"AUTO","Tracing Level":"Normal","Sorted Input":"false","Lookup cache directory name":"$PMCacheDir","Output Old Value On Update":"false","Dynamic Lookup Cache":"false","Pre-build lookup cache":"AUTO","Null ordering":""},"isRESTModernSource":true,"customQuery":"select cscrm__account__c,cscrm__contact__c from\n(\nselect cscrm__contact__c,cscrm__account__c,ROW_NUMBER() OVER (PARTITION BY cscrm__account__c ORDER BY relation__c ASC,\nlastmodifieddate desc) AS RNK\nFROM mig_ods_dev.sync_ebs_sap_accountcontactrelationship\n) RST WHERE RNK=1","isFileList":false,"handleSpecialChars":false,"handleDecimalRoundOff":false,"frsAsset":false,"dynamicFileName":false,"excludeDynamicFileNameField":false,"currentlyProcessedFileName":false,"retainFieldMetadata":false,"objectName":"DUMMY_U_Lookup_contact","useExactSrcNames":false,"tgtObjectAttributes":{},"runtimeParameterData":{"@type":"mtTaskRuntimeParameterData","isConnectionRuntimeParameter":false,"isObjectRuntimeParameter":false},"overridableProperties":[],"overriddenFields":[]},{"@type":"mtTaskParameter","id":679259,"name":"$U_lkp_stg_master_lov$","type":"LOOKUP","label":"U_lkp_stg_master_lov","uiProperties":{"connectionParameterized":"false","isCachedLookup":"true","multipleMatchPolicy":"Use Last Value","objectParameterized":"false","visible":"false","originalPath":"U_lkp_stg_master_lov"},"lookupConnectionId":"@irZpk2lcq2Lh5v2PiTa4Q2","lookupObject":"DUMMY_U_lkp_stg_master_lov","newFlatFile":false,"newObject":false,"showBusinessNames":false,"naturalOrder":true,"truncateTarget":false,"bulkApiDBTarget":false,"customFuncCfg":{"@type":"customFuncConfig","id":-1,"connections":[],"inputMap":[],"outputFields":[]},"targetRefsV2":{},"targetUpdateColumns":[],"runtimeAttrs":{"Cache File Name Prefix":"","Lookup Index Cache Size":"AUTO","Optional":"true","Lookup cache persistent":"false","Lookup source is static":"false","Case Sensitive String Comparison":"false","Re-cache from lookup source":"false","Insert Else Update":"false","Lookup caching enabled":"true","Lookup Data Cache Size":"AUTO","Tracing Level":"Normal","Sorted Input":"false","Lookup cache directory name":"$PMCacheDir","Output Old Value On Update":"false","Dynamic Lookup Cache":"false","Pre-build lookup cache":"AUTO","Null ordering":""},"isRESTModernSource":true,"customQuery":"SELECT \nTRIM(UPPER(source_object)) AS source_object,\nTRIM(UPPER(source_column)) AS source_column,\nTRIM(UPPER(source_value)) AS source_value,\nTRIM(target_value) as target_value\nfrom MIG_ODS_DEV.STG_SH_MASTER_LOV\nWHERE UPPER(Is_active)='Y' and target_api IN ('Rejection_Reason_1__c','Rejection_Reason_2__c')","isFileList":false,"handleSpecialChars":false,"handleDecimalRoundOff":false,"frsAsset":false,"dynamicFileName":false,"excludeDynamicFileNameField":false,"currentlyProcessedFileName":false,"retainFieldMetadata":false,"objectName":"DUMMY_U_lkp_stg_master_lov","useExactSrcNames":false,"tgtObjectAttributes":{},"runtimeParameterData":{"@type":"mtTaskRuntimeParameterData","isConnectionRuntimeParameter":false,"isObjectRuntimeParameter":false},"overridableProperties":[],"overriddenFields":[]}],"sequences":[],"inOutParameters":[],"connRuntimeAttrs":[]}]