[{"@type":"mtTask","id":"@1","name":"mt_stg_sync_ebs_sr_billrequest","description":"","runtimeEnvironmentId":"@cUgvxjP6z42j5o2aizvbUV","maxLogs":10,"verbose":false,"lastRunTime":1674473776000,"mappingId":"@0Vy1UsVvJNpbzgCdGKgP2n","frsGuid":"3wNTYmszaE1cM0KQdbgRQ2","shortDescription":"","sessionPropertiesList":[{"name":"Allow Temporary Sequence for Pushdown","value":"NO","recommended":false},{"name":"Allow Temporary View for Pushdown","value":"NO","recommended":false},{"name":"Pushdown Optimization","value":"None","recommended":false},{"name":"Pushdown Optimization Context","value":"None","recommended":false},{"name":"Run Only In Pushdown Mode","value":"NO","recommended":false}],"enableCrossSchemaPushdown":true,"enableParallelRun":false,"autoTunedApplied":false,"autoTunedAppliedType":"NONE","paramFileType":"PARAM_FILE_LOCAL","schemaMode":"async","valid":true,"schemaValidationErrorCount":-1,"parameterFileEncoding":"UTF-8","serverlessProperties":{},"taskProperties":[{"@type":"taskProperty","name":"parameterFileDir","currentValue":"","type":"STRING","label":"label.parameterFileDir","required":false},{"@type":"taskProperty","name":"parameterFileName","currentValue":"","type":"STRING","label":"label.parameterFileName","required":false}],"parameters":[{"@type":"mtTaskParameter","id":685551,"name":"$src_billrequest$","type":"SOURCE","label":"src_billrequest","uiProperties":{"connectionParameterized":"false","isSelectDistinct":"false","objectParameterized":"false","visible":"false","originalPath":"src_billrequest"},"sourceConnectionId":"@irZpk2lcq2Lh5v2PiTa4Q2","sourceObject":"DUMMY_src_billrequest","newFlatFile":false,"newObject":false,"showBusinessNames":false,"naturalOrder":true,"truncateTarget":false,"bulkApiDBTarget":false,"customFuncCfg":{"@type":"customFuncConfig","id":-1,"connections":[],"inputMap":[],"outputFields":[]},"targetRefsV2":{},"targetUpdateColumns":[],"runtimeAttrs":{},"isRESTModernSource":true,"customQuery":"WITH SYNC_CASE AS(\nSELECT\n\"Id\",\nCASE \n    WHEN CA.\"Legacy_Id__c\" IS NOT NULL THEN CA.\"Legacy_Id__c\"\n    ELSE SYNC_CASE.Legacy_Id__c \nEND AS LEGACY_ID__C\nFROM MIG_ODS_DEV.SF_CASE CA\nLEFT JOIN MIG_ODS_DEV.SYNC_EBS_CASE SYNC_CASE\nON COALESCE(SYNC_CASE.recordtypeid,'Y')=COALESCE(CA.\"RecordTypeId\" ,'Y')\nAND COALESCE(SYNC_CASE.category__c,'Y')=COALESCE(CA.\"Category__c\",'Y')\nAND COALESCE(SYNC_CASE.category_sub_type_1__c,'Y')=COALESCE(CA.\"Category_Sub_Type_1__c\",'Y')\nAND COALESCE(SYNC_CASE.status,'Y')=COALESCE(CA.\"Status\",'Y')\nAND COALESCE(SYNC_CASE.subject,'Y')=COALESCE(CA.\"Subject\",'Y')\nAND COALESCE(SYNC_CASE.accountid,'Y')=COALESCE(CA.\"AccountId\",'Y')\nAND COALESCE(SYNC_CASE.category_sub_type_2__c,'Y')=COALESCE(CA.\"Category_Sub_Type_2__c\",'Y')\n)\nSELECT\nC.\"Id\" as Case__c,\nEBS_BILL.IMTERIM_END_DATE AS Interim_End_Date__c,\n'Dummy' AS Bill_request_name,--waiting with eugune and this filed is missing in dd\nEBS_BILL.Invoice_Number,\nEBS_BILL.Bill_Date__c AS Bill_Date__c,\n--SS.\"Id\" as Service_ID__c,\nEBS_BILL.item_TYPE,\nCREATE_STAFF_NAME AS CreatedById,\nUPDATE_STAFF_NAME As LastModifiedById,\nEBS_BILL.CreatedDate as CreatedDate,\nEBS_BILL.LastModifiedDate as LastModifiedDate,\nEBS_BILL.Waive_Charge__c,\nEBS_BILL.Legacy_id__c\nfrom (\nSELECT\nSR.SR_REQUEST_ID,\ncast(EBR.IMTERIM_END_DATE as date) as IMTERIM_END_DATE,\nEBR.BILL_NBR as Invoice_Number,\nEBR.BILL_DATE  as Bill_Date__c,\n--EBR.SERVICE_ID,\n--LOV.TARGET_VALUE,\nUNNEST(STRING_TO_ARRAY(EBR.itemised_type,',')) AS item_TYPE,\nSR.LAST_UPDATED_BY AS UPDATE_STAFF_NAME,\nSR.CREATE_BY AS CREATE_STAFF_NAME,\ndate_trunc('seconds',CURRENT_TIMESTAMP) AS createddate,\ndate_trunc('seconds',CURRENT_TIMESTAMP) AS LastModifiedDate,\nCASE \n    WHEN EBR.WAIVE_CHARGE='1' THEN 1\n     ELSE 0\nEND as Waive_Charge__c,\nEBR.BILL_ID as Legacy_Id__c\nfrom mig_ods_dev.STG_EBS_SR_BILL EBR\nINNER join mig_ods_dev.STG_EBS_SR SR \non EBR.REQUEST_ID=SR.SR_REQUEST_ID AND EBR.ACCT_ID=SR.SR_ACCT_ID \nWHERE UPPER(TRIM(COALESCE(EBR.VAL_REJ_TYPE,'Y'))) !='HARD'\n) EBS_BILL\n--left join mig_ods_dev.sf_service  SS ON cast(EBS_BILL.SERVICE_ID as varchar)=SS.legacy_id__c\n--from ebs we dont have associated with service id information for SR\nLEFT JOIN SYNC_CASE C on EBS_BILL.SR_REQUEST_ID=C.Legacy_Id__c","isFileList":false,"handleSpecialChars":false,"handleDecimalRoundOff":false,"frsAsset":false,"dynamicFileName":false,"excludeDynamicFileNameField":false,"currentlyProcessedFileName":false,"retainFieldMetadata":false,"objectName":"DUMMY_src_billrequest","useExactSrcNames":false,"tgtObjectAttributes":{},"runtimeParameterData":{"@type":"mtTaskRuntimeParameterData","isConnectionRuntimeParameter":false,"isObjectRuntimeParameter":false},"overridableProperties":[],"overriddenFields":[]},{"@type":"mtTaskParameter","id":685552,"name":"$Tgt_bill_request$","type":"TARGET","label":"Tgt_bill_request","uiProperties":{"connectionParameterized":"false","objectParameterized":"false","visible":"false","defaultTargetUpdateColumns":"","supportApplyDDLChanges":"false","originalPath":"Tgt_bill_request"},"targetConnectionId":"@irZpk2lcq2Lh5v2PiTa4Q2","targetObject":"mig_ods_dev/TABLE/sync_ebs_billrequest","targetObjectLabel":"sync_ebs_billrequest","newFlatFile":false,"newObject":false,"showBusinessNames":false,"naturalOrder":true,"truncateTarget":false,"bulkApiDBTarget":false,"operationType":"Insert","customFuncCfg":{"@type":"customFuncConfig","id":-1,"connections":[],"inputMap":[],"outputFields":[]},"targetRefsV2":{},"targetUpdateColumns":[],"extendedObject":{"@type":"extendedObject","singleMode":true,"filters":[],"sortFields":[]},"runtimeAttrs":{},"isRESTModernSource":true,"isFileList":false,"handleSpecialChars":false,"handleDecimalRoundOff":false,"frsAsset":false,"dynamicFileName":false,"excludeDynamicFileNameField":false,"currentlyProcessedFileName":false,"retainFieldMetadata":false,"objectName":"mig_ods_dev/TABLE/sync_ebs_billrequest","objectLabel":"sync_ebs_billrequest","useExactSrcNames":false,"tgtObjectAttributes":{},"runtimeParameterData":{"@type":"mtTaskRuntimeParameterData","isConnectionRuntimeParameter":false,"isObjectRuntimeParameter":false},"overridableProperties":[],"overriddenFields":[]},{"@type":"mtTaskParameter","id":685553,"name":"$Lkp_sf_user$","type":"LOOKUP","label":"Lkp_sf_user","uiProperties":{"connectionParameterized":"false","isCachedLookup":"true","multipleMatchPolicy":"Use Any Value","objectParameterized":"false","visible":"false","originalPath":"Lkp_sf_user"},"lookupConnectionId":"@irZpk2lcq2Lh5v2PiTa4Q2","lookupObject":"DUMMY_Lkp_sf_user","newFlatFile":false,"newObject":false,"showBusinessNames":false,"naturalOrder":true,"truncateTarget":false,"bulkApiDBTarget":false,"customFuncCfg":{"@type":"customFuncConfig","id":-1,"connections":[],"inputMap":[],"outputFields":[]},"targetRefsV2":{},"targetUpdateColumns":[],"runtimeAttrs":{"Cache File Name Prefix":"","Lookup Index Cache Size":"AUTO","Optional":"true","Lookup cache persistent":"false","Lookup source is static":"false","Case Sensitive String Comparison":"false","Re-cache from lookup source":"false","Insert Else Update":"false","Lookup caching enabled":"true","Lookup Data Cache Size":"AUTO","Tracing Level":"Normal","Sorted Input":"false","Lookup cache directory name":"$PMCacheDir","Output Old Value On Update":"false","Dynamic Lookup Cache":"false","Pre-build lookup cache":"AUTO","Null ordering":""},"isRESTModernSource":true,"customQuery":"SELECT \nB.ID,\nB.Email,\nS.STAFF_ID FROM  \n(\nSELECT \n\"Id\" AS ID,\n\"Email\" AS Email \nFROM \n(\nSELECT \"Id\", \nUPPER(TRIM(\"Email\")) AS \"Email\",\nROW_NUMBER() OVER (PARTITION BY UPPER(TRIM(\"Email\")) ORDER BY \"IsActive\" DESC ) AS RNK\nFROM MIG_ODS_DEV.SF_USER) A \nWHERE RNK=1\n) B \nINNER  JOIN MIG_ODS_DEV.STG_BFM_STAFF S ON\nTRIM(UPPER(S.Email))=TRIM(UPPER(B.Email))\nUNION \nSELECT \"Id\" AS ID,\"Email\" AS Email,NULL AS STAFF_ID FROM MIG_ODS_DEV.SF_USER WHERE UPPER(\"Name\")=UPPER('Data Migration User')","isFileList":false,"handleSpecialChars":false,"handleDecimalRoundOff":false,"frsAsset":false,"dynamicFileName":false,"excludeDynamicFileNameField":false,"currentlyProcessedFileName":false,"retainFieldMetadata":false,"objectName":"DUMMY_Lkp_sf_user","useExactSrcNames":false,"tgtObjectAttributes":{},"runtimeParameterData":{"@type":"mtTaskRuntimeParameterData","isConnectionRuntimeParameter":false,"isObjectRuntimeParameter":false},"overridableProperties":[],"overriddenFields":[]},{"@type":"mtTaskParameter","id":685554,"name":"$Lkp_sh_master_lov$","type":"LOOKUP","label":"Lkp_sh_master_lov","uiProperties":{"connectionParameterized":"false","isCachedLookup":"true","multipleMatchPolicy":"Use Last Value","objectParameterized":"false","visible":"false","originalPath":"Lkp_sh_master_lov"},"lookupConnectionId":"@irZpk2lcq2Lh5v2PiTa4Q2","lookupObject":"DUMMY_Lkp_sh_master_lov","newFlatFile":false,"newObject":false,"showBusinessNames":false,"naturalOrder":true,"truncateTarget":false,"bulkApiDBTarget":false,"customFuncCfg":{"@type":"customFuncConfig","id":-1,"connections":[],"inputMap":[],"outputFields":[]},"targetRefsV2":{},"targetUpdateColumns":[],"runtimeAttrs":{"Cache File Name Prefix":"","Lookup Index Cache Size":"AUTO","Optional":"true","Lookup cache persistent":"false","Lookup source is static":"false","Case Sensitive String Comparison":"false","Re-cache from lookup source":"false","Insert Else Update":"false","Lookup caching enabled":"true","Lookup Data Cache Size":"AUTO","Tracing Level":"Normal","Sorted Input":"false","Lookup cache directory name":"$PMCacheDir","Output Old Value On Update":"false","Dynamic Lookup Cache":"false","Pre-build lookup cache":"AUTO","Null ordering":""},"isRESTModernSource":true,"customQuery":"SELECT\nUPPER(TRIM(source_value)) AS SOURCE_VALUE,\nTRIM(TARGET_VALUE) AS TARGET_VALUE\nFROM mig_ods_dev.STG_SH_MASTER_LOV WHERE SOURCE_OBJECT='EBS_SR_BILL_REQUEST'\nAND TARGET_API='Itemised_Type__c' AND IS_ACTIVE='Y'","isFileList":false,"handleSpecialChars":false,"handleDecimalRoundOff":false,"frsAsset":false,"dynamicFileName":false,"excludeDynamicFileNameField":false,"currentlyProcessedFileName":false,"retainFieldMetadata":false,"objectName":"DUMMY_Lkp_sh_master_lov","useExactSrcNames":false,"tgtObjectAttributes":{},"runtimeParameterData":{"@type":"mtTaskRuntimeParameterData","isConnectionRuntimeParameter":false,"isObjectRuntimeParameter":false},"overridableProperties":[],"overriddenFields":[]}],"sequences":[],"inOutParameters":[],"connRuntimeAttrs":[]}]