[{"@type":"workflow","id":"@1","name":"tf_sfdc_reverse_pull_sfdc","maxLogs":10,"references":[{"@type":"reference","refObjectId":"@fHme2AtNFmTbztBuqfobKG","refType":"mtTask"},{"@type":"reference","refObjectId":"@cRHhx1VI2IchXhrcJXV3aP","refType":"mtTask"},{"@type":"reference","refObjectId":"@1Sq7UIDJD8Oc8WtWxHQQCP","refType":"mtTask"},{"@type":"reference","refObjectId":"@4IHKVMb1ZCfi2cbcAoRCkW","refType":"mtTask"},{"@type":"reference","refObjectId":"@jJHsjzOHeUPc1SOhxfFDK2","refType":"mtTask"},{"@type":"reference","refObjectId":"@ghywj5RQSIZf3AumgPBnEY","refType":"mtTask"},{"@type":"reference","refObjectId":"@afi2qAAiljjij17wnjW2s3","refType":"mtTask"},{"@type":"reference","refObjectId":"@lHw1tLVCP6Ie9EQ7E3OGUL","refType":"mtTask"},{"@type":"reference","refObjectId":"@5KX1KMlpGoGhSO4PXjj7Uw","refType":"mtTask"},{"@type":"reference","refObjectId":"@a4xmIeiI56ubBHHs8M5F01","refType":"mtTask"},{"@type":"reference","refObjectId":"@jr7cV02ARgqlF1tWOnLzSa","refType":"mtTask"},{"@type":"reference","refObjectId":"@93pEdG6O9kJfXzursvtocz","refType":"mtTask"},{"@type":"reference","refObjectId":"@8dXKXzzcAuLgi7Y0WKXBQ0","refType":"mtTask"},{"@type":"reference","refObjectId":"@bDuCSkk2y0FcdS4pwb7tiB","refType":"mtTask"},{"@type":"reference","refObjectId":"@4rSzHX6ySu0jAtlc9NuZen","refType":"mtTask"},{"@type":"reference","refObjectId":"@lfryeXNgngElaEPjFcbUGm","refType":"mtTask"}],"tasks":[{"@type":"workflowTask","taskId":"@fHme2AtNFmTbztBuqfobKG","type":"MTT","name":"mt_rp_sf_user","stopOnError":true,"stopOnWarning":false},{"@type":"workflowTask","taskId":"@cRHhx1VI2IchXhrcJXV3aP","type":"MTT","name":"mt_rp_sf_recordtype","stopOnError":true,"stopOnWarning":false},{"@type":"workflowTask","taskId":"@1Sq7UIDJD8Oc8WtWxHQQCP","type":"MTT","name":"mt_rp_refund_wavier","stopOnError":true,"stopOnWarning":false},{"@type":"workflowTask","taskId":"@4IHKVMb1ZCfi2cbcAoRCkW","type":"MTT","name":"mt_rp_sf_billing_account","stopOnError":true,"stopOnWarning":false},{"@type":"workflowTask","taskId":"@jJHsjzOHeUPc1SOhxfFDK2","type":"MTT","name":"mt_rp_sf_Blacklisted_Address__c","stopOnError":true,"stopOnWarning":false},{"@type":"workflowTask","taskId":"@ghywj5RQSIZf3AumgPBnEY","type":"MTT","name":"mt_rp_sf_case","stopOnError":true,"stopOnWarning":false},{"@type":"workflowTask","taskId":"@afi2qAAiljjij17wnjW2s3","type":"MTT","name":"mt_rp_sf_case_attachment","stopOnError":true,"stopOnWarning":false},{"@type":"workflowTask","taskId":"@lHw1tLVCP6Ie9EQ7E3OGUL","type":"MTT","name":"mt_rp_sf_CaseComment","stopOnError":true,"stopOnWarning":false},{"@type":"workflowTask","taskId":"@5KX1KMlpGoGhSO4PXjj7Uw","type":"MTT","name":"mt_rp_sf_Subscription_Case_Relationship","stopOnError":true,"stopOnWarning":false},{"@type":"workflowTask","taskId":"@a4xmIeiI56ubBHHs8M5F01","type":"MTT","name":"mt_rp_sf_sr_bill_Request","stopOnError":true,"stopOnWarning":false},{"@type":"workflowTask","taskId":"@jr7cV02ARgqlF1tWOnLzSa","type":"MTT","name":"mt_rp_sf_address","stopOnError":true,"stopOnWarning":false},{"@type":"workflowTask","taskId":"@93pEdG6O9kJfXzursvtocz","type":"MTT","name":"mt_rp_sf_customer_access","stopOnError":true,"stopOnWarning":false},{"@type":"workflowTask","taskId":"@8dXKXzzcAuLgi7Y0WKXBQ0","type":"MTT","name":"mt_rp_billingaccountcontact","stopOnError":true,"stopOnWarning":false},{"@type":"workflowTask","taskId":"@bDuCSkk2y0FcdS4pwb7tiB","type":"MTT","name":"mt_rp_accountcontactrelationship","stopOnError":true,"stopOnWarning":false},{"@type":"workflowTask","taskId":"@4rSzHX6ySu0jAtlc9NuZen","type":"MTT","name":"mt_rp_sf_contact","stopOnError":true,"stopOnWarning":false},{"@type":"workflowTask","taskId":"@lfryeXNgngElaEPjFcbUGm","type":"MTT","name":"mt_m_rp_sf_customer_account","stopOnError":true,"stopOnWarning":false}]}]