[{"@type":"mappingTemplate","id":"@1","name":"m_rp_sf_contact","description":"this replicates contact data from saleforce to stage area","bundleVersion":"0","assetFrsGuid":"5DM0AEjVQILg1miBTBuhmg","templateId":"@3","deployTime":1702008261000,"hasParameters":false,"valid":true,"fixedConnection":true,"hasParametersDeployed":false,"fixedConnectionDeployed":true,"isSchemaValidationEnabled":false,"tasks":0,"mappingPreviewFileRecordId":"@2","documentType":"MAPPING","references":[{"@type":"reference","refObjectId":"@2pzkdnOGuGpiqnKtNRkpw3","refType":"connection"},{"@type":"reference","refObjectId":"@0aa38HfbIjadqoKlbnU14y","refType":"connection"}]}]