[{"@type":"mappingTemplate","id":"@1","name":"m_stg_ebs_pc_mobile","description":"1. Main Service\n2. Addon Service\n3. Device Service\n4. Device Addon\n5. Sharing Service","bundleVersion":"0","templateId":"@3","deployTime":1708406882000,"hasParameters":false,"valid":true,"fixedConnection":true,"hasParametersDeployed":false,"fixedConnectionDeployed":true,"isSchemaValidationEnabled":false,"tasks":1,"mappingPreviewFileRecordId":"@2","documentType":"MAPPING","references":[{"@type":"reference","refObjectId":"@0aa38HfbIjadqoKlbnU14y","refType":"connection"}]}]