[{"@type":"mappingTemplate","id":"@1","name":"m_toucupdate_pc_solution","description":"Mapping to update cssdm__solution_association__c","bundleVersion":"0","templateId":"@3","deployTime":1674212509000,"hasParameters":false,"valid":true,"fixedConnection":true,"hasParametersDeployed":false,"fixedConnectionDeployed":true,"isSchemaValidationEnabled":false,"tasks":0,"mappingPreviewFileRecordId":"@2","documentType":"MAPPING","references":[{"@type":"reference","refObjectId":"@gbEqHgig3UYgrJMzU4lVau","refType":"connection"}]}]