[{"@type":"mtTask","id":"@1","name":"mt_stg_sync_contact","description":"","runtimeEnvironmentId":"@cUgvxjP6z42j5o2aizvbUV","maxLogs":10,"verbose":false,"lastRunTime":1674473570000,"mappingId":"@aezTI1SPxX3j13fSQw16E7","frsGuid":"9yZsA0FTi8GhQrUrCGz9QQ","shortDescription":"","sessionPropertiesList":[],"enableCrossSchemaPushdown":true,"enableParallelRun":false,"autoTunedApplied":false,"autoTunedAppliedType":"NONE","schemaMode":"async","valid":true,"schemaValidationErrorCount":-1,"parameterFileEncoding":"UTF-8","serverlessProperties":{},"taskProperties":[{"@type":"taskProperty","name":"parameterFileDir","currentValue":"","type":"STRING","label":"label.parameterFileDir","required":false},{"@type":"taskProperty","name":"parameterFileName","currentValue":"","type":"STRING","label":"label.parameterFileName","required":false}],"parameters":[{"@type":"mtTaskParameter","id":530560,"name":"$src_stg_contact$","type":"SOURCE","label":"src_stg_contact","uiProperties":{"connectionParameterized":"false","isSelectDistinct":"false","objectParameterized":"false","visible":"false","originalPath":"src_stg_contact"},"sourceConnectionId":"@irZpk2lcq2Lh5v2PiTa4Q2","sourceObject":"DUMMY_src_stg_contact","newFlatFile":false,"newObject":false,"showBusinessNames":false,"naturalOrder":true,"truncateTarget":false,"bulkApiDBTarget":false,"customFuncCfg":{"@type":"customFuncConfig","id":-1,"connections":[],"inputMap":[],"outputFields":[]},"targetRefsV2":{},"targetUpdateColumns":[],"runtimeAttrs":{},"oprRuntimeAttrs":{"postSQL":"","sourceTableName":"EBS_CONTACT","fetchSize":"100000","sqloverride":"","schemaName":"ODS_STAGE_SCHEMA","preSQL":""},"isRESTModernSource":true,"customQuery":"WITH CONTACT AS\n    (\n       SELECT\n            BCM.CONTACT_NAME,\n\t\t\tBCM.CUST_ID,\n            CASE\n                    WHEN BCM.MOBILE_PHONE_FOREIGN_FLAG = 'Y' THEN 'Foreign'\n                    WHEN BCM.MOBILE_PHONE_FOREIGN_FLAG = 'N' THEN 'Local'\n            END AS CPQ_MOBILE_NUMBER_TYPE__C,\n            CASE\n                    WHEN BCM.MOBILE_PHONE_FOREIGN_FLAG = 'N' THEN \n\t\t\t\t\t(\n\t\t\t\t\t\tCASE \n\t\t\t\t\t\t\tWHEN BCM.MOBILE_PHONE='0' THEN BCM.MOBILE_PHONE\n\t\t\t\t\t\t\tWHEN BCM.MOBILE_PHONE ~ '^(8|9)[0-9]{7}$' THEN BCM.MOBILE_PHONE\n\t\t\t\t\t\t\tWHEN BCM.MOBILE_PHONE ~ '^(65)(8|9)[0-9]{7}$' THEN SUBSTR(BCM.MOBILE_PHONE,3,8)\n\t\t\t\t\t\t\tWHEN BCM.MOBILE_PHONE ~ '^(+65)(8|9)[0-9]{7}$' THEN SUBSTR(BCM.MOBILE_PHONE,4,8)\n\t\t\t\t\t\tEND\n\t\t\t\t\t)\n                    WHEN BCM.MOBILE_PHONE_FOREIGN_FLAG = 'Y' AND LENGTH(BCM.MOBILE_PHONE) < 60 THEN BCM.MOBILE_PHONE\n                    ELSE BCM.MOBILE_PHONE\n            END AS MOBILEPHONE,\n            CASE\n                     WHEN BCM.OFFICE_PHONE_FOREIGN_FLAG = 'Y' THEN 'Foreign'\n                    WHEN BCM.OFFICE_PHONE_FOREIGN_FLAG = 'N' THEN 'Local'\n            END AS CPQ_OFFICE_NUMBER_TYPE__C,\n            CASE\n                    WHEN BCM.OFFICE_PHONE_FOREIGN_FLAG = 'N' THEN \n\t\t\t\t\t(\n\t\t\t\t\t\tCASE \n\t\t\t\t\t\t\tWHEN BCM.OFFICE_PHONE='0' THEN BCM.OFFICE_PHONE\n\t\t\t\t\t\t\tWHEN BCM.OFFICE_PHONE ~ '^(3|6|8|9)[0-9]{7}$' THEN BCM.OFFICE_PHONE\n\t\t\t\t\t\t\tWHEN BCM.OFFICE_PHONE ~ '^(65)(3|6|8|9)[0-9]{7}$' THEN SUBSTR(BCM.OFFICE_PHONE,3,8)\n\t\t\t\t\t\t\tWHEN BCM.OFFICE_PHONE ~ '^(+65)(3|6|8|9)[0-9]{7}$' THEN SUBSTR(BCM.OFFICE_PHONE,4,8)\n\t\t\t\t\t\tEND\n\t\t\t\t\t)\n                    WHEN BCM.OFFICE_PHONE_FOREIGN_FLAG = 'Y' AND LENGTH(BCM.OFFICE_PHONE) < 60 THEN BCM.OFFICE_PHONE\n                    ELSE BCM.OFFICE_PHONE\n            END AS PHONE,\n            CASE\n                    WHEN BCM.EMAIL_ADDR IS NULL THEN 1\n                    ELSE 0\n            END AS CPQ_NO_EMAIL_ADDRESS__C,\n            BCM.EMAIL_ADDR AS EMAIL,\n            CASE\n                    WHEN BCM.DOC_NO ~ '^(S|T)[0-9]{7}[A-Z]$' THEN 'NRIC'\n                    WHEN BCM.DOC_NO ~ '^(F|G|M)[0-9]{7}[A-Z]$' THEN 'FIN'\n                    ELSE 'Others' --cross check with lovsheet and check the cases\n            END AS CPQ_IDENTIFICATION_TYPE__C,\n            BCM.DOC_NO AS CPQ_NRIC_FIN_PASSPORT_No__c,\n            CONTACT.MAIN_COMM AS CPQ_Mode_of_Contact__c,\n            /*CASE\n                    WHEN TRIM(UPPER(BCM.CONTACT_HOURS)) = 'OFFICE HRS (8AM TO 6PM, MON TO FRI)' THEN 'Office Hours'\n                    WHEN TRIM(UPPER(BCM.CONTACT_HOURS)) = '24 HRS DAILY' THEN '24 Hours'  ---Trim & Upper has to be applied here\n            END AS CPQ_CONTACT_AVAILABILITY__C,*/\n\t\t\tCONTACT.CONTACT_HOURS AS CPQ_CONTACT_AVAILABILITY__C,\n            CASE\n\t\t\t\tWHEN BCM.CREATE_PARTY_TYPE = 'F' THEN BCM.CREATE_PARTY_CODE\n                END AS CREATE_STAFF_NAME,\n\t\t\tCOALESCE(CAST(BCM.CREATED_DATE aS TIMESTAMP),CURRENT_TIMESTAMP) AS CREATED_DATE,\n\t\t\tCOALESCE(CAST(BCM.UPDATE_DATE aS TIMESTAMP),CURRENT_TIMESTAMP) AS UPDATE_DATE,\n            CASE\n                    WHEN BCM.UPDATE_PARTY_TYPE = 'F' THEN BCM.UPDATE_PARTY_CODE\n            END AS UPDATE_STAFF_NAME,\n\t\t\tAC.PARTY_CODE AS OWNER_STAFF_NAME,\n            BCM.BASE_CONTACT_MAN_ID AS LEGACY_ID,\n\t\t\t\n\t    CASE \n\t\t   WHEN LENGTH(BCM.contact_name) > 0 AND STRPOS(BCM.contact_name,' ') = 0 AND  STRPOS(BCM.contact_name,',')=0  THEN 'Dummy' --Functional Team has to confirm the default value\n\t           WHEN LENGTH(BCM.contact_name) > 0 AND STRPOS(BCM.contact_name,',') > 0 THEN SUBSTRING(BCM.contact_name,1,STRPOS(BCM.contact_name,',')-1)\n\t           WHEN LENGTH(BCM.contact_name) > 0 AND STRPOS(BCM.contact_name,' ') > 0 THEN \tREGEXP_REPLACE(BCM.contact_name, '\\s+\\S+$', '')\n\t    END AS FIRST_NAME,\n\t   CASE \n\t          WHEN LENGTH(BCM.contact_name) > 0 AND STRPOS(BCM.contact_name,' ') = 0 AND  STRPOS(BCM.contact_name,',')=0  THEN BCM.contact_name\n\t          WHEN LENGTH(BCM.contact_name) > 0 AND STRPOS(BCM.contact_name,',') > 0 THEN \n\t          SUBSTRING(BCM.contact_name,STRPOS(BCM.contact_name,',')+1,LENGTH(BCM.contact_name))\n\t          WHEN LENGTH(BCM.contact_name) > 0 AND STRPOS(BCM.contact_name,' ') > 0 THEN \n\t          REGEXP_REPLACE(BCM.contact_name, '^.*\\s+(\\S+)$', '\\1')\n\t  END AS LAST_NAME,\n\t  ROW_NUMBER() OVER(PARTITION BY CONTACT.BASE_CONTACT_MAN_ID) AS RNK\n        FROM MIG_ODS_DEV.STG_EBS_CONTACT BCM \n\t\tINNER JOIN MIG_ODS_DEV.STG_EBS_CONTACT_MAN CONTACT \n\t\tON BCM.BASE_CONTACT_MAN_ID=CONTACT.BASE_CONTACT_MAN_ID\n        INNER JOIN MIG_ODS_DEV.STG_SH_MASTER_LOV LOV ON TRIM(UPPER(CONTACT.CONTACT_MAN_TYPE_NAME))=TRIM(UPPER(LOV.SOURCE_VALUE)) \n\t\tAND trim(upper(SOURCE_OBJECT))='CONTACT_MAN_TYPE'  \n\t\tLEFT JOIN MIG_ODS_DEV.STG_ACCOUNT_MANAGER_CUST AC ON BCM.CUST_ID = AC.CUST_ID AND AC.PARTY_TYPE = 'F'\n        WHERE TRIM(UPPER(COALESCE(BCM.VAL_REJ_TYPE,'Y'))) !='HARD'  AND TRIM(UPPER(LOV.IS_ACTIVE))='Y'\n\t\t)\n,\t\tSYNC_ACCOUNT AS\n(\nSELECT \n \"Id\" AS ID,\n \"Name\" aS NAME,\n CASE \n\tWHEN ACC.\"Legacy_Id__c\" IS NOT NULL THEN ACC.\"Legacy_Id__c\" \n \tELSE  SYNC_ACCOUNT.Legacy_Id \nEND AS LEGACY_ID__C \n FROM MIG_ODS_DEV.SF_ACCOUNT ACC\n LEFT JOIN MIG_ODS_DEV.SYNC_EBS_SAP_ACCOUNT SYNC_ACCOUNT\nON SYNC_ACCOUNT.NAME=ACC.\"Name\" \nAND SYNC_ACCOUNT.Business_Registration_Number=ACC.\"Business_Registration_Number_BRN__c\"\n)\nSELECT\n    CONTACT.CONTACT_NAME,\n    ACC.ID AS ACCOUNT,\n    CONTACT.CPQ_MOBILE_NUMBER_TYPE__C,\n    CONTACT.MOBILEPHONE,\n    CONTACT.CPQ_OFFICE_NUMBER_TYPE__C,\n    CONTACT.PHONE,\n    CONTACT.CPQ_NO_EMAIL_ADDRESS__C,\n    CONTACT.EMAIL,\n    CONTACT.CPQ_IDENTIFICATION_TYPE__C,\n    CONTACT.CPQ_NRIC_FIN_PASSPORT_NO__C,\n    CONTACT.CPQ_MODE_OF_CONTACT__C,\n    CONTACT.CPQ_CONTACT_AVAILABILITY__C,\n    CONTACT.CREATE_STAFF_NAME,\n\tCONTACT.UPDATE_STAFF_NAME,\n\tCONTACT.OWNER_STAFF_NAME,\n\tCONTACT.CREATED_DATE,\n\tCONTACT.UPDATE_DATE,\n    CA.\"Id\" AS CUSTOMER_ACCESS__C,\n    CONTACT.LEGACY_ID,\n    CONTACT.FIRST_NAME,\n    CONTACT.LAST_NAME\nFROM CONTACT\nLEFT JOIN  SYNC_ACCOUNT ACC\nON CONTACT.CUST_ID =ACC.Legacy_Id__c\nLEFT JOIN MIG_ODS_DEV.SF_CUSTOMER_ACCESS__C CA ON CONTACT.EMAIL = CA.\"Email__c\"\nWHERE CONTACT.RNK=1","isFileList":false,"handleSpecialChars":false,"handleDecimalRoundOff":false,"frsAsset":false,"dynamicFileName":false,"excludeDynamicFileNameField":false,"currentlyProcessedFileName":false,"retainFieldMetadata":false,"objectName":"DUMMY_src_stg_contact","useExactSrcNames":false,"tgtObjectAttributes":{},"runtimeParameterData":{"@type":"mtTaskRuntimeParameterData","isConnectionRuntimeParameter":false,"isObjectRuntimeParameter":false},"overridableProperties":[],"overriddenFields":[]},{"@type":"mtTaskParameter","id":530561,"name":"$tgt_sync_contact$","type":"TARGET","label":"tgt_sync_contact","uiProperties":{"connectionParameterized":"false","objectParameterized":"false","visible":"false","defaultTargetUpdateColumns":"","supportApplyDDLChanges":"false","originalPath":"tgt_sync_contact"},"targetConnectionId":"@irZpk2lcq2Lh5v2PiTa4Q2","targetObject":"mig_ods_dev/TABLE/sync_ebs_sap_contact","targetObjectLabel":"sync_ebs_sap_contact","newFlatFile":false,"newObject":false,"showBusinessNames":false,"naturalOrder":true,"truncateTarget":false,"bulkApiDBTarget":false,"operationType":"Insert","customFuncCfg":{"@type":"customFuncConfig","id":-1,"connections":[],"inputMap":[],"outputFields":[]},"targetRefsV2":{},"targetUpdateColumns":[],"extendedObject":{"@type":"extendedObject","singleMode":true,"filters":[],"sortFields":[]},"runtimeAttrs":{},"isRESTModernSource":true,"isFileList":false,"handleSpecialChars":false,"handleDecimalRoundOff":false,"frsAsset":false,"dynamicFileName":false,"excludeDynamicFileNameField":false,"currentlyProcessedFileName":false,"retainFieldMetadata":false,"objectName":"mig_ods_dev/TABLE/sync_ebs_sap_contact","objectLabel":"sync_ebs_sap_contact","useExactSrcNames":false,"tgtObjectAttributes":{},"runtimeParameterData":{"@type":"mtTaskRuntimeParameterData","isConnectionRuntimeParameter":false,"isObjectRuntimeParameter":false},"overridableProperties":[],"overriddenFields":[]},{"@type":"mtTaskParameter","id":530562,"name":"$U_Lookup_user$","type":"LOOKUP","label":"U_Lookup_user","uiProperties":{"connectionParameterized":"false","isCachedLookup":"true","multipleMatchPolicy":"Use Last Value","objectParameterized":"false","visible":"false","originalPath":"U_Lookup_user"},"lookupConnectionId":"@irZpk2lcq2Lh5v2PiTa4Q2","lookupObject":"DUMMY_U_Lookup_user","newFlatFile":false,"newObject":false,"showBusinessNames":false,"naturalOrder":true,"truncateTarget":false,"bulkApiDBTarget":false,"customFuncCfg":{"@type":"customFuncConfig","id":-1,"connections":[],"inputMap":[],"outputFields":[]},"targetRefsV2":{},"targetUpdateColumns":[],"runtimeAttrs":{"Lookup Data Cache Size":"AUTO","Tracing Level":"Normal","Lookup Index Cache Size":"AUTO","Optional":"true","Sorted Input":"false","Lookup cache directory name":"$PMCacheDir","Lookup cache persistent":"false","Lookup source is static":"false","Pre-build lookup cache":"AUTO","Null ordering":"","Lookup caching enabled":"true"},"isRESTModernSource":true,"customQuery":"SELECT \nB.ID,\nB.Email,\nS.STAFF_ID FROM  \n(\nSELECT \n\"Id\" AS ID,\n\"Email\" AS Email \nFROM \n(\nSELECT \"Id\", \nUPPER(TRIM(\"Email\")) AS \"Email\",\nROW_NUMBER() OVER (PARTITION BY UPPER(TRIM(\"Email\")) ORDER BY \"IsActive\" DESC ) AS RNK\nFROM MIG_ODS_DEV.SF_USER) A \nWHERE RNK=1\n) B \nINNER  JOIN MIG_ODS_DEV.STG_BFM_STAFF S ON\nTRIM(UPPER(S.Email))=TRIM(UPPER(B.Email))\nUNION \nSELECT \"Id\" AS ID,\"Email\" AS Email,NULL AS STAFF_ID FROM MIG_ODS_DEV.SF_USER WHERE UPPER(\"Name\")=UPPER('Data Migration User')","isFileList":false,"handleSpecialChars":false,"handleDecimalRoundOff":false,"frsAsset":false,"dynamicFileName":false,"excludeDynamicFileNameField":false,"currentlyProcessedFileName":false,"retainFieldMetadata":false,"objectName":"DUMMY_U_Lookup_user","useExactSrcNames":false,"tgtObjectAttributes":{},"runtimeParameterData":{"@type":"mtTaskRuntimeParameterData","isConnectionRuntimeParameter":false,"isObjectRuntimeParameter":false},"overridableProperties":[],"overriddenFields":[]},{"@type":"mtTaskParameter","id":530563,"name":"$U_lkp_stg_master_lov$","type":"LOOKUP","label":"U_lkp_stg_master_lov","uiProperties":{"connectionParameterized":"false","isCachedLookup":"true","multipleMatchPolicy":"Use Last Value","objectParameterized":"false","visible":"false","originalPath":"U_lkp_stg_master_lov"},"lookupConnectionId":"@irZpk2lcq2Lh5v2PiTa4Q2","lookupObject":"DUMMY_U_lkp_stg_master_lov","newFlatFile":false,"newObject":false,"showBusinessNames":false,"naturalOrder":true,"truncateTarget":false,"bulkApiDBTarget":false,"customFuncCfg":{"@type":"customFuncConfig","id":-1,"connections":[],"inputMap":[],"outputFields":[]},"targetRefsV2":{},"targetUpdateColumns":[],"runtimeAttrs":{"Cache File Name Prefix":"","Lookup Index Cache Size":"AUTO","Optional":"true","Lookup cache persistent":"false","Lookup source is static":"false","Case Sensitive String Comparison":"false","Re-cache from lookup source":"false","Insert Else Update":"false","Lookup caching enabled":"true","Lookup Data Cache Size":"AUTO","Tracing Level":"Normal","Sorted Input":"false","Lookup cache directory name":"$PMCacheDir","Output Old Value On Update":"false","Dynamic Lookup Cache":"false","Pre-build lookup cache":"AUTO","Null ordering":""},"isRESTModernSource":true,"customQuery":"SELECT \nTRIM(UPPER(source_value)) AS source_value,\nTRIM(target_value) as target_value\nfrom MIG_ODS_DEV.STG_SH_MASTER_LOV\nWHERE UPPER(Is_active)='Y' AND TRIM(UPPER(TARGET_API))='CPQ_CONTACT_AVAILABILITY__C'","isFileList":false,"handleSpecialChars":false,"handleDecimalRoundOff":false,"frsAsset":false,"dynamicFileName":false,"excludeDynamicFileNameField":false,"currentlyProcessedFileName":false,"retainFieldMetadata":false,"objectName":"DUMMY_U_lkp_stg_master_lov","useExactSrcNames":false,"tgtObjectAttributes":{},"runtimeParameterData":{"@type":"mtTaskRuntimeParameterData","isConnectionRuntimeParameter":false,"isObjectRuntimeParameter":false},"overridableProperties":[],"overriddenFields":[]}],"sequences":[],"inOutParameters":[],"connRuntimeAttrs":[]}]