[{"@type":"mtTask","id":"@1","name":"mt_stg_sync_case_refund_waiver","description":"","runtimeEnvironmentId":"@cUgvxjP6z42j5o2aizvbUV","maxLogs":10,"verbose":false,"lastRunTime":1676278312000,"mappingId":"@3gXCR52BqINfGVI0wVJ2AN","frsGuid":"l0TPQRs3RWUgtN8bL3dbyg","shortDescription":"","sessionPropertiesList":[],"enableCrossSchemaPushdown":true,"enableParallelRun":false,"autoTunedApplied":false,"autoTunedAppliedType":"NONE","schemaMode":"async","valid":true,"schemaValidationErrorCount":-1,"parameterFileEncoding":"UTF-8","serverlessProperties":{},"taskProperties":[{"@type":"taskProperty","name":"parameterFileDir","currentValue":"","type":"STRING","label":"label.parameterFileDir","required":false},{"@type":"taskProperty","name":"parameterFileName","currentValue":"","type":"STRING","label":"label.parameterFileName","required":false}],"parameters":[{"@type":"mtTaskParameter","id":686521,"name":"$src_refund_waiver$","type":"SOURCE","label":"src_refund_waiver","uiProperties":{"connectionParameterized":"false","isSelectDistinct":"false","objectParameterized":"false","visible":"false","originalPath":"src_refund_waiver"},"sourceConnectionId":"@irZpk2lcq2Lh5v2PiTa4Q2","sourceObject":"DUMMY_src_refund_waiver","newFlatFile":false,"newObject":false,"showBusinessNames":false,"naturalOrder":true,"truncateTarget":false,"bulkApiDBTarget":false,"customFuncCfg":{"@type":"customFuncConfig","id":-1,"connections":[],"inputMap":[],"outputFields":[]},"targetRefsV2":{},"targetUpdateColumns":[],"runtimeAttrs":{},"isRESTModernSource":true,"customQuery":"SELECT \nALL_REC.*,\nCASE \n\tWHEN REFUND.REF_ID IS NOT NULL THEN '1' \n\tELSE '0' \nEND AS Triggered_to_SAP,\nCASE \n\tWHEN UPPER(CORR.APPLY_OBJECT) ='B' AND UPPER(ALL_REC.STATUS)='CLOSED'\n\tTHEN '1'\n\tELSE '0'\nEND AS Triggered_to_BSCS,\nCONCAT_WS(' - ',AD.ADJUST_REASON_NAME,AD.SUB_ADJUST_REASON_NAME) AS Reason__c,\nCASE \n\tWHEN  TRIM(ALL_REC.SR_Status__c) IS NOT NULL \n\tTHEN '1' ELSE '0'\nEND AS Is_submitted_for_Approval__c\nFROM MIG_ODS_DEV.SYNC_EBS_CASE_ALL_RECTYPE ALL_REC INNER JOIN MIG_ODS_DEV.STG_EBS_SR SR\nON ALL_REC.LEGACY_ID__C=SR.SR_REQUEST_ID\nLEFT JOIN MIG_ODS_DEv.STG_EBS_SR_REFUND_PAYMENT REFUND ON SR.SR_REQUEST_ID=REFUND.REQUEST_ID\nLEFT JOIN MIG_ODS_DEV.STG_EBS_SR_CORR CORR ON SR.CORR_TYPE_ID=CORR.CORR_TYPE_ID\nLEFT JOIN MIG_ODS_DEV.STG_EBS_SR_ADJUSTMENT ADJUST ON SR.SR_REQUEST_ID=ADJUST.REQUEST_ID\nLEFT JOIN MIG_ODS_DEV.STG_EBS_SR_ADJUST_REASON AD ON ADJUST.REASON1=AD.ADJUST_REASON_ID AND ADJUST.REASON2=AD.SUB_ADJUST_REASON_ID\nWHERE ALL_REC.RECORDTYPE='Refund or Bill Adjustment Application'","isFileList":false,"handleSpecialChars":false,"handleDecimalRoundOff":false,"frsAsset":false,"dynamicFileName":false,"excludeDynamicFileNameField":false,"currentlyProcessedFileName":false,"retainFieldMetadata":false,"objectName":"DUMMY_src_refund_waiver","useExactSrcNames":false,"tgtObjectAttributes":{},"runtimeParameterData":{"@type":"mtTaskRuntimeParameterData","isConnectionRuntimeParameter":false,"isObjectRuntimeParameter":false},"overridableProperties":[],"overriddenFields":[]},{"@type":"mtTaskParameter","id":686522,"name":"$tgt_sync_ebs_case_refund_waiver$","type":"TARGET","label":"tgt_sync_ebs_case_refund_waiver","uiProperties":{"connectionParameterized":"false","objectParameterized":"false","visible":"false","defaultTargetUpdateColumns":"","supportApplyDDLChanges":"false","originalPath":"tgt_sync_ebs_case_refund_waiver"},"targetConnectionId":"@irZpk2lcq2Lh5v2PiTa4Q2","targetObject":"mig_ods_dev/TABLE/sync_ebs_case","targetObjectLabel":"sync_ebs_case","newFlatFile":false,"newObject":false,"showBusinessNames":false,"naturalOrder":true,"truncateTarget":false,"bulkApiDBTarget":false,"operationType":"Insert","customFuncCfg":{"@type":"customFuncConfig","id":-1,"connections":[],"inputMap":[],"outputFields":[]},"targetRefsV2":{},"targetUpdateColumns":[],"extendedObject":{"@type":"extendedObject","singleMode":true,"filters":[],"sortFields":[]},"runtimeAttrs":{},"isRESTModernSource":true,"isFileList":false,"handleSpecialChars":false,"handleDecimalRoundOff":false,"frsAsset":false,"dynamicFileName":false,"excludeDynamicFileNameField":false,"currentlyProcessedFileName":false,"retainFieldMetadata":false,"objectName":"mig_ods_dev/TABLE/sync_ebs_case","objectLabel":"sync_ebs_case","useExactSrcNames":false,"tgtObjectAttributes":{},"runtimeParameterData":{"@type":"mtTaskRuntimeParameterData","isConnectionRuntimeParameter":false,"isObjectRuntimeParameter":false},"overridableProperties":[],"overriddenFields":[]},{"@type":"mtTaskParameter","id":686523,"name":"$U_lkp_stg_master_lov$","type":"LOOKUP","label":"U_lkp_stg_master_lov","uiProperties":{"connectionParameterized":"false","isCachedLookup":"true","multipleMatchPolicy":"Use Last Value","objectParameterized":"false","visible":"false","originalPath":"U_lkp_stg_master_lov"},"lookupConnectionId":"@irZpk2lcq2Lh5v2PiTa4Q2","lookupObject":"DUMMY_U_lkp_stg_master_lov","newFlatFile":false,"newObject":false,"showBusinessNames":false,"naturalOrder":true,"truncateTarget":false,"bulkApiDBTarget":false,"customFuncCfg":{"@type":"customFuncConfig","id":-1,"connections":[],"inputMap":[],"outputFields":[]},"targetRefsV2":{},"targetUpdateColumns":[],"runtimeAttrs":{"Cache File Name Prefix":"","Lookup Index Cache Size":"AUTO","Optional":"true","Lookup cache persistent":"false","Lookup source is static":"false","Case Sensitive String Comparison":"false","Re-cache from lookup source":"false","Insert Else Update":"false","Lookup caching enabled":"true","Lookup Data Cache Size":"AUTO","Tracing Level":"Normal","Sorted Input":"false","Lookup cache directory name":"$PMCacheDir","Output Old Value On Update":"false","Dynamic Lookup Cache":"false","Pre-build lookup cache":"AUTO","Null ordering":""},"isRESTModernSource":true,"customQuery":"SELECT \nTRIM(UPPER(source_value)) AS source_value,\nTRIM(target_value) as target_value\nfrom MIG_ODS_DEV.STG_SH_MASTER_LOV\nWHERE UPPER(Is_active)='Y' and target_api IN ('Reason__c')","isFileList":false,"handleSpecialChars":false,"handleDecimalRoundOff":false,"frsAsset":false,"dynamicFileName":false,"excludeDynamicFileNameField":false,"currentlyProcessedFileName":false,"retainFieldMetadata":false,"objectName":"DUMMY_U_lkp_stg_master_lov","useExactSrcNames":false,"tgtObjectAttributes":{},"runtimeParameterData":{"@type":"mtTaskRuntimeParameterData","isConnectionRuntimeParameter":false,"isObjectRuntimeParameter":false},"overridableProperties":[],"overriddenFields":[]}],"sequences":[],"inOutParameters":[],"connRuntimeAttrs":[]}]