[{"@type":"mappingTemplate","id":"@1","name":"m_file_stg_sr_cat_sub_cat_reference","description":"","autoExpireObject":false,"bundleVersion":"0","assetFrsGuid":"gxep6SlcIYic53mFaDekEn","templateId":"@3","deployTime":1739855968000,"hasParameters":false,"valid":true,"fixedConnection":true,"hasParametersDeployed":false,"fixedConnectionDeployed":true,"isSchemaValidationEnabled":false,"tasks":1,"mappingPreviewFileRecordId":"@2","documentType":"MAPPING","references":[{"@type":"reference","refObjectId":"@0aa38HfbIjadqoKlbnU14y","refType":"connection"},{"@type":"reference","refObjectId":"@5cVavMJoq6viVKggQReXmA","refType":"connection"}]}]