[{"@type":"workflow","id":"@1","name":"mt_stg_ebs_main_service_DRAFT","maxLogs":10,"references":[{"@type":"reference","refObjectId":"@dxHcV5vHBUqep2laFoVG6k","refType":"mtTask"},{"@type":"reference","refObjectId":"@0r62hmlC56xkAnWRHLYFQk","refType":"mtTask"},{"@type":"reference","refObjectId":"@5eswj1lWGtBdEG7uJr4zsB","refType":"mtTask"}],"tasks":[{"@type":"workflowTask","taskId":"@dxHcV5vHBUqep2laFoVG6k","type":"MTT","name":"mt_stg_ebs_main_service_MOBILE","stopOnError":false,"stopOnWarning":false},{"@type":"workflowTask","taskId":"@0r62hmlC56xkAnWRHLYFQk","type":"MTT","name":"mt_stg_ebs_main_service_DYP","stopOnError":false,"stopOnWarning":false},{"@type":"workflowTask","taskId":"@5eswj1lWGtBdEG7uJr4zsB","type":"MTT","name":"mt_stg_ebs_main_service_BWB","stopOnError":false,"stopOnWarning":false}]}]