[{"@type":"mappingTemplate","id":"@1","name":"m_stg_sync_sap_address","description":"This place holds mappings from stg to sync with address data.","bundleVersion":"0","templateId":"@3","deployTime":1701412074000,"hasParameters":false,"valid":true,"fixedConnection":true,"hasParametersDeployed":false,"fixedConnectionDeployed":true,"isSchemaValidationEnabled":false,"tasks":1,"mappingPreviewFileRecordId":"@2","documentType":"MAPPING","references":[{"@type":"reference","refObjectId":"@0aa38HfbIjadqoKlbnU14y","refType":"connection"}]}]