[{"@type":"mappingTemplate","id":"@1","name":"m_dedup_tgt_sf_account_contact_relationship","description":"","bundleVersion":"0","assetFrsGuid":"0Hjtaias1y4khJCgYNcQ4N","templateId":"@3","deployTime":1733394815000,"hasParameters":false,"valid":true,"fixedConnection":true,"hasParametersDeployed":false,"fixedConnectionDeployed":true,"isSchemaValidationEnabled":false,"tasks":1,"mappingPreviewFileRecordId":"@2","documentType":"MAPPING","references":[{"@type":"reference","refObjectId":"@0aa38HfbIjadqoKlbnU14y","refType":"connection"}]}]