[{"@type":"workflow","id":"@1","name":"tf_PC_Load","description":"**Prerequisite**  After completion of tf_Product_Configuration_1","maxLogs":10,"references":[{"@type":"reference","refObjectId":"@4gGl02mo4wkf5eLbplLAQy","refType":"mtTask"},{"@type":"reference","refObjectId":"@aK1n2uNTiWIiJGbUCTM2Cu","refType":"mtTask"}],"tasks":[{"@type":"workflowTask","taskId":"@4gGl02mo4wkf5eLbplLAQy","type":"MTT","name":"mt_cscfga__Product_Configuration__c","stopOnError":true,"stopOnWarning":false},{"@type":"workflowTask","taskId":"@aK1n2uNTiWIiJGbUCTM2Cu","type":"MTT","name":"mt_rep_cscfga__Product_Configuration__c","stopOnError":true,"stopOnWarning":false}]}]