[{"@type":"mtTask","id":"@1","name":"mt_tgt_sf_json_pc_oe_mobile_service","description":"","runtimeEnvironmentId":"@cUgvxjP6z42j5o2aizvbUV","maxLogs":10,"verbose":false,"mappingId":"@a3RoM4r7TaCf2tBXPMBZoQ","frsGuid":"ivnp1AZVR6hbVZm4dAOZQg","shortDescription":"","sessionPropertiesList":[{"name":"Allow Temporary Sequence for Pushdown","value":"NO","recommended":false},{"name":"Allow Temporary View for Pushdown","value":"NO","recommended":false},{"name":"Pushdown Optimization","value":"None","recommended":false},{"name":"Pushdown Optimization Context","value":"None","recommended":false},{"name":"Pushdown Optimization Fallback Option","value":"Partial PDO","recommended":false}],"enableCrossSchemaPushdown":true,"enableParallelRun":false,"autoTunedApplied":false,"autoTunedAppliedType":"NONE","paramFileType":"PARAM_FILE_LOCAL","schemaMode":"async","valid":true,"schemaValidationErrorCount":-1,"parameterFileEncoding":"UTF-8","serverlessProperties":{},"taskProperties":[{"@type":"taskProperty","name":"parameterFileDir","currentValue":"","type":"STRING","label":"label.parameterFileDir","required":false},{"@type":"taskProperty","name":"parameterFileName","currentValue":"","type":"STRING","label":"label.parameterFileName","required":false}],"parameters":[{"@type":"mtTaskParameter","id":1906139,"name":"$src_sf_json_pc_oe_mobile_service$","type":"SOURCE","label":"src_sf_json_pc_oe_mobile_service","uiProperties":{"connectionParameterized":"false","isSelectDistinct":"false","objectParameterized":"false","visible":"false","originalPath":"src_sf_json_pc_oe_mobile_service"},"sourceConnectionId":"@0aa38HfbIjadqoKlbnU14y","sourceObject":"DUMMY_src_sf_json_pc_oe_mobile_service","newFlatFile":false,"newObject":false,"showBusinessNames":false,"naturalOrder":true,"truncateTarget":false,"bulkApiDBTarget":false,"customFuncCfg":{"@type":"customFuncConfig","id":-1,"connections":[],"inputMap":[],"outputFields":[]},"targetRefsV2":{},"targetUpdateColumns":[],"runtimeAttrs":{},"isRESTModernSource":true,"customQuery":"SELECT\nPC.cpq_billing_account__c\t\t\t\tAS billingAccount\n,PC.rfs_date__c\t\t\t\t\t\t\tAS rfsDate\n,PC.contract_start_date\t\t\t\t\tAS contractStartDate\n,PC.contract_end_date\t\t\t\t\tAS contractEndDate\n,PC.service_id__c\t\t\t\t\t\tAS MSISDN\n,PC.iccid\t\t\t\t\t\t\t\tAS ICCID\n,PC.acct_id\t\t\t\t\t\t\t\tAS accountId\n\n--Not mapped\n,''\t\t\t\tAS IMSI\n,''\t\t\t\tAS Status\n,''\t\t\t\tAS deliveryMode\n,''\t\t\t\tAS employeeName\n,''\t\t\t\tAS employeeID\n,''\t\t\t\tAS employeeEmail\n,''\t\t\t\tAS employeeDepartment\n,''\t\t\t\tAS employeeCostCentre\n,''\t\t\t\tAS managerEmail\n,''\t\t\t\tAS emailAddress\n,''\t\t\t\tAS qrText\n,''\t\t\t\tAS sourceCustomerAccount\n,''\t\t\t\tAS transferredService\n,''\t\t\t\tAS portInNumber\n,''\t\t\t\tAS portInDonorNetwork\n,''\t\t\t\tAS DNODocType\n,''\t\t\t\tAS DNODocNo\n,''\t\t\t\tAS DNORegisteredOwner\n,''\t\t\t\tAS DNOAccountNumber\n,''\t\t\t\tAS portInLineType\n,''\t\t\t\tAS roamingDataCap\n,''\t\t\t\tAS localSMSAlerts\n,''\t\t\t\tAS terminatedService\n,''\t\t\t\tAS resourceIDSMS\n,''\t\t\t\tAS resourceIdData\n,''\t\t\t\tAS resourceIdVoice\n,''\t\t\t\tAS resourceIdOthers\n,''\t\t\t\tAS accountNumber\n,''\t\t\t\tAS billingAccountNumber\n,''\t\t\t\tAS bscsContractId\n\nFROM TGT_SF_PC PC\nJOIN STG_EBS_MAIN_SERVICE_2 MS2 ON MS2.prod_id = PC.LEGACY_ID__C AND PC.REC_TYPE LIKE 'Mobile%'","isFileList":false,"handleSpecialChars":false,"handleDecimalRoundOff":false,"frsAsset":false,"dynamicFileName":false,"excludeDynamicFileNameField":false,"currentlyProcessedFileName":false,"retainFieldMetadata":false,"objectName":"DUMMY_src_sf_json_pc_oe_mobile_service","useExactSrcNames":false,"tgtObjectAttributes":{},"runtimeParameterData":{"@type":"mtTaskRuntimeParameterData","isConnectionRuntimeParameter":false,"isObjectRuntimeParameter":false},"overridableProperties":[],"overriddenFields":[]},{"@type":"mtTaskParameter","id":1906140,"name":"$tgt_sf_json_pc_oe_m2m_service$","type":"TARGET","label":"tgt_sf_json_pc_oe_m2m_service","uiProperties":{"connectionParameterized":"false","objectParameterized":"false","visible":"false","defaultTargetUpdateColumns":"","supportApplyDDLChanges":"false","originalPath":"tgt_sf_json_pc_oe_m2m_service"},"targetConnectionId":"@0aa38HfbIjadqoKlbnU14y","targetObject":"p2_dev/TABLE/tgt_sf_json_pc_oe_m2m_service","targetObjectLabel":"tgt_sf_json_pc_oe_m2m_service","newFlatFile":false,"newObject":false,"showBusinessNames":false,"naturalOrder":true,"truncateTarget":false,"bulkApiDBTarget":false,"operationType":"Insert","customFuncCfg":{"@type":"customFuncConfig","id":-1,"connections":[],"inputMap":[],"outputFields":[]},"targetRefsV2":{},"targetUpdateColumns":[],"extendedObject":{"@type":"extendedObject","singleMode":true,"filters":[],"sortFields":[]},"runtimeAttrs":{},"isRESTModernSource":true,"isFileList":false,"handleSpecialChars":false,"handleDecimalRoundOff":false,"frsAsset":false,"dynamicFileName":false,"excludeDynamicFileNameField":false,"currentlyProcessedFileName":false,"retainFieldMetadata":false,"objectName":"p2_dev/TABLE/tgt_sf_json_pc_oe_m2m_service","objectLabel":"tgt_sf_json_pc_oe_m2m_service","useExactSrcNames":false,"tgtObjectAttributes":{},"runtimeParameterData":{"@type":"mtTaskRuntimeParameterData","isConnectionRuntimeParameter":false,"isObjectRuntimeParameter":false},"overridableProperties":[],"overriddenFields":[]}],"sequences":[],"inOutParameters":[],"connRuntimeAttrs":[]}]