[{"@type":"mappingTemplate","id":"@1","name":"m_solution_detail_M365_json","description":"","bundleVersion":"0","templateId":"@3","deployTime":1677149992000,"hasParameters":false,"valid":true,"fixedConnection":true,"hasParametersDeployed":false,"fixedConnectionDeployed":true,"isSchemaValidationEnabled":false,"tasks":1,"mappingPreviewFileRecordId":"@2","documentType":"MAPPING","references":[{"@type":"reference","refObjectId":"@7FyFvtF6vCYgeKjc4Zis8i","refType":"hschema"},{"@type":"reference","refObjectId":"@gbEqHgig3UYgrJMzU4lVau","refType":"connection"}]}]