[{"@type":"mappingTemplate","id":"@1","name":"m_dedup_tgt_sf_billing_contact","description":"","bundleVersion":"0","assetFrsGuid":"3CkP93u0Ri8ixUdNvM8Mum","templateId":"@3","deployTime":1697169019000,"hasParameters":false,"valid":true,"fixedConnection":true,"hasParametersDeployed":false,"fixedConnectionDeployed":true,"isSchemaValidationEnabled":false,"tasks":0,"mappingPreviewFileRecordId":"@2","documentType":"MAPPING","references":[{"@type":"reference","refObjectId":"@0aa38HfbIjadqoKlbnU14y","refType":"connection"},{"@type":"reference","refObjectId":"@2pzkdnOGuGpiqnKtNRkpw3","refType":"connection"}]}]