[{"@type":"mappingTemplate","id":"@1","name":"Mapping4","description":"","bundleVersion":"0","templateId":"@3","deployTime":1669270689000,"hasParameters":false,"valid":true,"fixedConnection":true,"hasParametersDeployed":false,"fixedConnectionDeployed":true,"isSchemaValidationEnabled":false,"tasks":0,"mappingPreviewFileRecordId":"@2","documentType":"MAPPING","references":[{"@type":"reference","refObjectId":"@4oKksIQNwmndUPmrVHgqS5","refType":"connection"},{"@type":"reference","refObjectId":"@8hNkPireJ9NhyhCL5aytk0","refType":"hschema"}]}]