[{"@type":"dssTask","id":"@1","name":"st_File_Process_SFTP_GET","description":"","maxLogs":10,"sourceConnectionId":"@atzYRMf0xv3i7efmQKFzmT","targetConnectionId":"@8c4zSWCP47GheC5BsG8NSm","targetObject":"SFTP_GET_2022_11_18_6.csv","operation":"Insert","maxRows":0,"truncateTarget":false,"bulkApiDBTarget":false,"verbose":false,"tgtFlatFileAttrs":{"@type":"flatFileAttrs","id":52634,"delimiter":",","textQualifier":"\"","escapeChar":"","headerLineNo":1,"firstDataRow":2},"targetMetadataUpdated":false,"modelVersion":"V3-R600","queryAll":false,"srcSettings":{"@type":"taskDataSourceSetting","isShowLabels":false,"isNaturalOrder":true},"tgtSettings":{"@type":"taskDataSourceSetting","isShowLabels":false,"isNaturalOrder":true},"cfSettings":{"@type":"taskDataSourceSetting","isShowLabels":false,"isNaturalOrder":false},"bulkApi":false,"bulkApiSerialMode":false,"bulkApiMonitor":false,"isTargetObjectSfCustom":false,"allowNullUpdates":false,"targetBatchSize":200,"assignmentRuleId":"-1","assignmentRuleType":"None","createSuccessFile":false,"bulkApiHardDelete":false,"srcRuntimeAttrs":{"@type":"taskRuntimeAttrs","attrs":{"Retry Count":"3"}},"tgtRuntimeAttrs":{"@type":"taskRuntimeAttrs","attrs":{}},"parameterFileEncoding":"UTF-8","serverlessProperties":{},"sourceObjects":[{"@type":"mObject","name":"SFTP_GET","label":"SFTP_GET","metadataUpdated":false,"relations":[],"children":[]}],"advancedFilters":[],"filters":[{"@type":"filter","objectName":"SFTP_GET","objectLabel":"SFTP_GET","field":"SFTP_Hostname","fieldLabel":"","type":"STRING","operator":"equals","value":"10.215.74.109"},{"@type":"filter","objectName":"SFTP_GET","objectLabel":"SFTP_GET","field":"SFTP_User_ID","fieldLabel":"","type":"STRING","operator":"equals","value":"acc-achatter"},{"@type":"filter","objectName":"SFTP_GET","objectLabel":"SFTP_GET","field":"SFTP_SSH2_KeyFile","fieldLabel":"SFTP_SSH2_KeyFile","type":"STRING","operator":"equals","value":"/home/acc-supp/id_rsa"},{"@type":"filter","objectName":"SFTP_GET","objectLabel":"SFTP_GET","field":"FileName","fieldLabel":"","type":"STRING","operator":"endsWith","value":".csv"},{"@type":"filter","objectName":"SFTP_GET","objectLabel":"SFTP_GET","field":"SFTP_PassPhrase","fieldLabel":"SFTP_PassPhrase","type":"STRING","operator":"equals","value":"PassKey1"}],"fieldMaps":[{"@type":"fieldMap","id":"339546","targetField":{"@type":"field","id":767128,"name":"SourceFileDir","type":"nstring","uniqueName":"SourceFileDir","label":"SourceFileDir","parentObject":"SFTP_GET_2022_11_18_6.csv","pcType":"UNISTRING","precision":256,"scale":0,"columnIndex":0,"isKey":false,"isWaterMarkKey":false,"isExternalId":false,"isSfIdLookup":false,"isNullable":true,"isUnique":false,"isCreateable":false,"isUpdateable":true,"isFilterable":true,"isCalculated":false,"showLabel":false,"naturalOrder":0,"typeConfigFields":[],"linkedFields":["SourceFileDir"],"relatedInfos":[],"references":[]},"expression":"SourceFileDir"},{"@type":"fieldMap","id":"339547","targetField":{"@type":"field","id":767129,"name":"DestFileDir","type":"nstring","uniqueName":"DestFileDir","label":"DestFileDir","parentObject":"SFTP_GET_2022_11_18_6.csv","pcType":"UNISTRING","precision":256,"scale":0,"columnIndex":1,"isKey":false,"isWaterMarkKey":false,"isExternalId":false,"isSfIdLookup":false,"isNullable":true,"isUnique":false,"isCreateable":false,"isUpdateable":true,"isFilterable":true,"isCalculated":false,"showLabel":false,"naturalOrder":0,"typeConfigFields":[],"linkedFields":["DestFileDir"],"relatedInfos":[],"references":[]},"expression":"DestFileDir"},{"@type":"fieldMap","id":"339548","targetField":{"@type":"field","id":767130,"name":"PatternFlag","type":"int","uniqueName":"PatternFlag","label":"PatternFlag","parentObject":"SFTP_GET_2022_11_18_6.csv","pcType":"INT","precision":10,"scale":0,"columnIndex":2,"isKey":false,"isWaterMarkKey":false,"isExternalId":false,"isSfIdLookup":false,"isNullable":true,"isUnique":false,"isCreateable":false,"isUpdateable":true,"isFilterable":true,"isCalculated":false,"showLabel":false,"naturalOrder":0,"typeConfigFields":[],"linkedFields":["PatternFlag"],"relatedInfos":[],"references":[]},"expression":"PatternFlag"},{"@type":"fieldMap","id":"339549","targetField":{"@type":"field","id":767131,"name":"SFTP_User_ID","type":"nstring","uniqueName":"SFTP_User_ID","label":"SFTP_User_ID","parentObject":"SFTP_GET_2022_11_18_6.csv","pcType":"UNISTRING","precision":256,"scale":0,"columnIndex":3,"isKey":false,"isWaterMarkKey":false,"isExternalId":false,"isSfIdLookup":false,"isNullable":true,"isUnique":false,"isCreateable":false,"isUpdateable":true,"isFilterable":true,"isCalculated":false,"showLabel":false,"naturalOrder":0,"typeConfigFields":[],"linkedFields":["SFTP_User_ID"],"relatedInfos":[],"references":[]},"expression":"SFTP_User_ID"},{"@type":"fieldMap","id":"339550","targetField":{"@type":"field","id":767132,"name":"SFTP_Port","type":"int","uniqueName":"SFTP_Port","label":"SFTP_Port","parentObject":"SFTP_GET_2022_11_18_6.csv","pcType":"INT","precision":10,"scale":0,"columnIndex":4,"isKey":false,"isWaterMarkKey":false,"isExternalId":false,"isSfIdLookup":false,"isNullable":true,"isUnique":false,"isCreateable":false,"isUpdateable":true,"isFilterable":true,"isCalculated":false,"showLabel":false,"naturalOrder":0,"typeConfigFields":[],"linkedFields":["SFTP_Port"],"relatedInfos":[],"references":[]},"expression":"SFTP_Port"},{"@type":"fieldMap","id":"339551","targetField":{"@type":"field","id":767133,"name":"SFTP_Password","type":"nstring","uniqueName":"SFTP_Password","label":"SFTP_Password","parentObject":"SFTP_GET_2022_11_18_6.csv","pcType":"UNISTRING","precision":256,"scale":0,"columnIndex":5,"isKey":false,"isWaterMarkKey":false,"isExternalId":false,"isSfIdLookup":false,"isNullable":true,"isUnique":false,"isCreateable":false,"isUpdateable":true,"isFilterable":true,"isCalculated":false,"showLabel":false,"naturalOrder":0,"typeConfigFields":[],"linkedFields":["SFTP_Password"],"relatedInfos":[],"references":[]},"expression":"SFTP_Password"},{"@type":"fieldMap","id":"339552","targetField":{"@type":"field","id":767134,"name":"SFTP_Hostname","type":"nstring","uniqueName":"SFTP_Hostname","label":"SFTP_Hostname","parentObject":"SFTP_GET_2022_11_18_6.csv","pcType":"UNISTRING","precision":256,"scale":0,"columnIndex":6,"isKey":false,"isWaterMarkKey":false,"isExternalId":false,"isSfIdLookup":false,"isNullable":true,"isUnique":false,"isCreateable":false,"isUpdateable":true,"isFilterable":true,"isCalculated":false,"showLabel":false,"naturalOrder":0,"typeConfigFields":[],"linkedFields":["SFTP_Hostname"],"relatedInfos":[],"references":[]},"expression":"SFTP_Hostname"},{"@type":"fieldMap","id":"339553","targetField":{"@type":"field","id":767135,"name":"SFTP_SSH2_KeyFile","type":"nstring","uniqueName":"SFTP_SSH2_KeyFile","label":"SFTP_SSH2_KeyFile","parentObject":"SFTP_GET_2022_11_18_6.csv","pcType":"UNISTRING","precision":256,"scale":0,"columnIndex":7,"isKey":false,"isWaterMarkKey":false,"isExternalId":false,"isSfIdLookup":false,"isNullable":true,"isUnique":false,"isCreateable":false,"isUpdateable":true,"isFilterable":true,"isCalculated":false,"showLabel":false,"naturalOrder":0,"typeConfigFields":[],"linkedFields":["SFTP_SSH2_KeyFile"],"relatedInfos":[],"references":[]},"expression":"SFTP_SSH2_KeyFile"},{"@type":"fieldMap","id":"339554","targetField":{"@type":"field","id":767136,"name":"FileName","type":"nstring","uniqueName":"FileName","label":"FileName","parentObject":"SFTP_GET_2022_11_18_6.csv","pcType":"UNISTRING","precision":256,"scale":0,"columnIndex":8,"isKey":false,"isWaterMarkKey":false,"isExternalId":false,"isSfIdLookup":false,"isNullable":true,"isUnique":false,"isCreateable":false,"isUpdateable":true,"isFilterable":true,"isCalculated":false,"showLabel":false,"naturalOrder":0,"typeConfigFields":[],"linkedFields":["FileName"],"relatedInfos":[],"references":[]},"expression":"FileName"},{"@type":"fieldMap","id":"339555","targetField":{"@type":"field","id":767137,"name":"SFTP_Status","type":"int","uniqueName":"SFTP_Status","label":"SFTP_Status","parentObject":"SFTP_GET_2022_11_18_6.csv","pcType":"INT","precision":10,"scale":0,"columnIndex":9,"isKey":false,"isWaterMarkKey":false,"isExternalId":false,"isSfIdLookup":false,"isNullable":true,"isUnique":false,"isCreateable":false,"isUpdateable":true,"isFilterable":true,"isCalculated":false,"showLabel":false,"naturalOrder":0,"typeConfigFields":[],"linkedFields":["SFTP_Status"],"relatedInfos":[],"references":[]},"expression":"SFTP_Status"},{"@type":"fieldMap","id":"339556","targetField":{"@type":"field","id":767138,"name":"LastModDate","type":"datetime","uniqueName":"LastModDate","label":"LastModDate","parentObject":"SFTP_GET_2022_11_18_6.csv","pcType":"DATE","precision":19,"scale":0,"columnIndex":10,"isKey":false,"isWaterMarkKey":false,"isExternalId":false,"isSfIdLookup":false,"isNullable":true,"isUnique":false,"isCreateable":false,"isUpdateable":true,"isFilterable":true,"isCalculated":false,"showLabel":false,"naturalOrder":0,"typeConfigFields":[],"linkedFields":["LastModDate"],"relatedInfos":[],"references":[]},"expression":"LastModDate"},{"@type":"fieldMap","id":"339557","targetField":{"@type":"field","id":767139,"name":"Delete_Source","type":"int","uniqueName":"Delete_Source","label":"Delete_Source","parentObject":"SFTP_GET_2022_11_18_6.csv","pcType":"INT","precision":10,"scale":0,"columnIndex":11,"isKey":false,"isWaterMarkKey":false,"isExternalId":false,"isSfIdLookup":false,"isNullable":true,"isUnique":false,"isCreateable":false,"isUpdateable":true,"isFilterable":true,"isCalculated":false,"showLabel":false,"naturalOrder":0,"typeConfigFields":[],"linkedFields":["Delete_Source"],"relatedInfos":[],"references":[]},"expression":"Delete_Source"},{"@type":"fieldMap","id":"339558","targetField":{"@type":"field","id":767140,"name":"Guaranteed_Delivery","type":"int","uniqueName":"Guaranteed_Delivery","label":"Guaranteed_Delivery","parentObject":"SFTP_GET_2022_11_18_6.csv","pcType":"INT","precision":10,"scale":0,"columnIndex":12,"isKey":false,"isWaterMarkKey":false,"isExternalId":false,"isSfIdLookup":false,"isNullable":true,"isUnique":false,"isCreateable":false,"isUpdateable":true,"isFilterable":true,"isCalculated":false,"showLabel":false,"naturalOrder":0,"typeConfigFields":[],"linkedFields":["Guaranteed_Delivery"],"relatedInfos":[],"references":[]},"expression":"Guaranteed_Delivery"},{"@type":"fieldMap","id":"339559","targetField":{"@type":"field","id":767141,"name":"SFTP_PassPhrase","type":"nstring","uniqueName":"SFTP_PassPhrase","label":"SFTP_PassPhrase","parentObject":"SFTP_GET_2022_11_18_6.csv","pcType":"UNISTRING","precision":256,"scale":0,"columnIndex":13,"isKey":false,"isWaterMarkKey":false,"isExternalId":false,"isSfIdLookup":false,"isNullable":true,"isUnique":false,"isCreateable":false,"isUpdateable":true,"isFilterable":true,"isCalculated":false,"showLabel":false,"naturalOrder":0,"typeConfigFields":[],"linkedFields":["SFTP_PassPhrase"],"relatedInfos":[],"references":[]},"expression":"SFTP_PassPhrase"},{"@type":"fieldMap","id":"339560","targetField":{"@type":"field","id":767142,"name":"Is_IBM_AS400","type":"int","uniqueName":"Is_IBM_AS400","label":"Is_IBM_AS400","parentObject":"SFTP_GET_2022_11_18_6.csv","pcType":"INT","precision":10,"scale":0,"columnIndex":14,"isKey":false,"isWaterMarkKey":false,"isExternalId":false,"isSfIdLookup":false,"isNullable":true,"isUnique":false,"isCreateable":false,"isUpdateable":true,"isFilterable":true,"isCalculated":false,"showLabel":false,"naturalOrder":0,"typeConfigFields":[],"linkedFields":["Is_IBM_AS400"],"relatedInfos":[],"references":[]},"expression":"Is_IBM_AS400"}],"sourceFields":[{"@type":"field","id":767083,"name":"SourceFileDir","type":"string","uniqueName":"SourceFileDir","label":"SourceFileDir","parentObject":"SFTP_GET","pcType":"NSTRING","precision":256,"scale":256,"columnIndex":-1,"isKey":false,"isWaterMarkKey":false,"isExternalId":false,"isSfIdLookup":false,"isNullable":true,"isUnique":false,"isCreateable":false,"isUpdateable":true,"isFilterable":false,"isCalculated":false,"javaType":"java.lang.String","showLabel":false,"naturalOrder":0,"typeConfigFields":[],"linkedFields":["SourceFileDir"],"relatedInfos":[],"references":[]},{"@type":"field","id":767084,"name":"DestFileDir","type":"string","uniqueName":"DestFileDir","label":"DestFileDir","parentObject":"SFTP_GET","pcType":"NSTRING","precision":256,"scale":256,"columnIndex":-1,"isKey":false,"isWaterMarkKey":false,"isExternalId":false,"isSfIdLookup":false,"isNullable":true,"isUnique":false,"isCreateable":false,"isUpdateable":true,"isFilterable":false,"isCalculated":false,"javaType":"java.lang.String","showLabel":false,"naturalOrder":1,"typeConfigFields":[],"linkedFields":["DestFileDir"],"relatedInfos":[],"references":[]},{"@type":"field","id":767085,"name":"PatternFlag","type":"boolean","uniqueName":"PatternFlag","label":"PatternFlag","parentObject":"SFTP_GET","pcType":"SMALL_INTEGER","precision":10,"scale":10,"columnIndex":-1,"isKey":false,"isWaterMarkKey":false,"isExternalId":false,"isSfIdLookup":false,"isNullable":true,"isUnique":false,"isCreateable":false,"isUpdateable":true,"isFilterable":false,"isCalculated":false,"javaType":"java.lang.Boolean","showLabel":false,"naturalOrder":2,"typeConfigFields":[],"linkedFields":["PatternFlag"],"relatedInfos":[],"references":[]},{"@type":"field","id":767086,"name":"SFTP_User_ID","type":"string","uniqueName":"SFTP_User_ID","label":"SFTP_User_ID","parentObject":"SFTP_GET","pcType":"NSTRING","precision":256,"scale":256,"columnIndex":-1,"isKey":false,"isWaterMarkKey":false,"isExternalId":false,"isSfIdLookup":false,"isNullable":true,"isUnique":false,"isCreateable":false,"isUpdateable":true,"isFilterable":true,"isCalculated":false,"javaType":"java.lang.String","showLabel":false,"naturalOrder":3,"typeConfigFields":[],"linkedFields":["SFTP_User_ID"],"relatedInfos":[],"references":[]},{"@type":"field","id":767087,"name":"SFTP_Port","type":"integer","uniqueName":"SFTP_Port","label":"SFTP_Port","parentObject":"SFTP_GET","pcType":"INTEGER","precision":10,"scale":10,"columnIndex":-1,"isKey":false,"isWaterMarkKey":false,"isExternalId":false,"isSfIdLookup":false,"isNullable":true,"isUnique":false,"isCreateable":false,"isUpdateable":true,"isFilterable":true,"isCalculated":false,"javaType":"java.lang.Integer","showLabel":false,"naturalOrder":4,"typeConfigFields":[],"linkedFields":["SFTP_Port"],"relatedInfos":[],"references":[]},{"@type":"field","id":767088,"name":"SFTP_Password","type":"string","uniqueName":"SFTP_Password","label":"SFTP_Password","parentObject":"SFTP_GET","pcType":"NSTRING","precision":256,"scale":256,"columnIndex":-1,"isKey":false,"isWaterMarkKey":false,"isExternalId":false,"isSfIdLookup":false,"isNullable":true,"isUnique":false,"isCreateable":false,"isUpdateable":true,"isFilterable":true,"isCalculated":false,"javaType":"java.lang.String","showLabel":false,"naturalOrder":5,"typeConfigFields":[],"linkedFields":["SFTP_Password"],"relatedInfos":[],"references":[]},{"@type":"field","id":767089,"name":"SFTP_Hostname","type":"string","uniqueName":"SFTP_Hostname","label":"SFTP_Hostname","parentObject":"SFTP_GET","pcType":"NSTRING","precision":256,"scale":256,"columnIndex":-1,"isKey":false,"isWaterMarkKey":false,"isExternalId":false,"isSfIdLookup":false,"isNullable":true,"isUnique":false,"isCreateable":false,"isUpdateable":true,"isFilterable":true,"isCalculated":false,"javaType":"java.lang.String","showLabel":false,"naturalOrder":6,"typeConfigFields":[],"linkedFields":["SFTP_Hostname"],"relatedInfos":[],"references":[]},{"@type":"field","id":767090,"name":"SFTP_SSH2_KeyFile","type":"string","uniqueName":"SFTP_SSH2_KeyFile","label":"SFTP_SSH2_KeyFile","parentObject":"SFTP_GET","pcType":"NSTRING","precision":256,"scale":256,"columnIndex":-1,"isKey":false,"isWaterMarkKey":false,"isExternalId":false,"isSfIdLookup":false,"isNullable":true,"isUnique":false,"isCreateable":false,"isUpdateable":true,"isFilterable":true,"isCalculated":false,"javaType":"java.lang.String","showLabel":false,"naturalOrder":7,"typeConfigFields":[],"linkedFields":["SFTP_SSH2_KeyFile"],"relatedInfos":[],"references":[]},{"@type":"field","id":767091,"name":"FileName","type":"string","uniqueName":"FileName","label":"FileName","parentObject":"SFTP_GET","pcType":"NSTRING","precision":256,"scale":256,"columnIndex":-1,"isKey":false,"isWaterMarkKey":false,"isExternalId":false,"isSfIdLookup":false,"isNullable":true,"isUnique":false,"isCreateable":false,"isUpdateable":true,"isFilterable":true,"isCalculated":false,"javaType":"java.lang.String","showLabel":false,"naturalOrder":8,"typeConfigFields":[],"linkedFields":["FileName"],"relatedInfos":[],"references":[]},{"@type":"field","id":767092,"name":"SFTP_Status","type":"boolean","uniqueName":"SFTP_Status","label":"SFTP_Status","parentObject":"SFTP_GET","pcType":"SMALL_INTEGER","precision":10,"scale":10,"columnIndex":-1,"isKey":false,"isWaterMarkKey":false,"isExternalId":false,"isSfIdLookup":false,"isNullable":true,"isUnique":false,"isCreateable":false,"isUpdateable":true,"isFilterable":false,"isCalculated":false,"javaType":"java.lang.Boolean","showLabel":false,"naturalOrder":9,"typeConfigFields":[],"linkedFields":["SFTP_Status"],"relatedInfos":[],"references":[]},{"@type":"field","id":767093,"name":"LastModDate","type":"datetime","uniqueName":"LastModDate","label":"LastModDate","parentObject":"SFTP_GET","pcType":"TOOLKIT_DATETIME","precision":26,"scale":26,"columnIndex":-1,"isKey":false,"isWaterMarkKey":false,"isExternalId":false,"isSfIdLookup":false,"isNullable":true,"isUnique":false,"isCreateable":false,"isUpdateable":true,"isFilterable":true,"isCalculated":false,"javaType":"java.sql.Timestamp","showLabel":false,"naturalOrder":10,"typeConfigFields":[],"linkedFields":["LastModDate"],"relatedInfos":[],"references":[]},{"@type":"field","id":767094,"name":"Delete_Source","type":"boolean","uniqueName":"Delete_Source","label":"Delete_Source","parentObject":"SFTP_GET","pcType":"SMALL_INTEGER","precision":10,"scale":10,"columnIndex":-1,"isKey":false,"isWaterMarkKey":false,"isExternalId":false,"isSfIdLookup":false,"isNullable":true,"isUnique":false,"isCreateable":false,"isUpdateable":true,"isFilterable":true,"isCalculated":false,"javaType":"java.lang.Boolean","showLabel":false,"naturalOrder":11,"typeConfigFields":[],"linkedFields":["Delete_Source"],"relatedInfos":[],"references":[]},{"@type":"field","id":767095,"name":"Guaranteed_Delivery","type":"boolean","uniqueName":"Guaranteed_Delivery","label":"Guaranteed_Delivery","parentObject":"SFTP_GET","pcType":"SMALL_INTEGER","precision":10,"scale":10,"columnIndex":-1,"isKey":false,"isWaterMarkKey":false,"isExternalId":false,"isSfIdLookup":false,"isNullable":true,"isUnique":false,"isCreateable":false,"isUpdateable":true,"isFilterable":true,"isCalculated":false,"javaType":"java.lang.Boolean","showLabel":false,"naturalOrder":12,"typeConfigFields":[],"linkedFields":["Guaranteed_Delivery"],"relatedInfos":[],"references":[]},{"@type":"field","id":767096,"name":"SFTP_PassPhrase","type":"string","uniqueName":"SFTP_PassPhrase","label":"SFTP_PassPhrase","parentObject":"SFTP_GET","pcType":"NSTRING","precision":256,"scale":256,"columnIndex":-1,"isKey":false,"isWaterMarkKey":false,"isExternalId":false,"isSfIdLookup":false,"isNullable":true,"isUnique":false,"isCreateable":false,"isUpdateable":true,"isFilterable":true,"isCalculated":false,"javaType":"java.lang.String","showLabel":false,"naturalOrder":13,"typeConfigFields":[],"linkedFields":["SFTP_PassPhrase"],"relatedInfos":[],"references":[]},{"@type":"field","id":767097,"name":"Is_IBM_AS400","type":"boolean","uniqueName":"Is_IBM_AS400","label":"Is_IBM_AS400","parentObject":"SFTP_GET","pcType":"SMALL_INTEGER","precision":10,"scale":10,"columnIndex":-1,"isKey":false,"isWaterMarkKey":false,"isExternalId":false,"isSfIdLookup":false,"isNullable":true,"isUnique":false,"isCreateable":false,"isUpdateable":true,"isFilterable":true,"isCalculated":false,"javaType":"java.lang.Boolean","showLabel":false,"naturalOrder":14,"typeConfigFields":[],"linkedFields":["Is_IBM_AS400"],"relatedInfos":[],"references":[]}],"sortFields":[],"groupFields":[]}]