[{"@type":"workflow","id":"@1","name":"tf_JSON_Solution","maxLogs":10,"references":[{"@type":"reference","refObjectId":"@3GhtFPQhMKolirHCoHZpQq","refType":"mtTask"},{"@type":"reference","refObjectId":"@aZWzsJ70XeegWjMQais76e","refType":"mtTask"},{"@type":"reference","refObjectId":"@4f65S5zKVStbYSJaNaX58X","refType":"mtTask"}],"tasks":[{"@type":"workflowTask","taskId":"@3GhtFPQhMKolirHCoHZpQq","type":"MTT","name":"mt_Json_Solution","stopOnError":false,"stopOnWarning":false},{"@type":"workflowTask","taskId":"@aZWzsJ70XeegWjMQais76e","type":"MTT","name":"mt_Json_Solution_bwb","stopOnError":false,"stopOnWarning":false},{"@type":"workflowTask","taskId":"@4f65S5zKVStbYSJaNaX58X","type":"MTT","name":"mt_Json_Solution_M365","stopOnError":false,"stopOnWarning":false}]}]