[{"@type":"mtTask","id":"@1","name":"mt_stg_ebs_pc_device_addon_sync_1","description":"","runtimeEnvironmentId":"@cUgvxjP6z42j5o2aizvbUV","maxLogs":10,"verbose":false,"mappingId":"@gqj676gGMyvb5fWCHUpFaQ","frsGuid":"8cd8cgjin1Ui2AfhhOOdQI","shortDescription":"","sessionPropertiesList":[],"enableCrossSchemaPushdown":true,"enableParallelRun":false,"autoTunedApplied":false,"autoTunedAppliedType":"NONE","schemaMode":"async","valid":true,"schemaValidationErrorCount":-1,"parameterFileEncoding":"UTF-8","serverlessProperties":{},"taskProperties":[{"@type":"taskProperty","name":"parameterFileDir","currentValue":"","type":"STRING","label":"label.parameterFileDir","required":false},{"@type":"taskProperty","name":"parameterFileName","currentValue":"","type":"STRING","label":"label.parameterFileName","required":false}],"parameters":[{"@type":"mtTaskParameter","id":1334355,"name":"$src_ebs_device_addon$","type":"SOURCE","label":"src_ebs_device_addon","uiProperties":{"connectionParameterized":"false","isSelectDistinct":"false","objectParameterized":"false","visible":"false","originalPath":"src_ebs_device_addon"},"sourceConnectionId":"@gbEqHgig3UYgrJMzU4lVau","sourceObject":"DUMMY_src_ebs_device_addon","newFlatFile":false,"newObject":false,"showBusinessNames":false,"naturalOrder":true,"truncateTarget":false,"bulkApiDBTarget":false,"customFuncCfg":{"@type":"customFuncConfig","id":-1,"connections":[],"inputMap":[],"outputFields":[]},"targetRefsV2":{},"targetUpdateColumns":[],"runtimeAttrs":{},"isRESTModernSource":true,"customQuery":"SELECT DISTINCT\n\nstg_ebs_device_service.DEVICE_MODEL \t\t\t\tAS Name,\nstg_ebs_device_service.DEVICE_MODEL \t\t\t\tAS cscfga__Description__c,\nstg_ebs_device_service.OTC_SALES_PRICE \t\t\t\tAS cscfga__total_contract_value__c,\nstg_ebs_device_service.OTC_SALES_PRICE \t\t\t\tAS cscfga__unit_one_off_charge__c,\nstg_ebs_device_service.MRC_SALES_PRICE \t\t\t\tAS cscfga__unit_recurring_charge__c,\nstg_ebs_device_service.OTC_SALES_PRICE \t\t\t\tAS cscfga__One_Off_Charge__c,\nstg_ebs_device_service.MRC_SALES_PRICE \t\t\t\tAS cscfga__Recurring_Charge__c,\nstg_ebs_device_service.OTC_LIST_PRICE \t\t\t\tAS csdiscounts__One_off_non_discounted__c,\nstg_ebs_device_service.offer_name \t\t\t\t\tAS offer_name,\nstg_ebs_device_service.PROD_ID \t\t\t\t\t\tAS indep_prod_id,\nstg_ebs_device_service.subs_goods_inst_id \t\t\tAS Legacy_Id__c,\nstg_ebs_device_service.cust_id,\nstg_ebs_device_service.acct_id,\nstg_ebs_device_service.owned_by \t\t\t\t\tAS Equipment_Owned_By__c,\nstg_ebs_device_service.pw_mgmt \t\t\t\t\t\tAS Password_Managed_By__c,\nstg_ebs_device_service.OTC_SALES_PRICE \t\t\t\tAS cscfga__total_one_off_charge__c,\nstg_ebs_device_service.MRC_SALES_PRICE \t\t\t\tAS cscfga__total_recurring_charge__c,\nstg_ebs_device_service.OTC_SALES_PRICE \t\t\t\tAS cscfga__Unit_Price__c,\nstg_ebs_device_service.goods_type                   AS goods_type,\n\nSTG_EBS_MAIN_SERVICE_2.SF_PRODUCT_BASKET_ID \t\tAS cscfga__Product_Basket__c,\nSTG_EBS_MAIN_SERVICE_2.SF_SOLUTION_ID \t\t\t\tAS csordtelcoa__Solution__c,\nSTG_EBS_MAIN_SERVICE_2.SF_SOLUTION_ID \t\t\t\tAS Original_Solution_Id__c,\n\n'Valid' \t\t\t\t\t\t\t\t\t\t\tAS cscfga__Configuration_Status__c,\n'SFDC Database only' \t\t\t\t\t\t\t\tas cscfga__source_of_truth_location__c,\n'Delivery' as Delivery_Mode__c,\n\n1 \t\t\t\t\t\t\t\t\t\t\t\t\tas cscfga__Quantity__c,\n0 \t\t\t\t\t\t\t\t\t\t\t\t\tas cspl__Month_Term__c,\nTRUE \t\t\t\t\t\t\t\t\t\t\t\tas CPQ_Applied_ML_Discount__c,\nFALSE \t\t\t\t\t\t\t\t\t\t\t\tas csordtelcoa__Ignore_For_Order_Decomposition__c,\n\nCASE WHEN stg_ebs_device_service.PROD_TYPE = 'Mobile' THEN 1 \t\t\tELSE NULL \t\t\tEND \tAS cscfga__Recurrence_Frequency__c,\nCASE WHEN stg_ebs_device_service.PROD_TYPE = 'Mobile' THEN 0 \t\t\tELSE NULL \t\t\tEND \tAS cscfga__one_off_charge_line_discount_value__c,\nCASE WHEN stg_ebs_device_service.PROD_TYPE = 'Mobile' THEN 0 \t\t\tELSE NULL \t\t\tEND \tAS cscfga__one_off_charge_product_discount_value__c,\nCASE WHEN stg_ebs_device_service.PROD_TYPE = 'Mobile' THEN 'Replace' \tELSE NULL \t\t\tEND \tAS cscfga__parent_discount__c,\nCASE WHEN stg_ebs_device_service.PROD_TYPE = 'Mobile' THEN 'Current' \tELSE NULL \t\t\tEND \tAS cscfga__pricing_status__c,\nCASE WHEN stg_ebs_device_service.PROD_TYPE = 'Mobile' THEN 'Replace' \tELSE NULL \t\t\tEND \tAS cscfga__product_discount__c,\nCASE WHEN stg_ebs_device_service.PROD_TYPE = 'Mobile' THEN 0 \t\t\tELSE NULL \t\t\tEND \tAS cscfga__recurring_charge_line_discount_value__c,\nCASE WHEN stg_ebs_device_service.PROD_TYPE = 'Mobile' THEN 0 \t\t\tELSE NULL \t\t\tEND \tAS cscfga__recurring_charge_product_discount_value__c,\nCASE WHEN stg_ebs_device_service.PROD_TYPE = 'Mobile' THEN FALSE \t\tELSE TRUE \t\t\tEND \tAS IsMainConfiguration__c,\nCASE WHEN stg_ebs_device_service.PROD_TYPE = 'Mobile' THEN 0 \t\t\tELSE NULL \t\t\tEND \tAS Total_List_Price_Recurring__c,\nCASE WHEN stg_ebs_device_service.prod_State = 'A' \t  THEN 'New' \t\tELSE 'Terminate' \tEND \tAS CPQ_Order_Type__c,\nCASE WHEN stg_ebs_device_service.PROD_TYPE = 'EW' \t  THEN STG_EBS_MAIN_SERVICE_2.AGREEMENT_LIMIT ELSE NULL END AS Contract_Term__c,\n\n--'Monthly' \t\t\t\t\t\t\t\t\t\tAS Bill_Frequency__c,\n--STG_EBS_MAIN_SERVICE_2.activation_date  \t\t\tAS RFS_Date__c,\n--STG_EBS_MAIN_SERVICE_2.product_definition_id \t\tAS cscfga__Product_Definition__c,\n--STG_EBS_MAIN_SERVICE_2.product_definition_name \tAS cscfga__Product_Family__c,\n--STG_EBS_MAIN_SERVICE_2.commercial_product_id \t\tAS Commercial_Product__c,\n--STG_EBS_MAIN_SERVICE_2.order_termination_reason \tAS Termination_Reason__c,\n--stg_ebs_sim_card.sim_type \t\t\t\t\t\tAS SIM_Card_Type__c,\nFALSE \t\t\t\t\t\t\t\t\t\t\tAS Activate_SIM__c,\nFALSE \t\t\t\t\t\t\t\t\t\t\tAS PortIn_Indicator__c\n\n--'TBD' AS Promo_Code__c,\n--'TBD' AS Line_Type__c\n\nFROM ods_stage_source.stg_ebs_device_service\nLEFT JOIN ods_stage_source.STG_EBS_MAIN_SERVICE_2 ON CAST(stg_ebs_device_service.PROD_ID as varchar) = CAST(STG_EBS_MAIN_SERVICE_2.PROD_ID as varchar)\n\nwhere goods_type='Accessories' \nAND stg_ebs_device_service.DEVICE_MODEL  LIKE  '%APPLE%CARE%'","isFileList":false,"handleSpecialChars":false,"handleDecimalRoundOff":false,"frsAsset":false,"dynamicFileName":false,"excludeDynamicFileNameField":false,"currentlyProcessedFileName":false,"retainFieldMetadata":false,"objectName":"DUMMY_src_ebs_device_addon","useExactSrcNames":false,"tgtObjectAttributes":{},"runtimeParameterData":{"@type":"mtTaskRuntimeParameterData","isConnectionRuntimeParameter":false,"isObjectRuntimeParameter":false},"overridableProperties":[],"overriddenFields":[]},{"@type":"mtTaskParameter","id":1334356,"name":"$tgt_sf_pc_device$","type":"TARGET","label":"tgt_sf_pc_device","uiProperties":{"connectionParameterized":"false","objectParameterized":"false","visible":"false","defaultTargetUpdateColumns":"","supportApplyDDLChanges":"false","originalPath":"tgt_sf_pc_device"},"targetConnectionId":"@gbEqHgig3UYgrJMzU4lVau","targetObject":"ods_stage_source/TABLE/tgt_sf_pc","targetObjectLabel":"tgt_sf_pc","newFlatFile":false,"newObject":false,"showBusinessNames":false,"naturalOrder":true,"truncateTarget":false,"bulkApiDBTarget":false,"operationType":"Insert","customFuncCfg":{"@type":"customFuncConfig","id":-1,"connections":[],"inputMap":[],"outputFields":[]},"targetRefsV2":{},"targetUpdateColumns":[],"extendedObject":{"@type":"extendedObject","singleMode":true,"filters":[],"sortFields":[]},"runtimeAttrs":{},"isRESTModernSource":true,"isFileList":false,"handleSpecialChars":false,"handleDecimalRoundOff":false,"frsAsset":false,"dynamicFileName":false,"excludeDynamicFileNameField":false,"currentlyProcessedFileName":false,"retainFieldMetadata":false,"objectName":"ods_stage_source/TABLE/tgt_sf_pc","objectLabel":"tgt_sf_pc","useExactSrcNames":false,"tgtObjectAttributes":{},"runtimeParameterData":{"@type":"mtTaskRuntimeParameterData","isConnectionRuntimeParameter":false,"isObjectRuntimeParameter":false},"overridableProperties":[],"overriddenFields":[]}],"sequences":[],"inOutParameters":[],"connRuntimeAttrs":[]}]