[{"@type":"mappingTemplate","id":"@1","name":"m_rep_cspmb__Price_Item__c","description":"","bundleVersion":"0","assetFrsGuid":"8quzhIju4k6kZScNxm6Re6","templateId":"@3","deployTime":1735046247000,"hasParameters":false,"valid":true,"fixedConnection":true,"hasParametersDeployed":false,"fixedConnectionDeployed":true,"isSchemaValidationEnabled":false,"tasks":1,"mappingPreviewFileRecordId":"@2","documentType":"MAPPING","references":[{"@type":"reference","refObjectId":"@0aa38HfbIjadqoKlbnU14y","refType":"connection"},{"@type":"reference","refObjectId":"@2pzkdnOGuGpiqnKtNRkpw3","refType":"connection"}]}]