[{"@type":"mtTask","id":"@1","name":"mt_stg_ebs_addon_service","description":"","runtimeEnvironmentId":"@cUgvxjP6z42j5o2aizvbUV","maxLogs":10,"verbose":false,"mappingId":"@boAumaiqYsjjSwMuVSmu4A","frsGuid":"95Ttp8JWzNNblTzTP04AUu","shortDescription":"","sessionPropertiesList":[{"name":"Allow Temporary Sequence for Pushdown","value":"NO","recommended":false},{"name":"Allow Temporary View for Pushdown","value":"NO","recommended":false},{"name":"Pushdown Optimization","value":"None","recommended":false},{"name":"Pushdown Optimization Context","value":"None","recommended":false},{"name":"Run Only In Pushdown Mode","value":"NO","recommended":false}],"enableCrossSchemaPushdown":true,"enableParallelRun":false,"autoTunedApplied":false,"autoTunedAppliedType":"NONE","paramFileType":"PARAM_FILE_LOCAL","schemaMode":"async","valid":true,"schemaValidationErrorCount":-1,"parameterFileEncoding":"UTF-8","serverlessProperties":{},"taskProperties":[{"@type":"taskProperty","name":"parameterFileDir","currentValue":"","type":"STRING","label":"label.parameterFileDir","required":false},{"@type":"taskProperty","name":"parameterFileName","currentValue":"","type":"STRING","label":"label.parameterFileName","required":false}],"parameters":[{"@type":"mtTaskParameter","id":1334447,"name":"$src_addon$","type":"SOURCE","label":"src_addon","uiProperties":{"connectionParameterized":"false","isSelectDistinct":"false","objectParameterized":"false","visible":"false","originalPath":"src_addon"},"sourceConnectionId":"@0aa38HfbIjadqoKlbnU14y","sourceObject":"DUMMY_src_addon","newFlatFile":false,"newObject":false,"showBusinessNames":false,"naturalOrder":true,"truncateTarget":false,"bulkApiDBTarget":false,"customFuncCfg":{"@type":"customFuncConfig","id":-1,"connections":[],"inputMap":[],"outputFields":[]},"targetRefsV2":{},"targetUpdateColumns":[],"runtimeAttrs":{},"isRESTModernSource":true,"customQuery":"WITH PRD AS (SELECT P.*\n\t\t\t  FROM PROD P\n\t\t\t  JOIN STG_EBS_MAIN_SERVICE M \tON P.INDEP_PROD_ID = M.prod_id\n\t\t\t  WHERE M.PROD_TYPE = 'Mobile'\n\t\t\t  and (P.val_id IS NULL OR P.val_id ='') -- Data Validation Checking \n)\n\nselect p.PROD_ID\n\t  ,p.COMPLETED_DATE\n\t  ,COALESCE(PROD_STATE.PROD_STATE_NAME,'NULL') \tAS Plan_PROD_STATE\n\t  ,p.INDEP_PROD_ID\n\t  ,p.PROD_STATE_DATE\n\t  ,p.UPDATE_DATE \t\t\t\t\tAS PROD_UPDATE_DATE\n\t  ,p.CREATED_DATE\n\t  ,p.STATE_DATE \t\t\t\t\tAS P_state_sate\n\t  ,p.PROD_EXP_DATE\n\t  ,p.AGREEMENT_EXP_DATE\n\t  ,p.AGREEMENT_EFF_DATE\n\t  ,p.AGREEMENT_TIME_UNIT\n\t  ,p.AGREEMENT_LIMIT\n\t  ,p.PROD_STATE\n\t  ,o_plan.OFFER_NAME \t\t\t\t\tAS SUBS_PLAN_OFFER_NAME\n\t  ,o.OFFER_ID\n\t  ,o.OFFER_TYPE\n\t  ,o.OFFER_NAME\n\t  ,o.OFFER_CODE\n\t  ,SUBS.SUBS_ID\n\t  ,SUBS.ACC_NBR\n\t  ,SUBS.ACCT_ID\n\t  ,SUBS.CUST_ID\n\t  ,SUBS.USER_ID\n\t  ,SUBS.UPDATE_DATE \t\t\t\tAS SUBS_UPDATE_DATE\n\t\t,CAST(e_mrc.std_value AS DECIMAL) \t\tAS MRC_LIST_PRICE\n\t\t,CAST(e_mrc.rate_precision AS INT)\t\tAS MRC_LIST_PRICE_PRECISION\n\t\t,CAST(e_otc.std_value AS DECIMAL)\t\tAS OTC_LIST_PRICE\n\t\t,CAST(e_otc.rate_precision AS INT)\t\tAS OTC_LIST_PRICE_PRECISION\n\t\t,CAST(quote_mrc.DEF_VALUE AS DECIMAL)\t\t\t\t \tAS MRC_QUOTE_LIST_PRICE\n\t\t,CAST(quote_mrc.STD_RATE_PRECISION AS INT)\t\t\t\tAS MRC_QUOTE_LIST_PRICE_PRECISION\n\t\t,CAST(quote_mrc.SALES_PRICE AS DECIMAL)\t\t\t\t \tAS MRC_QUOTE_SALES_PRICE\n\t\t,CAST(quote_mrc.SP_PRECISION AS INT)\t\t\t\t \tAS MRC_QUOTE_SALES_PRICE_PRECISION\n\t\t,CAST(quote_mrc.value AS DECIMAL) \t\t\t\t\t \tAS MRC_QUOTE_VALUE\n\t\t,CAST(quote_mrc.SP_PRECISION AS INT)\t\t\t\t \tAS MRC_QUOTE_VALUE_PRECISION\n\t\t,quote_mrc.val_type \t\t\t\t \t\t\t\t\tAS MRC_QUOTE_VAL_TYPE\n\t\t,CAST(quote_otc.DEF_VALUE AS DECIMAL)\t\t\t\t \tAS OTC_QUOTE_LIST_PRICE\n\t\t,CAST(quote_otc.STD_RATE_PRECISION AS INT)\t\t\t\tAS OTC_QUOTE_LIST_PRICE_PRECISION\n\t\t,CAST(quote_otc.SALES_PRICE AS DECIMAL)\t\t\t\t \tAS OTC_QUOTE_SALES_PRICE\n\t\t,CAST(quote_otc.SP_PRECISION AS INT)\t\t\t\t \tAS OTC_QUOTE_SALES_PRICE_PRECISION\n\t\t,CAST(quote_otc.value AS DECIMAL) \t\t\t\t\t \tAS OTC_QUOTE_VALUE\n\t\t,CAST(quote_otc.SP_PRECISION AS INT)\t\t\t\t \tAS OTC_QUOTE_VALUE_PRECISION\n\t\t,quote_otc.val_type \t\t\t\t \tAS OTC_QUOTE_VAL_TYPE\n\t\t,quote_mrc.contract_eff_date\t\t\tAS MRC_QUOTE_CONTRACT_EFF_DATE\n\t\t,quote_mrc.contract_exp_date\t\t\tAS MRC_QUOTE_CONTRACT_EXP_DATE\t\t\t\t\n\t\t,quote_otc.contract_eff_date\t\t\tAS OTC_QUOTE_CONTRACT_EFF_DATE\n\t\t,quote_otc.contract_exp_date\t\t\tAS OTC_QUOTE_CONTRACT_EXP_DATE\n\t\t,promo_mrc.VAL_type\t\t\t\t\t\tAS MRC_PROMO_VAL_TYPE\n\t\t,CAST(promo_mrc.VALUE AS DECIMAL) \t\t\t\t\t\tAS MRC_PROMO_VALUE\n\t\t,CAST(promo_mrc.rate_precision AS INT)\t\t\t\t\tAS MRC_PROMO_VALUE_PRECISION\n\t\t,CAST(promo_mrc.STD_VALUE AS DECIMAL)\t\t\t\t\tAS MRC_PROMO_LIST_PRICE\n\t\t,CAST(promo_mrc.STD_RATE_PRECISION AS INT) \t\t\t\tAS MRC_PROMO_LIST_PRICE_PRECISION\n\t\t,CAST(promo_mrc.SALES_PRICE AS DECIMAL)\t\t\t\t\tAS MRC_PROMO_SALES_PRICE\n\t\t,CAST(promo_mrc.SP_PRECISION AS INT)\t\t\t\t\tAS MRC_PROMO_SALES_PRICE_PRECISION\n\t\t,CAST(promo_mrc.DISCOUNT_AMT AS DECIMAL) \t\t\t\tAS MRC_PROMO_DISCOUNT_AMT\n\t\t,promo_otc.VAL_type\t\t\t\t\t\t\t\t\t\tAS OTC_PROMO_VAL_TYPE\n\t\t,CAST(promo_otc.VALUE AS DECIMAL) \t\t\t\t\t\tAS OTC_PROMO_VALUE\n\t\t,CAST(promo_otc.rate_precision AS INT)\t\t\t\t\tAS OTC_PROMO_VALUE_PRECISION\n\t\t,CAST(promo_otc.STD_VALUE AS DECIMAL)\t\t\t\t\tAS OTC_PROMO_LIST_PRICE\n\t\t,CAST(promo_otc.STD_RATE_PRECISION AS INT) \t\t\t\tAS OTC_PROMO_LIST_PRICE_PRECISION\n\t\t,CAST(promo_otc.SALES_PRICE AS DECIMAL)\t\t\t\t\tAS OTC_PROMO_SALES_PRICE\n\t\t,CAST(promo_otc.SP_PRECISION AS INT)\t\t\t\t\tAS OTC_PROMO_SALES_PRICE_PRECISION\t\t\n\t\t,CAST(promo_otc.DISCOUNT_AMT AS DECIMAL) \t\t\t\tAS OTC_PROMO_DISCOUNT_AMT\n\t\t,promo_mrc.contract_eff_date\t\t\tAS MRC_PROMO_CONTRACT_EFF_DATE\n\t\t,promo_mrc.contract_exp_date\t\t\tAS MRC_PROMO_CONTRACT_EXP_DATE\t\t\t\t\n\t\t,promo_otc.contract_eff_date\t\t\tAS OTC_PROMO_CONTRACT_EFF_DATE\n\t\t,promo_otc.contract_exp_date\t\t\tAS OTC_PROMO_CONTRACT_EXP_DATE\n--\t\t,promo_otc.promocode \t\t\t\t\tAS PROMOCODE\n\t  ,BFM_STAFF.STAFF_NAME\n,ACCT.sf_id \t\t\t\t\t\tAS SF_CUST_ID\n,BILL_ACCOUNT.sf_id\t\t\t\t\tAS SF_ACCT_ID\n\nFROM PRD \tp\nLEFT JOIN OFFER o \t\t\t\tON p.OFFER_ID = o.OFFER_ID  \nLEFT JOIN PROD p_plan \t\t\tON p.INDEP_PROD_ID = p_plan.PROD_ID\nLEFT JOIN OFFER o_plan \t\tON p_plan.SUBS_PLAN_ID = o_plan.OFFER_ID\nLEFT JOIN SUBS \t\t\t\tON p.INDEP_PROD_ID = SUBS.SUBS_ID\nLEFT JOIN PROD_STATE\t\t\tON p.PROD_STATE = PROD_STATE.PROD_STATE\nLEFT JOIN entitlements e_mrc \tON o_plan.OFFER_NAME = e_mrc.OFFER_NAME and e_mrc.param_code = 'MRC'\nLEFT JOIN entitlements e_otc \tON o_plan.OFFER_NAME = e_otc.OFFER_NAME and e_otc.param_code = 'OTC'\nLEFT JOIN quotation quote_mrc \tON quote_mrc.SUBS_ID = p.INDEP_PROD_ID and quote_mrc.param_code = 'VAS' and cast(p.offer_id as varchar) = quote_mrc.zone_code and quote_mrc.col_name = 'MRC List Price' and quote_mrc.param_name <> 'Global-T-VAS-4G Smart VAS-Special' \nLEFT JOIN quotation quote_otc\tON quote_otc.SUBS_ID = p.INDEP_PROD_ID and quote_otc.param_code = 'VAS' and cast(p.offer_id as varchar) = quote_otc.zone_code and quote_otc.col_name = 'OTC List Price' and quote_otc.param_name <> 'Global-T-VAS-4G Smart VAS-Special' \nLEFT JOIN promotion promo_mrc \tON promo_mrc.SUBS_ID = p.INDEP_PROD_ID and promo_mrc.zone_code = cast(p.offer_id as varchar) and promo_mrc.col_name = 'MRC List Price'\nLEFT JOIN promotion promo_otc \tON promo_otc.SUBS_ID = p.INDEP_PROD_ID and promo_otc.zone_code = cast(p.offer_id as varchar) and promo_otc.col_name = 'OTC List Price'\nLEFT JOIN stg_sap_cust_account \t\t\t\tON CAST(SUBS.CUST_ID as varchar) = stg_sap_cust_account.customer_id\nLEFT JOIN ACCOUNT_MANAGER_CUST ON CAST(ACCOUNT_MANAGER_CUST.CUST_ID as varchar) = stg_sap_cust_account.customer_id \nLEFT JOIN BFM_STAFF \t\t\tON account_manager_cust.PARTY_CODE = cast (BFM_STAFF.STAFF_ID as varchar(100))\n\nLEFT JOIN sync_ebs_sap_account ACCT\n\tON ACCT.\"legacy_id\" = CAST(SUBS.cust_id  as varchar(100))\nLEFT JOIN sync_ebs_sap_billingaccount BILL_ACCOUNT\n\tON BILL_ACCOUNT.\"legacy_id\" = CAST(SUBS.acct_id  as varchar(100))","isFileList":false,"handleSpecialChars":false,"handleDecimalRoundOff":false,"frsAsset":false,"dynamicFileName":false,"excludeDynamicFileNameField":false,"currentlyProcessedFileName":false,"retainFieldMetadata":false,"objectName":"DUMMY_src_addon","useExactSrcNames":false,"tgtObjectAttributes":{},"runtimeParameterData":{"@type":"mtTaskRuntimeParameterData","isConnectionRuntimeParameter":false,"isObjectRuntimeParameter":false},"overridableProperties":[],"overriddenFields":[]},{"@type":"mtTaskParameter","id":1334448,"name":"$tgt_stg_ebs_addon_service$","type":"TARGET","label":"tgt_stg_ebs_addon_service","uiProperties":{"connectionParameterized":"false","objectParameterized":"false","visible":"false","defaultTargetUpdateColumns":"","supportApplyDDLChanges":"false","originalPath":"tgt_stg_ebs_addon_service"},"targetConnectionId":"@0aa38HfbIjadqoKlbnU14y","targetObject":"p1_dev/TABLE/stg_ebs_addon_service","targetObjectLabel":"stg_ebs_addon_service","newFlatFile":false,"newObject":false,"showBusinessNames":false,"naturalOrder":true,"truncateTarget":false,"bulkApiDBTarget":false,"operationType":"Insert","customFuncCfg":{"@type":"customFuncConfig","id":-1,"connections":[],"inputMap":[],"outputFields":[]},"targetRefsV2":{},"targetUpdateColumns":[],"extendedObject":{"@type":"extendedObject","singleMode":true,"filters":[],"sortFields":[]},"runtimeAttrs":{},"isRESTModernSource":true,"isFileList":false,"handleSpecialChars":false,"handleDecimalRoundOff":false,"frsAsset":false,"dynamicFileName":false,"excludeDynamicFileNameField":false,"currentlyProcessedFileName":false,"retainFieldMetadata":false,"objectName":"p1_dev/TABLE/stg_ebs_addon_service","objectLabel":"stg_ebs_addon_service","useExactSrcNames":false,"tgtObjectAttributes":{},"runtimeParameterData":{"@type":"mtTaskRuntimeParameterData","isConnectionRuntimeParameter":false,"isObjectRuntimeParameter":false},"overridableProperties":[],"overriddenFields":[]}],"sequences":[],"inOutParameters":[],"connRuntimeAttrs":[]}]