[{"@type":"mappingTemplate","id":"@1","name":"m_Json_Service_spec_M365","description":"","bundleVersion":"0","templateId":"@3","deployTime":1722339803000,"hasParameters":false,"valid":true,"fixedConnection":true,"hasParametersDeployed":false,"fixedConnectionDeployed":true,"isSchemaValidationEnabled":false,"tasks":1,"mappingPreviewFileRecordId":"@2","documentType":"MAPPING","references":[{"@type":"reference","refObjectId":"@0aa38HfbIjadqoKlbnU14y","refType":"connection"},{"@type":"reference","refObjectId":"@5HGAmkq1JXGetp7biB1skt","refType":"hschema"}]}]