[{"@type":"mappingTemplate","id":"@1","name":"m_stg_sync_ebs_sap_contact","description":"This loads contact data from stage area to sync area","bundleVersion":"0","templateId":"@3","deployTime":1673536033000,"hasParameters":false,"valid":true,"fixedConnection":true,"hasParametersDeployed":false,"fixedConnectionDeployed":true,"isSchemaValidationEnabled":false,"tasks":1,"mappingPreviewFileRecordId":"@2","documentType":"MAPPING","references":[{"@type":"reference","refObjectId":"@irZpk2lcq2Lh5v2PiTa4Q2","refType":"connection"}]}]