[{"@type":"mtTask","id":"@1","name":"mt_myr_main_service","description":"","runtimeEnvironmentId":"@cUgvxjP6z42j5o2aizvbUV","maxLogs":10,"verbose":false,"lastRunTime":1694422471000,"mappingId":"@bpzZelsxU8tgKY9Ffl7ygL","frsGuid":"4RQCuhTmzIyk76fZueSjAH","shortDescription":"","sessionPropertiesList":[],"enableCrossSchemaPushdown":true,"enableParallelRun":false,"autoTunedApplied":false,"autoTunedAppliedType":"NONE","schemaMode":"async","valid":true,"schemaValidationErrorCount":-1,"parameterFileEncoding":"UTF-8","serverlessProperties":{},"taskProperties":[{"@type":"taskProperty","name":"parameterFileDir","currentValue":"","type":"STRING","label":"label.parameterFileDir","required":false},{"@type":"taskProperty","name":"parameterFileName","currentValue":"","type":"STRING","label":"label.parameterFileName","required":false}],"parameters":[{"@type":"mtTaskParameter","id":1452574,"name":"$MR_GPON_MIGRATION$","type":"SOURCE","label":"MR_GPON_MIGRATION","uiProperties":{"connectionParameterized":"false","isSelectDistinct":"false","objectParameterized":"false","visible":"false","originalPath":"MR_GPON_MIGRATION"},"sourceConnectionId":"@4QRSN7FLoYhbpr47H7jUO9","sourceObject":"DUMMY_MR_GPON_MIGRATION","newFlatFile":false,"newObject":false,"showBusinessNames":false,"naturalOrder":true,"truncateTarget":false,"bulkApiDBTarget":false,"customFuncCfg":{"@type":"customFuncConfig","id":-1,"connections":[],"inputMap":[],"outputFields":[]},"targetRefsV2":{},"targetUpdateColumns":[],"runtimeAttrs":{},"isRESTModernSource":true,"customQuery":"WITH plan_name as (\nselect RSPCUSTOMERREF,concat(plan_type,' ',service_port_type) as plan_name\nFROM MR_GPON_MIGRATION\nWHERE OSS_SERVICE_PROFILE <> 'VOIP'\nAND (TP_NAME <> NULL OR TP_NAME <> '')\n),\ncharges as (\nselect price_item.Name,price_item.CPQ_product_code__c,Commercial_Product_Id__c,\nMAX(case when price_ele.cspmb__description__c = 'NLT Charge' then pricing_rule.cspmb__recurring_adjustment__c\nend) as NLT_Charge_MRC,\nMAX(case when price_ele.cspmb__description__c = 'StarHub Port MRC' then pricing_rule.cspmb__recurring_adjustment__c\nend) as StarHub_Port_MRC,\nMAX(case when price_ele.cspmb__description__c = 'NLT Charge' then pricing_rule.cspmb__one_off_adjustment__c\nend) as NLT_Charge_OTC,\nMAX(case when price_ele.cspmb__description__c = 'StarHub Port MRC' then pricing_rule.cspmb__one_off_adjustment__c\nend) as StarHub_Port_OTC\nfrom sf_cspmb__price_item__c price_item\nleft join sf_cspmb__pricing_element__c price_ele on price_ele.cspmb__commercial_product__c = price_item.id\nleft join sf_cspmb__Price_Item_Pricing_Rule_Association__c pricing_rule on pricing_rule.cspmb__pricing_element__c = price_ele.id \nleft join sf_cspmb__pricing_element_type__c price_ele_type on price_ele.cspmb__pricing_element_type__c = price_ele_type.id\nwhere price_item.Name like '%Resi%'\ngroup by price_item.Name,price_item.CPQ_product_code__c,Commercial_Product_Id__c\n),\n\nMain_Service as \n(\nSELECT\nMR_GPON_MIGRATION.RSPCUSTOMERREF\n,'New' AS ORDER_TYPE\n,PLAN_TYPE\n,BANDWIDTH\n,BANDWIDTH_TYPE\n,SERVICE_PROFILE\n,c_VLAN_ID\n,SERVICE_PORT_TYPE\n,ONU_TYPE_MODEL_D2_SH_TR69_OP\n,SERVICE_PORT\n,NO_SERVICE_PORT\n,ORI\n,TP_NAME\n,TP_COMPLETION_DATE\n,SH_NEW_SERVICE_ID\n,CO\n,DHCP_OPT\n,ONU_NAME\n,ONU_ID\n,REGISTRATION_ID\n,CONTRACT_TERM\n,rfs_date \t\tAS RFS_DATE\n,OSS_SERVICE_PROFILE\n,CONTRACT_END_DATE\n,to_char(to_date(cast(to_date(CONTRACT_END_DATE, 'DD/MM/YYYY')-cast(CONTRACT_TERM as int) * interval '1 month' as varchar),'yyyy/mm/dd'),'dd/mm/yyyy') as CONTRACT_START_DATE\n,EIR_UL \n,EIR_DL \n,AIR_UL \n,plan_name.plan_name\n,charges.nlt_charge_mrc as nlt_charge\n,charges.starhub_port_mrc as starhub_port_mrc\n,(cast(charges.nlt_charge_mrc as numeric) + cast(charges.starhub_port_mrc as numeric)) as total_mrc\n,(cast(charges.nlt_charge_otc as numeric) + cast(charges.starhub_port_otc as numeric)) as total_otc\n,(cast(charges.nlt_charge_mrc as numeric) + cast(charges.starhub_port_mrc as numeric)) * cast(CONTRACT_TERM as numeric) as total_price\n,charges.CPQ_product_code__c as CPQ_product_code__c\n,charges.Name as commercialProductId_Name\n,charges.Commercial_Product_Id__c AS Commercial_Product_Id__c\n,Postcode as siteAddressPostalCode\n,Building_Number as siteAddressBlockNumber\n,Street_Name as siteAddressStreetName\n,Floor_Unit as siteAddressFloorUnit\n,Salutation as endUserContactSalutation\n,First_Name as endUserContactFirstName\n,Last_Name as endUserContactLastName\n,contact_number_1 as endUserContactNumber1\n,Salutation as installationContactSalutation\n,First_Name as installationContactFirstName\n,Last_Name as installationContactLastName\n,contact_number_1 as installationContactNumber1\n\nFROM MR_GPON_MIGRATION\nleft join plan_name on plan_name.RSPCUSTOMERREF = MR_GPON_MIGRATION.RSPCUSTOMERREF\nleft join charges on charges.Name = plan_name.plan_name\nWHERE OSS_SERVICE_PROFILE <> 'VOIP'\nAND (TP_NAME <> NULL OR TP_NAME <> '')\nAND (val_id is null or val_id = '')\n)\nselect distinct * from Main_Service","isFileList":false,"handleSpecialChars":false,"handleDecimalRoundOff":false,"frsAsset":false,"dynamicFileName":false,"excludeDynamicFileNameField":false,"currentlyProcessedFileName":false,"retainFieldMetadata":false,"objectName":"DUMMY_MR_GPON_MIGRATION","useExactSrcNames":false,"tgtObjectAttributes":{},"runtimeParameterData":{"@type":"mtTaskRuntimeParameterData","isConnectionRuntimeParameter":false,"isObjectRuntimeParameter":false},"overridableProperties":[],"overriddenFields":[]},{"@type":"mtTaskParameter","id":1452575,"name":"$stg_myr_main_service$","type":"TARGET","label":"stg_myr_main_service","uiProperties":{"connectionParameterized":"false","objectParameterized":"false","visible":"false","defaultTargetUpdateColumns":"","supportApplyDDLChanges":"false","originalPath":"stg_myr_main_service"},"targetConnectionId":"@4QRSN7FLoYhbpr47H7jUO9","targetObject":"myr/TABLE/stg_myr_main_service","targetObjectLabel":"stg_myr_main_service","newFlatFile":false,"newObject":false,"showBusinessNames":false,"naturalOrder":true,"truncateTarget":false,"bulkApiDBTarget":false,"operationType":"Insert","customFuncCfg":{"@type":"customFuncConfig","id":-1,"connections":[],"inputMap":[],"outputFields":[]},"targetRefsV2":{},"targetUpdateColumns":[],"extendedObject":{"@type":"extendedObject","singleMode":true,"filters":[],"sortFields":[]},"runtimeAttrs":{},"isRESTModernSource":true,"isFileList":false,"handleSpecialChars":false,"handleDecimalRoundOff":false,"frsAsset":false,"dynamicFileName":false,"excludeDynamicFileNameField":false,"currentlyProcessedFileName":false,"retainFieldMetadata":false,"objectName":"myr/TABLE/stg_myr_main_service","objectLabel":"stg_myr_main_service","useExactSrcNames":false,"tgtObjectAttributes":{},"runtimeParameterData":{"@type":"mtTaskRuntimeParameterData","isConnectionRuntimeParameter":false,"isObjectRuntimeParameter":false},"overridableProperties":[],"overriddenFields":[]}],"sequences":[],"inOutParameters":[],"connRuntimeAttrs":[]}]