[{"@type":"mappingTemplate","id":"@1","name":"m_exeucte_sh_reconciliation_summary_OLD","description":"","bundleVersion":"0","assetFrsGuid":"0FnZWpgMHdQkmaWLD1Cd80","templateId":"@3","deployTime":1705457807000,"hasParameters":true,"valid":true,"fixedConnection":true,"hasParametersDeployed":true,"fixedConnectionDeployed":true,"isSchemaValidationEnabled":false,"tasks":2,"mappingPreviewFileRecordId":"@2","documentType":"MAPPING","references":[{"@type":"reference","refObjectId":"@0aa38HfbIjadqoKlbnU14y","refType":"connection"}]}]