[{"@type":"mtTask","id":"@1","name":"mt_stg_ebs_main_service_BWB","description":"","runtimeEnvironmentId":"@cUgvxjP6z42j5o2aizvbUV","maxLogs":10,"verbose":false,"mappingId":"@7ojXmJ5MTM7eXIISP1YSG9","frsGuid":"4Mx8yWDOswgeaQ2mcELEcn","shortDescription":"","sessionPropertiesList":[{"name":"Allow Temporary Sequence for Pushdown","value":"NO","recommended":false},{"name":"Allow Temporary View for Pushdown","value":"NO","recommended":false},{"name":"Pushdown Optimization","value":"None","recommended":false},{"name":"Pushdown Optimization Context","value":"None","recommended":false},{"name":"Run Only In Pushdown Mode","value":"NO","recommended":false}],"enableCrossSchemaPushdown":true,"enableParallelRun":false,"autoTunedApplied":false,"autoTunedAppliedType":"NONE","paramFileType":"PARAM_FILE_LOCAL","schemaMode":"async","valid":true,"schemaValidationErrorCount":-1,"parameterFileEncoding":"UTF-8","serverlessProperties":{},"taskProperties":[{"@type":"taskProperty","name":"parameterFileDir","currentValue":"","type":"STRING","label":"label.parameterFileDir","required":false},{"@type":"taskProperty","name":"parameterFileName","currentValue":"","type":"STRING","label":"label.parameterFileName","required":false}],"parameters":[{"@type":"mtTaskParameter","id":1333833,"name":"$Source$","type":"SOURCE","label":"Source","uiProperties":{"connectionParameterized":"false","isSelectDistinct":"false","objectParameterized":"false","visible":"false","originalPath":"Source"},"sourceConnectionId":"@0aa38HfbIjadqoKlbnU14y","sourceObject":"DUMMY_Source","newFlatFile":false,"newObject":false,"showBusinessNames":false,"naturalOrder":true,"truncateTarget":false,"bulkApiDBTarget":false,"customFuncCfg":{"@type":"customFuncConfig","id":-1,"connections":[],"inputMap":[],"outputFields":[]},"targetRefsV2":{},"targetUpdateColumns":[],"runtimeAttrs":{},"isRESTModernSource":true,"customQuery":"WITH ORD_ITM AS (SELECT ORDER_ITEM.SUBS_ID\n\t\t\t\t\t,MAX(ORDER_ITEM.ORDER_ITEM_ID) AS ORDER_ITEM_ID\n\t\t\t\tFROM ORDER_ITEM \n\t\t\t\tLEFT JOIN ORDER_REASON ON ORDER_ITEM.ORDER_REASON_ID = ORDER_REASON.ORDER_REASON_ID\n\t\t\t\twhere ORDER_ITEM.ORDER_REASON_ID IS NOT NULL\n\t\t\t\tand ORDER_ITEM.COMPLETED_DATE IS NOT NULL\n\t\t\t\tgroup by ORDER_ITEM.SUBS_ID\n)\n\n,SUBS_EVENT AS (SELECT ORDER_ITEM.SUBS_ID\n\t\t\t\t\t\t,SUBS_EVENT.EVENT_NAME\n\t\t\t\tFROM\n\t\t\t\tORDER_ITEM \t\t\n\t\t\t\tjoin ORD_ITM ON ORDER_ITEM.ORDER_ITEM_ID = ORD_ITM.ORDER_ITEM_ID\n\t\t\t\tleft join SUBS_EVENT  ON ORDER_ITEM.SUBS_EVENT_ID = SUBS_EVENT.SUBS_EVENT_ID\n)\n\n\n,ORD_EVENT AS (SELECT ORDER_ITEM.SUBS_ID\n\t\t\t\t\t  ,ORDER_REASON.ORDER_REASON_NAME\n\t\t\t\tFROM\n\t\t\t\tORDER_ITEM \t\t\n\t\t\t\tJOIN ORD_ITM \t\t\t\t\t\t\t\tON ORDER_ITEM.ORDER_ITEM_ID = ORD_ITM.ORDER_ITEM_ID\n\t\t\t\tLEFT JOIN ORDER_REASON \tON ORDER_ITEM.ORDER_REASON_ID = ORDER_REASON.ORDER_REASON_ID\n)\n\n,POOLING AS (SELECT ACCT_ID,SUBS_ID \n\t\t\t\t\tFROM SUBS JOIN PROD ON SUBS.SUBS_ID = PROD.PROD_ID \n\t\t\t\t\tWHERE PROD.OFFER_ID IN ('4246','5499')\n)\t\t\t\n\n,ICCID AS (SELECT DISTINCT A.PROD_ID, C.ICCID\n\t\t\t\t\tFROM PROD A\n\t\t\t\t\tJOIN USED_RES B\n\t\t\t\t\t\tON A.PROD_ID = B.PROD_ID\n\t\t\t\t\tJOIN SIM_CARD C\n\t\t\t\t\t\tON B.RES_ID = C.SIM_CARD_ID\n\t\t\t\t\tWHERE B.RES_TYPE = 'B'\n\n)\t\t\n\n,ETC AS (SELECT A.PROD_ID,A.attr_id, A.value\n\t\t FROM PROD_ATTR_VALUE A \n\t\t JOIN PROD B\n\t\t ON A.PROD_ID = B.PROD_ID\n\t\t WHERE A.attr_id= '2277'\n)\t\n\n\n,POOLING_UNIT AS (SELECT A.PROD_ID,A.attr_id, A.value\n\t\t FROM PROD_ATTR_VALUE A \n\t\t JOIN PROD B\n\t\t ON A.PROD_ID = B.PROD_ID\n\t\t WHERE A.attr_id= '2216'\n)\t\n\n,DB AS (SELECT A.PROD_ID,A.attr_id, A.value\n\t\t FROM PROD_ATTR_VALUE A \n\t\t JOIN PROD B\n\t\t ON A.PROD_ID = B.PROD_ID\n\t\t WHERE A.attr_id= '3921'\n)\t\t\n\nSELECT\n PRD.PROD_ID\n\n\t\t,PRD.COMPLETED_DATE\n\t\t,'' \t\tAS Plan_PROD_STATE\n\t\t,PRD.SUBS_PLAN_ID\n\t\t,PRD.PROD_STATE_DATE\n\t\t,PRD.UPDATE_DATE \t\t\t\t\t\tAS PROD_UPDATE_DATE\n\t\t,PRD.CREATED_DATE\n\t\t,PRD.STATE_DATE \n\t\t,PRD.PROD_EXP_DATE\n\t\t,PRD.AGREEMENT_EXP_DATE\n\t\t,PRD.AGREEMENT_EFF_DATE\n\t\t,PRD.AGREEMENT_TIME_UNIT\n\t\t,PRD.AGREEMENT_LIMIT\n\t\t,PRD.PROD_STATE\n\t\n\t\n\t\t,CASE WHEN ETC.value = '1' THEN 'Progressive'\n\t\t\t  WHEN ETC.value = '2' THEN 'Tiered'\n\t\t\t  WHEN ETC.value = '3' THEN 'Sim Only'\n\t\t\t  WHEN ETC.value = '4' THEN 'O365 ETC (None)'\n\t\t\t  WHEN ETC.value = '5' THEN 'Non-Charge (ETC)'\n\t\t\t  WHEN ETC.value = '6' THEN 'BRN SIM Only No Commitment'\n\t\t\t  WHEN ETC.value = '7' THEN 'Progressive (Sales Price)'\n\t\t\t  ELSE NULL\n\t\tEND AS ETC_TYPE\n\t\t\n\t\t,ETC.attr_id \t\t\tAS ETC_TYPE_ATTR_ID\n\t\t,POOLING_UNIT.value  \tAS POOLING_UNITS\n\t\t,POOLING_UNIT.attr_id \tAS POOLING_UNITS_ATTR_ID\n\t\t,DB.attr_id \tAS DATA_BUNDLE\n\t\t\n\t\t,concat(PRD.agreement_limit,PRD.agreement_time_unit) AS AGREEMENT_PROMO_FILTER\n\n\n\t\t,O.OFFER_ID\n\t\t,O.OFFER_TYPE\n\t\t,O.OFFER_NAME\n\t\t,O.OFFER_CODE\n\t\t,O_SUB.OFFER_NAME \t\t\t\t\t\tAS SUBS_PLAN_OFFER_NAME\n\t\t,SUBS.SUBS_ID\n\t\t,SUBS.ACC_NBR\n\t\t,SUBS.ACCT_ID\n\t\t,SUBS.CUST_ID\n\t\t,SUBS.USER_ID\n\t\t,SUBS.UPDATE_DATE \t\t\t\t\t\tAS SUBS_UPDATE_DATE\n\t\t,ALL_SERV_TYPE.SERV_TYPE_NAME \t\t\tAS PROD_TYPE\n\t\t,USED_RES.RES_ID\n\t\t,CASE\n\t\t\tWHEN POOLING.ACCT_ID IS NOT NULL THEN 1\n\t\t\tELSE 0\n\t\tEND AS POOLING_FLAG\n\t\t,POOLING.SUBS_ID\t\t\t\t\t\tAS POOLING_SUBS_ID\n\t\t\n\t\t,SUBS_EVENT.EVENT_NAME\n\t\t,ORD_EVENT.ORDER_REASON_NAME\n\t\t,EBS_ESC_USER.USER_NAME\n\t\t,EBS_ESC_USER.email \t\t\t\t\t\tAS Employee_Email\n\t\t,EBS_STD_ADDR.block_no\n\t\t,EBS_STD_ADDR.street_name\n\t\t,EBS_STD_ADDR.UNIT_NO\n\t\t,EBS_STD_ADDR.FLOOR_NO\n\t\t,EBS_STD_ADDR.POSTAL_CODE\n\t\t,'' \t\t\t\t\tAS STAFF_NAME\n\t\t,'' \t\t\t\t\tAS BASE_CONTACT_MAN_ID\n\t\t,'' \t\t\t\t\tAS ebs_contact_man_type\n\t\t,'' \t\t\t\t\tAS PRIMARY_FLAG\n\t\t,'' \t\t\t\t\tAS call_bar_type\n\t\t,''     \t\t\t\tAS   ICCID\n\nFROM PROD PRD\nLEFT JOIN OFFER O \t\t\t\tON PRD.OFFER_ID = O.OFFER_ID\nLEFT JOIN OFFER O_SUB \t\t\tON PRD.SUBS_PLAN_ID = O_SUB.OFFER_ID\nLEFT JOIN SUBS \t\t\t\t\tON PRD.PROD_ID = SUBS.SUBS_ID\nLEFT JOIN SUBS_PLAN \t\t\tON PRD.SUBS_PLAN_ID = SUBS_PLAN.SUBS_PLAN_ID\nLEFT JOIN INDEP_PROD_SPEC \t\tON SUBS_PLAN.INDEP_PROD_SPEC_ID = INDEP_PROD_SPEC.INDEP_PROD_SPEC_ID\nLEFT JOIN ALL_SERV_TYPE \t\tON INDEP_PROD_SPEC.SERV_TYPE = ALL_SERV_TYPE.SERV_TYPE\nLEFT JOIN USED_RES \t\t\t    ON SUBS.SUBS_ID = USED_RES.prod_id   AND USED_RES.RES_TYPE = 'C' AND USED_RES.STATE = 'A'\nLEFT JOIN EBS_ESC_USER \t\t\tON SUBS.USER_ID = EBS_ESC_USER.USER_ID \nLEFT JOIN EBS_STD_ADDR \t\t\tON USED_RES.RES_ID = EBS_STD_ADDR.STD_ADDR_ID\nLEFT JOIN SUBS_EVENT \t\t\tON SUBS_EVENT.SUBS_ID = PRD.PROD_ID\nLEFT JOIN ORD_EVENT \t\t\tON ORD_EVENT.SUBS_ID = PRD.PROD_ID\nLEFT JOIN POOLING \t\t\t\tON POOLING.SUBS_ID= SUBS.SUBS_ID\nLEFT JOIN ETC      \t\t\t\tON ETC.PROD_ID = PRD.PROD_ID \nLEFT JOIN POOLING_UNIT      \tON POOLING_UNIT.PROD_ID = PRD.PROD_ID \nLEFT JOIN DB      \t    \t\tON DB.PROD_ID = PRD.PROD_ID \n\n--LEFT JOIN ICCID \t\t\t\tON  ICCID.PROD_ID = PRD.PROD_ID\n\nWHERE PRD.INDEP_PROD_ID IS NULL","isFileList":false,"handleSpecialChars":false,"handleDecimalRoundOff":false,"frsAsset":false,"dynamicFileName":false,"excludeDynamicFileNameField":false,"currentlyProcessedFileName":false,"retainFieldMetadata":false,"objectName":"DUMMY_Source","useExactSrcNames":false,"tgtObjectAttributes":{},"runtimeParameterData":{"@type":"mtTaskRuntimeParameterData","isConnectionRuntimeParameter":false,"isObjectRuntimeParameter":false},"overridableProperties":[],"overriddenFields":[]},{"@type":"mtTaskParameter","id":1333834,"name":"$stg_ebs_main_service_mob$","type":"TARGET","label":"stg_ebs_main_service_mob","uiProperties":{"connectionParameterized":"false","objectParameterized":"false","visible":"false","defaultTargetUpdateColumns":"","supportApplyDDLChanges":"false","originalPath":"stg_ebs_main_service_mob"},"targetConnectionId":"@0aa38HfbIjadqoKlbnU14y","targetObject":"p1_dev/TABLE/stg_ebs_main_service","targetObjectLabel":"stg_ebs_main_service","newFlatFile":false,"newObject":false,"showBusinessNames":false,"naturalOrder":true,"truncateTarget":false,"bulkApiDBTarget":false,"operationType":"Insert","customFuncCfg":{"@type":"customFuncConfig","id":-1,"connections":[],"inputMap":[],"outputFields":[]},"targetRefsV2":{},"targetUpdateColumns":[],"extendedObject":{"@type":"extendedObject","singleMode":true,"filters":[],"sortFields":[]},"runtimeAttrs":{},"isRESTModernSource":true,"isFileList":false,"handleSpecialChars":false,"handleDecimalRoundOff":false,"frsAsset":false,"dynamicFileName":false,"excludeDynamicFileNameField":false,"currentlyProcessedFileName":false,"retainFieldMetadata":false,"objectName":"p1_dev/TABLE/stg_ebs_main_service","objectLabel":"stg_ebs_main_service","useExactSrcNames":false,"tgtObjectAttributes":{},"runtimeParameterData":{"@type":"mtTaskRuntimeParameterData","isConnectionRuntimeParameter":false,"isObjectRuntimeParameter":false},"overridableProperties":[],"overriddenFields":[]},{"@type":"mtTaskParameter","id":1333835,"name":"$i_Prod_Type$","type":"STRING","text":"'EW'","label":"i_Prod_Type","description":"","uiProperties":{"paramName":"i_Prod_Type","paramLabel":"","paramType-mapping":"String","originalPath":"Filter"},"newFlatFile":false,"newObject":false,"showBusinessNames":true,"naturalOrder":true,"truncateTarget":false,"bulkApiDBTarget":false,"customFuncCfg":{"@type":"customFuncConfig","id":-1,"connections":[],"inputMap":[],"outputFields":[]},"targetRefsV2":{},"targetUpdateColumns":[],"runtimeAttrs":{},"isRESTModernSource":true,"isFileList":false,"handleSpecialChars":false,"handleDecimalRoundOff":false,"frsAsset":false,"dynamicFileName":false,"excludeDynamicFileNameField":false,"currentlyProcessedFileName":false,"retainFieldMetadata":false,"useExactSrcNames":false,"tgtObjectAttributes":{},"runtimeParameterData":{"@type":"mtTaskRuntimeParameterData","isConnectionRuntimeParameter":false,"isObjectRuntimeParameter":false},"overridableProperties":[],"overriddenFields":[]}],"sequences":[],"inOutParameters":[],"connRuntimeAttrs":[]}]