[{"@type":"workflow","id":"@1","name":"tf_Attribute_Field_Load","description":"**Prerequisite**  tf_Subscription","maxLogs":10,"references":[{"@type":"reference","refObjectId":"@aQnmuOEYKwMllWNxu58NeI","refType":"mtTask"},{"@type":"reference","refObjectId":"@9sa5LC4JW8Mjw1WuK3ZDqQ","refType":"mtTask"}],"tasks":[{"@type":"workflowTask","taskId":"@aQnmuOEYKwMllWNxu58NeI","type":"MTT","name":"mt_cs_cscfga__Attribute_Field__c","stopOnError":true,"stopOnWarning":false},{"@type":"workflowTask","taskId":"@9sa5LC4JW8Mjw1WuK3ZDqQ","type":"MTT","name":"mt_rep_cscfga__Attribute_Field__c","stopOnError":true,"stopOnWarning":false}]}]