[{"@type":"workflow","id":"@1","name":"tf_JSON_Solution_Load","maxLogs":10,"references":[{"@type":"reference","refObjectId":"@7KByAoGmSRNb2Jox2INKYe","refType":"mtTask"},{"@type":"reference","refObjectId":"@1Se8ZCMgVEucZWt50JCNyn","refType":"mtTask"}],"tasks":[{"@type":"workflowTask","taskId":"@7KByAoGmSRNb2Jox2INKYe","type":"MTT","name":"mt_SF__load_json_solution","stopOnError":false,"stopOnWarning":false},{"@type":"workflowTask","taskId":"@1Se8ZCMgVEucZWt50JCNyn","type":"MTT","name":"mt_REP_SF__load_json_solution","stopOnError":false,"stopOnWarning":false}]}]