[{"@type":"workflow","id":"@1","name":"tf_Service","description":"**Prerequisite**  1. Main Service table load 2. Addon Service table load","maxLogs":10,"references":[{"@type":"reference","refObjectId":"@4Xf27O1KJoxcnR5tUZ1ucO","refType":"mtTask"},{"@type":"reference","refObjectId":"@20qKItVOc6wb5r0cgVtGo7","refType":"mtTask"}],"tasks":[{"@type":"workflowTask","taskId":"@4Xf27O1KJoxcnR5tUZ1ucO","type":"MTT","name":"mt_sync_cs_csord__Service__c","stopOnError":true,"stopOnWarning":true},{"@type":"workflowTask","taskId":"@20qKItVOc6wb5r0cgVtGo7","type":"MTT","name":"mt_csord__Service__c_UPD_Service_Subs","stopOnError":true,"stopOnWarning":true}]}]