[{"@type":"mtTask","id":"@1","name":"mt_stg_ebs_addon_service","description":"","runtimeEnvironmentId":"@cUgvxjP6z42j5o2aizvbUV","maxLogs":10,"verbose":false,"lastRunTime":1675968606000,"mappingId":"@ka2Pfjo7QQ4dc1EeicYSo6","frsGuid":"8ym34eZLMU5h3w7g0lsJGD","shortDescription":"","sessionPropertiesList":[{"name":"Allow Temporary Sequence for Pushdown","value":"NO","recommended":false},{"name":"Allow Temporary View for Pushdown","value":"NO","recommended":false},{"name":"Pushdown Optimization","value":"None","recommended":false},{"name":"Pushdown Optimization Context","value":"None","recommended":false},{"name":"Run Only In Pushdown Mode","value":"NO","recommended":false}],"enableCrossSchemaPushdown":true,"enableParallelRun":false,"autoTunedApplied":false,"autoTunedAppliedType":"NONE","paramFileType":"PARAM_FILE_LOCAL","schemaMode":"async","valid":true,"schemaValidationErrorCount":-1,"parameterFileEncoding":"UTF-8","serverlessProperties":{},"taskProperties":[{"@type":"taskProperty","name":"parameterFileDir","currentValue":"","type":"STRING","label":"label.parameterFileDir","required":false},{"@type":"taskProperty","name":"parameterFileName","currentValue":"","type":"STRING","label":"label.parameterFileName","required":false}],"parameters":[{"@type":"mtTaskParameter","id":716924,"name":"$src_addon$","type":"SOURCE","label":"src_addon","uiProperties":{"connectionParameterized":"false","isSelectDistinct":"false","objectParameterized":"false","visible":"false","originalPath":"src_addon"},"sourceConnectionId":"@gbEqHgig3UYgrJMzU4lVau","sourceObject":"DUMMY_src_addon","newFlatFile":false,"newObject":false,"showBusinessNames":false,"naturalOrder":true,"truncateTarget":false,"bulkApiDBTarget":false,"customFuncCfg":{"@type":"customFuncConfig","id":-1,"connections":[],"inputMap":[],"outputFields":[]},"targetRefsV2":{},"targetUpdateColumns":[],"runtimeAttrs":{},"isRESTModernSource":true,"customQuery":"WITH PRD AS (SELECT P.*\n\t\t\t  FROM ODS_STAGE_SOURCE.PROD P\n\t\t\t  JOIN ODS_STAGE_SOURCE.STG_EBS_MAIN_SERVICE M \tON P.INDEP_PROD_ID = M.prod_id\n\t\t\t  WHERE M.PROD_TYPE = 'Mobile'\n\t\t\t  and (P.val_id IS NULL OR P.val_id ='') -- Data Validation Checking \n)\n\nselect p.PROD_ID\n\t  ,p.COMPLETED_DATE\n\t  ,COALESCE(PROD_STATE.PROD_STATE_NAME,'NULL') \tAS Plan_PROD_STATE\n\t  ,p.INDEP_PROD_ID\n\t  ,p.PROD_STATE_DATE\n\t  ,p.UPDATE_DATE \t\t\t\t\tAS PROD_UPDATE_DATE\n\t  ,p.CREATED_DATE\n\t  ,p.STATE_DATE \t\t\t\t\tAS P_state_sate\n\t  ,p.PROD_EXP_DATE\n\t  ,p.AGREEMENT_EXP_DATE\n\t  ,p.AGREEMENT_EFF_DATE\n\t  ,p.AGREEMENT_TIME_UNIT\n\t  ,p.AGREEMENT_LIMIT\n\t  ,p.PROD_STATE\n\t  ,o_plan.OFFER_NAME \t\t\t\t\tAS SUBS_PLAN_OFFER_NAME\n\t  ,o.OFFER_ID\n\t  ,o.OFFER_TYPE\n\t  ,o.OFFER_NAME\n\t  ,o.OFFER_CODE\n\t  ,SUBS.SUBS_ID\n\t  ,SUBS.ACC_NBR\n\t  ,SUBS.ACCT_ID\n\t  ,SUBS.CUST_ID\n\t  ,SUBS.USER_ID\n\t  ,SUBS.UPDATE_DATE \t\t\t\tAS SUBS_UPDATE_DATE\n\t  ,e.mrc \t\t\t\t\t\t\tAS MRC_LIST_PRICE\n\t  ,e.otc \t\t\t\t\t\t\tAS OTC_LIST_PRICE\n\t  ,q.mrc_DEF_VALUE\n\t  ,q.mrc_RATE_PRECISION\n\t  ,q.mrc_SALES_PRICE\n\t  ,q.mrc_SP_PRECISION\n\t  ,q.mrc_value \t\t\t\t\t\tAS MRC_QUOTE_VALUE\n\t  ,q.mrc_val_type \t\t\t\t\tAS MRC_QUOTE_VAL_TYPE\n\t  ,q.otc_DEF_VALUE\n\t  ,q.otc_RATE_PRECISION\n\t  ,q.otc_SALES_PRICE\n\t  ,q.otc_SP_PRECISION\n\t  ,q.otc_value \t\t\t\t\t\tAS OTC_QUOTE_VALUE\n\t  ,q.otc_val_type \t\t\t\t\tAS OTC_QUOTE_VAL_TYPE\n\t  ,q.mrc_contract_eff_date\n\t  ,q.mrc_contract_exp_date\n\t  ,q.otc_contract_eff_date\n\t  ,q.otc_contract_exp_date\n\t  ,promotion_pivot.mrc_DISCOUNT_AMT AS MRC_PROMO_DISCOUNT_AMT\n\t  ,promotion_pivot.otc_DISCOUNT_AMT AS OTC_PROMO_DISCOUNT_AMT\n\t  ,promotion_pivot.mrc_VALUE \t\tAS MRC_PROMO_VALUE\n\t  ,promotion_pivot.otc_VALUE \t\tAS OTC_PROMO_VALUE\n\t  ,promotion_pivot.mrc_VAL_type \tAS MRC_PROMO_VALUE_TYPE\n\t  ,promotion_pivot.otc_VAL_type \tAS OTC_PROMO_VALUE_TYPE\n,promotion_pivot.promocode as PROMOCODE\n\t  ,BFM_STAFF.STAFF_NAME\n,ACCT.sf_id \t\t\t\t\t\tAS SF_CUST_ID\n,BILL_ACCOUNT.sf_id\t\t\t\t\tAS SF_ACCT_ID\n\nFROM PRD \tp\nLEFT JOIN ODS_STAGE_SOURCE.OFFER o \t\t\t\tON p.OFFER_ID = o.OFFER_ID  \nLEFT JOIN ODS_STAGE_SOURCE.PROD p_plan \t\t\tON p.INDEP_PROD_ID = p_plan.PROD_ID\nLEFT JOIN ODS_STAGE_SOURCE.OFFER o_plan \t\tON p_plan.SUBS_PLAN_ID = o_plan.OFFER_ID\nLEFT JOIN ODS_STAGE_SOURCE.SUBS \t\t\t\tON p.INDEP_PROD_ID = SUBS.SUBS_ID\nLEFT JOIN ODS_STAGE_SOURCE.PROD_STATE\t\t\tON p.PROD_STATE = PROD_STATE.PROD_STATE\nLEFT JOIN ods_stage_source.entitlements_pivot e ON p.OFFER_ID = e.OFFER_ID\nLEFT JOIN ods_stage_source.quotation_pivot q \tON q.SUBS_ID = p.INDEP_PROD_ID\nLEFT JOIN ODS_STAGE_SOURCE.promotion_pivot \t\tON promotion_pivot.SUBS_ID = p.INDEP_PROD_ID and promotion_pivot.zone_name = o.offer_name\nLEFT JOIN ods_stage_source.CUST \t\t\t\tON SUBS.CUST_ID = CUST.CUST_ID\nLEFT JOIN ods_stage_source.ACCOUNT_MANAGER_CUST ON ACCOUNT_MANAGER_CUST.CUST_ID = CUST.CUST_ID \nLEFT JOIN ods_stage_source.BFM_STAFF \t\t\tON account_manager_cust.PARTY_CODE = cast (BFM_STAFF.STAFF_ID as varchar(100))\n\nLEFT JOIN mig_ods_dev.sync_ebs_sap_account ACCT\n\tON ACCT.\"legacy_id\" = CAST(SUBS.cust_id  as varchar(100))\nLEFT JOIN mig_ods_dev.sync_ebs_sap_billingaccount BILL_ACCOUNT\n\tON BILL_ACCOUNT.\"legacy_id\" = CAST(SUBS.acct_id  as varchar(100))","isFileList":false,"handleSpecialChars":false,"handleDecimalRoundOff":false,"frsAsset":false,"dynamicFileName":false,"excludeDynamicFileNameField":false,"currentlyProcessedFileName":false,"retainFieldMetadata":false,"objectName":"DUMMY_src_addon","useExactSrcNames":false,"tgtObjectAttributes":{},"runtimeParameterData":{"@type":"mtTaskRuntimeParameterData","isConnectionRuntimeParameter":false,"isObjectRuntimeParameter":false},"overridableProperties":[],"overriddenFields":[]},{"@type":"mtTaskParameter","id":716925,"name":"$tgt_stg_ebs_addon_service$","type":"TARGET","label":"tgt_stg_ebs_addon_service","uiProperties":{"connectionParameterized":"false","objectParameterized":"false","visible":"false","defaultTargetUpdateColumns":"","supportApplyDDLChanges":"false","originalPath":"tgt_stg_ebs_addon_service"},"targetConnectionId":"@gbEqHgig3UYgrJMzU4lVau","targetObject":"ods_stage_source/TABLE/stg_ebs_addon_service","targetObjectLabel":"stg_ebs_addon_service","newFlatFile":false,"newObject":false,"showBusinessNames":false,"naturalOrder":true,"truncateTarget":false,"bulkApiDBTarget":false,"operationType":"Insert","customFuncCfg":{"@type":"customFuncConfig","id":-1,"connections":[],"inputMap":[],"outputFields":[]},"targetRefsV2":{},"targetUpdateColumns":[],"extendedObject":{"@type":"extendedObject","singleMode":true,"filters":[],"sortFields":[]},"runtimeAttrs":{},"isRESTModernSource":true,"isFileList":false,"handleSpecialChars":false,"handleDecimalRoundOff":false,"frsAsset":false,"dynamicFileName":false,"excludeDynamicFileNameField":false,"currentlyProcessedFileName":false,"retainFieldMetadata":false,"objectName":"ods_stage_source/TABLE/stg_ebs_addon_service","objectLabel":"stg_ebs_addon_service","useExactSrcNames":false,"tgtObjectAttributes":{},"runtimeParameterData":{"@type":"mtTaskRuntimeParameterData","isConnectionRuntimeParameter":false,"isObjectRuntimeParameter":false},"overridableProperties":[],"overriddenFields":[]}],"sequences":[],"inOutParameters":[],"connRuntimeAttrs":[]}]