[{"@type":"workflow","id":"@1","name":"tf_JSON_Solution_Details_Load","maxLogs":10,"references":[{"@type":"reference","refObjectId":"@3zYHyyUujDQdUkuYcxXc8X","refType":"mtTask"},{"@type":"reference","refObjectId":"@iQRIZr5bAeTly53fpSQ7AC","refType":"mtTask"}],"tasks":[{"@type":"workflowTask","taskId":"@3zYHyyUujDQdUkuYcxXc8X","type":"MTT","name":"mt_SF_load_json_solution_detail","stopOnError":false,"stopOnWarning":false},{"@type":"workflowTask","taskId":"@iQRIZr5bAeTly53fpSQ7AC","type":"MTT","name":"mt_REP_SF_load_json_solution_detail","stopOnError":false,"stopOnWarning":false}]}]