[{"@type":"mappingTemplate","id":"@1","name":"m_Json_PC_OE_M365","description":"","bundleVersion":"0","assetFrsGuid":"7cRLtUO9qWDeD0PEvcikyU","templateId":"@3","deployTime":1723616859000,"hasParameters":false,"valid":true,"fixedConnection":true,"hasParametersDeployed":false,"fixedConnectionDeployed":true,"isSchemaValidationEnabled":false,"tasks":1,"mappingPreviewFileRecordId":"@2","documentType":"MAPPING","references":[{"@type":"reference","refObjectId":"@0aa38HfbIjadqoKlbnU14y","refType":"connection"},{"@type":"reference","refObjectId":"@a4bLbxcHR3ocNqsbmVNYSU","refType":"hschema"}]}]