[{"@type":"mappingTemplate","id":"@1","name":"m_sync_tgt_sf_customer_access__c","description":"","bundleVersion":"0","templateId":"@3","deployTime":1670526875000,"hasParameters":false,"valid":true,"fixedConnection":true,"hasParametersDeployed":false,"fixedConnectionDeployed":true,"isSchemaValidationEnabled":false,"tasks":1,"mappingPreviewFileRecordId":"@2","documentType":"MAPPING","references":[{"@type":"reference","refObjectId":"@4SoE843RJabk2lY1RBHwqN","refType":"connection"},{"@type":"reference","refObjectId":"@irZpk2lcq2Lh5v2PiTa4Q2","refType":"connection"}]}]