[{"@type":"mtTask","id":"@1","name":"mt_stg_sync_case_ntt","description":"","runtimeEnvironmentId":"@cUgvxjP6z42j5o2aizvbUV","maxLogs":10,"verbose":false,"lastRunTime":1682649763000,"mappingId":"@fEJMLqW5MyQg5YtqDGLWSt","frsGuid":"4b3p0uAZva0hiJ2eHgAMmm","shortDescription":"","sessionPropertiesList":[],"enableCrossSchemaPushdown":true,"enableParallelRun":false,"autoTunedApplied":false,"autoTunedAppliedType":"NONE","schemaMode":"async","valid":true,"schemaValidationErrorCount":-1,"parameterFileEncoding":"UTF-8","serverlessProperties":{},"taskProperties":[{"@type":"taskProperty","name":"parameterFileDir","currentValue":"","type":"STRING","label":"label.parameterFileDir","required":false},{"@type":"taskProperty","name":"parameterFileName","currentValue":"","type":"STRING","label":"label.parameterFileName","required":false}],"parameters":[{"@type":"mtTaskParameter","id":820621,"name":"$src_NTT$","type":"SOURCE","label":"src_NTT","uiProperties":{"connectionParameterized":"false","isSelectDistinct":"false","objectParameterized":"false","visible":"false","originalPath":"src_NTT"},"sourceConnectionId":"@0aa38HfbIjadqoKlbnU14y","sourceObject":"DUMMY_src_NTT","newFlatFile":false,"newObject":false,"showBusinessNames":false,"naturalOrder":true,"truncateTarget":false,"bulkApiDBTarget":false,"customFuncCfg":{"@type":"customFuncConfig","id":-1,"connections":[],"inputMap":[],"outputFields":[]},"targetRefsV2":{},"targetUpdateColumns":[],"runtimeAttrs":{},"isRESTModernSource":true,"customQuery":"SELECT\nNTT.TICKET_TYPE AS Ticket_Type__c,\nNTT.SOURCE AS Source__c,\nMAIN.is_service_affecting,\nMAIN.TITLE AS Outage_Maintenance_Reason__c,\nMAIN.STATUS AS Outage_ID_Status__c,\nNTT.TT_ID AS Outage_ID__c,\nNTT.TICKET_SUB_TYPE AS ntt_subtype__c,\nMAIN.network_platform_type,\nMAIN.REQUESTOR AS Maintenance_Requestor,\nMAIN.Implementor_1_NAME AS Implementor_1,\nMAIN.Implementor_2_NAME AS Implementor_2,\nNTT.IMPACTED_PRODUCT AS Impacted_Product__c,\nCAST(NTT.EVENT_TIME AS DATE) AS EventTime__c,\nMAIN.estimated_downtime,\nMAIN.change_category,\ncast(NTT.last_cleared_time AS DATE) AS LAST_CLEAREDTIME__C,\nNTT.TITLE AS Subject,\nTRIM(STAT_SR.Target_Value) AS STATUS,\nTRIM(STAT_SR.Target_Value_SubStatus) AS Sub_Status__c,\t\nCAST(NTT.RECORD_CREATE_DATE AS TIMESTAMP) AS CREATED_DATE,\nNTT.TT_ID AS LEGACY_ID__C\nFROM STG_EBS_NTT NTT \nINNER JOIN STG_SH_MASTER_LOV STAT_SR \nON NTT.STATUS=STAT_SR.SOURCE_VALUE AND STAT_SR.Target_API='Status' AND STAT_SR.IS_ACTIVE='Y'\nLEFT JOIN stg_ebs_maintainence MAIN ON NTT.TT_ID=MAIN.REQUEST_ID","isFileList":false,"handleSpecialChars":false,"handleDecimalRoundOff":false,"frsAsset":false,"dynamicFileName":false,"excludeDynamicFileNameField":false,"currentlyProcessedFileName":false,"retainFieldMetadata":false,"objectName":"DUMMY_src_NTT","useExactSrcNames":false,"tgtObjectAttributes":{},"runtimeParameterData":{"@type":"mtTaskRuntimeParameterData","isConnectionRuntimeParameter":false,"isObjectRuntimeParameter":false},"overridableProperties":[],"overriddenFields":[]},{"@type":"mtTaskParameter","id":820622,"name":"$tgt_sync_ebs_case_NTT$","type":"TARGET","label":"tgt_sync_ebs_case_NTT","uiProperties":{"connectionParameterized":"false","objectParameterized":"false","visible":"false","defaultTargetUpdateColumns":"","supportApplyDDLChanges":"false","originalPath":"tgt_sync_ebs_case_NTT"},"targetConnectionId":"@0aa38HfbIjadqoKlbnU14y","targetObject":"p1_dev/TABLE/sync_ebs_case","targetObjectLabel":"sync_ebs_case","newFlatFile":false,"newObject":false,"showBusinessNames":false,"naturalOrder":true,"truncateTarget":false,"bulkApiDBTarget":false,"operationType":"Insert","customFuncCfg":{"@type":"customFuncConfig","id":-1,"connections":[],"inputMap":[],"outputFields":[]},"targetRefsV2":{},"targetUpdateColumns":[],"extendedObject":{"@type":"extendedObject","singleMode":true,"filters":[],"sortFields":[]},"runtimeAttrs":{},"isRESTModernSource":true,"isFileList":false,"handleSpecialChars":false,"handleDecimalRoundOff":false,"frsAsset":false,"dynamicFileName":false,"excludeDynamicFileNameField":false,"currentlyProcessedFileName":false,"retainFieldMetadata":false,"objectName":"p1_dev/TABLE/sync_ebs_case","objectLabel":"sync_ebs_case","useExactSrcNames":false,"tgtObjectAttributes":{},"runtimeParameterData":{"@type":"mtTaskRuntimeParameterData","isConnectionRuntimeParameter":false,"isObjectRuntimeParameter":false},"overridableProperties":[],"overriddenFields":[]},{"@type":"mtTaskParameter","id":820623,"name":"$U_Lookup_Rectype$","type":"LOOKUP","label":"U_Lookup_Rectype","uiProperties":{"connectionParameterized":"false","isCachedLookup":"true","multipleMatchPolicy":"Use Any Value","objectParameterized":"false","visible":"false","originalPath":"U_Lookup_Rectype"},"lookupConnectionId":"@0aa38HfbIjadqoKlbnU14y","lookupObject":"p1_dev/TABLE/sf_recordtype","lookupObjectLabel":"sf_recordtype","newFlatFile":false,"newObject":false,"showBusinessNames":false,"naturalOrder":true,"truncateTarget":false,"bulkApiDBTarget":false,"customFuncCfg":{"@type":"customFuncConfig","id":-1,"connections":[],"inputMap":[],"outputFields":[]},"targetRefsV2":{},"targetUpdateColumns":[],"runtimeAttrs":{"Cache File Name Prefix":"","Lookup Index Cache Size":"AUTO","Optional":"true","Lookup cache persistent":"false","Lookup source is static":"false","Case Sensitive String Comparison":"false","Re-cache from lookup source":"false","Insert Else Update":"false","Lookup caching enabled":"true","Lookup Data Cache Size":"AUTO","Tracing Level":"Normal","Sorted Input":"false","Lookup cache directory name":"$PMCacheDir","Output Old Value On Update":"false","Dynamic Lookup Cache":"false","Pre-build lookup cache":"AUTO","Null ordering":""},"isRESTModernSource":true,"isFileList":false,"handleSpecialChars":false,"handleDecimalRoundOff":false,"frsAsset":false,"dynamicFileName":false,"excludeDynamicFileNameField":false,"currentlyProcessedFileName":false,"retainFieldMetadata":false,"objectName":"p1_dev/TABLE/sf_recordtype","objectLabel":"sf_recordtype","useExactSrcNames":false,"tgtObjectAttributes":{},"runtimeParameterData":{"@type":"mtTaskRuntimeParameterData","isConnectionRuntimeParameter":false,"isObjectRuntimeParameter":false},"overridableProperties":[],"overriddenFields":[]},{"@type":"mtTaskParameter","id":820624,"name":"$U_Lookup_User$","type":"LOOKUP","label":"U_Lookup_User","uiProperties":{"connectionParameterized":"false","isCachedLookup":"true","multipleMatchPolicy":"Use Last Value","objectParameterized":"false","visible":"false","originalPath":"U_Lookup_User"},"lookupConnectionId":"@0aa38HfbIjadqoKlbnU14y","lookupObject":"DUMMY_U_Lookup_User","newFlatFile":false,"newObject":false,"showBusinessNames":false,"naturalOrder":true,"truncateTarget":false,"bulkApiDBTarget":false,"customFuncCfg":{"@type":"customFuncConfig","id":-1,"connections":[],"inputMap":[],"outputFields":[]},"targetRefsV2":{},"targetUpdateColumns":[],"runtimeAttrs":{"Cache File Name Prefix":"","Lookup Index Cache Size":"AUTO","Optional":"true","Lookup cache persistent":"false","Lookup source is static":"false","Case Sensitive String Comparison":"false","Re-cache from lookup source":"false","Insert Else Update":"false","Lookup caching enabled":"true","Lookup Data Cache Size":"AUTO","Tracing Level":"Normal","Sorted Input":"false","Lookup cache directory name":"$PMCacheDir","Output Old Value On Update":"false","Dynamic Lookup Cache":"false","Pre-build lookup cache":"AUTO","Null ordering":""},"isRESTModernSource":true,"customQuery":"WITH USER_1 \t\tAS (SELECT \"Id\", UPPER(TRIM(\"Email\")) AS \"Email\", ROW_NUMBER() OVER (PARTITION BY UPPER(TRIM(\"Email\")) ORDER BY \"IsActive\" DESC ) AS RNK FROM SF_USER)\n    ,UNIQUE_USER \tAS (SELECT \"Id\" AS ID, \"Email\" AS Email  FROM USER_1 WHERE RNK = 1)\n\t\nSELECT  A.ID \n       ,A.Email \n\t   ,B.STAFF_ID\nFROM UNIQUE_USER A\nJOIN STG_BFM_STAFF B \nON TRIM(UPPER(A.Email))=TRIM(UPPER(B.Email))\n\nUNION\n\nSELECT \"Id\" AS ID\n      ,\"Email\" AS Email\n\t  ,NULL AS STAFF_ID \nFROM SF_USER \nWHERE UPPER(\"Name\")= UPPER('Data Migration User')","isFileList":false,"handleSpecialChars":false,"handleDecimalRoundOff":false,"frsAsset":false,"dynamicFileName":false,"excludeDynamicFileNameField":false,"currentlyProcessedFileName":false,"retainFieldMetadata":false,"objectName":"DUMMY_U_Lookup_User","useExactSrcNames":false,"tgtObjectAttributes":{},"runtimeParameterData":{"@type":"mtTaskRuntimeParameterData","isConnectionRuntimeParameter":false,"isObjectRuntimeParameter":false},"overridableProperties":[],"overriddenFields":[]}],"sequences":[],"inOutParameters":[],"connRuntimeAttrs":[]}]