[{"@type":"mtTask","id":"@1","name":"mt_stg_ebs_pc_main_sync_1","description":"Export testing","runtimeEnvironmentId":"@cUgvxjP6z42j5o2aizvbUV","maxLogs":10,"verbose":false,"mappingId":"@lFK4CknmxOvfVYjKEmAsWx","frsGuid":"5SYbXFUrrKNfRZ4xY3VzI6","shortDescription":"Export testing","sessionPropertiesList":[{"name":"Allow Temporary Sequence for Pushdown","value":"NO","recommended":false},{"name":"Allow Temporary View for Pushdown","value":"NO","recommended":false},{"name":"Pushdown Optimization","value":"None","recommended":false},{"name":"Pushdown Optimization Context","value":"None","recommended":false},{"name":"Run Only In Pushdown Mode","value":"NO","recommended":false}],"hidden":false,"enableCrossSchemaPushdown":true,"enableParallelRun":false,"autoTunedApplied":false,"autoTunedAppliedType":"NONE","paramFileType":"PARAM_FILE_LOCAL","schemaMode":"async","valid":true,"schemaValidationErrorCount":-1,"parameterFileEncoding":"UTF-8","serverlessProperties":{},"taskProperties":[{"@type":"taskProperty","name":"parameterFileDir","currentValue":"","type":"STRING","label":"label.parameterFileDir","required":false},{"@type":"taskProperty","name":"parameterFileName","currentValue":"","type":"STRING","label":"label.parameterFileName","required":false},{"@type":"taskProperty","name":"outboundMessageUrlQueueTime","currentValue":"","type":"NUMBER","label":"label.outboundMessageUrlQueueTime","required":false},{"@type":"taskProperty","name":"outboundMessageUrlToken","currentValue":"","type":"STRING","label":"label.outboundMessageUrlToken","required":false}],"optimizationPlan":"NONE","isMidstreamPreview":false,"parameters":[{"@type":"mtTaskParameter","id":3611866,"name":"$src_ebs_main_service$","type":"SOURCE","label":"src_ebs_main_service","uiProperties":{"connectionParameterized":"false","isSelectDistinct":"false","objectParameterized":"false","visible":"false","originalPath":"src_ebs_main_service"},"sourceConnectionId":"@gbEqHgig3UYgrJMzU4lVau","sourceObject":"DUMMY_src_ebs_main_service","newFlatFile":false,"newObject":false,"showBusinessNames":false,"naturalOrder":true,"truncateTarget":false,"bulkApiDBTarget":false,"customFuncCfg":{"@type":"customFuncConfig","id":-1,"connections":[],"inputMap":[],"outputFields":[]},"targetRefsV2":{},"targetUpdateColumns":[],"runtimeAttrs":{},"isRESTModernSource":true,"customQuery":"SELECT\n\n\tstg_ebs_main_service.CUST_ID,\n\tstg_ebs_main_service.ACCT_ID,\n\n\tSTG_EBS_MAIN_SERVICE_2.SF_PRODUCT_BASKET_ID \t\t\t\t\t\tAS cscfga__Product_Basket__c,\n\tSTG_EBS_MAIN_SERVICE_2.Product_Definition_ID \t\t\t\t\t\tAS cscfga__Product_Definition__c,\n\tSTG_EBS_MAIN_SERVICE_2.Product_Definition_Name \t\t\t\t\t\tAS cscfga__Product_Family__c,\n\tSTG_EBS_MAIN_SERVICE_2.AGREEMENT_LIMIT \t\t\t\t\t\t\t\tAS cscfga__Recurrence_Frequency__c,\n\tSTG_EBS_MAIN_SERVICE_2.MRC_SALES_PRICE \t\t\t\t\t\t\t\tAS cscfga__total_recurring_charge__c,\n\tSTG_EBS_MAIN_SERVICE_2.SF_SOLUTION_ID \t\t\t\t\t\t\t\tAS csordtelcoa__Solution__c,\n\tSTG_EBS_MAIN_SERVICE_2.commercial_product_id \t\t\t\t\t\tAS Commercial_Product__c,\n\tSTG_EBS_MAIN_SERVICE_2.OTC_SALES_PRICE \t\t\t\t\t\t\t\tAS cscfga__unit_one_off_charge__c,\n\tSTG_EBS_MAIN_SERVICE_2.MRC_SALES_PRICE \t\t\t\t\t\t\t\tAS cscfga__unit_recurring_charge__c,\n\tSTG_EBS_MAIN_SERVICE_2.OTC_SALES_PRICE \t\t\t\t\t\t\t\tAS cscfga__One_Off_Charge__c,\n\tSTG_EBS_MAIN_SERVICE_2.MRC_SALES_PRICE \t\t\t\t\t\t\t\tAS cscfga__Recurring_Charge__c,\n\tSTG_EBS_MAIN_SERVICE_2.OTC_LIST_PRICE \t\t\t\t\t\t\t\tAS csdiscounts__One_off_non_discounted__c,\n\tSTG_EBS_MAIN_SERVICE_2.SF_SOLUTION_ID \t\t\t\t\t\t\t\tAS cssdm__solution_association__c, \n\tSTG_EBS_MAIN_SERVICE_2.SF_SOLUTION_ID \t\t\t\t\t\t\t\tAS Original_Solution_Id__c,\n\tSTG_EBS_MAIN_SERVICE_2.AGREEMENT_LIMIT \t\t\t\t\t\t\t\tAS Contract_Term__c,\n\tSTG_EBS_MAIN_SERVICE_2.ORDER_REASON_NAME \t\t\t\t\t\t\tAS Termination_Reason__c,\n\n\tSTG_EBS_MAIN_SERVICE_2.service_id \t\t\t\t\t\t\t\t\tAS Service_ID__c,\n\tSTG_EBS_MAIN_SERVICE_2.activation_date \t\t\t\t\t\t\t\tAS RFS_Date__c,\n\tSTG_EBS_MAIN_SERVICE_2.APN \t\t\t\t\t\t\t\t\t\t\tAS APN_Type__c,\n\tSTG_EBS_MAIN_SERVICE_2.PROD_ID \t\t\t\t\t\t\t\t\t\tAS Legacy_Id__c,\n\tSTG_EBS_MAIN_SERVICE_2.value,\n\tSTG_EBS_MAIN_SERVICE_2.offer_type,\n\tSTG_EBS_MAIN_SERVICE_2.offer_id,\n\tSTG_EBS_MAIN_SERVICE_2.sf_pooling_subs_id,\n\tSTG_EBS_MAIN_SERVICE_2.Contract_start_date,\n\tSTG_EBS_MAIN_SERVICE_2.Contract_end_date,\n\tSTG_EBS_MAIN_SERVICE_2.activation_date,\n\tSTG_EBS_MAIN_SERVICE_2.ICCID,\n\tSTG_EBS_MAIN_SERVICE_2.OTC_SALES_PRICE,\n\tSTG_EBS_MAIN_SERVICE_2.MRC_SALES_PRICE,\n\tSTG_EBS_MAIN_SERVICE_2.AGREEMENT_LIMIT,\n\tSTG_EBS_MAIN_SERVICE_2.product_definition_name,\n\n\tCOALESCE(STG_EBS_MAIN_SERVICE_2.OTC_SALES_PRICE, '0') \t\t\t\tAS cscfga__total_one_off_charge__c,\n\tCOALESCE(STG_EBS_MAIN_SERVICE_2.commercial_product_name, NULL) \t\tAS Name,\n\tCOALESCE(STG_EBS_MAIN_SERVICE_2.AGREEMENT_LIMIT, NULL) \t\t\t\tAS cscfga__Contract_Term_Period__c,\n\tCOALESCE(STG_EBS_MAIN_SERVICE_2.commercial_product_name, NULL) \t\tAS cscfga__Description__c,\n\n\n\t1 \t\t\t\t\t\t\t\t\t\t\t\t\t\t\t\t\tAS cscfga__Quantity__c,\n\t0 \t\t\t\t\t\t\t\t\t\t\t\t\t\t\t\t\tAS cscfga__one_off_charge_line_discount_value__c,\n\t0 \t\t\t\t\t\t\t\t\t\t\t\t\t\t\t\t\tAS cscfga__one_off_charge_product_discount_value__c,\n\t0 \t\t\t\t\t\t\t\t\t\t\t\t\t\t\t\t\tAS cscfga__recurring_charge_line_discount_value__c,\n\n\t0 \t\t\t\t\t\t\t\t\t\t\t\t\t\t\t\t\tAS Total_List_Price_Recurring__c,\n\t'Replace' \t\t\t\t\t\t\t\t\t\t\t\t\t\t\tAS cscfga__parent_discount__c,\n\t'Valid' \t\t\t\t\t\t\t\t\t\t\t\t\t\t\tAS cscfga__Configuration_Status__c,\n\t'Current' \t\t\t\t\t\t\t\t\t\t\t\t\t\t\tAS cscfga__pricing_status__c,\n\t'Replace' \t\t\t\t\t\t\t\t\t\t\t\t\t\t\tAS cscfga__product_discount__c,\n\t'Monthly' \t\t\t\t\t\t\t\t\t\t\t\t\t\t\tAS Bill_Frequency__c,\n\t'Delivery' \t\t\t\t\t\t\t\t\t\t\t\t\t\t\tAS Delivery_Mode__c,\n\t'SFDC Database only' \t\t\t\t\t\t\t\t\t\t\t\tAS cscfga__source_of_truth_location__c,\n\n\tFALSE \t\t\t\t\t\t\t\t\t\t\t\t\t\t\t\tAS IsMainConfiguration__c, \n\tFALSE \t\t\t\t\t\t\t\t\t\t\t\t\t\t\t\tAS csordtelcoa__cancelled_by_change_process__c,\n\tFALSE \t\t\t\t\t\t\t\t\t\t\t\t\t\t\t\tAS csordtelcoa__is_quantity_based_selling__c, \n\tFALSE \t\t\t\t\t\t\t\t\t\t\t\t\t\t\t\tAS Activate_SIM__c,\n\n\tFALSE \t\t\t\t\t\t\t\t\t\t\t\t\t\t\t\tAS csordtelcoa__Ignore_For_Order_Decomposition__c,\n\tFALSE \t\t\t\t\t\t\t\t\t\t\t\t\t\t\t\tAS PortIn_Indicator__c,\n\n\tCASE WHEN STG_EBS_MAIN_SERVICE_2.Status = 'Terminated' \tTHEN 'Terminate' \t\t\tELSE 'New' \t\tEND \t\t\tAS CPQ_Order_Type__c,\n\tCASE WHEN STG_EBS_MAIN_SERVICE_2.PROD_TYPE = 'EW' \t\tTHEN 'Wireless Broadband' \tELSE NULL\t\tEND \t\t\tAS Category__c,\n\n\t\n\tstg_ebs_sim_card.SIM_TYPE \t\t\t\t\t\t\t\t\t\t\tAS SIM_Card_Type__c,\n\tSTG_EBS_MAIN_SERVICE_2.cscfga__total_contract_value__c \t\t\t\tAS cscfga__total_contract_value__c,\n\tSTG_EBS_MAIN_SERVICE_2.line_type \t\t\t\t\t\t\t\t\tAS Line_Type__c,\n\tSTG_EBS_MAIN_SERVICE_2.promocode\t\t\t\t\t\t\t\t\tAS Promo_Code__c,\n\t\n\n-- Mobile ONLY\n\n\t0 \t\t\t\t\t\t\t\t\t\t\t\t\t\t\t\t\t\t\t\t\t\t\t\t\t\t\t\t\tAS cscfga__recurring_charge_product_discount_value__c, \n\t0 \t\t\t\t\t\t\t\t\t\t\t\t\t\t\t\t\t\t\t\t\t\t\t\t\t\t\t\t\tAS cspl__Month_Term__c, \t\n\tCASE WHEN STG_EBS_MAIN_SERVICE_2.PROD_TYPE = 'Mobile' \tTHEN 'Regular'  \t\t\tELSE NULL \t\tEND \t\t\tAS Number_Type__c,\n\tCASE WHEN STG_EBS_MAIN_SERVICE_2.PROD_TYPE = 'Mobile' \tTHEN STG_EBS_MAIN_SERVICE_2.SERVICE_ID ELSE NULL END \t\tAS Mobile_Number__c,\n\tCASE WHEN STG_EBS_MAIN_SERVICE_2.PROD_TYPE = 'Mobile' \tTHEN TRUE \t\t\t\t\tELSE FALSE END \t\t\t\t\tAS CPQ_Applied_ML_Discount__c, -- Mobile only\t\n\tSTG_EBS_MAIN_SERVICE_2.cscfga__total_contract_value__c   AS cscfga__Unit_Price__c,  \n\n--  BWB ONLY\n\n\tSTG_EBS_MAIN_SERVICE_2.ip_address_type \t\t\t\t\t\t\t\tAS IP_Address_Type__c,\n\tFALSE \t\t\t\t\t\t\t\t\t\t\t\t\t\t\t\tAS New_Sim_Flag__c,\n\t'TBD' AS Password_Managed_By__c,\nCASE WHEN STG_EBS_MAIN_SERVICE_2.product_definition_name = 'ITX Wireless Broadband' THEN 'EW'\nWHEN STG_EBS_MAIN_SERVICE_2.product_definition_name = 'Mobile Service' THEN 'Mobile Service'\nEND AS out_pc_type\n\n\nFROM ODS_STAGE_SOURCE.STG_EBS_MAIN_SERVICE_2\nINNER JOIN ODS_STAGE_SOURCE.stg_ebs_main_service ON CAST(STG_EBS_MAIN_SERVICE_2.PROD_ID as bigint) = CAST(stg_ebs_main_service.prod_id as bigint)\nLEFT OUTER JOIN ods_stage_source.stg_ebs_sim_card ON CAST(STG_EBS_MAIN_SERVICE_2.prod_id as bigint) = stg_ebs_sim_card.SUBS_ID\nwhere STG_EBS_MAIN_SERVICE_2.offer_id not in ('4246','5499') --exclude sharing service","isFileList":false,"handleSpecialChars":false,"handleDecimalRoundOff":false,"frsAsset":false,"dynamicFileName":false,"excludeDynamicFileNameField":false,"currentlyProcessedFileName":false,"retainFieldMetadata":false,"objectName":"DUMMY_src_ebs_main_service","useExactSrcNames":false,"userUpdated":true,"fetchMode":"ORIGINAL","tgtObjectAttributes":{},"runtimeParameterData":{"@type":"mtTaskRuntimeParameterData","isConnectionRuntimeParameter":false,"isObjectRuntimeParameter":false},"overridableProperties":[],"overriddenFields":[]},{"@type":"mtTaskParameter","id":3611867,"name":"$tgt_sf_pc$","type":"TARGET","label":"tgt_sf_pc","uiProperties":{"connectionParameterized":"false","objectParameterized":"false","visible":"false","defaultTargetUpdateColumns":"","supportApplyDDLChanges":"false","originalPath":"tgt_sf_pc"},"targetConnectionId":"@gbEqHgig3UYgrJMzU4lVau","targetObject":"ods_stage_source/TABLE/tgt_sf_pc","targetObjectLabel":"tgt_sf_pc","newFlatFile":false,"newObject":false,"showBusinessNames":false,"naturalOrder":true,"truncateTarget":false,"bulkApiDBTarget":false,"operationType":"Insert","customFuncCfg":{"@type":"customFuncConfig","id":-1,"connections":[],"inputMap":[],"outputFields":[]},"targetRefsV2":{},"targetUpdateColumns":[],"extendedObject":{"@type":"extendedObject","singleMode":true,"filters":[],"sortFields":[]},"runtimeAttrs":{},"isRESTModernSource":true,"isFileList":false,"handleSpecialChars":false,"handleDecimalRoundOff":false,"frsAsset":false,"dynamicFileName":false,"excludeDynamicFileNameField":false,"currentlyProcessedFileName":false,"retainFieldMetadata":false,"objectName":"ods_stage_source/TABLE/tgt_sf_pc","objectLabel":"tgt_sf_pc","useExactSrcNames":false,"userUpdated":true,"fetchMode":"ORIGINAL","tgtObjectAttributes":{},"runtimeParameterData":{"@type":"mtTaskRuntimeParameterData","isConnectionRuntimeParameter":false,"isObjectRuntimeParameter":false},"overridableProperties":[],"overriddenFields":[]}],"sequences":[],"inOutParameters":[],"connRuntimeAttrs":[]}]