[{"@type":"mappingTemplate","id":"@1","name":"m_stg_sbl_pc_attrib_MRC","description":"","autoExpireObject":false,"bundleVersion":"0","assetFrsGuid":"6hli2lmqyn3ggkKH6srkgR","templateId":"@3","deployTime":1742405152000,"hasParameters":false,"valid":true,"fixedConnection":true,"hasParametersDeployed":false,"fixedConnectionDeployed":true,"isSchemaValidationEnabled":false,"tasks":0,"mappingPreviewFileRecordId":"@2","documentType":"MAPPING","references":[{"@type":"reference","refObjectId":"@4QRSN7FLoYhbpr47H7jUO9","refType":"connection"}]}]