[{"@type":"workflow","id":"@1","name":"tf_PC_Load","description":"**Prerequisite**  After completion of tf_Product_Configuration_1","maxLogs":10,"references":[{"@type":"reference","refObjectId":"@4Mzedv5QfoQfxp3FMVZXse","refType":"mtTask"},{"@type":"reference","refObjectId":"@9zvSwQi1vMIlpqleVQO2Wc","refType":"mtTask"}],"tasks":[{"@type":"workflowTask","taskId":"@4Mzedv5QfoQfxp3FMVZXse","type":"MTT","name":"mt_cscfga__Product_Configuration__c","stopOnError":true,"stopOnWarning":false},{"@type":"workflowTask","taskId":"@9zvSwQi1vMIlpqleVQO2Wc","type":"MTT","name":"mt_rep_cscfga__Product_Configuration__c","stopOnError":true,"stopOnWarning":false}]}]