[{"@type":"mtTask","id":"@1","name":"mt_ebs_services_sync","description":"","runtimeEnvironmentId":"@cUgvxjP6z42j5o2aizvbUV","maxLogs":10,"verbose":false,"mappingId":"@9fq9tHaRlSplmQHIEmu10o","frsGuid":"930eEBwEWEGkC9O9qcqSwK","shortDescription":"","sessionPropertiesList":[],"enableCrossSchemaPushdown":true,"enableParallelRun":false,"autoTunedApplied":false,"autoTunedAppliedType":"NONE","schemaMode":"async","valid":true,"schemaValidationErrorCount":-1,"parameterFileEncoding":"UTF-8","serverlessProperties":{},"taskProperties":[{"@type":"taskProperty","name":"parameterFileDir","currentValue":"","type":"STRING","label":"label.parameterFileDir","required":false},{"@type":"taskProperty","name":"parameterFileName","currentValue":"","type":"STRING","label":"label.parameterFileName","required":false}],"parameters":[{"@type":"mtTaskParameter","id":1334308,"name":"$src_addon_service$","type":"SOURCE","label":"src_addon_service","uiProperties":{"connectionParameterized":"false","isSelectDistinct":"false","objectParameterized":"false","visible":"false","originalPath":"src_addon_service"},"sourceConnectionId":"@gbEqHgig3UYgrJMzU4lVau","sourceObject":"DUMMY_src_addon_service","newFlatFile":false,"newObject":false,"showBusinessNames":false,"naturalOrder":true,"truncateTarget":false,"bulkApiDBTarget":false,"customFuncCfg":{"@type":"customFuncConfig","id":-1,"connections":[],"inputMap":[],"outputFields":[]},"targetRefsV2":{},"targetUpdateColumns":[],"runtimeAttrs":{},"isRESTModernSource":true,"customQuery":"select p.PROD_ID\n\t  ,p.COMPLETED_DATE\n\t  ,COALESCE(p.PROD_STATE,'NULL') \tAS Plan_PROD_STATE\n\t  ,p.INDEP_PROD_ID\n\t  ,p.PROD_STATE_DATE\n\t  ,p.UPDATE_DATE \t\t\t\t\tAS PROD_UPDATE_DATE\n\t  ,p.CREATED_DATE\n\t  ,p.STATE_DATE \t\t\t\t\tAS P_state_sate\n\t  ,p.PROD_EXP_DATE\n\t  ,p.AGREEMENT_EXP_DATE\n\t  ,p.AGREEMENT_EFF_DATE\n\t  ,p.AGREEMENT_TIME_UNIT\n\t  ,p.AGREEMENT_LIMIT\n\t  ,p.PROD_STATE\n\t  ,o.OFFER_NAME \t\t\t\t\tAS SUBS_PLAN_OFFER_NAME\n\t  ,o.OFFER_ID\n\t  ,o.OFFER_TYPE\n\t  ,o.OFFER_NAME\n\t  ,o.OFFER_CODE\n\t  ,SUBS.SUBS_ID\n\t  ,SUBS.ACC_NBR\n\t  ,SUBS.ACCT_ID\n\t  ,SUBS.CUST_ID\n\t  ,SUBS.USER_ID\n\t  ,SUBS.UPDATE_DATE \t\t\t\tAS SUBS_UPDATE_DATE\n\t  ,e.mrc \t\t\t\t\t\t\tAS MRC_LIST_PRICE\n\t  ,e.otc \t\t\t\t\t\t\tAS OTC_LIST_PRICE\n\t  ,q.mrc_DEF_VALUE\n\t  ,q.mrc_RATE_PRECISION\n\t  ,q.mrc_SALES_PRICE\n\t  ,q.mrc_SP_PRECISION\n\t  ,q.mrc_value \t\t\t\t\t\tAS MRC_QUOTE_VALUE\n\t  ,q.mrc_val_type \t\t\t\t\tAS MRC_QUOTE_VAL_TYPE\n\t  ,q.otc_DEF_VALUE\n\t  ,q.otc_RATE_PRECISION\n\t  ,q.otc_SALES_PRICE\n\t  ,q.otc_SP_PRECISION\n\t  ,q.otc_value \t\t\t\t\t\tAS OTC_QUOTE_VALUE\n\t  ,q.otc_val_type \t\t\t\t\tAS OTC_QUOTE_VAL_TYPE\n\t  ,q.mrc_contract_eff_date\n\t  ,q.mrc_contract_exp_date\n\t  ,q.otc_contract_eff_date\n\t  ,q.otc_contract_exp_date\n\t  ,promotion_pivot.mrc_DISCOUNT_AMT AS MRC_PROMO_DISCOUNT_AMT\n\t  ,promotion_pivot.otc_DISCOUNT_AMT AS OTC_PROMO_DISCOUNT_AMT\n\t  ,promotion_pivot.mrc_VALUE \t\tAS MRC_PROMO_VALUE\n\t  ,promotion_pivot.otc_VALUE \t\tAS OTC_PROMO_VALUE\n\t  ,promotion_pivot.mrc_VAL_type \tAS MRC_PROMO_VALUE_TYPE\n\t  ,promotion_pivot.otc_VAL_type \tAS OTC_PROMO_VALUE_TYPE\n\t  ,BFM_STAFF.STAFF_NAME\nFROM ODS_STAGE_SOURCE.PROD \tp\nLEFT JOIN ODS_STAGE_SOURCE.OFFER o \t\t\t\tON p.OFFER_ID = o.OFFER_ID  AND p.SUBS_PLAN_ID = o.OFFER_ID\nLEFT JOIN ODS_STAGE_SOURCE.SUBS \t\t\t\tON p.INDEP_PROD_ID = SUBS.SUBS_ID\nLEFT JOIN ods_stage_source.entitlements_pivot e ON p.OFFER_ID = e.OFFER_ID\nLEFT JOIN ods_stage_source.quotation_pivot q \tON q.SUBS_ID = p.INDEP_PROD_ID\nLEFT JOIN ODS_STAGE_SOURCE.promotion_pivot \t\tON promotion_pivot.SUBS_ID = p.INDEP_PROD_ID\nLEFT JOIN ods_stage_source.CUST \t\t\t\tON SUBS.CUST_ID = CUST.CUST_ID\nLEFT JOIN ods_stage_source.ACCOUNT_MANAGER_CUST ON ACCOUNT_MANAGER_CUST.CUST_ID = CUST.CUST_ID \nLEFT JOIN ods_stage_source.BFM_STAFF \t\t\tON account_manager_cust.PARTY_CODE = cast (BFM_STAFF.STAFF_ID as varchar(100))\nWHERE  P.INDEP_PROD_ID IS NOT NULL AND (p.prod_exp_date IS NULL or p.prod_exp_date > '2022-01-01')","isFileList":false,"handleSpecialChars":false,"handleDecimalRoundOff":false,"frsAsset":false,"dynamicFileName":false,"excludeDynamicFileNameField":false,"currentlyProcessedFileName":false,"retainFieldMetadata":false,"objectName":"DUMMY_src_addon_service","useExactSrcNames":false,"tgtObjectAttributes":{},"runtimeParameterData":{"@type":"mtTaskRuntimeParameterData","isConnectionRuntimeParameter":false,"isObjectRuntimeParameter":false},"overridableProperties":[],"overriddenFields":[]},{"@type":"mtTaskParameter","id":1334309,"name":"$src_device_service$","type":"SOURCE","label":"src_device_service","uiProperties":{"connectionParameterized":"false","isSelectDistinct":"false","objectParameterized":"false","visible":"false","originalPath":"src_device_service"},"sourceConnectionId":"@gbEqHgig3UYgrJMzU4lVau","sourceObject":"DUMMY_src_device_service","newFlatFile":false,"newObject":false,"showBusinessNames":false,"naturalOrder":true,"truncateTarget":false,"bulkApiDBTarget":false,"customFuncCfg":{"@type":"customFuncConfig","id":-1,"connections":[],"inputMap":[],"outputFields":[]},"targetRefsV2":{},"targetUpdateColumns":[],"runtimeAttrs":{},"isRESTModernSource":true,"customQuery":"WITH \tGOOD_ORD AS (SELECT A.PROD_ID \n\t\t\t\t\t\t  ,CASE WHEN ATTR_ID = '627'  THEN C.VALUE ELSE NULL END AS OTC_LIST_PRICE\n\t\t\t\t\t\t  ,CASE WHEN ATTR_ID = '1644' THEN C.VALUE ELSE NULL END AS OTC_SALES_PRICE\n\t\t\t\t\t\tFROM  ODS_STAGE_SOURCE.SUBS_GOODS_INST A\n\t\t\t\t\t\tJOIN ODS_STAGE_SOURCE.GOODS_ORDER B\n\t\t\t\t\t\t\tON A.SUBS_GOODS_INST_ID = B.SUBS_GOODS_INST_ID\n\t\t\t\t\t\tJOIN ODS_STAGE_SOURCE.GOODS_ORDER_ATTR C\n\t\t\t\t\t\t\tON C.GOODS_ORDER_ID = B.GOODS_ORDER_ID\n\t\t\t\t\t\tWHERE C.ATTR_ID IN ('627','1644')\n\t\t\t\t\t)\n\t\t\t\t\t\n\t\t, GOODS_TYPE AS (\n\t\t\t\t\t\tSELECT DISTINCT A.PROD_ID \n\t\t\t\t\t\t      ,D.GOODS_TYPE_NAME\n\t\t\t\t\t\tFROM  ODS_STAGE_SOURCE.SUBS_GOODS_INST A\n\t\t\t\t\t\tJOIN ODS_STAGE_SOURCE.GM_MODEL B\n\t\t\t\t\t\t\tON A.MODEL_ID = B.MODEL_ID\n\t\t\t\t\t\tJOIN ODS_STAGE_SOURCE.GM_GOODS_CATG C\n\t\t\t\t\t\t\tON C.GOODS_CATG_ID =  B.GOODS_CATG_ID\n\t\t\t\t\t\tJOIN ODS_STAGE_SOURCE.GM_GOODS_TYPE D \n\t\t\t\t\t\t\tON D.GOODS_TYPE_ID = C.GOODS_TYPE_ID\n\t\t\t\t\t\tWHERE D.GOODS_TYPE_NAME = 'HandSet' -- Mobile\n\t\t\t\t\t)\n\t\t\t\t\n\nSELECT\n SUBS_GOODS_INST.PROD_ID \t\t\tAS PROD_ID\n,SUBS_GOODS_INST.STATE \t\t\t\tAS STATE\n,SUBS.ACCT_ID \t\t\t\t\t\tAS ACCT_ID\n,SUBS.CUST_ID \t\t\t\t\t\tAS CUST_ID\n,GM_MODEL.MODEL_NAME \t\t\t\tAS GOODS_MODEL\n,GM_MODEL.MODE_CODE \t\t\t\tAS STOCK_CODE\n,GM_GOODS_CATG.GOODS_CATG_NAME \t\tAS GOODS_CATG\n,GOODS_TYPE.GOODS_TYPE_NAME \t\tAS GOODS_TYPE\n,GM_BRAND.BRAND_NAME \t\t\t\tAS GOODS_BRAND\n,EBS_DO_GOODS_INST.ESN \t\t\t\tAS DEVICE_SERIAL_NO\n,GOOD_ORD.OTC_LIST_PRICE \t\t\tAS OTC_LIST_PRICE\n,GOOD_ORD.OTC_SALES_PRICE \t\t\tAS OTC_SALES_PRICE\n,0 \t\t\t\t\t\t\t\t\tAS MRC_LIST_PRICE\n,0 \t\t\t\t\t\t\t\t\tAS MRC_SALES_PRICE\n,NULL \t\t\t\t\t\t\t\tAS IP_ADDRESS\n\nFROM ODS_STAGE_SOURCE.SUBS_GOODS_INST\nLEFT JOIN ODS_STAGE_SOURCE.SUBS \t\t\t\tON SUBS_GOODS_INST.PROD_ID \t\t\t\t= SUBS.SUBS_ID\nJOIN GOODS_TYPE \t\t\t\t\t\t\t    ON SUBS_GOODS_INST.PROD_ID \t\t\t\t= GOODS_TYPE.PROD_ID\nLEFT JOIN GOOD_ORD \t\t\t\t\t\t    \tON SUBS_GOODS_INST.PROD_ID \t\t\t\t= GOOD_ORD.PROD_ID\nLEFT JOIN ODS_STAGE_SOURCE.GM_MODEL \t\t\tON SUBS_GOODS_INST.MODEL_ID \t\t\t= GM_MODEL.MODEL_ID\nLEFT JOIN ODS_STAGE_SOURCE.GOODS_ORDER \t\t\tON SUBS_GOODS_INST.SUBS_GOODS_INST_ID \t= GOODS_ORDER.SUBS_GOODS_INST_ID\nLEFT JOIN ODS_STAGE_SOURCE.GM_GOODS_CATG \t\tON GM_MODEL.GOODS_CATG_ID \t\t\t\t= GM_GOODS_CATG.GOODS_CATG_ID\nLEFT JOIN ODS_STAGE_SOURCE.GM_BRAND \t\t\tON GM_BRAND.BRAND_ID \t\t\t\t\t= GM_MODEL.BRAND_ID\nLEFT JOIN ODS_STAGE_SOURCE.EBS_DO_GOODS_INST \tON EBS_DO_GOODS_INST.ORDER_ITEM_ID \t\t= GOODS_ORDER.ORDER_ITEM_ID","isFileList":false,"handleSpecialChars":false,"handleDecimalRoundOff":false,"frsAsset":false,"dynamicFileName":false,"excludeDynamicFileNameField":false,"currentlyProcessedFileName":false,"retainFieldMetadata":false,"objectName":"DUMMY_src_device_service","useExactSrcNames":false,"tgtObjectAttributes":{},"runtimeParameterData":{"@type":"mtTaskRuntimeParameterData","isConnectionRuntimeParameter":false,"isObjectRuntimeParameter":false},"overridableProperties":[],"overriddenFields":[]},{"@type":"mtTaskParameter","id":1334310,"name":"$tgt_stg_ebs_addon_service$","type":"TARGET","label":"tgt_stg_ebs_addon_service","uiProperties":{"connectionParameterized":"false","objectParameterized":"false","visible":"false","defaultTargetUpdateColumns":"","supportApplyDDLChanges":"false","originalPath":"tgt_stg_ebs_addon_service"},"targetConnectionId":"@gbEqHgig3UYgrJMzU4lVau","targetObject":"ods_stage_source/TABLE/stg_ebs_device_service","targetObjectLabel":"stg_ebs_device_service","newFlatFile":false,"newObject":false,"showBusinessNames":false,"naturalOrder":true,"truncateTarget":false,"bulkApiDBTarget":false,"operationType":"Insert","customFuncCfg":{"@type":"customFuncConfig","id":-1,"connections":[],"inputMap":[],"outputFields":[]},"targetRefsV2":{},"targetUpdateColumns":[],"extendedObject":{"@type":"extendedObject","singleMode":true,"filters":[],"sortFields":[]},"runtimeAttrs":{},"isRESTModernSource":true,"isFileList":false,"handleSpecialChars":false,"handleDecimalRoundOff":false,"frsAsset":false,"dynamicFileName":false,"excludeDynamicFileNameField":false,"currentlyProcessedFileName":false,"retainFieldMetadata":false,"objectName":"ods_stage_source/TABLE/stg_ebs_device_service","objectLabel":"stg_ebs_device_service","useExactSrcNames":false,"tgtObjectAttributes":{},"runtimeParameterData":{"@type":"mtTaskRuntimeParameterData","isConnectionRuntimeParameter":false,"isObjectRuntimeParameter":false},"overridableProperties":[],"overriddenFields":[]},{"@type":"mtTaskParameter","id":1334311,"name":"$tgt_stg_ebs_device_service$","type":"TARGET","label":"tgt_stg_ebs_device_service","uiProperties":{"connectionParameterized":"false","objectParameterized":"false","visible":"false","defaultTargetUpdateColumns":"","supportApplyDDLChanges":"false","originalPath":"tgt_stg_ebs_device_service"},"targetConnectionId":"@gbEqHgig3UYgrJMzU4lVau","targetObject":"ods_stage_source/TABLE/stg_ebs_device_service","targetObjectLabel":"stg_ebs_device_service","newFlatFile":false,"newObject":false,"showBusinessNames":false,"naturalOrder":true,"truncateTarget":false,"bulkApiDBTarget":false,"operationType":"Insert","customFuncCfg":{"@type":"customFuncConfig","id":-1,"connections":[],"inputMap":[],"outputFields":[]},"targetRefsV2":{},"targetUpdateColumns":[],"extendedObject":{"@type":"extendedObject","singleMode":true,"filters":[],"sortFields":[]},"runtimeAttrs":{},"isRESTModernSource":true,"isFileList":false,"handleSpecialChars":false,"handleDecimalRoundOff":false,"frsAsset":false,"dynamicFileName":false,"excludeDynamicFileNameField":false,"currentlyProcessedFileName":false,"retainFieldMetadata":false,"objectName":"ods_stage_source/TABLE/stg_ebs_device_service","objectLabel":"stg_ebs_device_service","useExactSrcNames":false,"tgtObjectAttributes":{},"runtimeParameterData":{"@type":"mtTaskRuntimeParameterData","isConnectionRuntimeParameter":false,"isObjectRuntimeParameter":false},"overridableProperties":[],"overriddenFields":[]}],"sequences":[],"inOutParameters":[],"connRuntimeAttrs":[]}]