[{"@type":"mappingTemplate","id":"@1","name":"m_stg_sync_ebs_sap_account_noSchemaSrcSql","description":"This place holds mappings from stg to sync with customer account data.\n","bundleVersion":"0","templateId":"@3","hasParameters":false,"valid":true,"fixedConnection":true,"hasParametersDeployed":false,"fixedConnectionDeployed":false,"isSchemaValidationEnabled":false,"tasks":0,"mappingPreviewFileRecordId":"@2","documentType":"MAPPING","references":[{"@type":"reference","refObjectId":"@irZpk2lcq2Lh5v2PiTa4Q2","refType":"connection"}]}]