[{"@type":"mappingTemplate","id":"@1","name":"m_stg_sync_ebs_case_ntt","description":"","bundleVersion":"0","assetFrsGuid":"fEJMLqW5MyQg5YtqDGLWSt","templateId":"@3","deployTime":1709265803000,"hasParameters":false,"valid":true,"fixedConnection":true,"hasParametersDeployed":false,"fixedConnectionDeployed":true,"isSchemaValidationEnabled":false,"tasks":1,"mappingPreviewFileRecordId":"@2","documentType":"MAPPING","references":[{"@type":"reference","refObjectId":"@0aa38HfbIjadqoKlbnU14y","refType":"connection"}]}]