[{"@type":"workflow","id":"@1","name":"tf_SLI_Load","description":"**Prerequisite**  After tf_Service","maxLogs":10,"references":[{"@type":"reference","refObjectId":"@3xKuZjsFrXHct1tC2vt6Kv","refType":"mtTask"},{"@type":"reference","refObjectId":"@0YaJIG3bu08hpLetBzBTyF","refType":"mtTask"}],"tasks":[{"@type":"workflowTask","taskId":"@3xKuZjsFrXHct1tC2vt6Kv","type":"MTT","name":"mt_cs_csord__Service_Line_Item__c","stopOnError":true,"stopOnWarning":false},{"@type":"workflowTask","taskId":"@0YaJIG3bu08hpLetBzBTyF","type":"MTT","name":"mt_rep_csord__Service_Line_Item__c","stopOnError":true,"stopOnWarning":false}]}]